claim_id,section,category,claim_description,target_value,found_value,raw_value,relative_path,filename,context,is_percent
C44_DI_REAL_1,4.4,fairness,Real-data disparate impact reported as 1.0,1.0,1.0,1,get_project_structure.py,get_project_structure.py,".mypy_cache"", "".ipynb_checkpoints"", ""venv"", "".venv"", ""env"", ""node_modules"", } def build_tree(path: Path, prefix=""""): lines = [] try: entries = sorted( [p for p in path.iterdir() if p.name not in SKIP_DIRS], key=lambda p: (p.is_file(), p.name.lower()) ) except PermissionError: return [f""{prefix}[Permission denied]""] for i, entry in enumerate(entries): is_last = i == len(entries) - 1 connector = ""└",False
C44_DI_REAL_1,4.4,fairness,Real-data disparate impact reported as 1.0,1.0,1.0,1,get_project_structure.py,get_project_structure.py,"return [f""{prefix}[Permission denied]""] for i, entry in enumerate(entries): is_last = i == len(entries) - 1 connector = ""└── "" if is_last else ""├── "" lines.append(f""{prefix}{connector}{entry.name}"") if entry.is_dir(): extension = "" "" if is_last else ""│ "" lines.extend(build_tree(entry, prefix + extension)) return lines def main(): if not PROJECT_ROOT.exists(): print(f""ERROR: Project folder does not exist:\n{PROJE",False
C44_DI_REAL_1,4.4,fairness,Real-data disparate impact reported as 1.0,1.0,1.0,1,preprocess_covid_clinical.py,preprocess_covid_clinical.py,"Project/data/preprocessed' os.makedirs(output_folder, exist_ok=True) # Load dataset df = pd.read_csv(input_file) # Drop rows with all NaNs df.dropna(how='all', inplace=True) # Encode labels label_column = 'status' # Adjust if your column name is different df[label_column] = df[label_column].map({'recovered': 0, 'deceased': 1}) # Identify features feature_cols = df.drop(columns=[label_column]).select_dtypes(include=['float64', 'int64']).columns.tolist() # Impute missing values with median df[",False
C44_DI_REAL_1,4.4,fairness,Real-data disparate impact reported as 1.0,1.0,1.0,1,preprocess_covid_clinical.py,preprocess_covid_clinical.py,"me is different df[label_column] = df[label_column].map({'recovered': 0, 'deceased': 1}) # Identify features feature_cols = df.drop(columns=[label_column]).select_dtypes(include=['float64', 'int64']).columns.tolist() # Impute missing values with median df[feature_cols] = df[feature_cols].fillna(df[feature_cols].median()) # Normalize features scaler = MinMaxScaler() df[feature_cols] = scaler.fit_transform(df[feature_cols]) # Save preprocessed data preprocessed_path = os.path.join(output_folder,",False
C44_DI_REAL_1,4.4,fairness,Real-data disparate impact reported as 1.0,1.0,1.0,1,preprocess_covid_clinical.py,preprocess_covid_clinical.py,"': 0, 'deceased': 1}) # Identify features feature_cols = df.drop(columns=[label_column]).select_dtypes(include=['float64', 'int64']).columns.tolist() # Impute missing values with median df[feature_cols] = df[feature_cols].fillna(df[feature_cols].median()) # Normalize features scaler = MinMaxScaler() df[feature_cols] = scaler.fit_transform(df[feature_cols]) # Save preprocessed data preprocessed_path = os.path.join(output_folder, 'covid_clinical_preprocessed.csv') df.to_csv(preprocessed_path, in",False
C44_DI_REAL_1,4.4,fairness,Real-data disparate impact reported as 1.0,1.0,1.0,1,split_and_standardize.py,split_and_standardize.py,"ent_id', 'status', 'Nationality', 'Gender']) y = df['status'].astype(int) # already 0/1, just enforce int type # Train-test split X_train, X_test, y_train, y_test = train_test_split( X, y, test_size=0.2, random_state=42, stratify=y ) # Standardize features scaler = StandardScaler() X_train_scaled = scaler.fit_transform(X_train) X_test_scaled = scaler.transform(X_test) # Save outputs pd.DataFrame(X_train_scaled, columns=X.columns).to_csv(os.path.join(output_folder, ""X_train_scaled.csv""), in",False
C44_DI_REAL_1,4.4,fairness,Real-data disparate impact reported as 1.0,1.0,1.0,1,data\preprocessed\generate_graph_features_and_adjacency.py,generate_graph_features_and_adjacency.py,"== input_path = r""E:\Mahmoud\Exams\46\462\New-papers\Paper4-Under-Processing\HFAGM_Project\data\preprocessed"" output_path = input_path # You can change if needed # === Load Embeddings === embedding_file = os.path.join(input_path, ""contrastive_embeddings.npy"") features = np.load(embedding_file) # === Save Features as graph node features === np.save(os.path.join(output_path, ""graph_features.npy""), features) print(""Saved: graph_features.npy"") # === Option 1: Fully connected graph with top 10% cos",False
C44_DI_REAL_1,4.4,fairness,Real-data disparate impact reported as 1.0,1.0,1.0,1,data\preprocessed\generate_graph_features_and_adjacency.py,generate_graph_features_and_adjacency.py,"6\462\New-papers\Paper4-Under-Processing\HFAGM_Project\data\preprocessed"" output_path = input_path # You can change if needed # === Load Embeddings === embedding_file = os.path.join(input_path, ""contrastive_embeddings.npy"") features = np.load(embedding_file) # === Save Features as graph node features === np.save(os.path.join(output_path, ""graph_features.npy""), features) print(""Saved: graph_features.npy"") # === Option 1: Fully connected graph with top 10% cosine similarities === cos_sim_matrix",False
C44_DI_REAL_1,4.4,fairness,Real-data disparate impact reported as 1.0,1.0,1.0,1,data\preprocessed\generate_graph_features_and_adjacency.py,generate_graph_features_and_adjacency.py,"node features === np.save(os.path.join(output_path, ""graph_features.npy""), features) print(""Saved: graph_features.npy"") # === Option 1: Fully connected graph with top 10% cosine similarities === cos_sim_matrix = cosine_similarity(features) np.fill_diagonal(cos_sim_matrix, 0) # Remove self-loops # Threshold top 10% similarity values threshold = np.percentile(cos_sim_matrix, 90) adj_matrix_fc = (cos_sim_matrix >= threshold).astype(int) np.save(os.path.join(output_path, ""adj_matrix_fully_connect",False
C44_DI_REAL_1,4.4,fairness,Real-data disparate impact reported as 1.0,1.0,1.0,1,data\preprocessed\generate_graph_features_and_adjacency.py,generate_graph_features_and_adjacency.py,"Edges: {G_fc.number_of_edges()}"") print(f"" Average Degree: {np.mean([deg for _, deg in G_fc.degree()]):.2f}"") # === Option 2: K-Nearest Neighbors Graph (k = 10) === k = 10 nbrs = NearestNeighbors(n_neighbors=k + 1, metric='cosine').fit(features) distances, indices = nbrs.kneighbors(features) adj_matrix_knn = np.zeros((features.shape[0], features.shape[0]), dtype=int) for i, neighbors in enumerate(indices): for j in neighbors[1:]: # Skip self (first entry) adj_matrix_knn[i, j] = 1",False
C44_DI_REAL_1,4.4,fairness,Real-data disparate impact reported as 1.0,1.0,1.0,1,data\preprocessed\generate_graph_features_and_adjacency.py,generate_graph_features_and_adjacency.py,"Edges: {G_fc.number_of_edges()}"") print(f"" Average Degree: {np.mean([deg for _, deg in G_fc.degree()]):.2f}"") # === Option 2: K-Nearest Neighbors Graph (k = 10) === k = 10 nbrs = NearestNeighbors(n_neighbors=k + 1, metric='cosine').fit(features) distances, indices = nbrs.kneighbors(features) adj_matrix_knn = np.zeros((features.shape[0], features.shape[0]), dtype=int) for i, neighbors in enumerate(indices): for j in neighbors[1:]: # Skip self (first entry) adj_matrix_knn[i, j] = 1",False
C44_DI_REAL_1,4.4,fairness,Real-data disparate impact reported as 1.0,1.0,1.0,1,data\preprocessed\generate_graph_features_and_adjacency.py,generate_graph_features_and_adjacency.py,"Edges: {G_fc.number_of_edges()}"") print(f"" Average Degree: {np.mean([deg for _, deg in G_fc.degree()]):.2f}"") # === Option 2: K-Nearest Neighbors Graph (k = 10) === k = 10 nbrs = NearestNeighbors(n_neighbors=k + 1, metric='cosine').fit(features) distances, indices = nbrs.kneighbors(features) adj_matrix_knn = np.zeros((features.shape[0], features.shape[0]), dtype=int) for i, neighbors in enumerate(indices): for j in neighbors[1:]: # Skip self (first entry) adj_matrix_knn[i, j] = 1",False
C44_DI_REAL_1,4.4,fairness,Real-data disparate impact reported as 1.0,1.0,1.0,1,data\preprocessed\generate_graph_features_and_adjacency.py,generate_graph_features_and_adjacency.py,"c.number_of_edges()}"") print(f"" Average Degree: {np.mean([deg for _, deg in G_fc.degree()]):.2f}"") # === Option 2: K-Nearest Neighbors Graph (k = 10) === k = 10 nbrs = NearestNeighbors(n_neighbors=k + 1, metric='cosine').fit(features) distances, indices = nbrs.kneighbors(features) adj_matrix_knn = np.zeros((features.shape[0], features.shape[0]), dtype=int) for i, neighbors in enumerate(indices): for j in neighbors[1:]: # Skip self (first entry) adj_matrix_knn[i, j] = 1 adj_",False
C44_DI_REAL_1,4.4,fairness,Real-data disparate impact reported as 1.0,1.0,1.0,1,data\preprocessed\generate_graph_features_and_adjacency.py,generate_graph_features_and_adjacency.py,"c.number_of_edges()}"") print(f"" Average Degree: {np.mean([deg for _, deg in G_fc.degree()]):.2f}"") # === Option 2: K-Nearest Neighbors Graph (k = 10) === k = 10 nbrs = NearestNeighbors(n_neighbors=k + 1, metric='cosine').fit(features) distances, indices = nbrs.kneighbors(features) adj_matrix_knn = np.zeros((features.shape[0], features.shape[0]), dtype=int) for i, neighbors in enumerate(indices): for j in neighbors[1:]: # Skip self (first entry) adj_matrix_knn[i, j] = 1 adj_",False
C44_DI_REAL_1,4.4,fairness,Real-data disparate impact reported as 1.0,1.0,1.0,1,data\preprocessed\generate_graph_features_and_adjacency.py,generate_graph_features_and_adjacency.py,"c.number_of_edges()}"") print(f"" Average Degree: {np.mean([deg for _, deg in G_fc.degree()]):.2f}"") # === Option 2: K-Nearest Neighbors Graph (k = 10) === k = 10 nbrs = NearestNeighbors(n_neighbors=k + 1, metric='cosine').fit(features) distances, indices = nbrs.kneighbors(features) adj_matrix_knn = np.zeros((features.shape[0], features.shape[0]), dtype=int) for i, neighbors in enumerate(indices): for j in neighbors[1:]: # Skip self (first entry) adj_matrix_knn[i, j] = 1 adj_",False
C44_DI_REAL_1,4.4,fairness,Real-data disparate impact reported as 1.0,1.0,1.0,1,data\preprocessed\generate_graph_features_and_adjacency.py,generate_graph_features_and_adjacency.py,"k = 10) === k = 10 nbrs = NearestNeighbors(n_neighbors=k + 1, metric='cosine').fit(features) distances, indices = nbrs.kneighbors(features) adj_matrix_knn = np.zeros((features.shape[0], features.shape[0]), dtype=int) for i, neighbors in enumerate(indices): for j in neighbors[1:]: # Skip self (first entry) adj_matrix_knn[i, j] = 1 adj_matrix_knn[j, i] = 1 # undirected np.save(os.path.join(output_path, ""adj_matrix_knn.npy""), adj_matrix_knn) print(""Saved: adj_matrix_knn.npy"")",False
C44_DI_REAL_1,4.4,fairness,Real-data disparate impact reported as 1.0,1.0,1.0,1,data\preprocessed\generate_graph_features_and_adjacency.py,generate_graph_features_and_adjacency.py,"k = 10) === k = 10 nbrs = NearestNeighbors(n_neighbors=k + 1, metric='cosine').fit(features) distances, indices = nbrs.kneighbors(features) adj_matrix_knn = np.zeros((features.shape[0], features.shape[0]), dtype=int) for i, neighbors in enumerate(indices): for j in neighbors[1:]: # Skip self (first entry) adj_matrix_knn[i, j] = 1 adj_matrix_knn[j, i] = 1 # undirected np.save(os.path.join(output_path, ""adj_matrix_knn.npy""), adj_matrix_knn) print(""Saved: adj_matrix_knn.npy"")",False
C44_DI_REAL_1,4.4,fairness,Real-data disparate impact reported as 1.0,1.0,1.0,1,data\preprocessed\generate_graph_features_and_adjacency.py,generate_graph_features_and_adjacency.py,"k = 10) === k = 10 nbrs = NearestNeighbors(n_neighbors=k + 1, metric='cosine').fit(features) distances, indices = nbrs.kneighbors(features) adj_matrix_knn = np.zeros((features.shape[0], features.shape[0]), dtype=int) for i, neighbors in enumerate(indices): for j in neighbors[1:]: # Skip self (first entry) adj_matrix_knn[i, j] = 1 adj_matrix_knn[j, i] = 1 # undirected np.save(os.path.join(output_path, ""adj_matrix_knn.npy""), adj_matrix_knn) print(""Saved: adj_matrix_knn.npy"")",False
C44_DI_REAL_1,4.4,fairness,Real-data disparate impact reported as 1.0,1.0,1.0,1,data\preprocessed\generate_graph_features_and_adjacency.py,generate_graph_features_and_adjacency.py,"k = 10) === k = 10 nbrs = NearestNeighbors(n_neighbors=k + 1, metric='cosine').fit(features) distances, indices = nbrs.kneighbors(features) adj_matrix_knn = np.zeros((features.shape[0], features.shape[0]), dtype=int) for i, neighbors in enumerate(indices): for j in neighbors[1:]: # Skip self (first entry) adj_matrix_knn[i, j] = 1 adj_matrix_knn[j, i] = 1 # undirected np.save(os.path.join(output_path, ""adj_matrix_knn.npy""), adj_matrix_knn) print(""Saved: adj_matrix_knn.npy"")",False
C44_DI_REAL_1,4.4,fairness,Real-data disparate impact reported as 1.0,1.0,1.0,1,data\preprocessed\generate_graph_features_and_adjacency.py,generate_graph_features_and_adjacency.py,"ures) adj_matrix_knn = np.zeros((features.shape[0], features.shape[0]), dtype=int) for i, neighbors in enumerate(indices): for j in neighbors[1:]: # Skip self (first entry) adj_matrix_knn[i, j] = 1 adj_matrix_knn[j, i] = 1 # undirected np.save(os.path.join(output_path, ""adj_matrix_knn.npy""), adj_matrix_knn) print(""Saved: adj_matrix_knn.npy"") # Print stats G_knn = nx.from_numpy_array(adj_matrix_knn) print(""\n KNN Graph (k=10):"") print(f"" Nodes: {G_knn.number_of_nodes()}"")",False
C44_DI_REAL_1,4.4,fairness,Real-data disparate impact reported as 1.0,1.0,1.0,1,data\preprocessed\generate_graph_features_and_adjacency.py,generate_graph_features_and_adjacency.py,"ures) adj_matrix_knn = np.zeros((features.shape[0], features.shape[0]), dtype=int) for i, neighbors in enumerate(indices): for j in neighbors[1:]: # Skip self (first entry) adj_matrix_knn[i, j] = 1 adj_matrix_knn[j, i] = 1 # undirected np.save(os.path.join(output_path, ""adj_matrix_knn.npy""), adj_matrix_knn) print(""Saved: adj_matrix_knn.npy"") # Print stats G_knn = nx.from_numpy_array(adj_matrix_knn) print(""\n KNN Graph (k=10):"") print(f"" Nodes: {G_knn.number_of_nodes()}"")",False
C44_DI_REAL_1,4.4,fairness,Real-data disparate impact reported as 1.0,1.0,1.0,1,data\preprocessed\generate_graph_features_and_adjacency.py,generate_graph_features_and_adjacency.py,"ures) adj_matrix_knn = np.zeros((features.shape[0], features.shape[0]), dtype=int) for i, neighbors in enumerate(indices): for j in neighbors[1:]: # Skip self (first entry) adj_matrix_knn[i, j] = 1 adj_matrix_knn[j, i] = 1 # undirected np.save(os.path.join(output_path, ""adj_matrix_knn.npy""), adj_matrix_knn) print(""Saved: adj_matrix_knn.npy"") # Print stats G_knn = nx.from_numpy_array(adj_matrix_knn) print(""\n KNN Graph (k=10):"") print(f"" Nodes: {G_knn.number_of_nodes()}"")",False
C44_DI_REAL_1,4.4,fairness,Real-data disparate impact reported as 1.0,1.0,1.0,1,data\preprocessed\X_test_scaled.csv,X_test_scaled.csv,SPHOROUS | MAGNESIUM | ALBUMIN | WBC | RBC | HEMO | HEMA | MCV | MCH | MCHC | PLATELET COUNT | RDW-CV | RDW-SD | PDW | MPV | P-LCR | PCT | NEUTRPHILS # | NEUTRPHILS | LYMPHOCYTE % | MONOCYTES | EOSINOPHILS | BASOPHILS % | BLOOD UREA | CREATININE | SODIUM (NA) | POTASSIUM (K) | CHLORIDE | SGOT (AST) | SGPT (ALT) | BILRUBIN | CHOLESTEROL | TRIGLYCERIDES | HDL | LDL | CPK | SGOT (AST).1 | LDH | FERRITIN | D-DIMER | PTT | PT | INR | CRP | GLUCOSE | HBA1C -0.10267102875717282 | -0.49123228056780344 | 1,False
C44_DI_REAL_1,4.4,fairness,Real-data disparate impact reported as 1.0,1.0,1.0,1,data\raw\covid_clinical.xlsx,covid_clinical.xlsx,"V,RDW-SD,PDW,MPV,P-LCR,PCT,NEUTRPHILS #,NEUTRPHILS,LYMPHOCYTE %,MONOCYTES,EOSINOPHILS,BASOPHILS %,BLOOD UREA,CREATININE,SODIUM (NA),POTASSIUM (K),CHLORIDE,SGOT (AST),SGPT (ALT),BILRUBIN,CHOLESTEROL,TRIGLYCERIDES,HDL,LDL,CPK,SGOT (AST),LDH,FERRITIN,D-DIMER,PTT,PT,INR,CRP,GLUCOSE,HBA1C ,Nurmal level,,,,0 - 10 mm,30- 70 ng/Ml,191- 663 pg/Ml,8.6 - 10.2 mg/ dL,2.6 -4.5 mg/dL,1.6 -2.6 mg/dL,3.97 - 4.94 g/dL,4 - 10 K/uL,4.5- 5.5 M/uL,13-17 g/dL,40-50 %,83-101 fL,27-32 pg,31.5 - 34.5 g/dL,150 -410 k/uL,1",False
C44_DI_REAL_1,4.4,fairness,Real-data disparate impact reported as 1.0,1.0,1.0,1,data\raw\ArSL21L\sign.yaml,sign.yaml,"# Train/val sets as 1) dir: path/to/imgs, 2) file: path/to/imgs.txt train: ../datasets/train/images # train images (relative to 'path') ArSL v1/ArSL2022_dataset/data/sign_data/ val: ../datasets/valid/images # val images (relative to 'path') # Classes nc: 32 # number o",False
C41_ACC_REAL_0983,4.4 / Discussion,utility,Real-data accuracy reported around 0.983,0.983,0.9852253112226839,0.9852253112226839,experiments\New_EXP2\metrics\per_seed_ArSL_seed53.csv,per_seed_ArSL_seed53.csv,generation | accuracy | macro_f1 | macro_auc | dpd_correctness | drift_z | rho | seed 0 | 0.7241379310344828 | 0.7202466458117814 | 0.9852253112226839 | 0.0 | 0.0 | 0.2206896551724138 | 53 1 | 0.6586206896551724 | 0.6546029455852687 | 0.9825151325764452 | 0.0 | 0.0 | 0.2,False
C41_ACC_REAL_0983,4.4 / Discussion,utility,Real-data accuracy reported around 0.983,0.983,0.9825151325764452,0.9825151325764452,experiments\New_EXP2\metrics\per_seed_ArSL_seed53.csv,per_seed_ArSL_seed53.csv,generation | accuracy | macro_f1 | macro_auc | dpd_correctness | drift_z | rho | seed 0 | 0.7241379310344828 | 0.7202466458117814 | 0.9852253112226839 | 0.0 | 0.0 | 0.2206896551724138 | 53 1 | 0.6586206896551724 | 0.6546029455852687 | 0.9825151325764452 | 0.0 | 0.0 | 0.2,False
C41_ACC_REAL_0983,4.4 / Discussion,utility,Real-data accuracy reported around 0.983,0.983,0.9852253112226839,0.9852253112226839,experiments\New_EXP2\metrics\per_seed_ArSL_seed53.csv,per_seed_ArSL_seed53.csv,generation | accuracy | macro_f1 | macro_auc | dpd_correctness | drift_z | rho | seed 0 | 0.7241379310344828 | 0.7202466458117814 | 0.9852253112226839 | 0.0 | 0.0 | 0.2206896551724138 | 53 1 | 0.6586206896551724 | 0.6546029455852687 | 0.9825151325764452 | 0.0 | 0.0,False
C41_ACC_REAL_0983,4.4 / Discussion,utility,Real-data accuracy reported around 0.983,0.983,0.9825151325764452,0.9825151325764452,experiments\New_EXP2\metrics\per_seed_ArSL_seed53.csv,per_seed_ArSL_seed53.csv,generation | accuracy | macro_f1 | macro_auc | dpd_correctness | drift_z | rho | seed 0 | 0.7241379310344828 | 0.7202466458117814 | 0.9852253112226839 | 0.0 | 0.0 | 0.2206896551724138 | 53 1 | 0.6586206896551724 | 0.6546029455852687 | 0.9825151325764452 | 0.0 | 0.0,False
C46_ACC_LIGHTWEIGHT_0703,Discussion,utility,Lightweight accuracy reported as 0.703,0.703,0.7034409081785196,0.7034409081785196,experiments\New_EXP2\metrics\summary_by_generation_ArSL.csv,summary_by_generation_ArSL.csv,generation | accuracy | macro_f1 | macro_auc | dpd_correctness | drift_z | rho | seed 0 | 0.7459770114942529 | 0.7381666367969081 | 0.9880400374575357 | 0.0 | 0.0 | 0.20076628352490422 | 47.333333333333336 1 | 0.7114942528735632 | 0.7034409081785196 | 0.9862309038898113,False
C46_ACC_LIGHTWEIGHT_0703,Discussion,utility,Lightweight accuracy reported as 0.703,0.703,0.7034409081785196,0.7034409081785196,experiments\New_EXP2\metrics\summary_by_generation_ArSL.csv,summary_by_generation_ArSL.csv,generation | accuracy | macro_f1 | macro_auc | dpd_correctness | drift_z | rho | seed 0 | 0.7459770114942529 | 0.7381666367969081 | 0.9880400374575357 | 0.0 | 0.0 | 0.20076628352490422 | 47.333333333333336 1 | 0.7114942528735632 | 0.7034409081785196 | 0.986230903889,False
C47_RUNTIME_25_PERCENT,4.3,efficiency,Lightweight configuration reported about 25% faster,25.0,27.0,27,experiments\New_EXP3\run_config.json,run_config.json,"2\\New-papers\\Paper4-Under-Processing\\HFAGM_Project\\experiments\\New_EXP3"", ""encoder_path"": ""E:\\Mahmoud\\Exams\\46\\462\\New-papers\\Paper4-Under-Processing\\HFAGM_Project\\experiments\\New_EXP2\\encoder_pretrained.pth"", ""generations"": 3, ""timestamp"": ""Mon Oct 27 17:43:46 2025"" }",False
C42_EOD_ONE,4.2,fairness,Fairness-audited EOD reported as 1.0,1.0,1.0,1.0,experiments\New_EXPs\metrics\all_seeds_generations.csv,all_seeds_generations.csv,generation | accuracy | f1 | auc | dpd | eod | drift_z | rho | seed 0 | 1.0 | 1.0 | 1.0 | 0.2077922077922078 | 0.0 | 0.0 | 0.0 | 42 1 | 0.9743589743589743 | 0.972972972972973 | 0.9973684210526316 | 0.2435064935064935 | 0.08333333333333337 | 1.0721451044082642 | 0.017094017094017092 | 42 2 | 0.,False
C42_EOD_ONE,4.2,fairness,Fairness-audited EOD reported as 1.0,1.0,1.0,1.0,experiments\New_EXPs\metrics\all_seeds_generations.csv,all_seeds_generations.csv,generation | accuracy | f1 | auc | dpd | eod | drift_z | rho | seed 0 | 1.0 | 1.0 | 1.0 | 0.2077922077922078 | 0.0 | 0.0 | 0.0 | 42 1 | 0.9743589743589743 | 0.972972972972973 | 0.9973684210526316 | 0.2435064935064935 | 0.08333333333333337 | 1.0721451044082642 | 0.017094017094017092 | 42 2 | 0.,False
C42_EOD_ONE,4.2,fairness,Fairness-audited EOD reported as 1.0,1.0,1.0,1.0,experiments\New_EXPs\metrics\all_seeds_generations.csv,all_seeds_generations.csv,generation | accuracy | f1 | auc | dpd | eod | drift_z | rho | seed 0 | 1.0 | 1.0 | 1.0 | 0.2077922077922078 | 0.0 | 0.0 | 0.0 | 42 1 | 0.9743589743589743 | 0.972972972972973 | 0.9973684210526316 | 0.2435064935064935 | 0.08333333333333337 | 1.0721451044082642 | 0.017094017094017092 | 42 2 | 0.,False
C42_EOD_ONE,4.2,fairness,Fairness-audited EOD reported as 1.0,1.0,1.0,1,experiments\New_EXPs\metrics\all_seeds_generations.csv,all_seeds_generations.csv,generation | accuracy | f1 | auc | dpd | eod | drift_z | rho | seed 0 | 1.0 | 1.0 | 1.0 | 0.2077922077922078 | 0.0 | 0.0 | 0.0 | 42 1 | 0.9743589743589743 | 0.972972972972973 | 0.9973684210526316 | 0.2435064935064935 | 0.08333333333333337 | 1.0721451044082642 | 0.017094017094017092 | 42 2 | 0.,False
C46_AUC_BASELINE_0996,4.5 / Discussion,utility,Baseline ROC-AUC reported around 0.996,0.996,0.9973684210526316,0.9973684210526316,experiments\New_EXPs\metrics\all_seeds_generations.csv,all_seeds_generations.csv,generation | accuracy | f1 | auc | dpd | eod | drift_z | rho | seed 0 | 1.0 | 1.0 | 1.0 | 0.2077922077922078 | 0.0 | 0.0 | 0.0 | 42 1 | 0.9743589743589743 | 0.972972972972973 | 0.9973684210526316 | 0.2435064935064935 | 0.08333333333333337 | 1.0721451044082642 | 0.017094017094017092,False
C42_EOD_ONE,4.2,fairness,Fairness-audited EOD reported as 1.0,1.0,1.0,1.0,experiments\New_EXPs\metrics\per_seed_results_seed42.csv,per_seed_results_seed42.csv,generation | accuracy | f1 | auc | dpd | eod | drift_z | rho | seed 0 | 1.0 | 1.0 | 1.0 | 0.2077922077922078 | 0.0 | 0.0 | 0.0 | 42 1 | 0.9743589743589743 | 0.972972972972973 | 0.9973684210526316 | 0.2435064935064935 | 0.08333333333333337 | 1.0721451044082642 | 0.017094017094017092 | 42 2 | 0.,False
C42_EOD_ONE,4.2,fairness,Fairness-audited EOD reported as 1.0,1.0,1.0,1.0,experiments\New_EXPs\metrics\per_seed_results_seed42.csv,per_seed_results_seed42.csv,generation | accuracy | f1 | auc | dpd | eod | drift_z | rho | seed 0 | 1.0 | 1.0 | 1.0 | 0.2077922077922078 | 0.0 | 0.0 | 0.0 | 42 1 | 0.9743589743589743 | 0.972972972972973 | 0.9973684210526316 | 0.2435064935064935 | 0.08333333333333337 | 1.0721451044082642 | 0.017094017094017092 | 42 2 | 0.,False
C42_EOD_ONE,4.2,fairness,Fairness-audited EOD reported as 1.0,1.0,1.0,1.0,experiments\New_EXPs\metrics\per_seed_results_seed42.csv,per_seed_results_seed42.csv,generation | accuracy | f1 | auc | dpd | eod | drift_z | rho | seed 0 | 1.0 | 1.0 | 1.0 | 0.2077922077922078 | 0.0 | 0.0 | 0.0 | 42 1 | 0.9743589743589743 | 0.972972972972973 | 0.9973684210526316 | 0.2435064935064935 | 0.08333333333333337 | 1.0721451044082642 | 0.017094017094017092 | 42 2 | 0.,False
C42_EOD_ONE,4.2,fairness,Fairness-audited EOD reported as 1.0,1.0,1.0,1,experiments\New_EXPs\metrics\per_seed_results_seed42.csv,per_seed_results_seed42.csv,generation | accuracy | f1 | auc | dpd | eod | drift_z | rho | seed 0 | 1.0 | 1.0 | 1.0 | 0.2077922077922078 | 0.0 | 0.0 | 0.0 | 42 1 | 0.9743589743589743 | 0.972972972972973 | 0.9973684210526316 | 0.2435064935064935 | 0.08333333333333337 | 1.0721451044082642 | 0.017094017094017092 | 42 2 | 0.,False
C46_AUC_BASELINE_0996,4.5 / Discussion,utility,Baseline ROC-AUC reported around 0.996,0.996,0.9973684210526316,0.9973684210526316,experiments\New_EXPs\metrics\per_seed_results_seed42.csv,per_seed_results_seed42.csv,generation | accuracy | f1 | auc | dpd | eod | drift_z | rho | seed 0 | 1.0 | 1.0 | 1.0 | 0.2077922077922078 | 0.0 | 0.0 | 0.0 | 42 1 | 0.9743589743589743 | 0.972972972972973 | 0.9973684210526316 | 0.2435064935064935 | 0.08333333333333337 | 1.0721451044082642 | 0.017094017094017092,False
C42_EOD_ONE,4.2,fairness,Fairness-audited EOD reported as 1.0,1.0,1.0,1,experiments\New_EXPs\metrics\per_seed_results_seed47.csv,per_seed_results_seed47.csv,generation | accuracy | f1 | auc | dpd | eod | drift_z | rho | seed 0 | 0.9487179487179487 | 0.9473684210526315 | 0.9868421052631579 | 0.34444444444444444 | 0.125 | 0.0 | 0.017094017094017092 | 47 1 | 0.8974358974358975 | 0.9 | 0.9815789473684211 | 0.26666666666666666 | 0.16666666666666669 | 1,False
C42_EOD_ONE,4.2,fairness,Fairness-audited EOD reported as 1.0,1.0,1.0,1,experiments\New_EXPs\metrics\per_seed_results_seed47.csv,per_seed_results_seed47.csv,generation | accuracy | f1 | auc | dpd | eod | drift_z | rho | seed 0 | 0.9487179487179487 | 0.9473684210526315 | 0.9868421052631579 | 0.34444444444444444 | 0.125 | 0.0 | 0.017094017094017092 | 47 1 | 0.8974358974358975 | 0.9 | 0.9815789473684211 | 0.26666666666666666 | 0.16666666666666669 | 1,False
C41_ACC_REAL_0983,4.4 / Discussion,utility,Real-data accuracy reported around 0.983,0.983,0.9815789473684211,0.9815789473684211,experiments\New_EXPs\metrics\per_seed_results_seed47.csv,per_seed_results_seed47.csv,generation | accuracy | f1 | auc | dpd | eod | drift_z | rho | seed 0 | 0.9487179487179487 | 0.9473684210526315 | 0.9868421052631579 | 0.34444444444444444 | 0.125 | 0.0 | 0.017094017094017092 | 47 1 | 0.8974358974358975 | 0.9 | 0.9815789473684211 | 0.26666666666666666 |,False
C41_ACC_REAL_0983,4.4 / Discussion,utility,Real-data accuracy reported around 0.983,0.983,0.9815789473684211,0.9815789473684211,experiments\New_EXPs\metrics\per_seed_results_seed47.csv,per_seed_results_seed47.csv,generation | accuracy | f1 | auc | dpd | eod | drift_z | rho | seed 0 | 0.9487179487179487 | 0.9473684210526315 | 0.9868421052631579 | 0.34444444444444444 | 0.125 | 0.0 | 0.017094017094017092 | 47 1 | 0.8974358974358975 | 0.9 | 0.9815789473684211 | 0.266666666666666,False
C46_ACC_LIGHTWEIGHT_094,4.3,utility,Lightweight accuracy reported around 0.94,0.94,0.9487179487179487,0.9487179487179487,experiments\New_EXPs\metrics\per_seed_results_seed47.csv,per_seed_results_seed47.csv,generation | accuracy | f1 | auc | dpd | eod | drift_z | rho | seed 0 | 0.9487179487179487 | 0.9473684210526315 | 0.9868421052631579 | 0.34444444444444444 | 0.125 | 0.0 | 0.017094017094017092 | 47 1 | 0.8974358974358975 | 0.9 | 0.9815789473684211 | 0.26666666666666666 |,False
C46_ACC_LIGHTWEIGHT_094,4.3,utility,Lightweight accuracy reported around 0.94,0.94,0.9473684210526315,0.9473684210526315,experiments\New_EXPs\metrics\per_seed_results_seed47.csv,per_seed_results_seed47.csv,generation | accuracy | f1 | auc | dpd | eod | drift_z | rho | seed 0 | 0.9487179487179487 | 0.9473684210526315 | 0.9868421052631579 | 0.34444444444444444 | 0.125 | 0.0 | 0.017094017094017092 | 47 1 | 0.8974358974358975 | 0.9 | 0.9815789473684211 | 0.26666666666666666 |,False
C46_ACC_LIGHTWEIGHT_094,4.3,utility,Lightweight accuracy reported around 0.94,0.94,0.9487179487179487,0.9487179487179487,experiments\New_EXPs\metrics\per_seed_results_seed47.csv,per_seed_results_seed47.csv,generation | accuracy | f1 | auc | dpd | eod | drift_z | rho | seed 0 | 0.9487179487179487 | 0.9473684210526315 | 0.9868421052631579 | 0.34444444444444444 | 0.125 | 0.0 | 0.017094017094017092 | 47 1 | 0.8974358974358975 | 0.9 | 0.9815789473684211 | 0.266666666666666,False
C46_ACC_LIGHTWEIGHT_094,4.3,utility,Lightweight accuracy reported around 0.94,0.94,0.9473684210526315,0.9473684210526315,experiments\New_EXPs\metrics\per_seed_results_seed47.csv,per_seed_results_seed47.csv,generation | accuracy | f1 | auc | dpd | eod | drift_z | rho | seed 0 | 0.9487179487179487 | 0.9473684210526315 | 0.9868421052631579 | 0.34444444444444444 | 0.125 | 0.0 | 0.017094017094017092 | 47 1 | 0.8974358974358975 | 0.9 | 0.9815789473684211 | 0.266666666666666,False
C42_EOD_ONE,4.2,fairness,Fairness-audited EOD reported as 1.0,1.0,1.0,1,experiments\New_EXPs\metrics\per_seed_results_seed53.csv,per_seed_results_seed53.csv,generation | accuracy | f1 | auc | dpd | eod | drift_z | rho | seed 0 | 0.9487179487179487 | 0.9444444444444444 | 0.9921052631578947 | 0.2792207792207792 | 0.16666666666666663 | 0.0 | 0.0 | 53 1 | 0.8974358974358975 | 0.8823529411764706 | 0.9947368421052631 | 0.22402597402597396 | 0.1071428571,False
C46_ACC_LIGHTWEIGHT_094,4.3,utility,Lightweight accuracy reported around 0.94,0.94,0.9487179487179487,0.9487179487179487,experiments\New_EXPs\metrics\per_seed_results_seed53.csv,per_seed_results_seed53.csv,generation | accuracy | f1 | auc | dpd | eod | drift_z | rho | seed 0 | 0.9487179487179487 | 0.9444444444444444 | 0.9921052631578947 | 0.2792207792207792 | 0.16666666666666663 | 0.0 | 0.0 | 53 1 | 0.8974358974358975 | 0.8823529411764706 | 0.9947368421052631 | 0.224025974,False
C46_ACC_LIGHTWEIGHT_094,4.3,utility,Lightweight accuracy reported around 0.94,0.94,0.9444444444444444,0.9444444444444444,experiments\New_EXPs\metrics\per_seed_results_seed53.csv,per_seed_results_seed53.csv,generation | accuracy | f1 | auc | dpd | eod | drift_z | rho | seed 0 | 0.9487179487179487 | 0.9444444444444444 | 0.9921052631578947 | 0.2792207792207792 | 0.16666666666666663 | 0.0 | 0.0 | 53 1 | 0.8974358974358975 | 0.8823529411764706 | 0.9947368421052631 | 0.224025974,False
C46_ACC_LIGHTWEIGHT_094,4.3,utility,Lightweight accuracy reported around 0.94,0.94,0.9487179487179487,0.9487179487179487,experiments\New_EXPs\metrics\per_seed_results_seed53.csv,per_seed_results_seed53.csv,generation | accuracy | f1 | auc | dpd | eod | drift_z | rho | seed 0 | 0.9487179487179487 | 0.9444444444444444 | 0.9921052631578947 | 0.2792207792207792 | 0.16666666666666663 | 0.0 | 0.0 | 53 1 | 0.8974358974358975 | 0.8823529411764706 | 0.9947368421052631 | 0.2240,False
C46_ACC_LIGHTWEIGHT_094,4.3,utility,Lightweight accuracy reported around 0.94,0.94,0.9444444444444444,0.9444444444444444,experiments\New_EXPs\metrics\per_seed_results_seed53.csv,per_seed_results_seed53.csv,generation | accuracy | f1 | auc | dpd | eod | drift_z | rho | seed 0 | 0.9487179487179487 | 0.9444444444444444 | 0.9921052631578947 | 0.2792207792207792 | 0.16666666666666663 | 0.0 | 0.0 | 53 1 | 0.8974358974358975 | 0.8823529411764706 | 0.9947368421052631 | 0.2240,False
C46_AUC_BASELINE_0996,4.5 / Discussion,utility,Baseline ROC-AUC reported around 0.996,0.996,0.9947368421052631,0.9947368421052631,experiments\New_EXPs\metrics\per_seed_results_seed53.csv,per_seed_results_seed53.csv,generation | accuracy | f1 | auc | dpd | eod | drift_z | rho | seed 0 | 0.9487179487179487 | 0.9444444444444444 | 0.9921052631578947 | 0.2792207792207792 | 0.16666666666666663 | 0.0 | 0.0 | 53 1 | 0.8974358974358975 | 0.8823529411764706 | 0.9947368421052631 | 0.22402597402597396 |,False
C44_DI_REAL_1,4.4,fairness,Real-data disparate impact reported as 1.0,1.0,1.0,1,models\classifiers\hfagm_model.py,hfagm_model.py,"append(os.path.abspath(os.path.join(os.path.dirname(__file__), '..', '..'))) from models.layers.sparse_gat_layer import SparseGraphAttentionLayer # === Attribute Attention Module === class AttributeAttention(nn.Module): def __init__(self, input_dim): super(AttributeAttention, self).__init__() self.attn_fc = nn.Linear(input_dim, 1) def forward(self, x): attn_scores = torch.softmax(self.attn_fc(x), dim=1) # [B, T, 1] attended = attn_scores * x",False
C44_DI_REAL_1,4.4,fairness,Real-data disparate impact reported as 1.0,1.0,1.0,1,models\classifiers\hfagm_model.py,hfagm_model.py,"append(os.path.abspath(os.path.join(os.path.dirname(__file__), '..', '..'))) from models.layers.sparse_gat_layer import SparseGraphAttentionLayer # === Attribute Attention Module === class AttributeAttention(nn.Module): def __init__(self, input_dim): super(AttributeAttention, self).__init__() self.attn_fc = nn.Linear(input_dim, 1) def forward(self, x): attn_scores = torch.softmax(self.attn_fc(x), dim=1) # [B, T, 1] attended = attn_scores * x",False
C44_DI_REAL_1,4.4,fairness,Real-data disparate impact reported as 1.0,1.0,1.0,1,models\classifiers\hfagm_model.py,hfagm_model.py,"append(os.path.abspath(os.path.join(os.path.dirname(__file__), '..', '..'))) from models.layers.sparse_gat_layer import SparseGraphAttentionLayer # === Attribute Attention Module === class AttributeAttention(nn.Module): def __init__(self, input_dim): super(AttributeAttention, self).__init__() self.attn_fc = nn.Linear(input_dim, 1) def forward(self, x): attn_scores = torch.softmax(self.attn_fc(x), dim=1) # [B, T, 1] attended = attn_scores * x",False
C44_DI_REAL_1,4.4,fairness,Real-data disparate impact reported as 1.0,1.0,1.0,1,models\classifiers\hfagm_model.py,hfagm_model.py,"sparse_gat_layer import SparseGraphAttentionLayer # === Attribute Attention Module === class AttributeAttention(nn.Module): def __init__(self, input_dim): super(AttributeAttention, self).__init__() self.attn_fc = nn.Linear(input_dim, 1) def forward(self, x): attn_scores = torch.softmax(self.attn_fc(x), dim=1) # [B, T, 1] attended = attn_scores * x # [B, T, D] return attended.sum(dim=1) # [B, D]",False
C44_DI_REAL_1,4.4,fairness,Real-data disparate impact reported as 1.0,1.0,1.0,1,models\classifiers\hfagm_model.py,hfagm_model.py,"sparse_gat_layer import SparseGraphAttentionLayer # === Attribute Attention Module === class AttributeAttention(nn.Module): def __init__(self, input_dim): super(AttributeAttention, self).__init__() self.attn_fc = nn.Linear(input_dim, 1) def forward(self, x): attn_scores = torch.softmax(self.attn_fc(x), dim=1) # [B, T, 1] attended = attn_scores * x # [B, T, D] return attended.sum(dim=1) # [B, D]",False
C44_DI_REAL_1,4.4,fairness,Real-data disparate impact reported as 1.0,1.0,1.0,1,models\classifiers\hfagm_model.py,hfagm_model.py,"sparse_gat_layer import SparseGraphAttentionLayer # === Attribute Attention Module === class AttributeAttention(nn.Module): def __init__(self, input_dim): super(AttributeAttention, self).__init__() self.attn_fc = nn.Linear(input_dim, 1) def forward(self, x): attn_scores = torch.softmax(self.attn_fc(x), dim=1) # [B, T, 1] attended = attn_scores * x # [B, T, D] return attended.sum(dim=1) # [B, D]",False
C44_DI_REAL_1,4.4,fairness,Real-data disparate impact reported as 1.0,1.0,1.0,1,models\classifiers\hfagm_model.py,hfagm_model.py,"sparse_gat_layer import SparseGraphAttentionLayer # === Attribute Attention Module === class AttributeAttention(nn.Module): def __init__(self, input_dim): super(AttributeAttention, self).__init__() self.attn_fc = nn.Linear(input_dim, 1) def forward(self, x): attn_scores = torch.softmax(self.attn_fc(x), dim=1) # [B, T, 1] attended = attn_scores * x # [B, T, D] return attended.sum(dim=1) # [B, D]",False
C44_DI_REAL_1,4.4,fairness,Real-data disparate impact reported as 1.0,1.0,1.0,1,models\classifiers\hfagm_model.py,hfagm_model.py,"class AttributeAttention(nn.Module): def __init__(self, input_dim): super(AttributeAttention, self).__init__() self.attn_fc = nn.Linear(input_dim, 1) def forward(self, x): attn_scores = torch.softmax(self.attn_fc(x), dim=1) # [B, T, 1] attended = attn_scores * x # [B, T, D] return attended.sum(dim=1) # [B, D] # === HFAGM Model === class HFAGM(nn.Module): def __init__(self, at",False
C44_DI_REAL_1,4.4,fairness,Real-data disparate impact reported as 1.0,1.0,1.0,1,models\classifiers\hfagm_model.py,hfagm_model.py,"class AttributeAttention(nn.Module): def __init__(self, input_dim): super(AttributeAttention, self).__init__() self.attn_fc = nn.Linear(input_dim, 1) def forward(self, x): attn_scores = torch.softmax(self.attn_fc(x), dim=1) # [B, T, 1] attended = attn_scores * x # [B, T, D] return attended.sum(dim=1) # [B, D] # === HFAGM Model === class HFAGM(nn.Module): def __init__(self, at",False
C44_DI_REAL_1,4.4,fairness,Real-data disparate impact reported as 1.0,1.0,1.0,1,models\classifiers\hfagm_model.py,hfagm_model.py,"class AttributeAttention(nn.Module): def __init__(self, input_dim): super(AttributeAttention, self).__init__() self.attn_fc = nn.Linear(input_dim, 1) def forward(self, x): attn_scores = torch.softmax(self.attn_fc(x), dim=1) # [B, T, 1] attended = attn_scores * x # [B, T, D] return attended.sum(dim=1) # [B, D] # === HFAGM Model === class HFAGM(nn.Module): def __init__(self, at",False
C44_DI_REAL_1,4.4,fairness,Real-data disparate impact reported as 1.0,1.0,1.0,1,models\classifiers\hfagm_model.py,hfagm_model.py,"class AttributeAttention(nn.Module): def __init__(self, input_dim): super(AttributeAttention, self).__init__() self.attn_fc = nn.Linear(input_dim, 1) def forward(self, x): attn_scores = torch.softmax(self.attn_fc(x), dim=1) # [B, T, 1] attended = attn_scores * x # [B, T, D] return attended.sum(dim=1) # [B, D] # === HFAGM Model === class HFAGM(nn.Module): def __init__(self, at",False
C44_DI_REAL_1,4.4,fairness,Real-data disparate impact reported as 1.0,1.0,1.0,1,models\classifiers\hfagm_model.py,hfagm_model.py,") self.attn_fc = nn.Linear(input_dim, 1) def forward(self, x): attn_scores = torch.softmax(self.attn_fc(x), dim=1) # [B, T, 1] attended = attn_scores * x # [B, T, D] return attended.sum(dim=1) # [B, D] # === HFAGM Model === class HFAGM(nn.Module): def __init__(self, attr_dim: int, graph_dim: int, hidden_dim: int, num_classes: int):",False
C44_DI_REAL_1,4.4,fairness,Real-data disparate impact reported as 1.0,1.0,1.0,1,models\classifiers\hfagm_model.py,hfagm_model.py,") self.attn_fc = nn.Linear(input_dim, 1) def forward(self, x): attn_scores = torch.softmax(self.attn_fc(x), dim=1) # [B, T, 1] attended = attn_scores * x # [B, T, D] return attended.sum(dim=1) # [B, D] # === HFAGM Model === class HFAGM(nn.Module): def __init__(self, attr_dim: int, graph_dim: int, hidden_dim: int, num_classes: int):",False
C44_DI_REAL_1,4.4,fairness,Real-data disparate impact reported as 1.0,1.0,1.0,1,models\classifiers\hfagm_model.py,hfagm_model.py,") self.attn_fc = nn.Linear(input_dim, 1) def forward(self, x): attn_scores = torch.softmax(self.attn_fc(x), dim=1) # [B, T, 1] attended = attn_scores * x # [B, T, D] return attended.sum(dim=1) # [B, D] # === HFAGM Model === class HFAGM(nn.Module): def __init__(self, attr_dim: int, graph_dim: int, hidden_dim: int, num_classes: int):",False
C44_DI_REAL_1,4.4,fairness,Real-data disparate impact reported as 1.0,1.0,1.0,1,models\classifiers\hfagm_model.py,hfagm_model.py,") self.attn_fc = nn.Linear(input_dim, 1) def forward(self, x): attn_scores = torch.softmax(self.attn_fc(x), dim=1) # [B, T, 1] attended = attn_scores * x # [B, T, D] return attended.sum(dim=1) # [B, D] # === HFAGM Model === class HFAGM(nn.Module): def __init__(self, attr_dim: int, graph_dim: int, hidden_dim: int, num_classes: int):",False
C44_DI_REAL_1,4.4,fairness,Real-data disparate impact reported as 1.0,1.0,1.0,1,models\classifiers\hfagm_model.py,hfagm_model.py,") # [B, T, 1] attended = attn_scores * x # [B, T, D] return attended.sum(dim=1) # [B, D] # === HFAGM Model === class HFAGM(nn.Module): def __init__(self, attr_dim: int, graph_dim: int, hidden_dim: int, num_classes: int): super(HFAGM, self).__init__() self.attribute_attn = AttributeAttention(attr_dim) self.attr_fc = nn.Linear(attr_dim",False
C44_DI_REAL_1,4.4,fairness,Real-data disparate impact reported as 1.0,1.0,1.0,1,models\classifiers\hfagm_model.py,hfagm_model.py,") # [B, T, 1] attended = attn_scores * x # [B, T, D] return attended.sum(dim=1) # [B, D] # === HFAGM Model === class HFAGM(nn.Module): def __init__(self, attr_dim: int, graph_dim: int, hidden_dim: int, num_classes: int): super(HFAGM, self).__init__() self.attribute_attn = AttributeAttention(attr_dim) self.attr_fc = nn.Linear(attr_dim",False
C44_DI_REAL_1,4.4,fairness,Real-data disparate impact reported as 1.0,1.0,1.0,1,models\classifiers\hfagm_model.py,hfagm_model.py,"attn_scores * x # [B, T, D] return attended.sum(dim=1) # [B, D] # === HFAGM Model === class HFAGM(nn.Module): def __init__(self, attr_dim: int, graph_dim: int, hidden_dim: int, num_classes: int): super(HFAGM, self).__init__() self.attribute_attn = AttributeAttention(attr_dim) self.attr_fc = nn.Linear(attr_dim, hidden_dim) # Project attribut",False
C44_DI_REAL_1,4.4,fairness,Real-data disparate impact reported as 1.0,1.0,1.0,1,models\classifiers\hfagm_model.py,hfagm_model.py,"# [B, T, D] return attended.sum(dim=1) # [B, D] # === HFAGM Model === class HFAGM(nn.Module): def __init__(self, attr_dim: int, graph_dim: int, hidden_dim: int, num_classes: int): super(HFAGM, self).__init__() self.attribute_attn = AttributeAttention(attr_dim) self.attr_fc = nn.Linear(attr_dim, hidden_dim) # Project attribute to hidden dim self.grap",False
C44_DI_REAL_1,4.4,fairness,Real-data disparate impact reported as 1.0,1.0,1.0,1,models\classifiers\hfagm_model.py,hfagm_model.py,"th pathways def forward(self, x_attr, x_graph, adj_matrix): # === Attribute pathway === x_attr_attn = self.attribute_attn(x_attr) # [B, attr_dim] attr_repr = self.attr_fc(x_attr_attn) # [B, hidden_dim] # === Graph pathway === graph_repr, attn_weights = self.graph_attn(x_graph, adj_matrix) # [B, hidden_dim] # === Combine both and classify === combined = torch.cat([attr_repr, graph_repr], dim=1) # [B,",False
C44_DI_REAL_1,4.4,fairness,Real-data disparate impact reported as 1.0,1.0,1.0,1,models\classifiers\hfagm_model.py,hfagm_model.py,"elf.attribute_attn(x_attr) # [B, attr_dim] attr_repr = self.attr_fc(x_attr_attn) # [B, hidden_dim] # === Graph pathway === graph_repr, attn_weights = self.graph_attn(x_graph, adj_matrix) # [B, hidden_dim] # === Combine both and classify === combined = torch.cat([attr_repr, graph_repr], dim=1) # [B, 2*hidden_dim] logits = self.classifier(combined) # [B, num_classes] return l",False
C44_DI_REAL_1,4.4,fairness,Real-data disparate impact reported as 1.0,1.0,1.0,1,models\classifiers\hfagm_model.py,hfagm_model.py,"# [B, hidden_dim] # === Graph pathway === graph_repr, attn_weights = self.graph_attn(x_graph, adj_matrix) # [B, hidden_dim] # === Combine both and classify === combined = torch.cat([attr_repr, graph_repr], dim=1) # [B, 2*hidden_dim] logits = self.classifier(combined) # [B, num_classes] return logits, attn_weights",False
C44_DI_REAL_1,4.4,fairness,Real-data disparate impact reported as 1.0,1.0,1.0,1,models\classifiers\hfagm_model.py,hfagm_model.py,"# === Graph pathway === graph_repr, attn_weights = self.graph_attn(x_graph, adj_matrix) # [B, hidden_dim] # === Combine both and classify === combined = torch.cat([attr_repr, graph_repr], dim=1) # [B, 2*hidden_dim] logits = self.classifier(combined) # [B, num_classes] return logits, attn_weights",False
C44_DI_REAL_1,4.4,fairness,Real-data disparate impact reported as 1.0,1.0,1.0,1,models\classifiers\train_hfagm.py,train_hfagm.py,"ive_path), dtype=torch.float32).to(device) adj_matrix = torch.tensor(np.load(adj_path), dtype=torch.float32).to(device) labels = torch.tensor(pd.read_csv(labels_path).values.squeeze(), dtype=torch.long).to(device) # Model config input_dim = contrastive_emb.shape[1] graph_dim = graph_features.shape[1] hidden_dim = 64 num_classes = len(torch.unique(labels)) batch_size = 16 epochs = 20 # Init model model = HFAGM(input_dim, graph_dim, hidden_dim, num_classes).to(device) opti",False
C44_DI_REAL_1,4.4,fairness,Real-data disparate impact reported as 1.0,1.0,1.0,1,models\classifiers\train_hfagm.py,train_hfagm.py,"ive_path), dtype=torch.float32).to(device) adj_matrix = torch.tensor(np.load(adj_path), dtype=torch.float32).to(device) labels = torch.tensor(pd.read_csv(labels_path).values.squeeze(), dtype=torch.long).to(device) # Model config input_dim = contrastive_emb.shape[1] graph_dim = graph_features.shape[1] hidden_dim = 64 num_classes = len(torch.unique(labels)) batch_size = 16 epochs = 20 # Init model model = HFAGM(input_dim, graph_dim, hidden_dim, num_classes).to(device) opti",False
C44_DI_REAL_1,4.4,fairness,Real-data disparate impact reported as 1.0,1.0,1.0,1,models\classifiers\train_hfagm.py,train_hfagm.py,"ce) adj_matrix = torch.tensor(np.load(adj_path), dtype=torch.float32).to(device) labels = torch.tensor(pd.read_csv(labels_path).values.squeeze(), dtype=torch.long).to(device) # Model config input_dim = contrastive_emb.shape[1] graph_dim = graph_features.shape[1] hidden_dim = 64 num_classes = len(torch.unique(labels)) batch_size = 16 epochs = 20 # Init model model = HFAGM(input_dim, graph_dim, hidden_dim, num_classes).to(device) optimizer = torch.optim.Adam(model.paramete",False
C44_DI_REAL_1,4.4,fairness,Real-data disparate impact reported as 1.0,1.0,1.0,1,models\classifiers\train_hfagm.py,train_hfagm.py,"ce) adj_matrix = torch.tensor(np.load(adj_path), dtype=torch.float32).to(device) labels = torch.tensor(pd.read_csv(labels_path).values.squeeze(), dtype=torch.long).to(device) # Model config input_dim = contrastive_emb.shape[1] graph_dim = graph_features.shape[1] hidden_dim = 64 num_classes = len(torch.unique(labels)) batch_size = 16 epochs = 20 # Init model model = HFAGM(input_dim, graph_dim, hidden_dim, num_classes).to(device) optimizer = torch.optim.Adam(model.paramete",False
C44_DI_REAL_1,4.4,fairness,Real-data disparate impact reported as 1.0,1.0,1.0,1,models\classifiers\train_hfagm.py,train_hfagm.py,"oad(adj_path), dtype=torch.float32).to(device) labels = torch.tensor(pd.read_csv(labels_path).values.squeeze(), dtype=torch.long).to(device) # Model config input_dim = contrastive_emb.shape[1] graph_dim = graph_features.shape[1] hidden_dim = 64 num_classes = len(torch.unique(labels)) batch_size = 16 epochs = 20 # Init model model = HFAGM(input_dim, graph_dim, hidden_dim, num_classes).to(device) optimizer = torch.optim.Adam(model.parameters(), lr=1e-3) criterion = nn.CrossEntr",False
C44_DI_REAL_1,4.4,fairness,Real-data disparate impact reported as 1.0,1.0,1.0,1,models\classifiers\train_hfagm.py,train_hfagm.py,"oad(adj_path), dtype=torch.float32).to(device) labels = torch.tensor(pd.read_csv(labels_path).values.squeeze(), dtype=torch.long).to(device) # Model config input_dim = contrastive_emb.shape[1] graph_dim = graph_features.shape[1] hidden_dim = 64 num_classes = len(torch.unique(labels)) batch_size = 16 epochs = 20 # Init model model = HFAGM(input_dim, graph_dim, hidden_dim, num_classes).to(device) optimizer = torch.optim.Adam(model.parameters(), lr=1e-3) criterion = nn.CrossEntr",False
C44_DI_REAL_1,4.4,fairness,Real-data disparate impact reported as 1.0,1.0,1.0,1,models\classifiers\train_hfagm.py,train_hfagm.py,"), dtype=torch.long).to(device) # Model config input_dim = contrastive_emb.shape[1] graph_dim = graph_features.shape[1] hidden_dim = 64 num_classes = len(torch.unique(labels)) batch_size = 16 epochs = 20 # Init model model = HFAGM(input_dim, graph_dim, hidden_dim, num_classes).to(device) optimizer = torch.optim.Adam(model.parameters(), lr=1e-3) criterion = nn.CrossEntropyLoss() # Logging train_losses = [] train_accuracies = [] for epoch in range(epochs): model.train() permut",False
C44_DI_REAL_1,4.4,fairness,Real-data disparate impact reported as 1.0,1.0,1.0,1,models\classifiers\train_hfagm.py,train_hfagm.py,"), dtype=torch.long).to(device) # Model config input_dim = contrastive_emb.shape[1] graph_dim = graph_features.shape[1] hidden_dim = 64 num_classes = len(torch.unique(labels)) batch_size = 16 epochs = 20 # Init model model = HFAGM(input_dim, graph_dim, hidden_dim, num_classes).to(device) optimizer = torch.optim.Adam(model.parameters(), lr=1e-3) criterion = nn.CrossEntropyLoss() # Logging train_losses = [] train_accuracies = [] for epoch in range(epochs): model.train() permut",False
C44_DI_REAL_1,4.4,fairness,Real-data disparate impact reported as 1.0,1.0,1.0,1,models\classifiers\train_hfagm.py,train_hfagm.py,"rch.long).to(device) # Model config input_dim = contrastive_emb.shape[1] graph_dim = graph_features.shape[1] hidden_dim = 64 num_classes = len(torch.unique(labels)) batch_size = 16 epochs = 20 # Init model model = HFAGM(input_dim, graph_dim, hidden_dim, num_classes).to(device) optimizer = torch.optim.Adam(model.parameters(), lr=1e-3) criterion = nn.CrossEntropyLoss() # Logging train_losses = [] train_accuracies = [] for epoch in range(epochs): model.train() permutation = tor",False
C44_DI_REAL_1,4.4,fairness,Real-data disparate impact reported as 1.0,1.0,1.0,1,models\classifiers\train_hfagm.py,train_hfagm.py,"rch.long).to(device) # Model config input_dim = contrastive_emb.shape[1] graph_dim = graph_features.shape[1] hidden_dim = 64 num_classes = len(torch.unique(labels)) batch_size = 16 epochs = 20 # Init model model = HFAGM(input_dim, graph_dim, hidden_dim, num_classes).to(device) optimizer = torch.optim.Adam(model.parameters(), lr=1e-3) criterion = nn.CrossEntropyLoss() # Logging train_losses = [] train_accuracies = [] for epoch in range(epochs): model.train() permutation = tor",False
C44_DI_REAL_1,4.4,fairness,Real-data disparate impact reported as 1.0,1.0,1.0,1,models\classifiers\train_hfagm.py,train_hfagm.py,"(device) # Model config input_dim = contrastive_emb.shape[1] graph_dim = graph_features.shape[1] hidden_dim = 64 num_classes = len(torch.unique(labels)) batch_size = 16 epochs = 20 # Init model model = HFAGM(input_dim, graph_dim, hidden_dim, num_classes).to(device) optimizer = torch.optim.Adam(model.parameters(), lr=1e-3) criterion = nn.CrossEntropyLoss() # Logging train_losses = [] train_accuracies = [] for epoch in range(epochs): model.train() permutation = torch.randperm(",False
C44_DI_REAL_1,4.4,fairness,Real-data disparate impact reported as 1.0,1.0,1.0,1,models\classifiers\train_hfagm.py,train_hfagm.py,"(device) # Model config input_dim = contrastive_emb.shape[1] graph_dim = graph_features.shape[1] hidden_dim = 64 num_classes = len(torch.unique(labels)) batch_size = 16 epochs = 20 # Init model model = HFAGM(input_dim, graph_dim, hidden_dim, num_classes).to(device) optimizer = torch.optim.Adam(model.parameters(), lr=1e-3) criterion = nn.CrossEntropyLoss() # Logging train_losses = [] train_accuracies = [] for epoch in range(epochs): model.train() permutation = torch.randperm(",False
C44_DI_REAL_1,4.4,fairness,Real-data disparate impact reported as 1.0,1.0,1.0,1,models\classifiers\train_hfagm.py,train_hfagm.py,"get = labels[indices] outputs, attn = model(x_attr, x_graph, adj_sub) loss = criterion(outputs, target) optimizer.zero_grad() loss.backward() optimizer.step() epoch_loss += loss.item() _, predicted = torch.max(outputs, 1) epoch_preds.extend(predicted.cpu().numpy()) epoch_targets.extend(target.cpu().numpy()) acc = accuracy_score(epoch_targets, epoch_preds) train_losses.append(epoch_loss) train_accuracies.append(",False
C44_DI_REAL_1,4.4,fairness,Real-data disparate impact reported as 1.0,1.0,1.0,1,models\classifiers\train_hfagm.py,train_hfagm.py,"x_graph, adj_sub) loss = criterion(outputs, target) optimizer.zero_grad() loss.backward() optimizer.step() epoch_loss += loss.item() _, predicted = torch.max(outputs, 1) epoch_preds.extend(predicted.cpu().numpy()) epoch_targets.extend(target.cpu().numpy()) acc = accuracy_score(epoch_targets, epoch_preds) train_losses.append(epoch_loss) train_accuracies.append(acc) print(f""Epoch {epoch+1}/{epochs} - Loss: {epoch_loss",False
C44_DI_REAL_1,4.4,fairness,Real-data disparate impact reported as 1.0,1.0,1.0,1,models\classifiers\train_hfagm.py,train_hfagm.py,"x_graph, adj_sub) loss = criterion(outputs, target) optimizer.zero_grad() loss.backward() optimizer.step() epoch_loss += loss.item() _, predicted = torch.max(outputs, 1) epoch_preds.extend(predicted.cpu().numpy()) epoch_targets.extend(target.cpu().numpy()) acc = accuracy_score(epoch_targets, epoch_preds) train_losses.append(epoch_loss) train_accuracies.append(acc) print(f""Epoch {epoch+1}/{epochs} - Loss: {epoch_loss",False
C44_DI_REAL_1,4.4,fairness,Real-data disparate impact reported as 1.0,1.0,1.0,1,models\encoders\contrastive_encoder.py,contrastive_encoder.py,"r().__init__() self.temperature = temperature def forward(self, features, labels): device = features.device labels = labels.unsqueeze(1) mask = torch.eq(labels, labels.T).float().to(device) logits = torch.div(torch.matmul(features, features.T), self.temperature) logits -= torch.max(logits, dim=1, keepdim=True)[0].detach() logits_mask = torch.ones_like(mask) - torch.eye(mask.size(0)).to(device) mask *= logits_mask exp_logi",False
C44_DI_REAL_1,4.4,fairness,Real-data disparate impact reported as 1.0,1.0,1.0,1,models\encoders\contrastive_encoder.py,contrastive_encoder.py,"r().__init__() self.temperature = temperature def forward(self, features, labels): device = features.device labels = labels.unsqueeze(1) mask = torch.eq(labels, labels.T).float().to(device) logits = torch.div(torch.matmul(features, features.T), self.temperature) logits -= torch.max(logits, dim=1, keepdim=True)[0].detach() logits_mask = torch.ones_like(mask) - torch.eye(mask.size(0)).to(device) mask *= logits_mask exp_logi",False
C44_DI_REAL_1,4.4,fairness,Real-data disparate impact reported as 1.0,1.0,1.0,1,models\encoders\contrastive_encoder.py,contrastive_encoder.py,": device = features.device labels = labels.unsqueeze(1) mask = torch.eq(labels, labels.T).float().to(device) logits = torch.div(torch.matmul(features, features.T), self.temperature) logits -= torch.max(logits, dim=1, keepdim=True)[0].detach() logits_mask = torch.ones_like(mask) - torch.eye(mask.size(0)).to(device) mask *= logits_mask exp_logits = torch.exp(logits) * logits_mask log_prob = logits - torch.log(exp_logits.sum(1, k",False
C44_DI_REAL_1,4.4,fairness,Real-data disparate impact reported as 1.0,1.0,1.0,1,models\encoders\contrastive_encoder.py,contrastive_encoder.py,": device = features.device labels = labels.unsqueeze(1) mask = torch.eq(labels, labels.T).float().to(device) logits = torch.div(torch.matmul(features, features.T), self.temperature) logits -= torch.max(logits, dim=1, keepdim=True)[0].detach() logits_mask = torch.ones_like(mask) - torch.eye(mask.size(0)).to(device) mask *= logits_mask exp_logits = torch.exp(logits) * logits_mask log_prob = logits - torch.log(exp_logits.sum(1, k",False
C44_DI_REAL_1,4.4,fairness,Real-data disparate impact reported as 1.0,1.0,1.0,1,models\encoders\contrastive_encoder.py,contrastive_encoder.py,": device = features.device labels = labels.unsqueeze(1) mask = torch.eq(labels, labels.T).float().to(device) logits = torch.div(torch.matmul(features, features.T), self.temperature) logits -= torch.max(logits, dim=1, keepdim=True)[0].detach() logits_mask = torch.ones_like(mask) - torch.eye(mask.size(0)).to(device) mask *= logits_mask exp_logits = torch.exp(logits) * logits_mask log_prob = logits - torch.log(exp_logits.sum(1, k",False
C44_DI_REAL_1,4.4,fairness,Real-data disparate impact reported as 1.0,1.0,1.0,1,models\encoders\contrastive_encoder.py,contrastive_encoder.py,"evice = features.device labels = labels.unsqueeze(1) mask = torch.eq(labels, labels.T).float().to(device) logits = torch.div(torch.matmul(features, features.T), self.temperature) logits -= torch.max(logits, dim=1, keepdim=True)[0].detach() logits_mask = torch.ones_like(mask) - torch.eye(mask.size(0)).to(device) mask *= logits_mask exp_logits = torch.exp(logits) * logits_mask log_prob = logits - torch.log(exp_logits.sum(1, keepdim=True",False
C44_DI_REAL_1,4.4,fairness,Real-data disparate impact reported as 1.0,1.0,1.0,1,models\encoders\contrastive_encoder.py,contrastive_encoder.py,"evice = features.device labels = labels.unsqueeze(1) mask = torch.eq(labels, labels.T).float().to(device) logits = torch.div(torch.matmul(features, features.T), self.temperature) logits -= torch.max(logits, dim=1, keepdim=True)[0].detach() logits_mask = torch.ones_like(mask) - torch.eye(mask.size(0)).to(device) mask *= logits_mask exp_logits = torch.exp(logits) * logits_mask log_prob = logits - torch.log(exp_logits.sum(1, keepdim=True",False
C44_DI_REAL_1,4.4,fairness,Real-data disparate impact reported as 1.0,1.0,1.0,1,models\encoders\contrastive_encoder.py,contrastive_encoder.py,"evice = features.device labels = labels.unsqueeze(1) mask = torch.eq(labels, labels.T).float().to(device) logits = torch.div(torch.matmul(features, features.T), self.temperature) logits -= torch.max(logits, dim=1, keepdim=True)[0].detach() logits_mask = torch.ones_like(mask) - torch.eye(mask.size(0)).to(device) mask *= logits_mask exp_logits = torch.exp(logits) * logits_mask log_prob = logits - torch.log(exp_logits.sum(1, keepdim=True",False
C44_DI_REAL_1,4.4,fairness,Real-data disparate impact reported as 1.0,1.0,1.0,1,models\encoders\contrastive_encoder.py,contrastive_encoder.py,", keepdim=True)[0].detach() logits_mask = torch.ones_like(mask) - torch.eye(mask.size(0)).to(device) mask *= logits_mask exp_logits = torch.exp(logits) * logits_mask log_prob = logits - torch.log(exp_logits.sum(1, keepdim=True) + 1e-12) mean_log_prob = (mask * log_prob).sum(1) / (mask.sum(1) + 1e-12) return -mean_log_prob.mean() # Initialize and train device = torch.device(""cuda"" if torch.cuda.is_available() else ""cpu"") encoder = Encoder(input_dim=X",False
C44_DI_REAL_1,4.4,fairness,Real-data disparate impact reported as 1.0,1.0,1.0,1,models\encoders\contrastive_encoder.py,contrastive_encoder.py,", keepdim=True)[0].detach() logits_mask = torch.ones_like(mask) - torch.eye(mask.size(0)).to(device) mask *= logits_mask exp_logits = torch.exp(logits) * logits_mask log_prob = logits - torch.log(exp_logits.sum(1, keepdim=True) + 1e-12) mean_log_prob = (mask * log_prob).sum(1) / (mask.sum(1) + 1e-12) return -mean_log_prob.mean() # Initialize and train device = torch.device(""cuda"" if torch.cuda.is_available() else ""cpu"") encoder = Encoder(input_dim=X",False
C44_DI_REAL_1,4.4,fairness,Real-data disparate impact reported as 1.0,1.0,1.0,1,models\encoders\contrastive_encoder.py,contrastive_encoder.py,", keepdim=True)[0].detach() logits_mask = torch.ones_like(mask) - torch.eye(mask.size(0)).to(device) mask *= logits_mask exp_logits = torch.exp(logits) * logits_mask log_prob = logits - torch.log(exp_logits.sum(1, keepdim=True) + 1e-12) mean_log_prob = (mask * log_prob).sum(1) / (mask.sum(1) + 1e-12) return -mean_log_prob.mean() # Initialize and train device = torch.device(""cuda"" if torch.cuda.is_available() else ""cpu"") encoder = Encoder(input_dim=X",False
C44_DI_REAL_1,4.4,fairness,Real-data disparate impact reported as 1.0,1.0,1.0,1,models\encoders\contrastive_encoder.py,contrastive_encoder.py,"eepdim=True) + 1e-12) mean_log_prob = (mask * log_prob).sum(1) / (mask.sum(1) + 1e-12) return -mean_log_prob.mean() # Initialize and train device = torch.device(""cuda"" if torch.cuda.is_available() else ""cpu"") encoder = Encoder(input_dim=X_tensor.shape[1]).to(device) loss_fn = SupConLoss() optimizer = optim.Adam(encoder.parameters(), lr=1e-3) print(""Training contrastive encoder..."") for epoch in range(50): total_loss = 0 encoder.train() for x_batch, y_batch in loader:",False
C44_DI_REAL_1,4.4,fairness,Real-data disparate impact reported as 1.0,1.0,1.0,1,models\encoders\contrastive_encoder.py,contrastive_encoder.py,"eepdim=True) + 1e-12) mean_log_prob = (mask * log_prob).sum(1) / (mask.sum(1) + 1e-12) return -mean_log_prob.mean() # Initialize and train device = torch.device(""cuda"" if torch.cuda.is_available() else ""cpu"") encoder = Encoder(input_dim=X_tensor.shape[1]).to(device) loss_fn = SupConLoss() optimizer = optim.Adam(encoder.parameters(), lr=1e-3) print(""Training contrastive encoder..."") for epoch in range(50): total_loss = 0 encoder.train() for x_batch, y_batch in loader:",False
C44_DI_REAL_1,4.4,fairness,Real-data disparate impact reported as 1.0,1.0,1.0,1,models\encoders\contrastive_encoder.py,contrastive_encoder.py,"eepdim=True) + 1e-12) mean_log_prob = (mask * log_prob).sum(1) / (mask.sum(1) + 1e-12) return -mean_log_prob.mean() # Initialize and train device = torch.device(""cuda"" if torch.cuda.is_available() else ""cpu"") encoder = Encoder(input_dim=X_tensor.shape[1]).to(device) loss_fn = SupConLoss() optimizer = optim.Adam(encoder.parameters(), lr=1e-3) print(""Training contrastive encoder..."") for epoch in range(50): total_loss = 0 encoder.train() for x_batch, y_batch in loader:",False
C44_DI_REAL_1,4.4,fairness,Real-data disparate impact reported as 1.0,1.0,1.0,1,models\encoders\contrastive_encoder.py,contrastive_encoder.py,"ining contrastive encoder..."") for epoch in range(50): total_loss = 0 encoder.train() for x_batch, y_batch in loader: x_batch, y_batch = x_batch.to(device), y_batch.to(device) z = nn.functional.normalize(encoder(x_batch), dim=1) loss = loss_fn(z, y_batch) optimizer.zero_grad() loss.backward() optimizer.step() total_loss += loss.item() print(f""Epoch {epoch+1}: Loss = {total_loss:.4f}"") # Save embeddings encoder.eval() with tor",False
C44_DI_REAL_1,4.4,fairness,Real-data disparate impact reported as 1.0,1.0,1.0,1,models\encoders\contrastive_encoder.py,contrastive_encoder.py,"ining contrastive encoder..."") for epoch in range(50): total_loss = 0 encoder.train() for x_batch, y_batch in loader: x_batch, y_batch = x_batch.to(device), y_batch.to(device) z = nn.functional.normalize(encoder(x_batch), dim=1) loss = loss_fn(z, y_batch) optimizer.zero_grad() loss.backward() optimizer.step() total_loss += loss.item() print(f""Epoch {epoch+1}: Loss = {total_loss:.4f}"") # Save embeddings encoder.eval() with tor",False
C44_DI_REAL_1,4.4,fairness,Real-data disparate impact reported as 1.0,1.0,1.0,1,models\encoders\contrastive_encoder.py,contrastive_encoder.py,"ormalize(encoder(x_batch), dim=1) loss = loss_fn(z, y_batch) optimizer.zero_grad() loss.backward() optimizer.step() total_loss += loss.item() print(f""Epoch {epoch+1}: Loss = {total_loss:.4f}"") # Save embeddings encoder.eval() with torch.no_grad(): embeddings = encoder(X_tensor.to(device)).cpu().numpy() np.save(os.path.join(base_path, ""contrastive_embeddings.npy""), embeddings) print(""Saved embeddings to contrastive_embeddings.npy"")",False
C44_DI_REAL_1,4.4,fairness,Real-data disparate impact reported as 1.0,1.0,1.0,1,models\encoders\contrastive_encoder.py,contrastive_encoder.py,"ormalize(encoder(x_batch), dim=1) loss = loss_fn(z, y_batch) optimizer.zero_grad() loss.backward() optimizer.step() total_loss += loss.item() print(f""Epoch {epoch+1}: Loss = {total_loss:.4f}"") # Save embeddings encoder.eval() with torch.no_grad(): embeddings = encoder(X_tensor.to(device)).cpu().numpy() np.save(os.path.join(base_path, ""contrastive_embeddings.npy""), embeddings) print(""Saved embeddings to contrastive_embeddings.npy"")",False
C44_DI_REAL_1,4.4,fairness,Real-data disparate impact reported as 1.0,1.0,1.0,1,models\encoders\contrastive_encoder.py,contrastive_encoder.py,"s_fn(z, y_batch) optimizer.zero_grad() loss.backward() optimizer.step() total_loss += loss.item() print(f""Epoch {epoch+1}: Loss = {total_loss:.4f}"") # Save embeddings encoder.eval() with torch.no_grad(): embeddings = encoder(X_tensor.to(device)).cpu().numpy() np.save(os.path.join(base_path, ""contrastive_embeddings.npy""), embeddings) print(""Saved embeddings to contrastive_embeddings.npy"")",False
C44_DI_REAL_1,4.4,fairness,Real-data disparate impact reported as 1.0,1.0,1.0,1,models\encoders\contrastive_encoder.py,contrastive_encoder.py,"otal_loss += loss.item() print(f""Epoch {epoch+1}: Loss = {total_loss:.4f}"") # Save embeddings encoder.eval() with torch.no_grad(): embeddings = encoder(X_tensor.to(device)).cpu().numpy() np.save(os.path.join(base_path, ""contrastive_embeddings.npy""), embeddings) print(""Saved embeddings to contrastive_embeddings.npy"")",False
C44_DI_REAL_1,4.4,fairness,Real-data disparate impact reported as 1.0,1.0,1.0,1,models\encoders\contrastive_encoder.py,contrastive_encoder.py,"item() print(f""Epoch {epoch+1}: Loss = {total_loss:.4f}"") # Save embeddings encoder.eval() with torch.no_grad(): embeddings = encoder(X_tensor.to(device)).cpu().numpy() np.save(os.path.join(base_path, ""contrastive_embeddings.npy""), embeddings) print(""Saved embeddings to contrastive_embeddings.npy"")",False
C44_DI_REAL_1,4.4,fairness,Real-data disparate impact reported as 1.0,1.0,1.0,1,models\encoders\contrastive_encoder.py,contrastive_encoder.py,"epoch+1}: Loss = {total_loss:.4f}"") # Save embeddings encoder.eval() with torch.no_grad(): embeddings = encoder(X_tensor.to(device)).cpu().numpy() np.save(os.path.join(base_path, ""contrastive_embeddings.npy""), embeddings) print(""Saved embeddings to contrastive_embeddings.npy"")",False
C44_DI_REAL_1,4.4,fairness,Real-data disparate impact reported as 1.0,1.0,1.0,1,models\layers\sparse_gat_layer.py,sparse_gat_layer.py,"[N, Fout] # ---- 2. Prepare <aᵀ [Wh_i || Wh_j]> for each edge # (edge_index[0] are sources, edge_index[1] are destinations) Wh_src, Wh_dst = Wh[edge_index[0]], Wh[edge_index[1]] e_src = (Wh_src * self.att_src.T).sum(dim=-1) # [E] e_dst = (Wh_dst * self.att_dst.T).sum(dim=-1) # [E] e = F.leaky_relu(e_src + e_dst, self.negative_slope) # ---- 3. Sparse softmax normalised per destination node # (works for batched graphs, too)",False
C44_DI_REAL_1,4.4,fairness,Real-data disparate impact reported as 1.0,1.0,1.0,1,models\layers\sparse_gat_layer.py,sparse_gat_layer.py,"[N, Fout] # ---- 2. Prepare <aᵀ [Wh_i || Wh_j]> for each edge # (edge_index[0] are sources, edge_index[1] are destinations) Wh_src, Wh_dst = Wh[edge_index[0]], Wh[edge_index[1]] e_src = (Wh_src * self.att_src.T).sum(dim=-1) # [E] e_dst = (Wh_dst * self.att_dst.T).sum(dim=-1) # [E] e = F.leaky_relu(e_src + e_dst, self.negative_slope) # ---- 3. Sparse softmax normalised per destination node # (works for batched graphs, too)",False
C44_DI_REAL_1,4.4,fairness,Real-data disparate impact reported as 1.0,1.0,1.0,1,models\layers\sparse_gat_layer.py,sparse_gat_layer.py,"each edge # (edge_index[0] are sources, edge_index[1] are destinations) Wh_src, Wh_dst = Wh[edge_index[0]], Wh[edge_index[1]] e_src = (Wh_src * self.att_src.T).sum(dim=-1) # [E] e_dst = (Wh_dst * self.att_dst.T).sum(dim=-1) # [E] e = F.leaky_relu(e_src + e_dst, self.negative_slope) # ---- 3. Sparse softmax normalised per destination node # (works for batched graphs, too) alpha = softmax(e, edge_index[1]) # [E]",False
C44_DI_REAL_1,4.4,fairness,Real-data disparate impact reported as 1.0,1.0,1.0,1,models\layers\sparse_gat_layer.py,sparse_gat_layer.py,"each edge # (edge_index[0] are sources, edge_index[1] are destinations) Wh_src, Wh_dst = Wh[edge_index[0]], Wh[edge_index[1]] e_src = (Wh_src * self.att_src.T).sum(dim=-1) # [E] e_dst = (Wh_dst * self.att_dst.T).sum(dim=-1) # [E] e = F.leaky_relu(e_src + e_dst, self.negative_slope) # ---- 3. Sparse softmax normalised per destination node # (works for batched graphs, too) alpha = softmax(e, edge_index[1]) # [E]",False
C44_DI_REAL_1,4.4,fairness,Real-data disparate impact reported as 1.0,1.0,1.0,1,models\layers\sparse_gat_layer.py,sparse_gat_layer.py,"each edge # (edge_index[0] are sources, edge_index[1] are destinations) Wh_src, Wh_dst = Wh[edge_index[0]], Wh[edge_index[1]] e_src = (Wh_src * self.att_src.T).sum(dim=-1) # [E] e_dst = (Wh_dst * self.att_dst.T).sum(dim=-1) # [E] e = F.leaky_relu(e_src + e_dst, self.negative_slope) # ---- 3. Sparse softmax normalised per destination node # (works for batched graphs, too) alpha = softmax(e, edge_index[1]) # [E]",False
C44_DI_REAL_1,4.4,fairness,Real-data disparate impact reported as 1.0,1.0,1.0,1,models\layers\sparse_gat_layer.py,sparse_gat_layer.py,"tention-weighted sum) if edge_weight is not None: alpha = alpha * edge_weight # optional weighting out = Wh_src * alpha.unsqueeze(-1) # [E, Fout] out = scatter_add(out, edge_index[1], dim=0, dim_size=x.size(0)) return out, alpha # node embeddings, raw attention per edge",False
C44_DI_REAL_1,4.4,fairness,Real-data disparate impact reported as 1.0,1.0,1.0,1,models\layers\sparse_gat_layer.py,sparse_gat_layer.py,"-weighted sum) if edge_weight is not None: alpha = alpha * edge_weight # optional weighting out = Wh_src * alpha.unsqueeze(-1) # [E, Fout] out = scatter_add(out, edge_index[1], dim=0, dim_size=x.size(0)) return out, alpha # node embeddings, raw attention per edge",False
C44_DI_REAL_1,4.4,fairness,Real-data disparate impact reported as 1.0,1.0,1.0,1,models\layers\sparse_gat_layer.py,sparse_gat_layer.py,"alpha = alpha * edge_weight # optional weighting out = Wh_src * alpha.unsqueeze(-1) # [E, Fout] out = scatter_add(out, edge_index[1], dim=0, dim_size=x.size(0)) return out, alpha # node embeddings, raw attention per edge",False
C40_FID_HGF_1_5,4.1 / 4.3 / Discussion,fidelity,HGF/baseline fidelity reported around 1.5,1.5,1.5,1.5,New_Code\01_audit_existing_results.py,01_audit_existing_results.py,"statements appearing in the manuscript # and Reviewer #3's comments. # # The script DOES NOT assume they are correct. It searches for evidence. # ============================================================ CLAIMS = [ { ""claim_id"": ""C40_FID_HGF_1_5"", ""section"": ""4.1 / 4.3 / Discussion"", ""category"": ""fidelity"", ""description"": ""HGF/baseline fidelity reported around 1.5"", ""metric_terms"": [""fid"", ""frechet"", ""fréchet""], ""target_values"": [1.5],",False
C40_FID_HGF_1_5,4.1 / 4.3 / Discussion,fidelity,HGF/baseline fidelity reported around 1.5,1.5,1.5,1.5,New_Code\01_audit_existing_results.py,01_audit_existing_results.py,"statements appearing in the manuscript # and Reviewer #3's comments. # # The script DOES NOT assume they are correct. It searches for evidence. # ============================================================ CLAIMS = [ { ""claim_id"": ""C40_FID_HGF_1_5"", ""section"": ""4.1 / 4.3 / Discussion"", ""category"": ""fidelity"", ""description"": ""HGF/baseline fidelity reported around 1.5"", ""metric_terms"": [""fid"", ""frechet"", ""fréchet""], ""target_values"": [1.5],",False
C40_FID_HGF_1_5,4.1 / 4.3 / Discussion,fidelity,HGF/baseline fidelity reported around 1.5,1.5,1.5,1.5,New_Code\01_audit_existing_results.py,01_audit_existing_results.py,"ipt DOES NOT assume they are correct. It searches for evidence. # ============================================================ CLAIMS = [ { ""claim_id"": ""C40_FID_HGF_1_5"", ""section"": ""4.1 / 4.3 / Discussion"", ""category"": ""fidelity"", ""description"": ""HGF/baseline fidelity reported around 1.5"", ""metric_terms"": [""fid"", ""frechet"", ""fréchet""], ""target_values"": [1.5], ""tolerance"": 0.03, }, { ""claim_id"": ""C46_FID_LIGHTWEIGHT_1_6"",",False
C40_FID_HGF_1_5,4.1 / 4.3 / Discussion,fidelity,HGF/baseline fidelity reported around 1.5,1.5,1.5,1.5,New_Code\01_audit_existing_results.py,01_audit_existing_results.py,"ipt DOES NOT assume they are correct. It searches for evidence. # ============================================================ CLAIMS = [ { ""claim_id"": ""C40_FID_HGF_1_5"", ""section"": ""4.1 / 4.3 / Discussion"", ""category"": ""fidelity"", ""description"": ""HGF/baseline fidelity reported around 1.5"", ""metric_terms"": [""fid"", ""frechet"", ""fréchet""], ""target_values"": [1.5], ""tolerance"": 0.03, }, { ""claim_id"": ""C46_FID_LIGHTWEIGHT_1_6"",",False
C40_FID_HGF_1_5,4.1 / 4.3 / Discussion,fidelity,HGF/baseline fidelity reported around 1.5,1.5,1.5,1.5,New_Code\01_audit_existing_results.py,01_audit_existing_results.py,"s for evidence. # ============================================================ CLAIMS = [ { ""claim_id"": ""C40_FID_HGF_1_5"", ""section"": ""4.1 / 4.3 / Discussion"", ""category"": ""fidelity"", ""description"": ""HGF/baseline fidelity reported around 1.5"", ""metric_terms"": [""fid"", ""frechet"", ""fréchet""], ""target_values"": [1.5], ""tolerance"": 0.03, }, { ""claim_id"": ""C46_FID_LIGHTWEIGHT_1_6"", ""section"": ""4.3"", ""category"": ""f",False
C40_FID_HGF_1_5,4.1 / 4.3 / Discussion,fidelity,HGF/baseline fidelity reported around 1.5,1.5,1.5,1.5,New_Code\01_audit_existing_results.py,01_audit_existing_results.py,"s for evidence. # ============================================================ CLAIMS = [ { ""claim_id"": ""C40_FID_HGF_1_5"", ""section"": ""4.1 / 4.3 / Discussion"", ""category"": ""fidelity"", ""description"": ""HGF/baseline fidelity reported around 1.5"", ""metric_terms"": [""fid"", ""frechet"", ""fréchet""], ""target_values"": [1.5], ""tolerance"": 0.03, }, { ""claim_id"": ""C46_FID_LIGHTWEIGHT_1_6"", ""section"": ""4.3"", ""category"": ""f",False
C40_FID_HGF_1_5,4.1 / 4.3 / Discussion,fidelity,HGF/baseline fidelity reported around 1.5,1.5,1.5,1.5,New_Code\01_audit_existing_results.py,01_audit_existing_results.py,"===================== CLAIMS = [ { ""claim_id"": ""C40_FID_HGF_1_5"", ""section"": ""4.1 / 4.3 / Discussion"", ""category"": ""fidelity"", ""description"": ""HGF/baseline fidelity reported around 1.5"", ""metric_terms"": [""fid"", ""frechet"", ""fréchet""], ""target_values"": [1.5], ""tolerance"": 0.03, }, { ""claim_id"": ""C46_FID_LIGHTWEIGHT_1_6"", ""section"": ""4.3"", ""category"": ""fidelity"", ""description"": ""Lightweight fidelity re",False
C40_FID_HGF_1_5,4.1 / 4.3 / Discussion,fidelity,HGF/baseline fidelity reported around 1.5,1.5,1.5,1.5,New_Code\01_audit_existing_results.py,01_audit_existing_results.py,"===================== CLAIMS = [ { ""claim_id"": ""C40_FID_HGF_1_5"", ""section"": ""4.1 / 4.3 / Discussion"", ""category"": ""fidelity"", ""description"": ""HGF/baseline fidelity reported around 1.5"", ""metric_terms"": [""fid"", ""frechet"", ""fréchet""], ""target_values"": [1.5], ""tolerance"": 0.03, }, { ""claim_id"": ""C46_FID_LIGHTWEIGHT_1_6"", ""section"": ""4.3"", ""category"": ""fidelity"", ""description"": ""Lightweight fidelity re",False
C40_FID_HGF_1_5,4.1 / 4.3 / Discussion,fidelity,HGF/baseline fidelity reported around 1.5,1.5,1.5,1.5,New_Code\01_audit_existing_results.py,01_audit_existing_results.py,"""category"": ""fidelity"", ""description"": ""HGF/baseline fidelity reported around 1.5"", ""metric_terms"": [""fid"", ""frechet"", ""fréchet""], ""target_values"": [1.5], ""tolerance"": 0.03, }, { ""claim_id"": ""C46_FID_LIGHTWEIGHT_1_6"", ""section"": ""4.3"", ""category"": ""fidelity"", ""description"": ""Lightweight fidelity reported around 1.6"", ""metric_terms"": [""fid"", ""frechet"", ""fréchet""], ""target_values"": [1.6], ""tolerance""",False
C40_FID_HGF_1_5,4.1 / 4.3 / Discussion,fidelity,HGF/baseline fidelity reported around 1.5,1.5,1.5,1.5,New_Code\01_audit_existing_results.py,01_audit_existing_results.py,"""category"": ""fidelity"", ""description"": ""HGF/baseline fidelity reported around 1.5"", ""metric_terms"": [""fid"", ""frechet"", ""fréchet""], ""target_values"": [1.5], ""tolerance"": 0.03, }, { ""claim_id"": ""C46_FID_LIGHTWEIGHT_1_6"", ""section"": ""4.3"", ""category"": ""fidelity"", ""description"": ""Lightweight fidelity reported around 1.6"", ""metric_terms"": [""fid"", ""frechet"", ""fréchet""], ""target_values"": [1.6], ""tolerance""",False
C40_FID_HGF_1_5,4.1 / 4.3 / Discussion,fidelity,HGF/baseline fidelity reported around 1.5,1.5,1.5,1.5,New_Code\01_audit_existing_results.py,01_audit_existing_results.py,"delity reported around 1.5"", ""metric_terms"": [""fid"", ""frechet"", ""fréchet""], ""target_values"": [1.5], ""tolerance"": 0.03, }, { ""claim_id"": ""C46_FID_LIGHTWEIGHT_1_6"", ""section"": ""4.3"", ""category"": ""fidelity"", ""description"": ""Lightweight fidelity reported around 1.6"", ""metric_terms"": [""fid"", ""frechet"", ""fréchet""], ""target_values"": [1.6], ""tolerance"": 0.03, }, { ""claim_id"": ""C46_FID_LIGHTWEIGHT_3_2"",",False
C40_FID_HGF_1_5,4.1 / 4.3 / Discussion,fidelity,HGF/baseline fidelity reported around 1.5,1.5,1.5,1.5,New_Code\01_audit_existing_results.py,01_audit_existing_results.py,"delity reported around 1.5"", ""metric_terms"": [""fid"", ""frechet"", ""fréchet""], ""target_values"": [1.5], ""tolerance"": 0.03, }, { ""claim_id"": ""C46_FID_LIGHTWEIGHT_1_6"", ""section"": ""4.3"", ""category"": ""fidelity"", ""description"": ""Lightweight fidelity reported around 1.6"", ""metric_terms"": [""fid"", ""frechet"", ""fréchet""], ""target_values"": [1.6], ""tolerance"": 0.03, }, { ""claim_id"": ""C46_FID_LIGHTWEIGHT_3_2"",",False
C40_FID_HGF_1_5,4.1 / 4.3 / Discussion,fidelity,HGF/baseline fidelity reported around 1.5,1.5,1.5,1.5,New_Code\01_audit_existing_results.py,01_audit_existing_results.py,"rms"": [""fid"", ""frechet"", ""fréchet""], ""target_values"": [1.5], ""tolerance"": 0.03, }, { ""claim_id"": ""C46_FID_LIGHTWEIGHT_1_6"", ""section"": ""4.3"", ""category"": ""fidelity"", ""description"": ""Lightweight fidelity reported around 1.6"", ""metric_terms"": [""fid"", ""frechet"", ""fréchet""], ""target_values"": [1.6], ""tolerance"": 0.03, }, { ""claim_id"": ""C46_FID_LIGHTWEIGHT_3_2"", ""section"": ""Discussion"", ""catego",False
C40_FID_HGF_1_5,4.1 / 4.3 / Discussion,fidelity,HGF/baseline fidelity reported around 1.5,1.5,1.5,1.5,New_Code\01_audit_existing_results.py,01_audit_existing_results.py,"es"": [1.5], ""tolerance"": 0.03, }, { ""claim_id"": ""C46_FID_LIGHTWEIGHT_1_6"", ""section"": ""4.3"", ""category"": ""fidelity"", ""description"": ""Lightweight fidelity reported around 1.6"", ""metric_terms"": [""fid"", ""frechet"", ""fréchet""], ""target_values"": [1.6], ""tolerance"": 0.03, }, { ""claim_id"": ""C46_FID_LIGHTWEIGHT_3_2"", ""section"": ""Discussion"", ""category"": ""fidelity"", ""description"": ""Lightweight fide",False
C40_FID_HGF_1_5,4.1 / 4.3 / Discussion,fidelity,HGF/baseline fidelity reported around 1.5,1.5,1.5,1.5,New_Code\01_audit_existing_results.py,01_audit_existing_results.py,"============== CLAIMS = [ { ""claim_id"": ""C40_FID_HGF_1_5"", ""section"": ""4.1 / 4.3 / Discussion"", ""category"": ""fidelity"", ""description"": ""HGF/baseline fidelity reported around 1.5"", ""metric_terms"": [""fid"", ""frechet"", ""fréchet""], ""target_values"": [1.5], ""tolerance"": 0.03, }, { ""claim_id"": ""C46_FID_LIGHTWEIGHT_1_6"", ""section"": ""4.3"", ""category"": ""fidelity"", ""description"": ""Lightweight fidelity reported arou",False
C40_FID_HGF_1_5,4.1 / 4.3 / Discussion,fidelity,HGF/baseline fidelity reported around 1.5,1.5,1.5,1.5,New_Code\01_audit_existing_results.py,01_audit_existing_results.py,"============== CLAIMS = [ { ""claim_id"": ""C40_FID_HGF_1_5"", ""section"": ""4.1 / 4.3 / Discussion"", ""category"": ""fidelity"", ""description"": ""HGF/baseline fidelity reported around 1.5"", ""metric_terms"": [""fid"", ""frechet"", ""fréchet""], ""target_values"": [1.5], ""tolerance"": 0.03, }, { ""claim_id"": ""C46_FID_LIGHTWEIGHT_1_6"", ""section"": ""4.3"", ""category"": ""fidelity"", ""description"": ""Lightweight fidelity reported arou",False
C40_FID_HGF_1_5,4.1 / 4.3 / Discussion,fidelity,HGF/baseline fidelity reported around 1.5,1.5,1.5,1.5,New_Code\01_audit_existing_results.py,01_audit_existing_results.py,"=== CLAIMS = [ { ""claim_id"": ""C40_FID_HGF_1_5"", ""section"": ""4.1 / 4.3 / Discussion"", ""category"": ""fidelity"", ""description"": ""HGF/baseline fidelity reported around 1.5"", ""metric_terms"": [""fid"", ""frechet"", ""fréchet""], ""target_values"": [1.5], ""tolerance"": 0.03, }, { ""claim_id"": ""C46_FID_LIGHTWEIGHT_1_6"", ""section"": ""4.3"", ""category"": ""fidelity"", ""description"": ""Lightweight fidelity reported around 1.6"",",False
C40_FID_HGF_1_5,4.1 / 4.3 / Discussion,fidelity,HGF/baseline fidelity reported around 1.5,1.5,1.5,1.5,New_Code\01_audit_existing_results.py,01_audit_existing_results.py,"=== CLAIMS = [ { ""claim_id"": ""C40_FID_HGF_1_5"", ""section"": ""4.1 / 4.3 / Discussion"", ""category"": ""fidelity"", ""description"": ""HGF/baseline fidelity reported around 1.5"", ""metric_terms"": [""fid"", ""frechet"", ""fréchet""], ""target_values"": [1.5], ""tolerance"": 0.03, }, { ""claim_id"": ""C46_FID_LIGHTWEIGHT_1_6"", ""section"": ""4.3"", ""category"": ""fidelity"", ""description"": ""Lightweight fidelity reported around 1.6"",",False
C46_FID_LIGHTWEIGHT_1_6,4.3,fidelity,Lightweight fidelity reported around 1.6,1.6,1.6,1.6,New_Code\01_audit_existing_results.py,01_audit_existing_results.py,"""category"": ""fidelity"", ""description"": ""HGF/baseline fidelity reported around 1.5"", ""metric_terms"": [""fid"", ""frechet"", ""fréchet""], ""target_values"": [1.5], ""tolerance"": 0.03, }, { ""claim_id"": ""C46_FID_LIGHTWEIGHT_1_6"", ""section"": ""4.3"", ""category"": ""fidelity"", ""description"": ""Lightweight fidelity reported around 1.6"", ""metric_terms"": [""fid"", ""frechet"", ""fréchet""], ""target_values"": [1.6], ""tolerance""",False
C46_FID_LIGHTWEIGHT_1_6,4.3,fidelity,Lightweight fidelity reported around 1.6,1.6,1.6,1.6,New_Code\01_audit_existing_results.py,01_audit_existing_results.py,"""category"": ""fidelity"", ""description"": ""HGF/baseline fidelity reported around 1.5"", ""metric_terms"": [""fid"", ""frechet"", ""fréchet""], ""target_values"": [1.5], ""tolerance"": 0.03, }, { ""claim_id"": ""C46_FID_LIGHTWEIGHT_1_6"", ""section"": ""4.3"", ""category"": ""fidelity"", ""description"": ""Lightweight fidelity reported around 1.6"", ""metric_terms"": [""fid"", ""frechet"", ""fréchet""], ""target_values"": [1.6], ""tolerance""",False
C46_FID_LIGHTWEIGHT_1_6,4.3,fidelity,Lightweight fidelity reported around 1.6,1.6,1.6,1.6,New_Code\01_audit_existing_results.py,01_audit_existing_results.py,"delity reported around 1.5"", ""metric_terms"": [""fid"", ""frechet"", ""fréchet""], ""target_values"": [1.5], ""tolerance"": 0.03, }, { ""claim_id"": ""C46_FID_LIGHTWEIGHT_1_6"", ""section"": ""4.3"", ""category"": ""fidelity"", ""description"": ""Lightweight fidelity reported around 1.6"", ""metric_terms"": [""fid"", ""frechet"", ""fréchet""], ""target_values"": [1.6], ""tolerance"": 0.03, }, { ""claim_id"": ""C46_FID_LIGHTWEIGHT_3_2"",",False
C46_FID_LIGHTWEIGHT_1_6,4.3,fidelity,Lightweight fidelity reported around 1.6,1.6,1.6,1.6,New_Code\01_audit_existing_results.py,01_audit_existing_results.py,"delity reported around 1.5"", ""metric_terms"": [""fid"", ""frechet"", ""fréchet""], ""target_values"": [1.5], ""tolerance"": 0.03, }, { ""claim_id"": ""C46_FID_LIGHTWEIGHT_1_6"", ""section"": ""4.3"", ""category"": ""fidelity"", ""description"": ""Lightweight fidelity reported around 1.6"", ""metric_terms"": [""fid"", ""frechet"", ""fréchet""], ""target_values"": [1.6], ""tolerance"": 0.03, }, { ""claim_id"": ""C46_FID_LIGHTWEIGHT_3_2"",",False
C46_FID_LIGHTWEIGHT_1_6,4.3,fidelity,Lightweight fidelity reported around 1.6,1.6,1.6,1.6,New_Code\01_audit_existing_results.py,01_audit_existing_results.py,"rms"": [""fid"", ""frechet"", ""fréchet""], ""target_values"": [1.5], ""tolerance"": 0.03, }, { ""claim_id"": ""C46_FID_LIGHTWEIGHT_1_6"", ""section"": ""4.3"", ""category"": ""fidelity"", ""description"": ""Lightweight fidelity reported around 1.6"", ""metric_terms"": [""fid"", ""frechet"", ""fréchet""], ""target_values"": [1.6], ""tolerance"": 0.03, }, { ""claim_id"": ""C46_FID_LIGHTWEIGHT_3_2"", ""section"": ""Discussion"", ""catego",False
C46_FID_LIGHTWEIGHT_1_6,4.3,fidelity,Lightweight fidelity reported around 1.6,1.6,1.6,1.6,New_Code\01_audit_existing_results.py,01_audit_existing_results.py,"rms"": [""fid"", ""frechet"", ""fréchet""], ""target_values"": [1.5], ""tolerance"": 0.03, }, { ""claim_id"": ""C46_FID_LIGHTWEIGHT_1_6"", ""section"": ""4.3"", ""category"": ""fidelity"", ""description"": ""Lightweight fidelity reported around 1.6"", ""metric_terms"": [""fid"", ""frechet"", ""fréchet""], ""target_values"": [1.6], ""tolerance"": 0.03, }, { ""claim_id"": ""C46_FID_LIGHTWEIGHT_3_2"", ""section"": ""Discussion"", ""catego",False
C46_FID_LIGHTWEIGHT_1_6,4.3,fidelity,Lightweight fidelity reported around 1.6,1.6,1.6,1.6,New_Code\01_audit_existing_results.py,01_audit_existing_results.py,"es"": [1.5], ""tolerance"": 0.03, }, { ""claim_id"": ""C46_FID_LIGHTWEIGHT_1_6"", ""section"": ""4.3"", ""category"": ""fidelity"", ""description"": ""Lightweight fidelity reported around 1.6"", ""metric_terms"": [""fid"", ""frechet"", ""fréchet""], ""target_values"": [1.6], ""tolerance"": 0.03, }, { ""claim_id"": ""C46_FID_LIGHTWEIGHT_3_2"", ""section"": ""Discussion"", ""category"": ""fidelity"", ""description"": ""Lightweight fide",False
C46_FID_LIGHTWEIGHT_1_6,4.3,fidelity,Lightweight fidelity reported around 1.6,1.6,1.6,1.6,New_Code\01_audit_existing_results.py,01_audit_existing_results.py,"es"": [1.5], ""tolerance"": 0.03, }, { ""claim_id"": ""C46_FID_LIGHTWEIGHT_1_6"", ""section"": ""4.3"", ""category"": ""fidelity"", ""description"": ""Lightweight fidelity reported around 1.6"", ""metric_terms"": [""fid"", ""frechet"", ""fréchet""], ""target_values"": [1.6], ""tolerance"": 0.03, }, { ""claim_id"": ""C46_FID_LIGHTWEIGHT_3_2"", ""section"": ""Discussion"", ""category"": ""fidelity"", ""description"": ""Lightweight fide",False
C46_FID_LIGHTWEIGHT_1_6,4.3,fidelity,Lightweight fidelity reported around 1.6,1.6,1.6,1.6,New_Code\01_audit_existing_results.py,01_audit_existing_results.py,"""category"": ""fidelity"", ""description"": ""Lightweight fidelity reported around 1.6"", ""metric_terms"": [""fid"", ""frechet"", ""fréchet""], ""target_values"": [1.6], ""tolerance"": 0.03, }, { ""claim_id"": ""C46_FID_LIGHTWEIGHT_3_2"", ""section"": ""Discussion"", ""category"": ""fidelity"", ""description"": ""Lightweight fidelity reported as 3.2"", ""metric_terms"": [""fid"", ""frechet"", ""fréchet""], ""target_values"": [3.2], ""toleran",False
C46_FID_LIGHTWEIGHT_1_6,4.3,fidelity,Lightweight fidelity reported around 1.6,1.6,1.6,1.6,New_Code\01_audit_existing_results.py,01_audit_existing_results.py,"""category"": ""fidelity"", ""description"": ""Lightweight fidelity reported around 1.6"", ""metric_terms"": [""fid"", ""frechet"", ""fréchet""], ""target_values"": [1.6], ""tolerance"": 0.03, }, { ""claim_id"": ""C46_FID_LIGHTWEIGHT_3_2"", ""section"": ""Discussion"", ""category"": ""fidelity"", ""description"": ""Lightweight fidelity reported as 3.2"", ""metric_terms"": [""fid"", ""frechet"", ""fréchet""], ""target_values"": [3.2], ""toleran",False
C46_FID_LIGHTWEIGHT_1_6,4.3,fidelity,Lightweight fidelity reported around 1.6,1.6,1.6,1.6,New_Code\01_audit_existing_results.py,01_audit_existing_results.py,"reported around 1.6"", ""metric_terms"": [""fid"", ""frechet"", ""fréchet""], ""target_values"": [1.6], ""tolerance"": 0.03, }, { ""claim_id"": ""C46_FID_LIGHTWEIGHT_3_2"", ""section"": ""Discussion"", ""category"": ""fidelity"", ""description"": ""Lightweight fidelity reported as 3.2"", ""metric_terms"": [""fid"", ""frechet"", ""fréchet""], ""target_values"": [3.2], ""tolerance"": 0.03, }, { ""claim_id"": ""C42_SPD_ZERO"", ""sectio",False
C46_FID_LIGHTWEIGHT_1_6,4.3,fidelity,Lightweight fidelity reported around 1.6,1.6,1.6,1.6,New_Code\01_audit_existing_results.py,01_audit_existing_results.py,"reported around 1.6"", ""metric_terms"": [""fid"", ""frechet"", ""fréchet""], ""target_values"": [1.6], ""tolerance"": 0.03, }, { ""claim_id"": ""C46_FID_LIGHTWEIGHT_3_2"", ""section"": ""Discussion"", ""category"": ""fidelity"", ""description"": ""Lightweight fidelity reported as 3.2"", ""metric_terms"": [""fid"", ""frechet"", ""fréchet""], ""target_values"": [3.2], ""tolerance"": 0.03, }, { ""claim_id"": ""C42_SPD_ZERO"", ""sectio",False
C46_FID_LIGHTWEIGHT_1_6,4.3,fidelity,Lightweight fidelity reported around 1.6,1.6,1.6,1.6,New_Code\01_audit_existing_results.py,01_audit_existing_results.py,"""fid"", ""frechet"", ""fréchet""], ""target_values"": [1.6], ""tolerance"": 0.03, }, { ""claim_id"": ""C46_FID_LIGHTWEIGHT_3_2"", ""section"": ""Discussion"", ""category"": ""fidelity"", ""description"": ""Lightweight fidelity reported as 3.2"", ""metric_terms"": [""fid"", ""frechet"", ""fréchet""], ""target_values"": [3.2], ""tolerance"": 0.03, }, { ""claim_id"": ""C42_SPD_ZERO"", ""section"": ""4.2"", ""category"": ""fairness"",",False
C46_FID_LIGHTWEIGHT_1_6,4.3,fidelity,Lightweight fidelity reported around 1.6,1.6,1.6,1.6,New_Code\01_audit_existing_results.py,01_audit_existing_results.py,": [1.6], ""tolerance"": 0.03, }, { ""claim_id"": ""C46_FID_LIGHTWEIGHT_3_2"", ""section"": ""Discussion"", ""category"": ""fidelity"", ""description"": ""Lightweight fidelity reported as 3.2"", ""metric_terms"": [""fid"", ""frechet"", ""fréchet""], ""target_values"": [3.2], ""tolerance"": 0.03, }, { ""claim_id"": ""C42_SPD_ZERO"", ""section"": ""4.2"", ""category"": ""fairness"", ""description"": ""Fairness-audited model SPD report",False
C46_FID_LIGHTWEIGHT_1_6,4.3,fidelity,Lightweight fidelity reported around 1.6,1.6,1.6,1.6,New_Code\01_audit_existing_results.py,01_audit_existing_results.py,".5], ""tolerance"": 0.03, }, { ""claim_id"": ""C46_FID_LIGHTWEIGHT_1_6"", ""section"": ""4.3"", ""category"": ""fidelity"", ""description"": ""Lightweight fidelity reported around 1.6"", ""metric_terms"": [""fid"", ""frechet"", ""fréchet""], ""target_values"": [1.6], ""tolerance"": 0.03, }, { ""claim_id"": ""C46_FID_LIGHTWEIGHT_3_2"", ""section"": ""Discussion"", ""category"": ""fidelity"", ""description"": ""Lightweight fidelity report",False
C46_FID_LIGHTWEIGHT_1_6,4.3,fidelity,Lightweight fidelity reported around 1.6,1.6,1.6,1.6,New_Code\01_audit_existing_results.py,01_audit_existing_results.py,".5], ""tolerance"": 0.03, }, { ""claim_id"": ""C46_FID_LIGHTWEIGHT_1_6"", ""section"": ""4.3"", ""category"": ""fidelity"", ""description"": ""Lightweight fidelity reported around 1.6"", ""metric_terms"": [""fid"", ""frechet"", ""fréchet""], ""target_values"": [1.6], ""tolerance"": 0.03, }, { ""claim_id"": ""C46_FID_LIGHTWEIGHT_3_2"", ""section"": ""Discussion"", ""category"": ""fidelity"", ""description"": ""Lightweight fidelity report",False
C46_FID_LIGHTWEIGHT_1_6,4.3,fidelity,Lightweight fidelity reported around 1.6,1.6,1.6,1.6,New_Code\01_audit_existing_results.py,01_audit_existing_results.py,"=== CLAIMS = [ { ""claim_id"": ""C40_FID_HGF_1_5"", ""section"": ""4.1 / 4.3 / Discussion"", ""category"": ""fidelity"", ""description"": ""HGF/baseline fidelity reported around 1.5"", ""metric_terms"": [""fid"", ""frechet"", ""fréchet""], ""target_values"": [1.5], ""tolerance"": 0.03, }, { ""claim_id"": ""C46_FID_LIGHTWEIGHT_1_6"", ""section"": ""4.3"", ""category"": ""fidelity"", ""description"": ""Lightweight fidelity reported around 1.6"",",False
C46_FID_LIGHTWEIGHT_1_6,4.3,fidelity,Lightweight fidelity reported around 1.6,1.6,1.6,1.6,New_Code\01_audit_existing_results.py,01_audit_existing_results.py,"""tolerance"": 0.03, }, { ""claim_id"": ""C46_FID_LIGHTWEIGHT_1_6"", ""section"": ""4.3"", ""category"": ""fidelity"", ""description"": ""Lightweight fidelity reported around 1.6"", ""metric_terms"": [""fid"", ""frechet"", ""fréchet""], ""target_values"": [1.6], ""tolerance"": 0.03, }, { ""claim_id"": ""C46_FID_LIGHTWEIGHT_3_2"", ""section"": ""Discussion"", ""category"": ""fidelity"", ""description"": ""Lightweight fidelity reported as 3.2"",",False
C46_FID_LIGHTWEIGHT_1_6,4.3,fidelity,Lightweight fidelity reported around 1.6,1.6,1.6,1.6,New_Code\01_audit_existing_results.py,01_audit_existing_results.py,"""tolerance"": 0.03, }, { ""claim_id"": ""C46_FID_LIGHTWEIGHT_1_6"", ""section"": ""4.3"", ""category"": ""fidelity"", ""description"": ""Lightweight fidelity reported around 1.6"", ""metric_terms"": [""fid"", ""frechet"", ""fréchet""], ""target_values"": [1.6], ""tolerance"": 0.03, }, { ""claim_id"": ""C46_FID_LIGHTWEIGHT_3_2"", ""section"": ""Discussion"", ""category"": ""fidelity"", ""description"": ""Lightweight fidelity reported as 3.2"",",False
C46_FID_LIGHTWEIGHT_3_2,Discussion,fidelity,Lightweight fidelity reported as 3.2,3.2,3.2,3.2,New_Code\01_audit_existing_results.py,01_audit_existing_results.py,"""category"": ""fidelity"", ""description"": ""Lightweight fidelity reported around 1.6"", ""metric_terms"": [""fid"", ""frechet"", ""fréchet""], ""target_values"": [1.6], ""tolerance"": 0.03, }, { ""claim_id"": ""C46_FID_LIGHTWEIGHT_3_2"", ""section"": ""Discussion"", ""category"": ""fidelity"", ""description"": ""Lightweight fidelity reported as 3.2"", ""metric_terms"": [""fid"", ""frechet"", ""fréchet""], ""target_values"": [3.2], ""toleran",False
C46_FID_LIGHTWEIGHT_3_2,Discussion,fidelity,Lightweight fidelity reported as 3.2,3.2,3.2,3.2,New_Code\01_audit_existing_results.py,01_audit_existing_results.py,"""category"": ""fidelity"", ""description"": ""Lightweight fidelity reported around 1.6"", ""metric_terms"": [""fid"", ""frechet"", ""fréchet""], ""target_values"": [1.6], ""tolerance"": 0.03, }, { ""claim_id"": ""C46_FID_LIGHTWEIGHT_3_2"", ""section"": ""Discussion"", ""category"": ""fidelity"", ""description"": ""Lightweight fidelity reported as 3.2"", ""metric_terms"": [""fid"", ""frechet"", ""fréchet""], ""target_values"": [3.2], ""toleran",False
C46_FID_LIGHTWEIGHT_3_2,Discussion,fidelity,Lightweight fidelity reported as 3.2,3.2,3.2,3.2,New_Code\01_audit_existing_results.py,01_audit_existing_results.py,"reported around 1.6"", ""metric_terms"": [""fid"", ""frechet"", ""fréchet""], ""target_values"": [1.6], ""tolerance"": 0.03, }, { ""claim_id"": ""C46_FID_LIGHTWEIGHT_3_2"", ""section"": ""Discussion"", ""category"": ""fidelity"", ""description"": ""Lightweight fidelity reported as 3.2"", ""metric_terms"": [""fid"", ""frechet"", ""fréchet""], ""target_values"": [3.2], ""tolerance"": 0.03, }, { ""claim_id"": ""C42_SPD_ZERO"", ""sectio",False
C46_FID_LIGHTWEIGHT_3_2,Discussion,fidelity,Lightweight fidelity reported as 3.2,3.2,3.2,3.2,New_Code\01_audit_existing_results.py,01_audit_existing_results.py,"reported around 1.6"", ""metric_terms"": [""fid"", ""frechet"", ""fréchet""], ""target_values"": [1.6], ""tolerance"": 0.03, }, { ""claim_id"": ""C46_FID_LIGHTWEIGHT_3_2"", ""section"": ""Discussion"", ""category"": ""fidelity"", ""description"": ""Lightweight fidelity reported as 3.2"", ""metric_terms"": [""fid"", ""frechet"", ""fréchet""], ""target_values"": [3.2], ""tolerance"": 0.03, }, { ""claim_id"": ""C42_SPD_ZERO"", ""sectio",False
C46_FID_LIGHTWEIGHT_3_2,Discussion,fidelity,Lightweight fidelity reported as 3.2,3.2,3.2,3.2,New_Code\01_audit_existing_results.py,01_audit_existing_results.py,"""fid"", ""frechet"", ""fréchet""], ""target_values"": [1.6], ""tolerance"": 0.03, }, { ""claim_id"": ""C46_FID_LIGHTWEIGHT_3_2"", ""section"": ""Discussion"", ""category"": ""fidelity"", ""description"": ""Lightweight fidelity reported as 3.2"", ""metric_terms"": [""fid"", ""frechet"", ""fréchet""], ""target_values"": [3.2], ""tolerance"": 0.03, }, { ""claim_id"": ""C42_SPD_ZERO"", ""section"": ""4.2"", ""category"": ""fairness"",",False
C46_FID_LIGHTWEIGHT_3_2,Discussion,fidelity,Lightweight fidelity reported as 3.2,3.2,3.2,3.2,New_Code\01_audit_existing_results.py,01_audit_existing_results.py,"""fid"", ""frechet"", ""fréchet""], ""target_values"": [1.6], ""tolerance"": 0.03, }, { ""claim_id"": ""C46_FID_LIGHTWEIGHT_3_2"", ""section"": ""Discussion"", ""category"": ""fidelity"", ""description"": ""Lightweight fidelity reported as 3.2"", ""metric_terms"": [""fid"", ""frechet"", ""fréchet""], ""target_values"": [3.2], ""tolerance"": 0.03, }, { ""claim_id"": ""C42_SPD_ZERO"", ""section"": ""4.2"", ""category"": ""fairness"",",False
C46_FID_LIGHTWEIGHT_3_2,Discussion,fidelity,Lightweight fidelity reported as 3.2,3.2,3.2,3.2,New_Code\01_audit_existing_results.py,01_audit_existing_results.py,": [1.6], ""tolerance"": 0.03, }, { ""claim_id"": ""C46_FID_LIGHTWEIGHT_3_2"", ""section"": ""Discussion"", ""category"": ""fidelity"", ""description"": ""Lightweight fidelity reported as 3.2"", ""metric_terms"": [""fid"", ""frechet"", ""fréchet""], ""target_values"": [3.2], ""tolerance"": 0.03, }, { ""claim_id"": ""C42_SPD_ZERO"", ""section"": ""4.2"", ""category"": ""fairness"", ""description"": ""Fairness-audited model SPD report",False
C46_FID_LIGHTWEIGHT_3_2,Discussion,fidelity,Lightweight fidelity reported as 3.2,3.2,3.2,3.2,New_Code\01_audit_existing_results.py,01_audit_existing_results.py,": [1.6], ""tolerance"": 0.03, }, { ""claim_id"": ""C46_FID_LIGHTWEIGHT_3_2"", ""section"": ""Discussion"", ""category"": ""fidelity"", ""description"": ""Lightweight fidelity reported as 3.2"", ""metric_terms"": [""fid"", ""frechet"", ""fréchet""], ""target_values"": [3.2], ""tolerance"": 0.03, }, { ""claim_id"": ""C42_SPD_ZERO"", ""section"": ""4.2"", ""category"": ""fairness"", ""description"": ""Fairness-audited model SPD report",False
C46_FID_LIGHTWEIGHT_3_2,Discussion,fidelity,Lightweight fidelity reported as 3.2,3.2,3.2,3.2,New_Code\01_audit_existing_results.py,01_audit_existing_results.py,", ""tolerance"": 0.03, }, { ""claim_id"": ""C46_FID_LIGHTWEIGHT_3_2"", ""section"": ""Discussion"", ""category"": ""fidelity"", ""description"": ""Lightweight fidelity reported as 3.2"", ""metric_terms"": [""fid"", ""frechet"", ""fréchet""], ""target_values"": [3.2], ""tolerance"": 0.03, }, { ""claim_id"": ""C42_SPD_ZERO"", ""section"": ""4.2"", ""category"": ""fairness"", ""description"": ""Fairness-audited model SPD reported as 0.0"",",False
C46_FID_LIGHTWEIGHT_3_2,Discussion,fidelity,Lightweight fidelity reported as 3.2,3.2,3.2,3.2,New_Code\01_audit_existing_results.py,01_audit_existing_results.py,", ""tolerance"": 0.03, }, { ""claim_id"": ""C46_FID_LIGHTWEIGHT_3_2"", ""section"": ""Discussion"", ""category"": ""fidelity"", ""description"": ""Lightweight fidelity reported as 3.2"", ""metric_terms"": [""fid"", ""frechet"", ""fréchet""], ""target_values"": [3.2], ""tolerance"": 0.03, }, { ""claim_id"": ""C42_SPD_ZERO"", ""section"": ""4.2"", ""category"": ""fairness"", ""description"": ""Fairness-audited model SPD reported as 0.0"",",False
C46_FID_LIGHTWEIGHT_3_2,Discussion,fidelity,Lightweight fidelity reported as 3.2,3.2,3.2,3.2,New_Code\01_audit_existing_results.py,01_audit_existing_results.py,"""tolerance"": 0.03, }, { ""claim_id"": ""C46_FID_LIGHTWEIGHT_1_6"", ""section"": ""4.3"", ""category"": ""fidelity"", ""description"": ""Lightweight fidelity reported around 1.6"", ""metric_terms"": [""fid"", ""frechet"", ""fréchet""], ""target_values"": [1.6], ""tolerance"": 0.03, }, { ""claim_id"": ""C46_FID_LIGHTWEIGHT_3_2"", ""section"": ""Discussion"", ""category"": ""fidelity"", ""description"": ""Lightweight fidelity reported as 3.2"",",False
C46_FID_LIGHTWEIGHT_3_2,Discussion,fidelity,Lightweight fidelity reported as 3.2,3.2,3.2,3.2,New_Code\01_audit_existing_results.py,01_audit_existing_results.py,"tolerance"": 0.03, }, { ""claim_id"": ""C46_FID_LIGHTWEIGHT_3_2"", ""section"": ""Discussion"", ""category"": ""fidelity"", ""description"": ""Lightweight fidelity reported as 3.2"", ""metric_terms"": [""fid"", ""frechet"", ""fréchet""], ""target_values"": [3.2], ""tolerance"": 0.03, }, { ""claim_id"": ""C42_SPD_ZERO"", ""section"": ""4.2"", ""category"": ""fairness"", ""description"": ""Fairness-audited model SPD reported as 0.0"", ""m",False
C46_FID_LIGHTWEIGHT_3_2,Discussion,fidelity,Lightweight fidelity reported as 3.2,3.2,3.2,3.2,New_Code\01_audit_existing_results.py,01_audit_existing_results.py,"tolerance"": 0.03, }, { ""claim_id"": ""C46_FID_LIGHTWEIGHT_3_2"", ""section"": ""Discussion"", ""category"": ""fidelity"", ""description"": ""Lightweight fidelity reported as 3.2"", ""metric_terms"": [""fid"", ""frechet"", ""fréchet""], ""target_values"": [3.2], ""tolerance"": 0.03, }, { ""claim_id"": ""C42_SPD_ZERO"", ""section"": ""4.2"", ""category"": ""fairness"", ""description"": ""Fairness-audited model SPD reported as 0.0"", ""m",False
C42_SPD_ZERO,4.2,fairness,Fairness-audited model SPD reported as 0.0,0.0,0.0,0.0,New_Code\01_audit_existing_results.py,01_audit_existing_results.py,", ""category"": ""fidelity"", ""description"": ""Lightweight fidelity reported as 3.2"", ""metric_terms"": [""fid"", ""frechet"", ""fréchet""], ""target_values"": [3.2], ""tolerance"": 0.03, }, { ""claim_id"": ""C42_SPD_ZERO"", ""section"": ""4.2"", ""category"": ""fairness"", ""description"": ""Fairness-audited model SPD reported as 0.0"", ""metric_terms"": [ ""spd"", ""statistical parity"", ""statistical_parity"",",False
C42_SPD_ZERO,4.2,fairness,Fairness-audited model SPD reported as 0.0,0.0,0.0,0.0,New_Code\01_audit_existing_results.py,01_audit_existing_results.py,"ms"": [""fid"", ""frechet"", ""fréchet""], ""target_values"": [3.2], ""tolerance"": 0.03, }, { ""claim_id"": ""C42_SPD_ZERO"", ""section"": ""4.2"", ""category"": ""fairness"", ""description"": ""Fairness-audited model SPD reported as 0.0"", ""metric_terms"": [ ""spd"", ""statistical parity"", ""statistical_parity"", ""demographic parity"", ], ""target_values"": [0.0], ""tolerance"": 1e-6, }, {",False
C42_SPD_ZERO,4.2,fairness,Fairness-audited model SPD reported as 0.0,0.0,0.0,0.0,New_Code\01_audit_existing_results.py,01_audit_existing_results.py,"ms"": [""fid"", ""frechet"", ""fréchet""], ""target_values"": [3.2], ""tolerance"": 0.03, }, { ""claim_id"": ""C42_SPD_ZERO"", ""section"": ""4.2"", ""category"": ""fairness"", ""description"": ""Fairness-audited model SPD reported as 0.0"", ""metric_terms"": [ ""spd"", ""statistical parity"", ""statistical_parity"", ""demographic parity"", ], ""target_values"": [0.0], ""tolerance"": 1e-6, }, {",False
C42_SPD_ZERO,4.2,fairness,Fairness-audited model SPD reported as 0.0,0.0,1e-06,1e-6,New_Code\01_audit_existing_results.py,01_audit_existing_results.py,"ms"": [""fid"", ""frechet"", ""fréchet""], ""target_values"": [3.2], ""tolerance"": 0.03, }, { ""claim_id"": ""C42_SPD_ZERO"", ""section"": ""4.2"", ""category"": ""fairness"", ""description"": ""Fairness-audited model SPD reported as 0.0"", ""metric_terms"": [ ""spd"", ""statistical parity"", ""statistical_parity"", ""demographic parity"", ], ""target_values"": [0.0], ""tolerance"": 1e-6, }, {",False
C42_SPD_ZERO,4.2,fairness,Fairness-audited model SPD reported as 0.0,0.0,0.0,0.0,New_Code\01_audit_existing_results.py,01_audit_existing_results.py,"[3.2], ""tolerance"": 0.03, }, { ""claim_id"": ""C42_SPD_ZERO"", ""section"": ""4.2"", ""category"": ""fairness"", ""description"": ""Fairness-audited model SPD reported as 0.0"", ""metric_terms"": [ ""spd"", ""statistical parity"", ""statistical_parity"", ""demographic parity"", ], ""target_values"": [0.0], ""tolerance"": 1e-6, }, { ""claim_id"": ""C42_SPD_BASELINE_00514"", ""section",False
C42_SPD_ZERO,4.2,fairness,Fairness-audited model SPD reported as 0.0,0.0,0.0,0.0,New_Code\01_audit_existing_results.py,01_audit_existing_results.py,"[3.2], ""tolerance"": 0.03, }, { ""claim_id"": ""C42_SPD_ZERO"", ""section"": ""4.2"", ""category"": ""fairness"", ""description"": ""Fairness-audited model SPD reported as 0.0"", ""metric_terms"": [ ""spd"", ""statistical parity"", ""statistical_parity"", ""demographic parity"", ], ""target_values"": [0.0], ""tolerance"": 1e-6, }, { ""claim_id"": ""C42_SPD_BASELINE_00514"", ""section",False
C42_SPD_ZERO,4.2,fairness,Fairness-audited model SPD reported as 0.0,0.0,1e-06,1e-6,New_Code\01_audit_existing_results.py,01_audit_existing_results.py,"[3.2], ""tolerance"": 0.03, }, { ""claim_id"": ""C42_SPD_ZERO"", ""section"": ""4.2"", ""category"": ""fairness"", ""description"": ""Fairness-audited model SPD reported as 0.0"", ""metric_terms"": [ ""spd"", ""statistical parity"", ""statistical_parity"", ""demographic parity"", ], ""target_values"": [0.0], ""tolerance"": 1e-6, }, { ""claim_id"": ""C42_SPD_BASELINE_00514"", ""section",False
C42_SPD_ZERO,4.2,fairness,Fairness-audited model SPD reported as 0.0,0.0,0.0,0.0,New_Code\01_audit_existing_results.py,01_audit_existing_results.py,"""metric_terms"": [ ""spd"", ""statistical parity"", ""statistical_parity"", ""demographic parity"", ], ""target_values"": [0.0], ""tolerance"": 1e-6, }, { ""claim_id"": ""C42_SPD_BASELINE_00514"", ""section"": ""4.2"", ""category"": ""fairness"", ""description"": ""Baseline SPD reported as 0.0514"", ""metric_terms"": [""spd"", ""statistical parity"", ""statistical_parity""], ""target_values"": [0.0514],",False
C42_SPD_ZERO,4.2,fairness,Fairness-audited model SPD reported as 0.0,0.0,1e-06,1e-6,New_Code\01_audit_existing_results.py,01_audit_existing_results.py,"""metric_terms"": [ ""spd"", ""statistical parity"", ""statistical_parity"", ""demographic parity"", ], ""target_values"": [0.0], ""tolerance"": 1e-6, }, { ""claim_id"": ""C42_SPD_BASELINE_00514"", ""section"": ""4.2"", ""category"": ""fairness"", ""description"": ""Baseline SPD reported as 0.0514"", ""metric_terms"": [""spd"", ""statistical parity"", ""statistical_parity""], ""target_values"": [0.0514],",False
C42_SPD_ZERO,4.2,fairness,Fairness-audited model SPD reported as 0.0,0.0,0.0,0.0,New_Code\01_audit_existing_results.py,01_audit_existing_results.py,"""demographic parity"", ], ""target_values"": [0.0], ""tolerance"": 1e-6, }, { ""claim_id"": ""C42_SPD_BASELINE_00514"", ""section"": ""4.2"", ""category"": ""fairness"", ""description"": ""Baseline SPD reported as 0.0514"", ""metric_terms"": [""spd"", ""statistical parity"", ""statistical_parity""], ""target_values"": [0.0514], ""tolerance"": 0.0002, }, { ""claim_id"": ""C42_EOD_ONE"", ""section"": ""4.2"", ""cate",False
C42_SPD_ZERO,4.2,fairness,Fairness-audited model SPD reported as 0.0,0.0,1e-06,1e-6,New_Code\01_audit_existing_results.py,01_audit_existing_results.py,"""demographic parity"", ], ""target_values"": [0.0], ""tolerance"": 1e-6, }, { ""claim_id"": ""C42_SPD_BASELINE_00514"", ""section"": ""4.2"", ""category"": ""fairness"", ""description"": ""Baseline SPD reported as 0.0514"", ""metric_terms"": [""spd"", ""statistical parity"", ""statistical_parity""], ""target_values"": [0.0514], ""tolerance"": 0.0002, }, { ""claim_id"": ""C42_EOD_ONE"", ""section"": ""4.2"", ""cate",False
C42_SPD_ZERO,4.2,fairness,Fairness-audited model SPD reported as 0.0,0.0,0.0,0.0,New_Code\01_audit_existing_results.py,01_audit_existing_results.py,"arget_values"": [0.0], ""tolerance"": 1e-6, }, { ""claim_id"": ""C42_SPD_BASELINE_00514"", ""section"": ""4.2"", ""category"": ""fairness"", ""description"": ""Baseline SPD reported as 0.0514"", ""metric_terms"": [""spd"", ""statistical parity"", ""statistical_parity""], ""target_values"": [0.0514], ""tolerance"": 0.0002, }, { ""claim_id"": ""C42_EOD_ONE"", ""section"": ""4.2"", ""category"": ""fairness"", ""description"": ""Fairness",False
C42_SPD_ZERO,4.2,fairness,Fairness-audited model SPD reported as 0.0,0.0,1e-06,1e-6,New_Code\01_audit_existing_results.py,01_audit_existing_results.py,"arget_values"": [0.0], ""tolerance"": 1e-6, }, { ""claim_id"": ""C42_SPD_BASELINE_00514"", ""section"": ""4.2"", ""category"": ""fairness"", ""description"": ""Baseline SPD reported as 0.0514"", ""metric_terms"": [""spd"", ""statistical parity"", ""statistical_parity""], ""target_values"": [0.0514], ""tolerance"": 0.0002, }, { ""claim_id"": ""C42_EOD_ONE"", ""section"": ""4.2"", ""category"": ""fairness"", ""description"": ""Fairness",False
C42_SPD_ZERO,4.2,fairness,Fairness-audited model SPD reported as 0.0,0.0,0.0,0.0,New_Code\01_audit_existing_results.py,01_audit_existing_results.py,"erance"": 0.03, }, { ""claim_id"": ""C42_SPD_ZERO"", ""section"": ""4.2"", ""category"": ""fairness"", ""description"": ""Fairness-audited model SPD reported as 0.0"", ""metric_terms"": [ ""spd"", ""statistical parity"", ""statistical_parity"", ""demographic parity"", ], ""target_values"": [0.0], ""tolerance"": 1e-6, }, { ""claim_id"": ""C42_SPD_BASELINE_00514"", ""section"": ""4.2"", ""category"": ""fai",False
C42_SPD_ZERO,4.2,fairness,Fairness-audited model SPD reported as 0.0,0.0,0.0,0.0,New_Code\01_audit_existing_results.py,01_audit_existing_results.py,"erance"": 0.03, }, { ""claim_id"": ""C42_SPD_ZERO"", ""section"": ""4.2"", ""category"": ""fairness"", ""description"": ""Fairness-audited model SPD reported as 0.0"", ""metric_terms"": [ ""spd"", ""statistical parity"", ""statistical_parity"", ""demographic parity"", ], ""target_values"": [0.0], ""tolerance"": 1e-6, }, { ""claim_id"": ""C42_SPD_BASELINE_00514"", ""section"": ""4.2"", ""category"": ""fai",False
C42_SPD_ZERO,4.2,fairness,Fairness-audited model SPD reported as 0.0,0.0,1e-06,1e-6,New_Code\01_audit_existing_results.py,01_audit_existing_results.py,"erance"": 0.03, }, { ""claim_id"": ""C42_SPD_ZERO"", ""section"": ""4.2"", ""category"": ""fairness"", ""description"": ""Fairness-audited model SPD reported as 0.0"", ""metric_terms"": [ ""spd"", ""statistical parity"", ""statistical_parity"", ""demographic parity"", ], ""target_values"": [0.0], ""tolerance"": 1e-6, }, { ""claim_id"": ""C42_SPD_BASELINE_00514"", ""section"": ""4.2"", ""category"": ""fai",False
C42_SPD_ZERO,4.2,fairness,Fairness-audited model SPD reported as 0.0,0.0,0.0,0.0,New_Code\01_audit_existing_results.py,01_audit_existing_results.py,"alues"": [0.0], ""tolerance"": 1e-6, }, { ""claim_id"": ""C42_SPD_BASELINE_00514"", ""section"": ""4.2"", ""category"": ""fairness"", ""description"": ""Baseline SPD reported as 0.0514"", ""metric_terms"": [""spd"", ""statistical parity"", ""statistical_parity""], ""target_values"": [0.0514], ""tolerance"": 0.0002, }, { ""claim_id"": ""C42_EOD_ONE"", ""section"": ""4.2"", ""category"": ""fairness"", ""description"": ""Fairness-audited EOD reported",False
C42_SPD_ZERO,4.2,fairness,Fairness-audited model SPD reported as 0.0,0.0,1e-06,1e-6,New_Code\01_audit_existing_results.py,01_audit_existing_results.py,"alues"": [0.0], ""tolerance"": 1e-6, }, { ""claim_id"": ""C42_SPD_BASELINE_00514"", ""section"": ""4.2"", ""category"": ""fairness"", ""description"": ""Baseline SPD reported as 0.0514"", ""metric_terms"": [""spd"", ""statistical parity"", ""statistical_parity""], ""target_values"": [0.0514], ""tolerance"": 0.0002, }, { ""claim_id"": ""C42_EOD_ONE"", ""section"": ""4.2"", ""category"": ""fairness"", ""description"": ""Fairness-audited EOD reported",False
C42_SPD_ZERO,4.2,fairness,Fairness-audited model SPD reported as 0.0,0.0,0.0,0.0,New_Code\01_audit_existing_results.py,01_audit_existing_results.py,"""claim_id"": ""C42_SPD_ZERO"", ""section"": ""4.2"", ""category"": ""fairness"", ""description"": ""Fairness-audited model SPD reported as 0.0"", ""metric_terms"": [ ""spd"", ""statistical parity"", ""statistical_parity"", ""demographic parity"", ], ""target_values"": [0.0], ""tolerance"": 1e-6, }, { ""claim_id"": ""C42_SPD_BASELINE_00514"", ""section"": ""4.2"", ""category"": ""fairness"", ""description"": ""Ba",False
C42_SPD_ZERO,4.2,fairness,Fairness-audited model SPD reported as 0.0,0.0,0.0,0.0,New_Code\01_audit_existing_results.py,01_audit_existing_results.py,"""claim_id"": ""C42_SPD_ZERO"", ""section"": ""4.2"", ""category"": ""fairness"", ""description"": ""Fairness-audited model SPD reported as 0.0"", ""metric_terms"": [ ""spd"", ""statistical parity"", ""statistical_parity"", ""demographic parity"", ], ""target_values"": [0.0], ""tolerance"": 1e-6, }, { ""claim_id"": ""C42_SPD_BASELINE_00514"", ""section"": ""4.2"", ""category"": ""fairness"", ""description"": ""Ba",False
C42_SPD_ZERO,4.2,fairness,Fairness-audited model SPD reported as 0.0,0.0,1e-06,1e-6,New_Code\01_audit_existing_results.py,01_audit_existing_results.py,"""claim_id"": ""C42_SPD_ZERO"", ""section"": ""4.2"", ""category"": ""fairness"", ""description"": ""Fairness-audited model SPD reported as 0.0"", ""metric_terms"": [ ""spd"", ""statistical parity"", ""statistical_parity"", ""demographic parity"", ], ""target_values"": [0.0], ""tolerance"": 1e-6, }, { ""claim_id"": ""C42_SPD_BASELINE_00514"", ""section"": ""4.2"", ""category"": ""fairness"", ""description"": ""Ba",False
C42_SPD_ZERO,4.2,fairness,Fairness-audited model SPD reported as 0.0,0.0,1e-06,1e-6,New_Code\01_audit_existing_results.py,01_audit_existing_results.py,"""tolerance"": 1e-6, }, { ""claim_id"": ""C42_SPD_BASELINE_00514"", ""section"": ""4.2"", ""category"": ""fairness"", ""description"": ""Baseline SPD reported as 0.0514"", ""metric_terms"": [""spd"", ""statistical parity"", ""statistical_parity""], ""target_values"": [0.0514], ""tolerance"": 0.0002, }, { ""claim_id"": ""C42_EOD_ONE"", ""section"": ""4.2"", ""category"": ""fairness"", ""description"": ""Fairness-audited EOD reported as 1.0"", ""metr",False
C42_SPD_ZERO,4.2,fairness,Fairness-audited model SPD reported as 0.0,0.0,0.0,0.0,New_Code\01_audit_existing_results.py,01_audit_existing_results.py,"""section"": ""4.2"", ""category"": ""fairness"", ""description"": ""Fairness-audited model SPD reported as 0.0"", ""metric_terms"": [ ""spd"", ""statistical parity"", ""statistical_parity"", ""demographic parity"", ], ""target_values"": [0.0], ""tolerance"": 1e-6, }, { ""claim_id"": ""C42_SPD_BASELINE_00514"", ""section"": ""4.2"", ""category"": ""fairness"", ""description"": ""Baseline SPD reported as 0.0514"",",False
C42_SPD_ZERO,4.2,fairness,Fairness-audited model SPD reported as 0.0,0.0,0.0,0.0,New_Code\01_audit_existing_results.py,01_audit_existing_results.py,"""section"": ""4.2"", ""category"": ""fairness"", ""description"": ""Fairness-audited model SPD reported as 0.0"", ""metric_terms"": [ ""spd"", ""statistical parity"", ""statistical_parity"", ""demographic parity"", ], ""target_values"": [0.0], ""tolerance"": 1e-6, }, { ""claim_id"": ""C42_SPD_BASELINE_00514"", ""section"": ""4.2"", ""category"": ""fairness"", ""description"": ""Baseline SPD reported as 0.0514"",",False
C42_SPD_ZERO,4.2,fairness,Fairness-audited model SPD reported as 0.0,0.0,1e-06,1e-6,New_Code\01_audit_existing_results.py,01_audit_existing_results.py,"""section"": ""4.2"", ""category"": ""fairness"", ""description"": ""Fairness-audited model SPD reported as 0.0"", ""metric_terms"": [ ""spd"", ""statistical parity"", ""statistical_parity"", ""demographic parity"", ], ""target_values"": [0.0], ""tolerance"": 1e-6, }, { ""claim_id"": ""C42_SPD_BASELINE_00514"", ""section"": ""4.2"", ""category"": ""fairness"", ""description"": ""Baseline SPD reported as 0.0514"",",False
C42_SPD_BASELINE_00514,4.2,fairness,Baseline SPD reported as 0.0514,0.0514,0.0514,0.0514,New_Code\01_audit_existing_results.py,01_audit_existing_results.py,"""metric_terms"": [ ""spd"", ""statistical parity"", ""statistical_parity"", ""demographic parity"", ], ""target_values"": [0.0], ""tolerance"": 1e-6, }, { ""claim_id"": ""C42_SPD_BASELINE_00514"", ""section"": ""4.2"", ""category"": ""fairness"", ""description"": ""Baseline SPD reported as 0.0514"", ""metric_terms"": [""spd"", ""statistical parity"", ""statistical_parity""], ""target_values"": [0.0514],",False
C42_SPD_BASELINE_00514,4.2,fairness,Baseline SPD reported as 0.0514,0.0514,0.0514,0.0514,New_Code\01_audit_existing_results.py,01_audit_existing_results.py,"""metric_terms"": [ ""spd"", ""statistical parity"", ""statistical_parity"", ""demographic parity"", ], ""target_values"": [0.0], ""tolerance"": 1e-6, }, { ""claim_id"": ""C42_SPD_BASELINE_00514"", ""section"": ""4.2"", ""category"": ""fairness"", ""description"": ""Baseline SPD reported as 0.0514"", ""metric_terms"": [""spd"", ""statistical parity"", ""statistical_parity""], ""target_values"": [0.0514],",False
C42_SPD_BASELINE_00514,4.2,fairness,Baseline SPD reported as 0.0514,0.0514,0.0514,0.0514,New_Code\01_audit_existing_results.py,01_audit_existing_results.py,"""demographic parity"", ], ""target_values"": [0.0], ""tolerance"": 1e-6, }, { ""claim_id"": ""C42_SPD_BASELINE_00514"", ""section"": ""4.2"", ""category"": ""fairness"", ""description"": ""Baseline SPD reported as 0.0514"", ""metric_terms"": [""spd"", ""statistical parity"", ""statistical_parity""], ""target_values"": [0.0514], ""tolerance"": 0.0002, }, { ""claim_id"": ""C42_EOD_ONE"", ""section"": ""4.2"", ""cate",False
C42_SPD_BASELINE_00514,4.2,fairness,Baseline SPD reported as 0.0514,0.0514,0.0514,0.0514,New_Code\01_audit_existing_results.py,01_audit_existing_results.py,"""demographic parity"", ], ""target_values"": [0.0], ""tolerance"": 1e-6, }, { ""claim_id"": ""C42_SPD_BASELINE_00514"", ""section"": ""4.2"", ""category"": ""fairness"", ""description"": ""Baseline SPD reported as 0.0514"", ""metric_terms"": [""spd"", ""statistical parity"", ""statistical_parity""], ""target_values"": [0.0514], ""tolerance"": 0.0002, }, { ""claim_id"": ""C42_EOD_ONE"", ""section"": ""4.2"", ""cate",False
C42_SPD_BASELINE_00514,4.2,fairness,Baseline SPD reported as 0.0514,0.0514,0.0514,0.0514,New_Code\01_audit_existing_results.py,01_audit_existing_results.py,"arget_values"": [0.0], ""tolerance"": 1e-6, }, { ""claim_id"": ""C42_SPD_BASELINE_00514"", ""section"": ""4.2"", ""category"": ""fairness"", ""description"": ""Baseline SPD reported as 0.0514"", ""metric_terms"": [""spd"", ""statistical parity"", ""statistical_parity""], ""target_values"": [0.0514], ""tolerance"": 0.0002, }, { ""claim_id"": ""C42_EOD_ONE"", ""section"": ""4.2"", ""category"": ""fairness"", ""description"": ""Fairness",False
C42_SPD_BASELINE_00514,4.2,fairness,Baseline SPD reported as 0.0514,0.0514,0.0514,0.0514,New_Code\01_audit_existing_results.py,01_audit_existing_results.py,"arget_values"": [0.0], ""tolerance"": 1e-6, }, { ""claim_id"": ""C42_SPD_BASELINE_00514"", ""section"": ""4.2"", ""category"": ""fairness"", ""description"": ""Baseline SPD reported as 0.0514"", ""metric_terms"": [""spd"", ""statistical parity"", ""statistical_parity""], ""target_values"": [0.0514], ""tolerance"": 0.0002, }, { ""claim_id"": ""C42_EOD_ONE"", ""section"": ""4.2"", ""category"": ""fairness"", ""description"": ""Fairness",False
C42_SPD_BASELINE_00514,4.2,fairness,Baseline SPD reported as 0.0514,0.0514,0.0514,0.0514,New_Code\01_audit_existing_results.py,01_audit_existing_results.py,"alues"": [0.0], ""tolerance"": 1e-6, }, { ""claim_id"": ""C42_SPD_BASELINE_00514"", ""section"": ""4.2"", ""category"": ""fairness"", ""description"": ""Baseline SPD reported as 0.0514"", ""metric_terms"": [""spd"", ""statistical parity"", ""statistical_parity""], ""target_values"": [0.0514], ""tolerance"": 0.0002, }, { ""claim_id"": ""C42_EOD_ONE"", ""section"": ""4.2"", ""category"": ""fairness"", ""description"": ""Fairness-audited EOD reported",False
C42_SPD_BASELINE_00514,4.2,fairness,Baseline SPD reported as 0.0514,0.0514,0.0514,0.0514,New_Code\01_audit_existing_results.py,01_audit_existing_results.py,"alues"": [0.0], ""tolerance"": 1e-6, }, { ""claim_id"": ""C42_SPD_BASELINE_00514"", ""section"": ""4.2"", ""category"": ""fairness"", ""description"": ""Baseline SPD reported as 0.0514"", ""metric_terms"": [""spd"", ""statistical parity"", ""statistical_parity""], ""target_values"": [0.0514], ""tolerance"": 0.0002, }, { ""claim_id"": ""C42_EOD_ONE"", ""section"": ""4.2"", ""category"": ""fairness"", ""description"": ""Fairness-audited EOD reported",False
C42_SPD_BASELINE_00514,4.2,fairness,Baseline SPD reported as 0.0514,0.0514,0.0514,0.0514,New_Code\01_audit_existing_results.py,01_audit_existing_results.py,"""tolerance"": 1e-6, }, { ""claim_id"": ""C42_SPD_BASELINE_00514"", ""section"": ""4.2"", ""category"": ""fairness"", ""description"": ""Baseline SPD reported as 0.0514"", ""metric_terms"": [""spd"", ""statistical parity"", ""statistical_parity""], ""target_values"": [0.0514], ""tolerance"": 0.0002, }, { ""claim_id"": ""C42_EOD_ONE"", ""section"": ""4.2"", ""category"": ""fairness"", ""description"": ""Fairness-audited EOD reported as 1.0"", ""metr",False
C42_SPD_BASELINE_00514,4.2,fairness,Baseline SPD reported as 0.0514,0.0514,0.0514,0.0514,New_Code\01_audit_existing_results.py,01_audit_existing_results.py,"""tolerance"": 1e-6, }, { ""claim_id"": ""C42_SPD_BASELINE_00514"", ""section"": ""4.2"", ""category"": ""fairness"", ""description"": ""Baseline SPD reported as 0.0514"", ""metric_terms"": [""spd"", ""statistical parity"", ""statistical_parity""], ""target_values"": [0.0514], ""tolerance"": 0.0002, }, { ""claim_id"": ""C42_EOD_ONE"", ""section"": ""4.2"", ""category"": ""fairness"", ""description"": ""Fairness-audited EOD reported as 1.0"", ""metr",False
C42_EOD_ONE,4.2,fairness,Fairness-audited EOD reported as 1.0,1.0,1.0,1.0,New_Code\01_audit_existing_results.py,01_audit_existing_results.py,"""fairness"", ""description"": ""Baseline SPD reported as 0.0514"", ""metric_terms"": [""spd"", ""statistical parity"", ""statistical_parity""], ""target_values"": [0.0514], ""tolerance"": 0.0002, }, { ""claim_id"": ""C42_EOD_ONE"", ""section"": ""4.2"", ""category"": ""fairness"", ""description"": ""Fairness-audited EOD reported as 1.0"", ""metric_terms"": [ ""eod"", ""equal opportunity"", ""equal_opportunity"",",False
C42_EOD_ONE,4.2,fairness,Fairness-audited EOD reported as 1.0,1.0,1.0,1.0,New_Code\01_audit_existing_results.py,01_audit_existing_results.py,"stical parity"", ""statistical_parity""], ""target_values"": [0.0514], ""tolerance"": 0.0002, }, { ""claim_id"": ""C42_EOD_ONE"", ""section"": ""4.2"", ""category"": ""fairness"", ""description"": ""Fairness-audited EOD reported as 1.0"", ""metric_terms"": [ ""eod"", ""equal opportunity"", ""equal_opportunity"", ""true positive rate difference"", ], ""target_values"": [1.0], ""tolerance"": 1e-6, }",False
C42_EOD_ONE,4.2,fairness,Fairness-audited EOD reported as 1.0,1.0,1.0,1.0,New_Code\01_audit_existing_results.py,01_audit_existing_results.py,"stical parity"", ""statistical_parity""], ""target_values"": [0.0514], ""tolerance"": 0.0002, }, { ""claim_id"": ""C42_EOD_ONE"", ""section"": ""4.2"", ""category"": ""fairness"", ""description"": ""Fairness-audited EOD reported as 1.0"", ""metric_terms"": [ ""eod"", ""equal opportunity"", ""equal_opportunity"", ""true positive rate difference"", ], ""target_values"": [1.0], ""tolerance"": 1e-6, }",False
C42_EOD_ONE,4.2,fairness,Fairness-audited EOD reported as 1.0,1.0,1.0,1.0,New_Code\01_audit_existing_results.py,01_audit_existing_results.py,""": [0.0514], ""tolerance"": 0.0002, }, { ""claim_id"": ""C42_EOD_ONE"", ""section"": ""4.2"", ""category"": ""fairness"", ""description"": ""Fairness-audited EOD reported as 1.0"", ""metric_terms"": [ ""eod"", ""equal opportunity"", ""equal_opportunity"", ""true positive rate difference"", ], ""target_values"": [1.0], ""tolerance"": 1e-6, }, { ""claim_id"": ""C44_DI_REAL_1"", ""sectio",False
C42_EOD_ONE,4.2,fairness,Fairness-audited EOD reported as 1.0,1.0,1.0,1.0,New_Code\01_audit_existing_results.py,01_audit_existing_results.py,""": [0.0514], ""tolerance"": 0.0002, }, { ""claim_id"": ""C42_EOD_ONE"", ""section"": ""4.2"", ""category"": ""fairness"", ""description"": ""Fairness-audited EOD reported as 1.0"", ""metric_terms"": [ ""eod"", ""equal opportunity"", ""equal_opportunity"", ""true positive rate difference"", ], ""target_values"": [1.0], ""tolerance"": 1e-6, }, { ""claim_id"": ""C44_DI_REAL_1"", ""sectio",False
C42_EOD_ONE,4.2,fairness,Fairness-audited EOD reported as 1.0,1.0,1.0,1.0,New_Code\01_audit_existing_results.py,01_audit_existing_results.py,"""tolerance"": 0.0002, }, { ""claim_id"": ""C42_EOD_ONE"", ""section"": ""4.2"", ""category"": ""fairness"", ""description"": ""Fairness-audited EOD reported as 1.0"", ""metric_terms"": [ ""eod"", ""equal opportunity"", ""equal_opportunity"", ""true positive rate difference"", ], ""target_values"": [1.0], ""tolerance"": 1e-6, }, { ""claim_id"": ""C44_DI_REAL_1"", ""section"": ""4.4"", ""category"": ""f",False
C42_EOD_ONE,4.2,fairness,Fairness-audited EOD reported as 1.0,1.0,1.0,1.0,New_Code\01_audit_existing_results.py,01_audit_existing_results.py,"""tolerance"": 0.0002, }, { ""claim_id"": ""C42_EOD_ONE"", ""section"": ""4.2"", ""category"": ""fairness"", ""description"": ""Fairness-audited EOD reported as 1.0"", ""metric_terms"": [ ""eod"", ""equal opportunity"", ""equal_opportunity"", ""true positive rate difference"", ], ""target_values"": [1.0], ""tolerance"": 1e-6, }, { ""claim_id"": ""C44_DI_REAL_1"", ""section"": ""4.4"", ""category"": ""f",False
C42_EOD_ONE,4.2,fairness,Fairness-audited EOD reported as 1.0,1.0,1.0,1.0,New_Code\01_audit_existing_results.py,01_audit_existing_results.py,"{ ""claim_id"": ""C42_EOD_ONE"", ""section"": ""4.2"", ""category"": ""fairness"", ""description"": ""Fairness-audited EOD reported as 1.0"", ""metric_terms"": [ ""eod"", ""equal opportunity"", ""equal_opportunity"", ""true positive rate difference"", ], ""target_values"": [1.0], ""tolerance"": 1e-6, }, { ""claim_id"": ""C44_DI_REAL_1"", ""section"": ""4.4"", ""category"": ""fairness"", ""description"":",False
C42_EOD_ONE,4.2,fairness,Fairness-audited EOD reported as 1.0,1.0,1.0,1.0,New_Code\01_audit_existing_results.py,01_audit_existing_results.py,"{ ""claim_id"": ""C42_EOD_ONE"", ""section"": ""4.2"", ""category"": ""fairness"", ""description"": ""Fairness-audited EOD reported as 1.0"", ""metric_terms"": [ ""eod"", ""equal opportunity"", ""equal_opportunity"", ""true positive rate difference"", ], ""target_values"": [1.0], ""tolerance"": 1e-6, }, { ""claim_id"": ""C44_DI_REAL_1"", ""section"": ""4.4"", ""category"": ""fairness"", ""description"":",False
C42_EOD_ONE,4.2,fairness,Fairness-audited EOD reported as 1.0,1.0,1.0,1.0,New_Code\01_audit_existing_results.py,01_audit_existing_results.py,"NE"", ""section"": ""4.2"", ""category"": ""fairness"", ""description"": ""Fairness-audited EOD reported as 1.0"", ""metric_terms"": [ ""eod"", ""equal opportunity"", ""equal_opportunity"", ""true positive rate difference"", ], ""target_values"": [1.0], ""tolerance"": 1e-6, }, { ""claim_id"": ""C44_DI_REAL_1"", ""section"": ""4.4"", ""category"": ""fairness"", ""description"": ""Real-data disparate impact reported as 1.0"",",False
C42_EOD_ONE,4.2,fairness,Fairness-audited EOD reported as 1.0,1.0,1.0,1.0,New_Code\01_audit_existing_results.py,01_audit_existing_results.py,"NE"", ""section"": ""4.2"", ""category"": ""fairness"", ""description"": ""Fairness-audited EOD reported as 1.0"", ""metric_terms"": [ ""eod"", ""equal opportunity"", ""equal_opportunity"", ""true positive rate difference"", ], ""target_values"": [1.0], ""tolerance"": 1e-6, }, { ""claim_id"": ""C44_DI_REAL_1"", ""section"": ""4.4"", ""category"": ""fairness"", ""description"": ""Real-data disparate impact reported as 1.0"",",False
C42_EOD_ONE,4.2,fairness,Fairness-audited EOD reported as 1.0,1.0,1.0,1.0,New_Code\01_audit_existing_results.py,01_audit_existing_results.py,"NE"", ""section"": ""4.2"", ""category"": ""fairness"", ""description"": ""Fairness-audited EOD reported as 1.0"", ""metric_terms"": [ ""eod"", ""equal opportunity"", ""equal_opportunity"", ""true positive rate difference"", ], ""target_values"": [1.0], ""tolerance"": 1e-6, }, { ""claim_id"": ""C44_DI_REAL_1"", ""section"": ""4.4"", ""category"": ""fairness"", ""description"": ""Real-data disparate impact reported as 1.0"",",False
C44_DI_REAL_1,4.4,fairness,Real-data disparate impact reported as 1.0,1.0,1.0,01,New_Code\01_audit_existing_results.py,01_audit_existing_results.py,""""""" 01_audit_existing_results.py ============================ Purpose ------- Forensic audit of the existing HFAGM/HGF project before any new experiments are run. The script: 1. Recursively inventories project files. 2. Identifies: - result files - CSV",False
C44_DI_REAL_1,4.4,fairness,Real-data disparate impact reported as 1.0,1.0,1.0,1,New_Code\01_audit_existing_results.py,01_audit_existing_results.py,""""""" 01_audit_existing_results.py ============================ Purpose ------- Forensic audit of the existing HFAGM/HGF project before any new experiments are run. The script: 1. Recursively inventories project files. 2. Identifies: - result files - CSV",False
C44_DI_REAL_1,4.4,fairness,Real-data disparate impact reported as 1.0,1.0,1.0,01,New_Code\01_audit_existing_results.py,01_audit_existing_results.py,""""""" 01_audit_existing_results.py ============================ Purpose ------- Forensic audit of the existing HFAGM/HGF project before any new experiments are run. The script: 1. Recursively inventories project files. 2. Identifies: - result files - CSV / Excel files - predictions - probabilities / labels - confusion matric",False
C44_DI_REAL_1,4.4,fairness,Real-data disparate impact reported as 1.0,1.0,1.0,1,New_Code\01_audit_existing_results.py,01_audit_existing_results.py,""""""" 01_audit_existing_results.py ============================ Purpose ------- Forensic audit of the existing HFAGM/HGF project before any new experiments are run. The script: 1. Recursively inventories project files. 2. Identifies: - result files - CSV / Excel files - predictions - probabilities / labels - confusion matric",False
C44_DI_REAL_1,4.4,fairness,Real-data disparate impact reported as 1.0,1.0,1.0,1,New_Code\01_audit_existing_results.py,01_audit_existing_results.py,=========================== Purpose ------- Forensic audit of the existing HFAGM/HGF project before any new experiments are run. The script: 1. Recursively inventories project files. 2. Identifies: - result files - CSV / Excel files - predictions - probabilities / labels - confusion matrices - metric files - fairness outputs - training logs - model checkpoints - figures - scalability outputs - ablation-related files - multimodal-related files 3. Reads sear,False
C44_DI_REAL_1,4.4,fairness,Real-data disparate impact reported as 1.0,1.0,1.0,1,New_Code\01_audit_existing_results.py,01_audit_existing_results.py,"ims.csv key_dataset_files.csv audit_summary.txt Author revision utility """""" from __future__ import annotations import csv import hashlib import json import math import os import re import sys from collections import defaultdict from datetime import datetime from pathlib import Path from typing import Any, Dict, Iterable, List, Optional, Tuple # ============================================================ # 1. PROJECT CONFIGURATION # ====================================",False
C44_DI_REAL_1,4.4,fairness,Real-data disparate impact reported as 1.0,1.0,1.0,1,New_Code\01_audit_existing_results.py,01_audit_existing_results.py,"sion utility """""" from __future__ import annotations import csv import hashlib import json import math import os import re import sys from collections import defaultdict from datetime import datetime from pathlib import Path from typing import Any, Dict, Iterable, List, Optional, Tuple # ============================================================ # 1. PROJECT CONFIGURATION # ============================================================ PROJECT_ROOT = Path( r""D:\47\472\New-Papers\Array\Pape",False
C44_DI_REAL_1,4.4,fairness,Real-data disparate impact reported as 1.0,1.0,1.0,1,New_Code\01_audit_existing_results.py,01_audit_existing_results.py,"============================================================ # 1. PROJECT CONFIGURATION # ============================================================ PROJECT_ROOT = Path( r""D:\47\472\New-Papers\Array\Paper4-Under-Processing\HFAGM_Project"" ) AUDIT_DIR = PROJECT_ROOT / ""outputs"" / ""revision_audit"" # Avoid scanning enormous environments or irrelevant caches. SKIP_DIRS = { "".git"", "".idea"", "".vscode"", ""__pycache__"", "".pytest_cache"", "".mypy_cache"", "".ipynb_checkpoints",False
C44_DI_REAL_1,4.4,fairness,Real-data disparate impact reported as 1.0,1.0,1.0,1,New_Code\01_audit_existing_results.py,01_audit_existing_results.py,"======================================================== # 1. PROJECT CONFIGURATION # ============================================================ PROJECT_ROOT = Path( r""D:\47\472\New-Papers\Array\Paper4-Under-Processing\HFAGM_Project"" ) AUDIT_DIR = PROJECT_ROOT / ""outputs"" / ""revision_audit"" # Avoid scanning enormous environments or irrelevant caches. SKIP_DIRS = { "".git"", "".idea"", "".vscode"", ""__pycache__"", "".pytest_cache"", "".mypy_cache"", "".ipynb_checkpoints"",",False
C44_DI_REAL_1,4.4,fairness,Real-data disparate impact reported as 1.0,1.0,1.0,1,New_Code\01_audit_existing_results.py,01_audit_existing_results.py,"=========== # 1. PROJECT CONFIGURATION # ============================================================ PROJECT_ROOT = Path( r""D:\47\472\New-Papers\Array\Paper4-Under-Processing\HFAGM_Project"" ) AUDIT_DIR = PROJECT_ROOT / ""outputs"" / ""revision_audit"" # Avoid scanning enormous environments or irrelevant caches. SKIP_DIRS = { "".git"", "".idea"", "".vscode"", ""__pycache__"", "".pytest_cache"", "".mypy_cache"", "".ipynb_checkpoints"", ""venv"", "".venv"", ""env"", ""node_",False
C44_DI_REAL_1,4.4,fairness,Real-data disparate impact reported as 1.0,1.0,1.0,1.0,New_Code\01_audit_existing_results.py,01_audit_existing_results.py,"""statistical parity"", ""statistical_parity""], ""target_values"": [0.0514], ""tolerance"": 0.0002, }, { ""claim_id"": ""C42_EOD_ONE"", ""section"": ""4.2"", ""category"": ""fairness"", ""description"": ""Fairness-audited EOD reported as 1.0"", ""metric_terms"": [ ""eod"", ""equal opportunity"", ""equal_opportunity"", ""true positive rate difference"", ], ""target_values"": [1.0], ""tolerance"": 1e-6",False
C44_DI_REAL_1,4.4,fairness,Real-data disparate impact reported as 1.0,1.0,1.0,1.0,New_Code\01_audit_existing_results.py,01_audit_existing_results.py,"""statistical parity"", ""statistical_parity""], ""target_values"": [0.0514], ""tolerance"": 0.0002, }, { ""claim_id"": ""C42_EOD_ONE"", ""section"": ""4.2"", ""category"": ""fairness"", ""description"": ""Fairness-audited EOD reported as 1.0"", ""metric_terms"": [ ""eod"", ""equal opportunity"", ""equal_opportunity"", ""true positive rate difference"", ], ""target_values"": [1.0], ""tolerance"": 1e-6",False
C44_DI_REAL_1,4.4,fairness,Real-data disparate impact reported as 1.0,1.0,1.0,1.0,New_Code\01_audit_existing_results.py,01_audit_existing_results.py,"on"": ""4.2"", ""category"": ""fairness"", ""description"": ""Fairness-audited EOD reported as 1.0"", ""metric_terms"": [ ""eod"", ""equal opportunity"", ""equal_opportunity"", ""true positive rate difference"", ], ""target_values"": [1.0], ""tolerance"": 1e-6, }, { ""claim_id"": ""C44_DI_REAL_1"", ""section"": ""4.4"", ""category"": ""fairness"", ""description"": ""Real-data disparate impact reported",False
C44_DI_REAL_1,4.4,fairness,Real-data disparate impact reported as 1.0,1.0,1.0,1.0,New_Code\01_audit_existing_results.py,01_audit_existing_results.py,"on"": ""4.2"", ""category"": ""fairness"", ""description"": ""Fairness-audited EOD reported as 1.0"", ""metric_terms"": [ ""eod"", ""equal opportunity"", ""equal_opportunity"", ""true positive rate difference"", ], ""target_values"": [1.0], ""tolerance"": 1e-6, }, { ""claim_id"": ""C44_DI_REAL_1"", ""section"": ""4.4"", ""category"": ""fairness"", ""description"": ""Real-data disparate impact reported",False
C44_DI_REAL_1,4.4,fairness,Real-data disparate impact reported as 1.0,1.0,1.0,1.0,New_Code\01_audit_existing_results.py,01_audit_existing_results.py,"_terms"": [ ""eod"", ""equal opportunity"", ""equal_opportunity"", ""true positive rate difference"", ], ""target_values"": [1.0], ""tolerance"": 1e-6, }, { ""claim_id"": ""C44_DI_REAL_1"", ""section"": ""4.4"", ""category"": ""fairness"", ""description"": ""Real-data disparate impact reported as 1.0"", ""metric_terms"": [ ""di"", ""disparate impact"", ""disparate_impact"",",False
C44_DI_REAL_1,4.4,fairness,Real-data disparate impact reported as 1.0,1.0,1.0,1.0,New_Code\01_audit_existing_results.py,01_audit_existing_results.py,"_terms"": [ ""eod"", ""equal opportunity"", ""equal_opportunity"", ""true positive rate difference"", ], ""target_values"": [1.0], ""tolerance"": 1e-6, }, { ""claim_id"": ""C44_DI_REAL_1"", ""section"": ""4.4"", ""category"": ""fairness"", ""description"": ""Real-data disparate impact reported as 1.0"", ""metric_terms"": [ ""di"", ""disparate impact"", ""disparate_impact"",",False
C44_DI_REAL_1,4.4,fairness,Real-data disparate impact reported as 1.0,1.0,1.0,1.0,New_Code\01_audit_existing_results.py,01_audit_existing_results.py,"""true positive rate difference"", ], ""target_values"": [1.0], ""tolerance"": 1e-6, }, { ""claim_id"": ""C44_DI_REAL_1"", ""section"": ""4.4"", ""category"": ""fairness"", ""description"": ""Real-data disparate impact reported as 1.0"", ""metric_terms"": [ ""di"", ""disparate impact"", ""disparate_impact"", ""impact ratio"", ], ""target_values"": [1.0], ""tolerance"": 0.001, },",False
C44_DI_REAL_1,4.4,fairness,Real-data disparate impact reported as 1.0,1.0,1.0,1.0,New_Code\01_audit_existing_results.py,01_audit_existing_results.py,"""true positive rate difference"", ], ""target_values"": [1.0], ""tolerance"": 1e-6, }, { ""claim_id"": ""C44_DI_REAL_1"", ""section"": ""4.4"", ""category"": ""fairness"", ""description"": ""Real-data disparate impact reported as 1.0"", ""metric_terms"": [ ""di"", ""disparate impact"", ""disparate_impact"", ""impact ratio"", ], ""target_values"": [1.0], ""tolerance"": 0.001, },",False
C44_DI_REAL_1,4.4,fairness,Real-data disparate impact reported as 1.0,1.0,1.0,1.0,New_Code\01_audit_existing_results.py,01_audit_existing_results.py,"""true positive rate difference"", ], ""target_values"": [1.0], ""tolerance"": 1e-6, }, { ""claim_id"": ""C44_DI_REAL_1"", ""section"": ""4.4"", ""category"": ""fairness"", ""description"": ""Real-data disparate impact reported as 1.0"", ""metric_terms"": [ ""di"", ""disparate impact"", ""disparate_impact"", ""impact ratio"", ], ""target_values"": [1.0], ""tolerance"": 0.001, },",False
C44_DI_REAL_1,4.4,fairness,Real-data disparate impact reported as 1.0,1.0,1.0,1.0,New_Code\01_audit_existing_results.py,01_audit_existing_results.py,"1.0], ""tolerance"": 1e-6, }, { ""claim_id"": ""C44_DI_REAL_1"", ""section"": ""4.4"", ""category"": ""fairness"", ""description"": ""Real-data disparate impact reported as 1.0"", ""metric_terms"": [ ""di"", ""disparate impact"", ""disparate_impact"", ""impact ratio"", ], ""target_values"": [1.0], ""tolerance"": 0.001, }, { ""claim_id"": ""C44_DI_BASELINE_0643"", ""section"": ""4.4"",",False
C44_DI_REAL_1,4.4,fairness,Real-data disparate impact reported as 1.0,1.0,1.0,1.0,New_Code\01_audit_existing_results.py,01_audit_existing_results.py,"1.0], ""tolerance"": 1e-6, }, { ""claim_id"": ""C44_DI_REAL_1"", ""section"": ""4.4"", ""category"": ""fairness"", ""description"": ""Real-data disparate impact reported as 1.0"", ""metric_terms"": [ ""di"", ""disparate impact"", ""disparate_impact"", ""impact ratio"", ], ""target_values"": [1.0], ""tolerance"": 0.001, }, { ""claim_id"": ""C44_DI_BASELINE_0643"", ""section"": ""4.4"",",False
C44_DI_REAL_1,4.4,fairness,Real-data disparate impact reported as 1.0,1.0,1.0,1.0,New_Code\01_audit_existing_results.py,01_audit_existing_results.py,"1.0], ""tolerance"": 1e-6, }, { ""claim_id"": ""C44_DI_REAL_1"", ""section"": ""4.4"", ""category"": ""fairness"", ""description"": ""Real-data disparate impact reported as 1.0"", ""metric_terms"": [ ""di"", ""disparate impact"", ""disparate_impact"", ""impact ratio"", ], ""target_values"": [1.0], ""tolerance"": 0.001, }, { ""claim_id"": ""C44_DI_BASELINE_0643"", ""section"": ""4.4"",",False
C44_DI_REAL_1,4.4,fairness,Real-data disparate impact reported as 1.0,1.0,1.0,1.0,New_Code\01_audit_existing_results.py,01_audit_existing_results.py,"erance"": 1e-6, }, { ""claim_id"": ""C44_DI_REAL_1"", ""section"": ""4.4"", ""category"": ""fairness"", ""description"": ""Real-data disparate impact reported as 1.0"", ""metric_terms"": [ ""di"", ""disparate impact"", ""disparate_impact"", ""impact ratio"", ], ""target_values"": [1.0], ""tolerance"": 0.001, }, { ""claim_id"": ""C44_DI_BASELINE_0643"", ""section"": ""4.4"", ""category"":",False
C44_DI_REAL_1,4.4,fairness,Real-data disparate impact reported as 1.0,1.0,1.0,1.0,New_Code\01_audit_existing_results.py,01_audit_existing_results.py,"erance"": 1e-6, }, { ""claim_id"": ""C44_DI_REAL_1"", ""section"": ""4.4"", ""category"": ""fairness"", ""description"": ""Real-data disparate impact reported as 1.0"", ""metric_terms"": [ ""di"", ""disparate impact"", ""disparate_impact"", ""impact ratio"", ], ""target_values"": [1.0], ""tolerance"": 0.001, }, { ""claim_id"": ""C44_DI_BASELINE_0643"", ""section"": ""4.4"", ""category"":",False
C44_DI_REAL_1,4.4,fairness,Real-data disparate impact reported as 1.0,1.0,1.0,1.0,New_Code\01_audit_existing_results.py,01_audit_existing_results.py,"""claim_id"": ""C44_DI_REAL_1"", ""section"": ""4.4"", ""category"": ""fairness"", ""description"": ""Real-data disparate impact reported as 1.0"", ""metric_terms"": [ ""di"", ""disparate impact"", ""disparate_impact"", ""impact ratio"", ], ""target_values"": [1.0], ""tolerance"": 0.001, }, { ""claim_id"": ""C44_DI_BASELINE_0643"", ""section"": ""4.4"", ""category"": ""fairness"", ""descriptio",False
C44_DI_REAL_1,4.4,fairness,Real-data disparate impact reported as 1.0,1.0,1.0,1.0,New_Code\01_audit_existing_results.py,01_audit_existing_results.py,"""claim_id"": ""C44_DI_REAL_1"", ""section"": ""4.4"", ""category"": ""fairness"", ""description"": ""Real-data disparate impact reported as 1.0"", ""metric_terms"": [ ""di"", ""disparate impact"", ""disparate_impact"", ""impact ratio"", ], ""target_values"": [1.0], ""tolerance"": 0.001, }, { ""claim_id"": ""C44_DI_BASELINE_0643"", ""section"": ""4.4"", ""category"": ""fairness"", ""descriptio",False
C44_DI_REAL_1,4.4,fairness,Real-data disparate impact reported as 1.0,1.0,1.0,1.0,New_Code\01_audit_existing_results.py,01_audit_existing_results.py,".0"", ""metric_terms"": [ ""di"", ""disparate impact"", ""disparate_impact"", ""impact ratio"", ], ""target_values"": [1.0], ""tolerance"": 0.001, }, { ""claim_id"": ""C44_DI_BASELINE_0643"", ""section"": ""4.4"", ""category"": ""fairness"", ""description"": ""Baseline synthetic DI reported as 0.643"", ""metric_terms"": [ ""di"", ""disparate impact"", ""disparate_impact"",",False
C44_DI_REAL_1,4.4,fairness,Real-data disparate impact reported as 1.0,1.0,1.0,1.0,New_Code\01_audit_existing_results.py,01_audit_existing_results.py,"""impact ratio"", ], ""target_values"": [1.0], ""tolerance"": 0.001, }, { ""claim_id"": ""C44_DI_BASELINE_0643"", ""section"": ""4.4"", ""category"": ""fairness"", ""description"": ""Baseline synthetic DI reported as 0.643"", ""metric_terms"": [ ""di"", ""disparate impact"", ""disparate_impact"", ], ""target_values"": [0.643], ""tolerance"": 0.003, }, { ""claim_id"": ""C44_DI_LIGHTWE",False
C44_DI_REAL_1,4.4,fairness,Real-data disparate impact reported as 1.0,1.0,1.0,1.0,New_Code\01_audit_existing_results.py,01_audit_existing_results.py,"""true positive rate difference"", ], ""target_values"": [1.0], ""tolerance"": 1e-6, }, { ""claim_id"": ""C44_DI_REAL_1"", ""section"": ""4.4"", ""category"": ""fairness"", ""description"": ""Real-data disparate impact reported as 1.0"", ""metric_terms"": [ ""di"", ""disparate impact"", ""disparate_impact"", ""impact ratio"", ], ""target_values"": [1.0], ""tolerance"": 0.001, }, { ""cl",False
C44_DI_REAL_1,4.4,fairness,Real-data disparate impact reported as 1.0,1.0,1.0,1.0,New_Code\01_audit_existing_results.py,01_audit_existing_results.py,"""true positive rate difference"", ], ""target_values"": [1.0], ""tolerance"": 1e-6, }, { ""claim_id"": ""C44_DI_REAL_1"", ""section"": ""4.4"", ""category"": ""fairness"", ""description"": ""Real-data disparate impact reported as 1.0"", ""metric_terms"": [ ""di"", ""disparate impact"", ""disparate_impact"", ""impact ratio"", ], ""target_values"": [1.0], ""tolerance"": 0.001, }, { ""cl",False
C44_DI_REAL_1,4.4,fairness,Real-data disparate impact reported as 1.0,1.0,1.0,1.0,New_Code\01_audit_existing_results.py,01_audit_existing_results.py,"""true positive rate difference"", ], ""target_values"": [1.0], ""tolerance"": 1e-6, }, { ""claim_id"": ""C44_DI_REAL_1"", ""section"": ""4.4"", ""category"": ""fairness"", ""description"": ""Real-data disparate impact reported as 1.0"", ""metric_terms"": [ ""di"", ""disparate impact"", ""disparate_impact"", ""impact ratio"", ], ""target_values"": [1.0], ""tolerance"": 0.001, }, { ""cl",False
C44_DI_REAL_1,4.4,fairness,Real-data disparate impact reported as 1.0,1.0,1.0,1.0,New_Code\01_audit_existing_results.py,01_audit_existing_results.py,"erance"": 1e-6, }, { ""claim_id"": ""C44_DI_REAL_1"", ""section"": ""4.4"", ""category"": ""fairness"", ""description"": ""Real-data disparate impact reported as 1.0"", ""metric_terms"": [ ""di"", ""disparate impact"", ""disparate_impact"", ""impact ratio"", ], ""target_values"": [1.0], ""tolerance"": 0.001, }, { ""claim_id"": ""C44_DI_BASELINE_0643"", ""section"": ""4.4"", ""category"": ""fairness"",",False
C44_DI_REAL_1,4.4,fairness,Real-data disparate impact reported as 1.0,1.0,1.0,1.0,New_Code\01_audit_existing_results.py,01_audit_existing_results.py,"erance"": 1e-6, }, { ""claim_id"": ""C44_DI_REAL_1"", ""section"": ""4.4"", ""category"": ""fairness"", ""description"": ""Real-data disparate impact reported as 1.0"", ""metric_terms"": [ ""di"", ""disparate impact"", ""disparate_impact"", ""impact ratio"", ], ""target_values"": [1.0], ""tolerance"": 0.001, }, { ""claim_id"": ""C44_DI_BASELINE_0643"", ""section"": ""4.4"", ""category"": ""fairness"",",False
C44_DI_REAL_1,4.4,fairness,Real-data disparate impact reported as 1.0,1.0,1.0,1.0,New_Code\01_audit_existing_results.py,01_audit_existing_results.py,"""claim_id"": ""C44_DI_REAL_1"", ""section"": ""4.4"", ""category"": ""fairness"", ""description"": ""Real-data disparate impact reported as 1.0"", ""metric_terms"": [ ""di"", ""disparate impact"", ""disparate_impact"", ""impact ratio"", ], ""target_values"": [1.0], ""tolerance"": 0.001, }, { ""claim_id"": ""C44_DI_BASELINE_0643"", ""section"": ""4.4"", ""category"": ""fairness"", ""description"": ""Baseline",False
C44_DI_REAL_1,4.4,fairness,Real-data disparate impact reported as 1.0,1.0,1.0,1.0,New_Code\01_audit_existing_results.py,01_audit_existing_results.py,"""claim_id"": ""C44_DI_REAL_1"", ""section"": ""4.4"", ""category"": ""fairness"", ""description"": ""Real-data disparate impact reported as 1.0"", ""metric_terms"": [ ""di"", ""disparate impact"", ""disparate_impact"", ""impact ratio"", ], ""target_values"": [1.0], ""tolerance"": 0.001, }, { ""claim_id"": ""C44_DI_BASELINE_0643"", ""section"": ""4.4"", ""category"": ""fairness"", ""description"": ""Baseline",False
C44_DI_REAL_1,4.4,fairness,Real-data disparate impact reported as 1.0,1.0,1.0,1.0,New_Code\01_audit_existing_results.py,01_audit_existing_results.py,", ""section"": ""4.4"", ""category"": ""fairness"", ""description"": ""Real-data disparate impact reported as 1.0"", ""metric_terms"": [ ""di"", ""disparate impact"", ""disparate_impact"", ""impact ratio"", ], ""target_values"": [1.0], ""tolerance"": 0.001, }, { ""claim_id"": ""C44_DI_BASELINE_0643"", ""section"": ""4.4"", ""category"": ""fairness"", ""description"": ""Baseline synthetic DI reported as 0.6",False
C44_DI_REAL_1,4.4,fairness,Real-data disparate impact reported as 1.0,1.0,1.0,1.0,New_Code\01_audit_existing_results.py,01_audit_existing_results.py,", ""section"": ""4.4"", ""category"": ""fairness"", ""description"": ""Real-data disparate impact reported as 1.0"", ""metric_terms"": [ ""di"", ""disparate impact"", ""disparate_impact"", ""impact ratio"", ], ""target_values"": [1.0], ""tolerance"": 0.001, }, { ""claim_id"": ""C44_DI_BASELINE_0643"", ""section"": ""4.4"", ""category"": ""fairness"", ""description"": ""Baseline synthetic DI reported as 0.6",False
C44_DI_BASELINE_0643,4.4,fairness,Baseline synthetic DI reported as 0.643,0.643,0.643,0.643,New_Code\01_audit_existing_results.py,01_audit_existing_results.py,".0"", ""metric_terms"": [ ""di"", ""disparate impact"", ""disparate_impact"", ""impact ratio"", ], ""target_values"": [1.0], ""tolerance"": 0.001, }, { ""claim_id"": ""C44_DI_BASELINE_0643"", ""section"": ""4.4"", ""category"": ""fairness"", ""description"": ""Baseline synthetic DI reported as 0.643"", ""metric_terms"": [ ""di"", ""disparate impact"", ""disparate_impact"",",False
C44_DI_BASELINE_0643,4.4,fairness,Baseline synthetic DI reported as 0.643,0.643,0.643,0.643,New_Code\01_audit_existing_results.py,01_audit_existing_results.py,"""impact ratio"", ], ""target_values"": [1.0], ""tolerance"": 0.001, }, { ""claim_id"": ""C44_DI_BASELINE_0643"", ""section"": ""4.4"", ""category"": ""fairness"", ""description"": ""Baseline synthetic DI reported as 0.643"", ""metric_terms"": [ ""di"", ""disparate impact"", ""disparate_impact"", ], ""target_values"": [0.643], ""tolerance"": 0.003, }, { ""claim_id"": ""C44_DI_LIGHTWE",False
C44_DI_BASELINE_0643,4.4,fairness,Baseline synthetic DI reported as 0.643,0.643,0.643,0.643,New_Code\01_audit_existing_results.py,01_audit_existing_results.py,"""impact ratio"", ], ""target_values"": [1.0], ""tolerance"": 0.001, }, { ""claim_id"": ""C44_DI_BASELINE_0643"", ""section"": ""4.4"", ""category"": ""fairness"", ""description"": ""Baseline synthetic DI reported as 0.643"", ""metric_terms"": [ ""di"", ""disparate impact"", ""disparate_impact"", ], ""target_values"": [0.643], ""tolerance"": 0.003, }, { ""claim_id"": ""C44_DI_LIGHTWE",False
C44_DI_BASELINE_0643,4.4,fairness,Baseline synthetic DI reported as 0.643,0.643,0.643,0.643,New_Code\01_audit_existing_results.py,01_audit_existing_results.py,", ""tolerance"": 0.001, }, { ""claim_id"": ""C44_DI_BASELINE_0643"", ""section"": ""4.4"", ""category"": ""fairness"", ""description"": ""Baseline synthetic DI reported as 0.643"", ""metric_terms"": [ ""di"", ""disparate impact"", ""disparate_impact"", ], ""target_values"": [0.643], ""tolerance"": 0.003, }, { ""claim_id"": ""C44_DI_LIGHTWEIGHT_0209"", ""section"": ""4.4"", ""category"": ""fai",False
C44_DI_BASELINE_0643,4.4,fairness,Baseline synthetic DI reported as 0.643,0.643,0.643,0.643,New_Code\01_audit_existing_results.py,01_audit_existing_results.py,", ""tolerance"": 0.001, }, { ""claim_id"": ""C44_DI_BASELINE_0643"", ""section"": ""4.4"", ""category"": ""fairness"", ""description"": ""Baseline synthetic DI reported as 0.643"", ""metric_terms"": [ ""di"", ""disparate impact"", ""disparate_impact"", ], ""target_values"": [0.643], ""tolerance"": 0.003, }, { ""claim_id"": ""C44_DI_LIGHTWEIGHT_0209"", ""section"": ""4.4"", ""category"": ""fai",False
C44_DI_BASELINE_0643,4.4,fairness,Baseline synthetic DI reported as 0.643,0.643,0.643,0.643,New_Code\01_audit_existing_results.py,01_audit_existing_results.py,"ce"": 0.001, }, { ""claim_id"": ""C44_DI_BASELINE_0643"", ""section"": ""4.4"", ""category"": ""fairness"", ""description"": ""Baseline synthetic DI reported as 0.643"", ""metric_terms"": [ ""di"", ""disparate impact"", ""disparate_impact"", ], ""target_values"": [0.643], ""tolerance"": 0.003, }, { ""claim_id"": ""C44_DI_LIGHTWEIGHT_0209"", ""section"": ""4.4"", ""category"": ""fairness"", ""d",False
C44_DI_BASELINE_0643,4.4,fairness,Baseline synthetic DI reported as 0.643,0.643,0.643,0.643,New_Code\01_audit_existing_results.py,01_audit_existing_results.py,"ce"": 0.001, }, { ""claim_id"": ""C44_DI_BASELINE_0643"", ""section"": ""4.4"", ""category"": ""fairness"", ""description"": ""Baseline synthetic DI reported as 0.643"", ""metric_terms"": [ ""di"", ""disparate impact"", ""disparate_impact"", ], ""target_values"": [0.643], ""tolerance"": 0.003, }, { ""claim_id"": ""C44_DI_LIGHTWEIGHT_0209"", ""section"": ""4.4"", ""category"": ""fairness"", ""d",False
C44_DI_BASELINE_0643,4.4,fairness,Baseline synthetic DI reported as 0.643,0.643,0.643,0.643,New_Code\01_audit_existing_results.py,01_audit_existing_results.py,"""claim_id"": ""C44_DI_BASELINE_0643"", ""section"": ""4.4"", ""category"": ""fairness"", ""description"": ""Baseline synthetic DI reported as 0.643"", ""metric_terms"": [ ""di"", ""disparate impact"", ""disparate_impact"", ], ""target_values"": [0.643], ""tolerance"": 0.003, }, { ""claim_id"": ""C44_DI_LIGHTWEIGHT_0209"", ""section"": ""4.4"", ""category"": ""fairness"", ""description"": ""Lightweight synthe",False
C44_DI_BASELINE_0643,4.4,fairness,Baseline synthetic DI reported as 0.643,0.643,0.643,0.643,New_Code\01_audit_existing_results.py,01_audit_existing_results.py,"""claim_id"": ""C44_DI_BASELINE_0643"", ""section"": ""4.4"", ""category"": ""fairness"", ""description"": ""Baseline synthetic DI reported as 0.643"", ""metric_terms"": [ ""di"", ""disparate impact"", ""disparate_impact"", ], ""target_values"": [0.643], ""tolerance"": 0.003, }, { ""claim_id"": ""C44_DI_LIGHTWEIGHT_0209"", ""section"": ""4.4"", ""category"": ""fairness"", ""description"": ""Lightweight synthe",False
C44_DI_BASELINE_0643,4.4,fairness,Baseline synthetic DI reported as 0.643,0.643,0.643,0.643,New_Code\01_audit_existing_results.py,01_audit_existing_results.py,"nthetic DI reported as 0.643"", ""metric_terms"": [ ""di"", ""disparate impact"", ""disparate_impact"", ], ""target_values"": [0.643], ""tolerance"": 0.003, }, { ""claim_id"": ""C44_DI_LIGHTWEIGHT_0209"", ""section"": ""4.4"", ""category"": ""fairness"", ""description"": ""Lightweight synthetic DI reported as 0.209"", ""metric_terms"": [ ""di"", ""disparate impact"", ""disparate_impa",False
C44_DI_BASELINE_0643,4.4,fairness,Baseline synthetic DI reported as 0.643,0.643,0.643,0.643,New_Code\01_audit_existing_results.py,01_audit_existing_results.py,"nthetic DI reported as 0.643"", ""metric_terms"": [ ""di"", ""disparate impact"", ""disparate_impact"", ], ""target_values"": [0.643], ""tolerance"": 0.003, }, { ""claim_id"": ""C44_DI_LIGHTWEIGHT_0209"", ""section"": ""4.4"", ""category"": ""fairness"", ""description"": ""Lightweight synthetic DI reported as 0.209"", ""metric_terms"": [ ""di"", ""disparate impact"", ""disparate_impa",False
C44_DI_BASELINE_0643,4.4,fairness,Baseline synthetic DI reported as 0.643,0.643,0.643,0.643,New_Code\01_audit_existing_results.py,01_audit_existing_results.py,"ate_impact"", ], ""target_values"": [0.643], ""tolerance"": 0.003, }, { ""claim_id"": ""C44_DI_LIGHTWEIGHT_0209"", ""section"": ""4.4"", ""category"": ""fairness"", ""description"": ""Lightweight synthetic DI reported as 0.209"", ""metric_terms"": [ ""di"", ""disparate impact"", ""disparate_impact"", ], ""target_values"": [0.209], ""tolerance"": 0.003, }, { ""claim_id"": ""C41_ACC_REAL_",False
C44_DI_BASELINE_0643,4.4,fairness,Baseline synthetic DI reported as 0.643,0.643,0.643,0.643,New_Code\01_audit_existing_results.py,01_audit_existing_results.py,"ce"": 0.001, }, { ""claim_id"": ""C44_DI_BASELINE_0643"", ""section"": ""4.4"", ""category"": ""fairness"", ""description"": ""Baseline synthetic DI reported as 0.643"", ""metric_terms"": [ ""di"", ""disparate impact"", ""disparate_impact"", ], ""target_values"": [0.643], ""tolerance"": 0.003, }, { ""claim_id"": ""C44_DI_LIGHTWEIGHT_0209"", ""section"": ""4.4"", ""category"": ""fairness"", ""description"": """,False
C44_DI_BASELINE_0643,4.4,fairness,Baseline synthetic DI reported as 0.643,0.643,0.643,0.643,New_Code\01_audit_existing_results.py,01_audit_existing_results.py,"ce"": 0.001, }, { ""claim_id"": ""C44_DI_BASELINE_0643"", ""section"": ""4.4"", ""category"": ""fairness"", ""description"": ""Baseline synthetic DI reported as 0.643"", ""metric_terms"": [ ""di"", ""disparate impact"", ""disparate_impact"", ], ""target_values"": [0.643], ""tolerance"": 0.003, }, { ""claim_id"": ""C44_DI_LIGHTWEIGHT_0209"", ""section"": ""4.4"", ""category"": ""fairness"", ""description"": """,False
C44_DI_BASELINE_0643,4.4,fairness,Baseline synthetic DI reported as 0.643,0.643,0.643,0.643,New_Code\01_audit_existing_results.py,01_audit_existing_results.py,"""claim_id"": ""C44_DI_BASELINE_0643"", ""section"": ""4.4"", ""category"": ""fairness"", ""description"": ""Baseline synthetic DI reported as 0.643"", ""metric_terms"": [ ""di"", ""disparate impact"", ""disparate_impact"", ], ""target_values"": [0.643], ""tolerance"": 0.003, }, { ""claim_id"": ""C44_DI_LIGHTWEIGHT_0209"", ""section"": ""4.4"", ""category"": ""fairness"", ""description"": ""Lightweight synthetic DI reporte",False
C44_DI_BASELINE_0643,4.4,fairness,Baseline synthetic DI reported as 0.643,0.643,0.643,0.643,New_Code\01_audit_existing_results.py,01_audit_existing_results.py,"""claim_id"": ""C44_DI_BASELINE_0643"", ""section"": ""4.4"", ""category"": ""fairness"", ""description"": ""Baseline synthetic DI reported as 0.643"", ""metric_terms"": [ ""di"", ""disparate impact"", ""disparate_impact"", ], ""target_values"": [0.643], ""tolerance"": 0.003, }, { ""claim_id"": ""C44_DI_LIGHTWEIGHT_0209"", ""section"": ""4.4"", ""category"": ""fairness"", ""description"": ""Lightweight synthetic DI reporte",False
C44_DI_LIGHTWEIGHT_0209,4.4,fairness,Lightweight synthetic DI reported as 0.209,0.209,0.209,0.209,New_Code\01_audit_existing_results.py,01_audit_existing_results.py,"nthetic DI reported as 0.643"", ""metric_terms"": [ ""di"", ""disparate impact"", ""disparate_impact"", ], ""target_values"": [0.643], ""tolerance"": 0.003, }, { ""claim_id"": ""C44_DI_LIGHTWEIGHT_0209"", ""section"": ""4.4"", ""category"": ""fairness"", ""description"": ""Lightweight synthetic DI reported as 0.209"", ""metric_terms"": [ ""di"", ""disparate impact"", ""disparate_impa",False
C44_DI_LIGHTWEIGHT_0209,4.4,fairness,Lightweight synthetic DI reported as 0.209,0.209,0.209,0.209,New_Code\01_audit_existing_results.py,01_audit_existing_results.py,"ate_impact"", ], ""target_values"": [0.643], ""tolerance"": 0.003, }, { ""claim_id"": ""C44_DI_LIGHTWEIGHT_0209"", ""section"": ""4.4"", ""category"": ""fairness"", ""description"": ""Lightweight synthetic DI reported as 0.209"", ""metric_terms"": [ ""di"", ""disparate impact"", ""disparate_impact"", ], ""target_values"": [0.209], ""tolerance"": 0.003, }, { ""claim_id"": ""C41_ACC_REAL_",False
C44_DI_LIGHTWEIGHT_0209,4.4,fairness,Lightweight synthetic DI reported as 0.209,0.209,0.209,0.209,New_Code\01_audit_existing_results.py,01_audit_existing_results.py,"ate_impact"", ], ""target_values"": [0.643], ""tolerance"": 0.003, }, { ""claim_id"": ""C44_DI_LIGHTWEIGHT_0209"", ""section"": ""4.4"", ""category"": ""fairness"", ""description"": ""Lightweight synthetic DI reported as 0.209"", ""metric_terms"": [ ""di"", ""disparate impact"", ""disparate_impact"", ], ""target_values"": [0.209], ""tolerance"": 0.003, }, { ""claim_id"": ""C41_ACC_REAL_",False
C44_DI_LIGHTWEIGHT_0209,4.4,fairness,Lightweight synthetic DI reported as 0.209,0.209,0.209,0.209,New_Code\01_audit_existing_results.py,01_audit_existing_results.py,"""tolerance"": 0.003, }, { ""claim_id"": ""C44_DI_LIGHTWEIGHT_0209"", ""section"": ""4.4"", ""category"": ""fairness"", ""description"": ""Lightweight synthetic DI reported as 0.209"", ""metric_terms"": [ ""di"", ""disparate impact"", ""disparate_impact"", ], ""target_values"": [0.209], ""tolerance"": 0.003, }, { ""claim_id"": ""C41_ACC_REAL_0983"", ""section"": ""4.4 / Discussion"", ""categor",False
C44_DI_LIGHTWEIGHT_0209,4.4,fairness,Lightweight synthetic DI reported as 0.209,0.209,0.209,0.209,New_Code\01_audit_existing_results.py,01_audit_existing_results.py,"""tolerance"": 0.003, }, { ""claim_id"": ""C44_DI_LIGHTWEIGHT_0209"", ""section"": ""4.4"", ""category"": ""fairness"", ""description"": ""Lightweight synthetic DI reported as 0.209"", ""metric_terms"": [ ""di"", ""disparate impact"", ""disparate_impact"", ], ""target_values"": [0.209], ""tolerance"": 0.003, }, { ""claim_id"": ""C41_ACC_REAL_0983"", ""section"": ""4.4 / Discussion"", ""categor",False
C44_DI_LIGHTWEIGHT_0209,4.4,fairness,Lightweight synthetic DI reported as 0.209,0.209,0.209,0.209,New_Code\01_audit_existing_results.py,01_audit_existing_results.py,".003, }, { ""claim_id"": ""C44_DI_LIGHTWEIGHT_0209"", ""section"": ""4.4"", ""category"": ""fairness"", ""description"": ""Lightweight synthetic DI reported as 0.209"", ""metric_terms"": [ ""di"", ""disparate impact"", ""disparate_impact"", ], ""target_values"": [0.209], ""tolerance"": 0.003, }, { ""claim_id"": ""C41_ACC_REAL_0983"", ""section"": ""4.4 / Discussion"", ""category"": ""utility"",",False
C44_DI_LIGHTWEIGHT_0209,4.4,fairness,Lightweight synthetic DI reported as 0.209,0.209,0.209,0.209,New_Code\01_audit_existing_results.py,01_audit_existing_results.py,".003, }, { ""claim_id"": ""C44_DI_LIGHTWEIGHT_0209"", ""section"": ""4.4"", ""category"": ""fairness"", ""description"": ""Lightweight synthetic DI reported as 0.209"", ""metric_terms"": [ ""di"", ""disparate impact"", ""disparate_impact"", ], ""target_values"": [0.209], ""tolerance"": 0.003, }, { ""claim_id"": ""C41_ACC_REAL_0983"", ""section"": ""4.4 / Discussion"", ""category"": ""utility"",",False
C44_DI_LIGHTWEIGHT_0209,4.4,fairness,Lightweight synthetic DI reported as 0.209,0.209,0.209,0.209,New_Code\01_audit_existing_results.py,01_audit_existing_results.py,"m_id"": ""C44_DI_LIGHTWEIGHT_0209"", ""section"": ""4.4"", ""category"": ""fairness"", ""description"": ""Lightweight synthetic DI reported as 0.209"", ""metric_terms"": [ ""di"", ""disparate impact"", ""disparate_impact"", ], ""target_values"": [0.209], ""tolerance"": 0.003, }, { ""claim_id"": ""C41_ACC_REAL_0983"", ""section"": ""4.4 / Discussion"", ""category"": ""utility"", ""description"": ""Real-data a",False
C44_DI_LIGHTWEIGHT_0209,4.4,fairness,Lightweight synthetic DI reported as 0.209,0.209,0.209,0.209,New_Code\01_audit_existing_results.py,01_audit_existing_results.py,"m_id"": ""C44_DI_LIGHTWEIGHT_0209"", ""section"": ""4.4"", ""category"": ""fairness"", ""description"": ""Lightweight synthetic DI reported as 0.209"", ""metric_terms"": [ ""di"", ""disparate impact"", ""disparate_impact"", ], ""target_values"": [0.209], ""tolerance"": 0.003, }, { ""claim_id"": ""C41_ACC_REAL_0983"", ""section"": ""4.4 / Discussion"", ""category"": ""utility"", ""description"": ""Real-data a",False
C44_DI_LIGHTWEIGHT_0209,4.4,fairness,Lightweight synthetic DI reported as 0.209,0.209,0.209,0.209,New_Code\01_audit_existing_results.py,01_audit_existing_results.py,"ric_terms"": [ ""di"", ""disparate impact"", ""disparate_impact"", ], ""target_values"": [0.209], ""tolerance"": 0.003, }, { ""claim_id"": ""C41_ACC_REAL_0983"", ""section"": ""4.4 / Discussion"", ""category"": ""utility"", ""description"": ""Real-data accuracy reported around 0.983"", ""metric_terms"": [""accuracy"", ""acc""], ""target_values"": [0.983], ""tolerance"": 0.003, }, { ""claim_id"": """,False
C44_DI_LIGHTWEIGHT_0209,4.4,fairness,Lightweight synthetic DI reported as 0.209,0.209,0.209,0.209,New_Code\01_audit_existing_results.py,01_audit_existing_results.py,".003, }, { ""claim_id"": ""C44_DI_LIGHTWEIGHT_0209"", ""section"": ""4.4"", ""category"": ""fairness"", ""description"": ""Lightweight synthetic DI reported as 0.209"", ""metric_terms"": [ ""di"", ""disparate impact"", ""disparate_impact"", ], ""target_values"": [0.209], ""tolerance"": 0.003, }, { ""claim_id"": ""C41_ACC_REAL_0983"", ""section"": ""4.4 / Discussion"", ""category"": ""utility"", ""descript",False
C44_DI_LIGHTWEIGHT_0209,4.4,fairness,Lightweight synthetic DI reported as 0.209,0.209,0.209,0.209,New_Code\01_audit_existing_results.py,01_audit_existing_results.py,".003, }, { ""claim_id"": ""C44_DI_LIGHTWEIGHT_0209"", ""section"": ""4.4"", ""category"": ""fairness"", ""description"": ""Lightweight synthetic DI reported as 0.209"", ""metric_terms"": [ ""di"", ""disparate impact"", ""disparate_impact"", ], ""target_values"": [0.209], ""tolerance"": 0.003, }, { ""claim_id"": ""C41_ACC_REAL_0983"", ""section"": ""4.4 / Discussion"", ""category"": ""utility"", ""descript",False
C44_DI_LIGHTWEIGHT_0209,4.4,fairness,Lightweight synthetic DI reported as 0.209,0.209,0.209,0.209,New_Code\01_audit_existing_results.py,01_audit_existing_results.py,"m_id"": ""C44_DI_LIGHTWEIGHT_0209"", ""section"": ""4.4"", ""category"": ""fairness"", ""description"": ""Lightweight synthetic DI reported as 0.209"", ""metric_terms"": [ ""di"", ""disparate impact"", ""disparate_impact"", ], ""target_values"": [0.209], ""tolerance"": 0.003, }, { ""claim_id"": ""C41_ACC_REAL_0983"", ""section"": ""4.4 / Discussion"", ""category"": ""utility"", ""description"": ""Real-data accuracy report",False
C44_DI_LIGHTWEIGHT_0209,4.4,fairness,Lightweight synthetic DI reported as 0.209,0.209,0.209,0.209,New_Code\01_audit_existing_results.py,01_audit_existing_results.py,"m_id"": ""C44_DI_LIGHTWEIGHT_0209"", ""section"": ""4.4"", ""category"": ""fairness"", ""description"": ""Lightweight synthetic DI reported as 0.209"", ""metric_terms"": [ ""di"", ""disparate impact"", ""disparate_impact"", ], ""target_values"": [0.209], ""tolerance"": 0.003, }, { ""claim_id"": ""C41_ACC_REAL_0983"", ""section"": ""4.4 / Discussion"", ""category"": ""utility"", ""description"": ""Real-data accuracy report",False
C41_ACC_REAL_0983,4.4 / Discussion,utility,Real-data accuracy reported around 0.983,0.983,0.983,0.983,New_Code\01_audit_existing_results.py,01_audit_existing_results.py,"isparate_impact"", ], ""target_values"": [0.209], ""tolerance"": 0.003, }, { ""claim_id"": ""C41_ACC_REAL_0983"", ""section"": ""4.4 / Discussion"", ""category"": ""utility"", ""description"": ""Real-data accuracy reported around 0.983"", ""metric_terms"": [""accuracy"", ""acc""], ""target_values"": [0.983], ""tolerance"": 0.003, }, { ""claim_id"": ""C41_ACC_BASELINE_0957"", ""section"": ""4.5 / 4.6"", ""category"": ""utility",False
C41_ACC_REAL_0983,4.4 / Discussion,utility,Real-data accuracy reported around 0.983,0.983,0.983,0.983,New_Code\01_audit_existing_results.py,01_audit_existing_results.py,"isparate_impact"", ], ""target_values"": [0.209], ""tolerance"": 0.003, }, { ""claim_id"": ""C41_ACC_REAL_0983"", ""section"": ""4.4 / Discussion"", ""category"": ""utility"", ""description"": ""Real-data accuracy reported around 0.983"", ""metric_terms"": [""accuracy"", ""acc""], ""target_values"": [0.983], ""tolerance"": 0.003, }, { ""claim_id"": ""C41_ACC_BASELINE_0957"", ""section"": ""4.5 / 4.6"", ""category"": ""utility",False
C41_ACC_REAL_0983,4.4 / Discussion,utility,Real-data accuracy reported around 0.983,0.983,0.983,0.983,New_Code\01_audit_existing_results.py,01_audit_existing_results.py,"9], ""tolerance"": 0.003, }, { ""claim_id"": ""C41_ACC_REAL_0983"", ""section"": ""4.4 / Discussion"", ""category"": ""utility"", ""description"": ""Real-data accuracy reported around 0.983"", ""metric_terms"": [""accuracy"", ""acc""], ""target_values"": [0.983], ""tolerance"": 0.003, }, { ""claim_id"": ""C41_ACC_BASELINE_0957"", ""section"": ""4.5 / 4.6"", ""category"": ""utility"", ""description"": ""Baseline synthetic accuracy repo",False
C41_ACC_REAL_0983,4.4 / Discussion,utility,Real-data accuracy reported around 0.983,0.983,0.983,0.983,New_Code\01_audit_existing_results.py,01_audit_existing_results.py,"9], ""tolerance"": 0.003, }, { ""claim_id"": ""C41_ACC_REAL_0983"", ""section"": ""4.4 / Discussion"", ""category"": ""utility"", ""description"": ""Real-data accuracy reported around 0.983"", ""metric_terms"": [""accuracy"", ""acc""], ""target_values"": [0.983], ""tolerance"": 0.003, }, { ""claim_id"": ""C41_ACC_BASELINE_0957"", ""section"": ""4.5 / 4.6"", ""category"": ""utility"", ""description"": ""Baseline synthetic accuracy repo",False
C41_ACC_REAL_0983,4.4 / Discussion,utility,Real-data accuracy reported around 0.983,0.983,0.983,0.983,New_Code\01_audit_existing_results.py,01_audit_existing_results.py,""": [""accuracy"", ""acc""], ""target_values"": [0.983], ""tolerance"": 0.003, }, { ""claim_id"": ""C41_ACC_BASELINE_0957"", ""section"": ""4.5 / 4.6"", ""category"": ""utility"", ""description"": ""Baseline synthetic accuracy reported around 0.957"", ""metric_terms"": [""accuracy"", ""acc""], ""target_values"": [0.957], ""tolerance"": 0.003, }, { ""claim_id"": ""C46_ACC_LIGHTWEIGHT_094"", ""section"": ""4.3"", ""category"": ""utility"",",False
C41_ACC_REAL_0983,4.4 / Discussion,utility,Real-data accuracy reported around 0.983,0.983,0.983,0.983,New_Code\01_audit_existing_results.py,01_audit_existing_results.py,"thetic DI reported as 0.209"", ""metric_terms"": [ ""di"", ""disparate impact"", ""disparate_impact"", ], ""target_values"": [0.209], ""tolerance"": 0.003, }, { ""claim_id"": ""C41_ACC_REAL_0983"", ""section"": ""4.4 / Discussion"", ""category"": ""utility"", ""description"": ""Real-data accuracy reported around 0.983"", ""metric_terms"": [""accuracy"", ""acc""], ""target_values"": [0.983], ""tolerance"":",False
C41_ACC_REAL_0983,4.4 / Discussion,utility,Real-data accuracy reported around 0.983,0.983,0.983,0.983,New_Code\01_audit_existing_results.py,01_audit_existing_results.py,"thetic DI reported as 0.209"", ""metric_terms"": [ ""di"", ""disparate impact"", ""disparate_impact"", ], ""target_values"": [0.209], ""tolerance"": 0.003, }, { ""claim_id"": ""C41_ACC_REAL_0983"", ""section"": ""4.4 / Discussion"", ""category"": ""utility"", ""description"": ""Real-data accuracy reported around 0.983"", ""metric_terms"": [""accuracy"", ""acc""], ""target_values"": [0.983], ""tolerance"":",False
C41_ACC_REAL_0983,4.4 / Discussion,utility,Real-data accuracy reported around 0.983,0.983,0.983,0.983,New_Code\01_audit_existing_results.py,01_audit_existing_results.py,"isparate_impact"", ], ""target_values"": [0.209], ""tolerance"": 0.003, }, { ""claim_id"": ""C41_ACC_REAL_0983"", ""section"": ""4.4 / Discussion"", ""category"": ""utility"", ""description"": ""Real-data accuracy reported around 0.983"", ""metric_terms"": [""accuracy"", ""acc""], ""target_values"": [0.983], ""tolerance"": 0.003, }, { ""claim_id"": ""C41_ACC_BASELINE_0957"", ""section"": ""4.5 / 4.6"", ""category"": ""ut",False
C41_ACC_REAL_0983,4.4 / Discussion,utility,Real-data accuracy reported around 0.983,0.983,0.983,0.983,New_Code\01_audit_existing_results.py,01_audit_existing_results.py,"isparate_impact"", ], ""target_values"": [0.209], ""tolerance"": 0.003, }, { ""claim_id"": ""C41_ACC_REAL_0983"", ""section"": ""4.4 / Discussion"", ""category"": ""utility"", ""description"": ""Real-data accuracy reported around 0.983"", ""metric_terms"": [""accuracy"", ""acc""], ""target_values"": [0.983], ""tolerance"": 0.003, }, { ""claim_id"": ""C41_ACC_BASELINE_0957"", ""section"": ""4.5 / 4.6"", ""category"": ""ut",False
C41_ACC_REAL_0983,4.4 / Discussion,utility,Real-data accuracy reported around 0.983,0.983,0.983,0.983,New_Code\01_audit_existing_results.py,01_audit_existing_results.py,"9], ""tolerance"": 0.003, }, { ""claim_id"": ""C41_ACC_REAL_0983"", ""section"": ""4.4 / Discussion"", ""category"": ""utility"", ""description"": ""Real-data accuracy reported around 0.983"", ""metric_terms"": [""accuracy"", ""acc""], ""target_values"": [0.983], ""tolerance"": 0.003, }, { ""claim_id"": ""C41_ACC_BASELINE_0957"", ""section"": ""4.5 / 4.6"", ""category"": ""utility"", ""description"": ""Baseline synthetic accuracy",False
C41_ACC_REAL_0983,4.4 / Discussion,utility,Real-data accuracy reported around 0.983,0.983,0.983,0.983,New_Code\01_audit_existing_results.py,01_audit_existing_results.py,"9], ""tolerance"": 0.003, }, { ""claim_id"": ""C41_ACC_REAL_0983"", ""section"": ""4.4 / Discussion"", ""category"": ""utility"", ""description"": ""Real-data accuracy reported around 0.983"", ""metric_terms"": [""accuracy"", ""acc""], ""target_values"": [0.983], ""tolerance"": 0.003, }, { ""claim_id"": ""C41_ACC_BASELINE_0957"", ""section"": ""4.5 / 4.6"", ""category"": ""utility"", ""description"": ""Baseline synthetic accuracy",False
C41_ACC_REAL_0983,4.4 / Discussion,utility,Real-data accuracy reported around 0.983,0.983,0.983,0.983,New_Code\01_audit_existing_results.py,01_audit_existing_results.py,"""tolerance"": 0.003, }, { ""claim_id"": ""C41_ACC_REAL_0983"", ""section"": ""4.4 / Discussion"", ""category"": ""utility"", ""description"": ""Real-data accuracy reported around 0.983"", ""metric_terms"": [""accuracy"", ""acc""], ""target_values"": [0.983], ""tolerance"": 0.003, }, { ""claim_id"": ""C41_ACC_BASELINE_0957"", ""section"": ""4.5 / 4.6"", ""category"": ""utility"", ""description"": ""Baseline synthetic accuracy reported ar",False
C41_ACC_REAL_0983,4.4 / Discussion,utility,Real-data accuracy reported around 0.983,0.983,0.983,0.983,New_Code\01_audit_existing_results.py,01_audit_existing_results.py,"""tolerance"": 0.003, }, { ""claim_id"": ""C41_ACC_REAL_0983"", ""section"": ""4.4 / Discussion"", ""category"": ""utility"", ""description"": ""Real-data accuracy reported around 0.983"", ""metric_terms"": [""accuracy"", ""acc""], ""target_values"": [0.983], ""tolerance"": 0.003, }, { ""claim_id"": ""C41_ACC_BASELINE_0957"", ""section"": ""4.5 / 4.6"", ""category"": ""utility"", ""description"": ""Baseline synthetic accuracy reported ar",False
C41_ACC_REAL_0983,4.4 / Discussion,utility,Real-data accuracy reported around 0.983,0.983,0.983,0.983,New_Code\01_audit_existing_results.py,01_audit_existing_results.py,"sion"", ""category"": ""utility"", ""description"": ""Real-data accuracy reported around 0.983"", ""metric_terms"": [""accuracy"", ""acc""], ""target_values"": [0.983], ""tolerance"": 0.003, }, { ""claim_id"": ""C41_ACC_BASELINE_0957"", ""section"": ""4.5 / 4.6"", ""category"": ""utility"", ""description"": ""Baseline synthetic accuracy reported around 0.957"", ""metric_terms"": [""accuracy"", ""acc""], ""target_values"": [0.957], ""tolera",False
C41_ACC_REAL_0983,4.4 / Discussion,utility,Real-data accuracy reported around 0.983,0.983,0.983,0.983,New_Code\01_audit_existing_results.py,01_audit_existing_results.py,"sion"", ""category"": ""utility"", ""description"": ""Real-data accuracy reported around 0.983"", ""metric_terms"": [""accuracy"", ""acc""], ""target_values"": [0.983], ""tolerance"": 0.003, }, { ""claim_id"": ""C41_ACC_BASELINE_0957"", ""section"": ""4.5 / 4.6"", ""category"": ""utility"", ""description"": ""Baseline synthetic accuracy reported around 0.957"", ""metric_terms"": [""accuracy"", ""acc""], ""target_values"": [0.957], ""tolera",False
C41_ACC_REAL_0983,4.4 / Discussion,utility,Real-data accuracy reported around 0.983,0.983,0.983,0.983,New_Code\01_audit_existing_results.py,01_audit_existing_results.py,""": [""accuracy"", ""acc""], ""target_values"": [0.983], ""tolerance"": 0.003, }, { ""claim_id"": ""C41_ACC_BASELINE_0957"", ""section"": ""4.5 / 4.6"", ""category"": ""utility"", ""description"": ""Baseline synthetic accuracy reported around 0.957"", ""metric_terms"": [""accuracy"", ""acc""], ""target_values"": [0.957], ""tolerance"": 0.003, }, { ""claim_id"": ""C46_ACC_LIGHTWEIGHT_094"", ""section"": ""4.3"", ""category"": ""utilit",False
C41_ACC_BASELINE_0957,4.5 / 4.6,utility,Baseline synthetic accuracy reported around 0.957,0.957,0.957,0.957,New_Code\01_audit_existing_results.py,01_audit_existing_results.py,""": [""accuracy"", ""acc""], ""target_values"": [0.983], ""tolerance"": 0.003, }, { ""claim_id"": ""C41_ACC_BASELINE_0957"", ""section"": ""4.5 / 4.6"", ""category"": ""utility"", ""description"": ""Baseline synthetic accuracy reported around 0.957"", ""metric_terms"": [""accuracy"", ""acc""], ""target_values"": [0.957], ""tolerance"": 0.003, }, { ""claim_id"": ""C46_ACC_LIGHTWEIGHT_094"", ""section"": ""4.3"", ""category"": ""utility"",",False
C41_ACC_BASELINE_0957,4.5 / 4.6,utility,Baseline synthetic accuracy reported around 0.957,0.957,0.957,0.957,New_Code\01_audit_existing_results.py,01_audit_existing_results.py,""": [""accuracy"", ""acc""], ""target_values"": [0.983], ""tolerance"": 0.003, }, { ""claim_id"": ""C41_ACC_BASELINE_0957"", ""section"": ""4.5 / 4.6"", ""category"": ""utility"", ""description"": ""Baseline synthetic accuracy reported around 0.957"", ""metric_terms"": [""accuracy"", ""acc""], ""target_values"": [0.957], ""tolerance"": 0.003, }, { ""claim_id"": ""C46_ACC_LIGHTWEIGHT_094"", ""section"": ""4.3"", ""category"": ""utility"",",False
C41_ACC_BASELINE_0957,4.5 / 4.6,utility,Baseline synthetic accuracy reported around 0.957,0.957,0.957,0.957,New_Code\01_audit_existing_results.py,01_audit_existing_results.py,"""tolerance"": 0.003, }, { ""claim_id"": ""C41_ACC_BASELINE_0957"", ""section"": ""4.5 / 4.6"", ""category"": ""utility"", ""description"": ""Baseline synthetic accuracy reported around 0.957"", ""metric_terms"": [""accuracy"", ""acc""], ""target_values"": [0.957], ""tolerance"": 0.003, }, { ""claim_id"": ""C46_ACC_LIGHTWEIGHT_094"", ""section"": ""4.3"", ""category"": ""utility"", ""description"": ""Lightweight accuracy reported around",False
C41_ACC_BASELINE_0957,4.5 / 4.6,utility,Baseline synthetic accuracy reported around 0.957,0.957,0.957,0.957,New_Code\01_audit_existing_results.py,01_audit_existing_results.py,"""tolerance"": 0.003, }, { ""claim_id"": ""C41_ACC_BASELINE_0957"", ""section"": ""4.5 / 4.6"", ""category"": ""utility"", ""description"": ""Baseline synthetic accuracy reported around 0.957"", ""metric_terms"": [""accuracy"", ""acc""], ""target_values"": [0.957], ""tolerance"": 0.003, }, { ""claim_id"": ""C46_ACC_LIGHTWEIGHT_094"", ""section"": ""4.3"", ""category"": ""utility"", ""description"": ""Lightweight accuracy reported around",False
C41_ACC_BASELINE_0957,4.5 / 4.6,utility,Baseline synthetic accuracy reported around 0.957,0.957,0.957,0.957,New_Code\01_audit_existing_results.py,01_audit_existing_results.py,"etric_terms"": [""accuracy"", ""acc""], ""target_values"": [0.957], ""tolerance"": 0.003, }, { ""claim_id"": ""C46_ACC_LIGHTWEIGHT_094"", ""section"": ""4.3"", ""category"": ""utility"", ""description"": ""Lightweight accuracy reported around 0.94"", ""metric_terms"": [""accuracy"", ""acc""], ""target_values"": [0.94], ""tolerance"": 0.01, }, { ""claim_id"": ""C46_ACC_LIGHTWEIGHT_0703"", ""section"": ""Discussion"", ""category"": ""utilit",False
C41_ACC_BASELINE_0957,4.5 / 4.6,utility,Baseline synthetic accuracy reported around 0.957,0.957,0.957,0.957,New_Code\01_audit_existing_results.py,01_audit_existing_results.py,": [0.957], ""tolerance"": 0.003, }, { ""claim_id"": ""C46_ACC_LIGHTWEIGHT_094"", ""section"": ""4.3"", ""category"": ""utility"", ""description"": ""Lightweight accuracy reported around 0.94"", ""metric_terms"": [""accuracy"", ""acc""], ""target_values"": [0.94], ""tolerance"": 0.01, }, { ""claim_id"": ""C46_ACC_LIGHTWEIGHT_0703"", ""section"": ""Discussion"", ""category"": ""utility"", ""description"": ""Lightweight accuracy reported",False
C41_ACC_BASELINE_0957,4.5 / 4.6,utility,Baseline synthetic accuracy reported around 0.957,0.957,0.957,0.957,New_Code\01_audit_existing_results.py,01_audit_existing_results.py,"sion"", ""category"": ""utility"", ""description"": ""Real-data accuracy reported around 0.983"", ""metric_terms"": [""accuracy"", ""acc""], ""target_values"": [0.983], ""tolerance"": 0.003, }, { ""claim_id"": ""C41_ACC_BASELINE_0957"", ""section"": ""4.5 / 4.6"", ""category"": ""utility"", ""description"": ""Baseline synthetic accuracy reported around 0.957"", ""metric_terms"": [""accuracy"", ""acc""], ""target_values"": [0.957], ""tolera",False
C41_ACC_BASELINE_0957,4.5 / 4.6,utility,Baseline synthetic accuracy reported around 0.957,0.957,0.957,0.957,New_Code\01_audit_existing_results.py,01_audit_existing_results.py,"sion"", ""category"": ""utility"", ""description"": ""Real-data accuracy reported around 0.983"", ""metric_terms"": [""accuracy"", ""acc""], ""target_values"": [0.983], ""tolerance"": 0.003, }, { ""claim_id"": ""C41_ACC_BASELINE_0957"", ""section"": ""4.5 / 4.6"", ""category"": ""utility"", ""description"": ""Baseline synthetic accuracy reported around 0.957"", ""metric_terms"": [""accuracy"", ""acc""], ""target_values"": [0.957], ""tolera",False
C41_ACC_BASELINE_0957,4.5 / 4.6,utility,Baseline synthetic accuracy reported around 0.957,0.957,0.957,0.957,New_Code\01_audit_existing_results.py,01_audit_existing_results.py,""": [""accuracy"", ""acc""], ""target_values"": [0.983], ""tolerance"": 0.003, }, { ""claim_id"": ""C41_ACC_BASELINE_0957"", ""section"": ""4.5 / 4.6"", ""category"": ""utility"", ""description"": ""Baseline synthetic accuracy reported around 0.957"", ""metric_terms"": [""accuracy"", ""acc""], ""target_values"": [0.957], ""tolerance"": 0.003, }, { ""claim_id"": ""C46_ACC_LIGHTWEIGHT_094"", ""section"": ""4.3"", ""category"": ""utilit",False
C41_ACC_BASELINE_0957,4.5 / 4.6,utility,Baseline synthetic accuracy reported around 0.957,0.957,0.957,0.957,New_Code\01_audit_existing_results.py,01_audit_existing_results.py,""": [""accuracy"", ""acc""], ""target_values"": [0.983], ""tolerance"": 0.003, }, { ""claim_id"": ""C41_ACC_BASELINE_0957"", ""section"": ""4.5 / 4.6"", ""category"": ""utility"", ""description"": ""Baseline synthetic accuracy reported around 0.957"", ""metric_terms"": [""accuracy"", ""acc""], ""target_values"": [0.957], ""tolerance"": 0.003, }, { ""claim_id"": ""C46_ACC_LIGHTWEIGHT_094"", ""section"": ""4.3"", ""category"": ""utilit",False
C41_ACC_BASELINE_0957,4.5 / 4.6,utility,Baseline synthetic accuracy reported around 0.957,0.957,0.957,0.957,New_Code\01_audit_existing_results.py,01_audit_existing_results.py,"""tolerance"": 0.003, }, { ""claim_id"": ""C41_ACC_BASELINE_0957"", ""section"": ""4.5 / 4.6"", ""category"": ""utility"", ""description"": ""Baseline synthetic accuracy reported around 0.957"", ""metric_terms"": [""accuracy"", ""acc""], ""target_values"": [0.957], ""tolerance"": 0.003, }, { ""claim_id"": ""C46_ACC_LIGHTWEIGHT_094"", ""section"": ""4.3"", ""category"": ""utility"", ""description"": ""Lightweight accuracy reported a",False
C41_ACC_BASELINE_0957,4.5 / 4.6,utility,Baseline synthetic accuracy reported around 0.957,0.957,0.957,0.957,New_Code\01_audit_existing_results.py,01_audit_existing_results.py,"""tolerance"": 0.003, }, { ""claim_id"": ""C41_ACC_BASELINE_0957"", ""section"": ""4.5 / 4.6"", ""category"": ""utility"", ""description"": ""Baseline synthetic accuracy reported around 0.957"", ""metric_terms"": [""accuracy"", ""acc""], ""target_values"": [0.957], ""tolerance"": 0.003, }, { ""claim_id"": ""C46_ACC_LIGHTWEIGHT_094"", ""section"": ""4.3"", ""category"": ""utility"", ""description"": ""Lightweight accuracy reported a",False
C41_ACC_BASELINE_0957,4.5 / 4.6,utility,Baseline synthetic accuracy reported around 0.957,0.957,0.957,0.957,New_Code\01_audit_existing_results.py,01_audit_existing_results.py,"rance"": 0.003, }, { ""claim_id"": ""C41_ACC_BASELINE_0957"", ""section"": ""4.5 / 4.6"", ""category"": ""utility"", ""description"": ""Baseline synthetic accuracy reported around 0.957"", ""metric_terms"": [""accuracy"", ""acc""], ""target_values"": [0.957], ""tolerance"": 0.003, }, { ""claim_id"": ""C46_ACC_LIGHTWEIGHT_094"", ""section"": ""4.3"", ""category"": ""utility"", ""description"": ""Lightweight accuracy reported around 0.94"",",False
C41_ACC_BASELINE_0957,4.5 / 4.6,utility,Baseline synthetic accuracy reported around 0.957,0.957,0.957,0.957,New_Code\01_audit_existing_results.py,01_audit_existing_results.py,"rance"": 0.003, }, { ""claim_id"": ""C41_ACC_BASELINE_0957"", ""section"": ""4.5 / 4.6"", ""category"": ""utility"", ""description"": ""Baseline synthetic accuracy reported around 0.957"", ""metric_terms"": [""accuracy"", ""acc""], ""target_values"": [0.957], ""tolerance"": 0.003, }, { ""claim_id"": ""C46_ACC_LIGHTWEIGHT_094"", ""section"": ""4.3"", ""category"": ""utility"", ""description"": ""Lightweight accuracy reported around 0.94"",",False
C41_ACC_BASELINE_0957,4.5 / 4.6,utility,Baseline synthetic accuracy reported around 0.957,0.957,0.957,0.957,New_Code\01_audit_existing_results.py,01_audit_existing_results.py,"""category"": ""utility"", ""description"": ""Baseline synthetic accuracy reported around 0.957"", ""metric_terms"": [""accuracy"", ""acc""], ""target_values"": [0.957], ""tolerance"": 0.003, }, { ""claim_id"": ""C46_ACC_LIGHTWEIGHT_094"", ""section"": ""4.3"", ""category"": ""utility"", ""description"": ""Lightweight accuracy reported around 0.94"", ""metric_terms"": [""accuracy"", ""acc""], ""target_values"": [0.94], ""tolerance"": 0.01,",False
C41_ACC_BASELINE_0957,4.5 / 4.6,utility,Baseline synthetic accuracy reported around 0.957,0.957,0.957,0.957,New_Code\01_audit_existing_results.py,01_audit_existing_results.py,"""category"": ""utility"", ""description"": ""Baseline synthetic accuracy reported around 0.957"", ""metric_terms"": [""accuracy"", ""acc""], ""target_values"": [0.957], ""tolerance"": 0.003, }, { ""claim_id"": ""C46_ACC_LIGHTWEIGHT_094"", ""section"": ""4.3"", ""category"": ""utility"", ""description"": ""Lightweight accuracy reported around 0.94"", ""metric_terms"": [""accuracy"", ""acc""], ""target_values"": [0.94], ""tolerance"": 0.01,",False
C41_ACC_BASELINE_0957,4.5 / 4.6,utility,Baseline synthetic accuracy reported around 0.957,0.957,0.957,0.957,New_Code\01_audit_existing_results.py,01_audit_existing_results.py,"etric_terms"": [""accuracy"", ""acc""], ""target_values"": [0.957], ""tolerance"": 0.003, }, { ""claim_id"": ""C46_ACC_LIGHTWEIGHT_094"", ""section"": ""4.3"", ""category"": ""utility"", ""description"": ""Lightweight accuracy reported around 0.94"", ""metric_terms"": [""accuracy"", ""acc""], ""target_values"": [0.94], ""tolerance"": 0.01, }, { ""claim_id"": ""C46_ACC_LIGHTWEIGHT_0703"", ""section"": ""Discussion"", ""category"": ""u",False
C41_ACC_BASELINE_0957,4.5 / 4.6,utility,Baseline synthetic accuracy reported around 0.957,0.957,0.957,0.957,New_Code\01_audit_existing_results.py,01_audit_existing_results.py,": [0.957], ""tolerance"": 0.003, }, { ""claim_id"": ""C46_ACC_LIGHTWEIGHT_094"", ""section"": ""4.3"", ""category"": ""utility"", ""description"": ""Lightweight accuracy reported around 0.94"", ""metric_terms"": [""accuracy"", ""acc""], ""target_values"": [0.94], ""tolerance"": 0.01, }, { ""claim_id"": ""C46_ACC_LIGHTWEIGHT_0703"", ""section"": ""Discussion"", ""category"": ""utility"", ""description"": ""Lightweight accuracy repo",False
C46_ACC_LIGHTWEIGHT_094,4.3,utility,Lightweight accuracy reported around 0.94,0.94,0.94,0.94,New_Code\01_audit_existing_results.py,01_audit_existing_results.py,"etric_terms"": [""accuracy"", ""acc""], ""target_values"": [0.957], ""tolerance"": 0.003, }, { ""claim_id"": ""C46_ACC_LIGHTWEIGHT_094"", ""section"": ""4.3"", ""category"": ""utility"", ""description"": ""Lightweight accuracy reported around 0.94"", ""metric_terms"": [""accuracy"", ""acc""], ""target_values"": [0.94], ""tolerance"": 0.01, }, { ""claim_id"": ""C46_ACC_LIGHTWEIGHT_0703"", ""section"": ""Discussion"", ""category"": ""utilit",False
C46_ACC_LIGHTWEIGHT_094,4.3,utility,Lightweight accuracy reported around 0.94,0.94,0.94,0.94,New_Code\01_audit_existing_results.py,01_audit_existing_results.py,"etric_terms"": [""accuracy"", ""acc""], ""target_values"": [0.957], ""tolerance"": 0.003, }, { ""claim_id"": ""C46_ACC_LIGHTWEIGHT_094"", ""section"": ""4.3"", ""category"": ""utility"", ""description"": ""Lightweight accuracy reported around 0.94"", ""metric_terms"": [""accuracy"", ""acc""], ""target_values"": [0.94], ""tolerance"": 0.01, }, { ""claim_id"": ""C46_ACC_LIGHTWEIGHT_0703"", ""section"": ""Discussion"", ""category"": ""utilit",False
C46_ACC_LIGHTWEIGHT_094,4.3,utility,Lightweight accuracy reported around 0.94,0.94,0.94,0.94,New_Code\01_audit_existing_results.py,01_audit_existing_results.py,": [0.957], ""tolerance"": 0.003, }, { ""claim_id"": ""C46_ACC_LIGHTWEIGHT_094"", ""section"": ""4.3"", ""category"": ""utility"", ""description"": ""Lightweight accuracy reported around 0.94"", ""metric_terms"": [""accuracy"", ""acc""], ""target_values"": [0.94], ""tolerance"": 0.01, }, { ""claim_id"": ""C46_ACC_LIGHTWEIGHT_0703"", ""section"": ""Discussion"", ""category"": ""utility"", ""description"": ""Lightweight accuracy reported",False
C46_ACC_LIGHTWEIGHT_094,4.3,utility,Lightweight accuracy reported around 0.94,0.94,0.94,0.94,New_Code\01_audit_existing_results.py,01_audit_existing_results.py,": [0.957], ""tolerance"": 0.003, }, { ""claim_id"": ""C46_ACC_LIGHTWEIGHT_094"", ""section"": ""4.3"", ""category"": ""utility"", ""description"": ""Lightweight accuracy reported around 0.94"", ""metric_terms"": [""accuracy"", ""acc""], ""target_values"": [0.94], ""tolerance"": 0.01, }, { ""claim_id"": ""C46_ACC_LIGHTWEIGHT_0703"", ""section"": ""Discussion"", ""category"": ""utility"", ""description"": ""Lightweight accuracy reported",False
C46_ACC_LIGHTWEIGHT_094,4.3,utility,Lightweight accuracy reported around 0.94,0.94,0.94,0.94,New_Code\01_audit_existing_results.py,01_audit_existing_results.py,"terms"": [""accuracy"", ""acc""], ""target_values"": [0.94], ""tolerance"": 0.01, }, { ""claim_id"": ""C46_ACC_LIGHTWEIGHT_0703"", ""section"": ""Discussion"", ""category"": ""utility"", ""description"": ""Lightweight accuracy reported as 0.703"", ""metric_terms"": [""accuracy"", ""acc""], ""target_values"": [0.703], ""tolerance"": 0.003, }, { ""claim_id"": ""C46_F1_LIGHTWEIGHT_091"", ""section"": ""4.3"", ""category"": ""utility"",",False
C46_ACC_LIGHTWEIGHT_094,4.3,utility,Lightweight accuracy reported around 0.94,0.94,0.94,0.94,New_Code\01_audit_existing_results.py,01_audit_existing_results.py,"0.94], ""tolerance"": 0.01, }, { ""claim_id"": ""C46_ACC_LIGHTWEIGHT_0703"", ""section"": ""Discussion"", ""category"": ""utility"", ""description"": ""Lightweight accuracy reported as 0.703"", ""metric_terms"": [""accuracy"", ""acc""], ""target_values"": [0.703], ""tolerance"": 0.003, }, { ""claim_id"": ""C46_F1_LIGHTWEIGHT_091"", ""section"": ""4.3"", ""category"": ""utility"", ""description"": ""Lightweight F1 reported around 0.91"",",False
C46_ACC_LIGHTWEIGHT_094,4.3,utility,Lightweight accuracy reported around 0.94,0.94,0.94,0.94,New_Code\01_audit_existing_results.py,01_audit_existing_results.py,"rance"": 0.003, }, { ""claim_id"": ""C41_ACC_BASELINE_0957"", ""section"": ""4.5 / 4.6"", ""category"": ""utility"", ""description"": ""Baseline synthetic accuracy reported around 0.957"", ""metric_terms"": [""accuracy"", ""acc""], ""target_values"": [0.957], ""tolerance"": 0.003, }, { ""claim_id"": ""C46_ACC_LIGHTWEIGHT_094"", ""section"": ""4.3"", ""category"": ""utility"", ""description"": ""Lightweight accuracy reported around 0.94"",",False
C46_ACC_LIGHTWEIGHT_094,4.3,utility,Lightweight accuracy reported around 0.94,0.94,0.94,0.94,New_Code\01_audit_existing_results.py,01_audit_existing_results.py,"""category"": ""utility"", ""description"": ""Baseline synthetic accuracy reported around 0.957"", ""metric_terms"": [""accuracy"", ""acc""], ""target_values"": [0.957], ""tolerance"": 0.003, }, { ""claim_id"": ""C46_ACC_LIGHTWEIGHT_094"", ""section"": ""4.3"", ""category"": ""utility"", ""description"": ""Lightweight accuracy reported around 0.94"", ""metric_terms"": [""accuracy"", ""acc""], ""target_values"": [0.94], ""tolerance"": 0.01,",False
C46_ACC_LIGHTWEIGHT_094,4.3,utility,Lightweight accuracy reported around 0.94,0.94,0.94,0.94,New_Code\01_audit_existing_results.py,01_audit_existing_results.py,"""category"": ""utility"", ""description"": ""Baseline synthetic accuracy reported around 0.957"", ""metric_terms"": [""accuracy"", ""acc""], ""target_values"": [0.957], ""tolerance"": 0.003, }, { ""claim_id"": ""C46_ACC_LIGHTWEIGHT_094"", ""section"": ""4.3"", ""category"": ""utility"", ""description"": ""Lightweight accuracy reported around 0.94"", ""metric_terms"": [""accuracy"", ""acc""], ""target_values"": [0.94], ""tolerance"": 0.01,",False
C46_ACC_LIGHTWEIGHT_094,4.3,utility,Lightweight accuracy reported around 0.94,0.94,0.94,0.94,New_Code\01_audit_existing_results.py,01_audit_existing_results.py,"etric_terms"": [""accuracy"", ""acc""], ""target_values"": [0.957], ""tolerance"": 0.003, }, { ""claim_id"": ""C46_ACC_LIGHTWEIGHT_094"", ""section"": ""4.3"", ""category"": ""utility"", ""description"": ""Lightweight accuracy reported around 0.94"", ""metric_terms"": [""accuracy"", ""acc""], ""target_values"": [0.94], ""tolerance"": 0.01, }, { ""claim_id"": ""C46_ACC_LIGHTWEIGHT_0703"", ""section"": ""Discussion"", ""category"": ""u",False
C46_ACC_LIGHTWEIGHT_094,4.3,utility,Lightweight accuracy reported around 0.94,0.94,0.94,0.94,New_Code\01_audit_existing_results.py,01_audit_existing_results.py,"etric_terms"": [""accuracy"", ""acc""], ""target_values"": [0.957], ""tolerance"": 0.003, }, { ""claim_id"": ""C46_ACC_LIGHTWEIGHT_094"", ""section"": ""4.3"", ""category"": ""utility"", ""description"": ""Lightweight accuracy reported around 0.94"", ""metric_terms"": [""accuracy"", ""acc""], ""target_values"": [0.94], ""tolerance"": 0.01, }, { ""claim_id"": ""C46_ACC_LIGHTWEIGHT_0703"", ""section"": ""Discussion"", ""category"": ""u",False
C46_ACC_LIGHTWEIGHT_094,4.3,utility,Lightweight accuracy reported around 0.94,0.94,0.94,0.94,New_Code\01_audit_existing_results.py,01_audit_existing_results.py,": [0.957], ""tolerance"": 0.003, }, { ""claim_id"": ""C46_ACC_LIGHTWEIGHT_094"", ""section"": ""4.3"", ""category"": ""utility"", ""description"": ""Lightweight accuracy reported around 0.94"", ""metric_terms"": [""accuracy"", ""acc""], ""target_values"": [0.94], ""tolerance"": 0.01, }, { ""claim_id"": ""C46_ACC_LIGHTWEIGHT_0703"", ""section"": ""Discussion"", ""category"": ""utility"", ""description"": ""Lightweight accuracy repo",False
C46_ACC_LIGHTWEIGHT_094,4.3,utility,Lightweight accuracy reported around 0.94,0.94,0.94,0.94,New_Code\01_audit_existing_results.py,01_audit_existing_results.py,": [0.957], ""tolerance"": 0.003, }, { ""claim_id"": ""C46_ACC_LIGHTWEIGHT_094"", ""section"": ""4.3"", ""category"": ""utility"", ""description"": ""Lightweight accuracy reported around 0.94"", ""metric_terms"": [""accuracy"", ""acc""], ""target_values"": [0.94], ""tolerance"": 0.01, }, { ""claim_id"": ""C46_ACC_LIGHTWEIGHT_0703"", ""section"": ""Discussion"", ""category"": ""utility"", ""description"": ""Lightweight accuracy repo",False
C46_ACC_LIGHTWEIGHT_094,4.3,utility,Lightweight accuracy reported around 0.94,0.94,0.94,0.94,New_Code\01_audit_existing_results.py,01_audit_existing_results.py,"""tolerance"": 0.003, }, { ""claim_id"": ""C46_ACC_LIGHTWEIGHT_094"", ""section"": ""4.3"", ""category"": ""utility"", ""description"": ""Lightweight accuracy reported around 0.94"", ""metric_terms"": [""accuracy"", ""acc""], ""target_values"": [0.94], ""tolerance"": 0.01, }, { ""claim_id"": ""C46_ACC_LIGHTWEIGHT_0703"", ""section"": ""Discussion"", ""category"": ""utility"", ""description"": ""Lightweight accuracy reported as 0.70",False
C46_ACC_LIGHTWEIGHT_094,4.3,utility,Lightweight accuracy reported around 0.94,0.94,0.94,0.94,New_Code\01_audit_existing_results.py,01_audit_existing_results.py,"""tolerance"": 0.003, }, { ""claim_id"": ""C46_ACC_LIGHTWEIGHT_094"", ""section"": ""4.3"", ""category"": ""utility"", ""description"": ""Lightweight accuracy reported around 0.94"", ""metric_terms"": [""accuracy"", ""acc""], ""target_values"": [0.94], ""tolerance"": 0.01, }, { ""claim_id"": ""C46_ACC_LIGHTWEIGHT_0703"", ""section"": ""Discussion"", ""category"": ""utility"", ""description"": ""Lightweight accuracy reported as 0.70",False
C46_ACC_LIGHTWEIGHT_094,4.3,utility,Lightweight accuracy reported around 0.94,0.94,0.94,0.94,New_Code\01_audit_existing_results.py,01_audit_existing_results.py,"""4.3"", ""category"": ""utility"", ""description"": ""Lightweight accuracy reported around 0.94"", ""metric_terms"": [""accuracy"", ""acc""], ""target_values"": [0.94], ""tolerance"": 0.01, }, { ""claim_id"": ""C46_ACC_LIGHTWEIGHT_0703"", ""section"": ""Discussion"", ""category"": ""utility"", ""description"": ""Lightweight accuracy reported as 0.703"", ""metric_terms"": [""accuracy"", ""acc""], ""target_values"": [0.703], ""tolerance"": 0",False
C46_ACC_LIGHTWEIGHT_094,4.3,utility,Lightweight accuracy reported around 0.94,0.94,0.94,0.94,New_Code\01_audit_existing_results.py,01_audit_existing_results.py,"""4.3"", ""category"": ""utility"", ""description"": ""Lightweight accuracy reported around 0.94"", ""metric_terms"": [""accuracy"", ""acc""], ""target_values"": [0.94], ""tolerance"": 0.01, }, { ""claim_id"": ""C46_ACC_LIGHTWEIGHT_0703"", ""section"": ""Discussion"", ""category"": ""utility"", ""description"": ""Lightweight accuracy reported as 0.703"", ""metric_terms"": [""accuracy"", ""acc""], ""target_values"": [0.703], ""tolerance"": 0",False
C46_ACC_LIGHTWEIGHT_094,4.3,utility,Lightweight accuracy reported around 0.94,0.94,0.94,0.94,New_Code\01_audit_existing_results.py,01_audit_existing_results.py,"0.94], ""tolerance"": 0.01, }, { ""claim_id"": ""C46_ACC_LIGHTWEIGHT_0703"", ""section"": ""Discussion"", ""category"": ""utility"", ""description"": ""Lightweight accuracy reported as 0.703"", ""metric_terms"": [""accuracy"", ""acc""], ""target_values"": [0.703], ""tolerance"": 0.003, }, { ""claim_id"": ""C46_F1_LIGHTWEIGHT_091"", ""section"": ""4.3"", ""category"": ""utility"", ""description"": ""Lightweight F1 reported around 0",False
C46_ACC_LIGHTWEIGHT_0703,Discussion,utility,Lightweight accuracy reported as 0.703,0.703,0.703,0.703,New_Code\01_audit_existing_results.py,01_audit_existing_results.py,"terms"": [""accuracy"", ""acc""], ""target_values"": [0.94], ""tolerance"": 0.01, }, { ""claim_id"": ""C46_ACC_LIGHTWEIGHT_0703"", ""section"": ""Discussion"", ""category"": ""utility"", ""description"": ""Lightweight accuracy reported as 0.703"", ""metric_terms"": [""accuracy"", ""acc""], ""target_values"": [0.703], ""tolerance"": 0.003, }, { ""claim_id"": ""C46_F1_LIGHTWEIGHT_091"", ""section"": ""4.3"", ""category"": ""utility"",",False
C46_ACC_LIGHTWEIGHT_0703,Discussion,utility,Lightweight accuracy reported as 0.703,0.703,0.703,0.703,New_Code\01_audit_existing_results.py,01_audit_existing_results.py,"terms"": [""accuracy"", ""acc""], ""target_values"": [0.94], ""tolerance"": 0.01, }, { ""claim_id"": ""C46_ACC_LIGHTWEIGHT_0703"", ""section"": ""Discussion"", ""category"": ""utility"", ""description"": ""Lightweight accuracy reported as 0.703"", ""metric_terms"": [""accuracy"", ""acc""], ""target_values"": [0.703], ""tolerance"": 0.003, }, { ""claim_id"": ""C46_F1_LIGHTWEIGHT_091"", ""section"": ""4.3"", ""category"": ""utility"",",False
C46_ACC_LIGHTWEIGHT_0703,Discussion,utility,Lightweight accuracy reported as 0.703,0.703,0.703,0.703,New_Code\01_audit_existing_results.py,01_audit_existing_results.py,"0.94], ""tolerance"": 0.01, }, { ""claim_id"": ""C46_ACC_LIGHTWEIGHT_0703"", ""section"": ""Discussion"", ""category"": ""utility"", ""description"": ""Lightweight accuracy reported as 0.703"", ""metric_terms"": [""accuracy"", ""acc""], ""target_values"": [0.703], ""tolerance"": 0.003, }, { ""claim_id"": ""C46_F1_LIGHTWEIGHT_091"", ""section"": ""4.3"", ""category"": ""utility"", ""description"": ""Lightweight F1 reported around 0.91"",",False
C46_ACC_LIGHTWEIGHT_0703,Discussion,utility,Lightweight accuracy reported as 0.703,0.703,0.703,0.703,New_Code\01_audit_existing_results.py,01_audit_existing_results.py,"0.94], ""tolerance"": 0.01, }, { ""claim_id"": ""C46_ACC_LIGHTWEIGHT_0703"", ""section"": ""Discussion"", ""category"": ""utility"", ""description"": ""Lightweight accuracy reported as 0.703"", ""metric_terms"": [""accuracy"", ""acc""], ""target_values"": [0.703], ""tolerance"": 0.003, }, { ""claim_id"": ""C46_F1_LIGHTWEIGHT_091"", ""section"": ""4.3"", ""category"": ""utility"", ""description"": ""Lightweight F1 reported around 0.91"",",False
C46_ACC_LIGHTWEIGHT_0703,Discussion,utility,Lightweight accuracy reported as 0.703,0.703,0.703,0.703,New_Code\01_audit_existing_results.py,01_audit_existing_results.py,"""4.3"", ""category"": ""utility"", ""description"": ""Lightweight accuracy reported around 0.94"", ""metric_terms"": [""accuracy"", ""acc""], ""target_values"": [0.94], ""tolerance"": 0.01, }, { ""claim_id"": ""C46_ACC_LIGHTWEIGHT_0703"", ""section"": ""Discussion"", ""category"": ""utility"", ""description"": ""Lightweight accuracy reported as 0.703"", ""metric_terms"": [""accuracy"", ""acc""], ""target_values"": [0.703], ""tolerance"": 0",False
C46_ACC_LIGHTWEIGHT_0703,Discussion,utility,Lightweight accuracy reported as 0.703,0.703,0.703,0.703,New_Code\01_audit_existing_results.py,01_audit_existing_results.py,"""4.3"", ""category"": ""utility"", ""description"": ""Lightweight accuracy reported around 0.94"", ""metric_terms"": [""accuracy"", ""acc""], ""target_values"": [0.94], ""tolerance"": 0.01, }, { ""claim_id"": ""C46_ACC_LIGHTWEIGHT_0703"", ""section"": ""Discussion"", ""category"": ""utility"", ""description"": ""Lightweight accuracy reported as 0.703"", ""metric_terms"": [""accuracy"", ""acc""], ""target_values"": [0.703], ""tolerance"": 0",False
C46_ACC_LIGHTWEIGHT_0703,Discussion,utility,Lightweight accuracy reported as 0.703,0.703,0.703,0.703,New_Code\01_audit_existing_results.py,01_audit_existing_results.py,"0.94], ""tolerance"": 0.01, }, { ""claim_id"": ""C46_ACC_LIGHTWEIGHT_0703"", ""section"": ""Discussion"", ""category"": ""utility"", ""description"": ""Lightweight accuracy reported as 0.703"", ""metric_terms"": [""accuracy"", ""acc""], ""target_values"": [0.703], ""tolerance"": 0.003, }, { ""claim_id"": ""C46_F1_LIGHTWEIGHT_091"", ""section"": ""4.3"", ""category"": ""utility"", ""description"": ""Lightweight F1 reported around 0",False
C46_ACC_LIGHTWEIGHT_0703,Discussion,utility,Lightweight accuracy reported as 0.703,0.703,0.703,0.703,New_Code\01_audit_existing_results.py,01_audit_existing_results.py,"0.94], ""tolerance"": 0.01, }, { ""claim_id"": ""C46_ACC_LIGHTWEIGHT_0703"", ""section"": ""Discussion"", ""category"": ""utility"", ""description"": ""Lightweight accuracy reported as 0.703"", ""metric_terms"": [""accuracy"", ""acc""], ""target_values"": [0.703], ""tolerance"": 0.003, }, { ""claim_id"": ""C46_F1_LIGHTWEIGHT_091"", ""section"": ""4.3"", ""category"": ""utility"", ""description"": ""Lightweight F1 reported around 0",False
C46_ACC_LIGHTWEIGHT_0703,Discussion,utility,Lightweight accuracy reported as 0.703,0.703,0.703,0.703,New_Code\01_audit_existing_results.py,01_audit_existing_results.py,"""tolerance"": 0.01, }, { ""claim_id"": ""C46_ACC_LIGHTWEIGHT_0703"", ""section"": ""Discussion"", ""category"": ""utility"", ""description"": ""Lightweight accuracy reported as 0.703"", ""metric_terms"": [""accuracy"", ""acc""], ""target_values"": [0.703], ""tolerance"": 0.003, }, { ""claim_id"": ""C46_F1_LIGHTWEIGHT_091"", ""section"": ""4.3"", ""category"": ""utility"", ""description"": ""Lightweight F1 reported around 0.91"",",False
C46_ACC_LIGHTWEIGHT_0703,Discussion,utility,Lightweight accuracy reported as 0.703,0.703,0.703,0.703,New_Code\01_audit_existing_results.py,01_audit_existing_results.py,"""tolerance"": 0.01, }, { ""claim_id"": ""C46_ACC_LIGHTWEIGHT_0703"", ""section"": ""Discussion"", ""category"": ""utility"", ""description"": ""Lightweight accuracy reported as 0.703"", ""metric_terms"": [""accuracy"", ""acc""], ""target_values"": [0.703], ""tolerance"": 0.003, }, { ""claim_id"": ""C46_F1_LIGHTWEIGHT_091"", ""section"": ""4.3"", ""category"": ""utility"", ""description"": ""Lightweight F1 reported around 0.91"",",False
C46_F1_LIGHTWEIGHT_091,4.3,utility,Lightweight F1 reported around 0.91,0.91,0.91,0.91,New_Code\01_audit_existing_results.py,01_audit_existing_results.py,"ussion"", ""category"": ""utility"", ""description"": ""Lightweight accuracy reported as 0.703"", ""metric_terms"": [""accuracy"", ""acc""], ""target_values"": [0.703], ""tolerance"": 0.003, }, { ""claim_id"": ""C46_F1_LIGHTWEIGHT_091"", ""section"": ""4.3"", ""category"": ""utility"", ""description"": ""Lightweight F1 reported around 0.91"", ""metric_terms"": [""f1"", ""f1-score"", ""f1_score""], ""target_values"": [0.91], ""tolerance"": 0.",False
C46_F1_LIGHTWEIGHT_091,4.3,utility,Lightweight F1 reported around 0.91,0.91,0.91,0.91,New_Code\01_audit_existing_results.py,01_audit_existing_results.py,"ussion"", ""category"": ""utility"", ""description"": ""Lightweight accuracy reported as 0.703"", ""metric_terms"": [""accuracy"", ""acc""], ""target_values"": [0.703], ""tolerance"": 0.003, }, { ""claim_id"": ""C46_F1_LIGHTWEIGHT_091"", ""section"": ""4.3"", ""category"": ""utility"", ""description"": ""Lightweight F1 reported around 0.91"", ""metric_terms"": [""f1"", ""f1-score"", ""f1_score""], ""target_values"": [0.91], ""tolerance"": 0.",False
C46_F1_LIGHTWEIGHT_091,4.3,utility,Lightweight F1 reported around 0.91,0.91,0.91,0.91,New_Code\01_audit_existing_results.py,01_audit_existing_results.py,"metric_terms"": [""accuracy"", ""acc""], ""target_values"": [0.703], ""tolerance"": 0.003, }, { ""claim_id"": ""C46_F1_LIGHTWEIGHT_091"", ""section"": ""4.3"", ""category"": ""utility"", ""description"": ""Lightweight F1 reported around 0.91"", ""metric_terms"": [""f1"", ""f1-score"", ""f1_score""], ""target_values"": [0.91], ""tolerance"": 0.01, }, { ""claim_id"": ""C46_AUC_BASELINE_0996"", ""section"": ""4.5 / Discussion"", ""cate",False
C46_F1_LIGHTWEIGHT_091,4.3,utility,Lightweight F1 reported around 0.91,0.91,0.91,0.91,New_Code\01_audit_existing_results.py,01_audit_existing_results.py,"metric_terms"": [""accuracy"", ""acc""], ""target_values"": [0.703], ""tolerance"": 0.003, }, { ""claim_id"": ""C46_F1_LIGHTWEIGHT_091"", ""section"": ""4.3"", ""category"": ""utility"", ""description"": ""Lightweight F1 reported around 0.91"", ""metric_terms"": [""f1"", ""f1-score"", ""f1_score""], ""target_values"": [0.91], ""tolerance"": 0.01, }, { ""claim_id"": ""C46_AUC_BASELINE_0996"", ""section"": ""4.5 / Discussion"", ""cate",False
C46_F1_LIGHTWEIGHT_091,4.3,utility,Lightweight F1 reported around 0.91,0.91,0.91,0.91,New_Code\01_audit_existing_results.py,01_audit_existing_results.py,"values"": [0.703], ""tolerance"": 0.003, }, { ""claim_id"": ""C46_F1_LIGHTWEIGHT_091"", ""section"": ""4.3"", ""category"": ""utility"", ""description"": ""Lightweight F1 reported around 0.91"", ""metric_terms"": [""f1"", ""f1-score"", ""f1_score""], ""target_values"": [0.91], ""tolerance"": 0.01, }, { ""claim_id"": ""C46_AUC_BASELINE_0996"", ""section"": ""4.5 / Discussion"", ""category"": ""utility"", ""description"": ""Baseline R",False
C46_F1_LIGHTWEIGHT_091,4.3,utility,Lightweight F1 reported around 0.91,0.91,0.91,0.91,New_Code\01_audit_existing_results.py,01_audit_existing_results.py,"values"": [0.703], ""tolerance"": 0.003, }, { ""claim_id"": ""C46_F1_LIGHTWEIGHT_091"", ""section"": ""4.3"", ""category"": ""utility"", ""description"": ""Lightweight F1 reported around 0.91"", ""metric_terms"": [""f1"", ""f1-score"", ""f1_score""], ""target_values"": [0.91], ""tolerance"": 0.01, }, { ""claim_id"": ""C46_AUC_BASELINE_0996"", ""section"": ""4.5 / Discussion"", ""category"": ""utility"", ""description"": ""Baseline R",False
C46_F1_LIGHTWEIGHT_091,4.3,utility,Lightweight F1 reported around 0.91,0.91,0.91,0.91,New_Code\01_audit_existing_results.py,01_audit_existing_results.py,""": [0.703], ""tolerance"": 0.003, }, { ""claim_id"": ""C46_F1_LIGHTWEIGHT_091"", ""section"": ""4.3"", ""category"": ""utility"", ""description"": ""Lightweight F1 reported around 0.91"", ""metric_terms"": [""f1"", ""f1-score"", ""f1_score""], ""target_values"": [0.91], ""tolerance"": 0.01, }, { ""claim_id"": ""C46_AUC_BASELINE_0996"", ""section"": ""4.5 / Discussion"", ""category"": ""utility"", ""description"": ""Baseline ROC-AUC",False
C46_F1_LIGHTWEIGHT_091,4.3,utility,Lightweight F1 reported around 0.91,0.91,0.91,0.91,New_Code\01_audit_existing_results.py,01_audit_existing_results.py,""": [0.703], ""tolerance"": 0.003, }, { ""claim_id"": ""C46_F1_LIGHTWEIGHT_091"", ""section"": ""4.3"", ""category"": ""utility"", ""description"": ""Lightweight F1 reported around 0.91"", ""metric_terms"": [""f1"", ""f1-score"", ""f1_score""], ""target_values"": [0.91], ""tolerance"": 0.01, }, { ""claim_id"": ""C46_AUC_BASELINE_0996"", ""section"": ""4.5 / Discussion"", ""category"": ""utility"", ""description"": ""Baseline ROC-AUC",False
C46_F1_LIGHTWEIGHT_091,4.3,utility,Lightweight F1 reported around 0.91,0.91,0.91,0.91,New_Code\01_audit_existing_results.py,01_audit_existing_results.py,"""tolerance"": 0.003, }, { ""claim_id"": ""C46_F1_LIGHTWEIGHT_091"", ""section"": ""4.3"", ""category"": ""utility"", ""description"": ""Lightweight F1 reported around 0.91"", ""metric_terms"": [""f1"", ""f1-score"", ""f1_score""], ""target_values"": [0.91], ""tolerance"": 0.01, }, { ""claim_id"": ""C46_AUC_BASELINE_0996"", ""section"": ""4.5 / Discussion"", ""category"": ""utility"", ""description"": ""Baseline ROC-AUC reported ar",False
C46_F1_LIGHTWEIGHT_091,4.3,utility,Lightweight F1 reported around 0.91,0.91,0.91,0.91,New_Code\01_audit_existing_results.py,01_audit_existing_results.py,"""tolerance"": 0.003, }, { ""claim_id"": ""C46_F1_LIGHTWEIGHT_091"", ""section"": ""4.3"", ""category"": ""utility"", ""description"": ""Lightweight F1 reported around 0.91"", ""metric_terms"": [""f1"", ""f1-score"", ""f1_score""], ""target_values"": [0.91], ""tolerance"": 0.01, }, { ""claim_id"": ""C46_AUC_BASELINE_0996"", ""section"": ""4.5 / Discussion"", ""category"": ""utility"", ""description"": ""Baseline ROC-AUC reported ar",False
C46_F1_LIGHTWEIGHT_091,4.3,utility,Lightweight F1 reported around 0.91,0.91,0.91,0.91,New_Code\01_audit_existing_results.py,01_audit_existing_results.py,""": [0.703], ""tolerance"": 0.003, }, { ""claim_id"": ""C46_F1_LIGHTWEIGHT_091"", ""section"": ""4.3"", ""category"": ""utility"", ""description"": ""Lightweight F1 reported around 0.91"", ""metric_terms"": [""f1"", ""f1-score"", ""f1_score""], ""target_values"": [0.91], ""tolerance"": 0.01, }, { ""claim_id"": ""C46_AUC_BASELINE_0996"", ""section"": ""4.5 / Discussion"", ""category"": ""utility"", ""description"": ""Baseline ROC-AUC repor",False
C46_F1_LIGHTWEIGHT_091,4.3,utility,Lightweight F1 reported around 0.91,0.91,0.91,0.91,New_Code\01_audit_existing_results.py,01_audit_existing_results.py,""": [0.703], ""tolerance"": 0.003, }, { ""claim_id"": ""C46_F1_LIGHTWEIGHT_091"", ""section"": ""4.3"", ""category"": ""utility"", ""description"": ""Lightweight F1 reported around 0.91"", ""metric_terms"": [""f1"", ""f1-score"", ""f1_score""], ""target_values"": [0.91], ""tolerance"": 0.01, }, { ""claim_id"": ""C46_AUC_BASELINE_0996"", ""section"": ""4.5 / Discussion"", ""category"": ""utility"", ""description"": ""Baseline ROC-AUC repor",False
C46_F1_LIGHTWEIGHT_091,4.3,utility,Lightweight F1 reported around 0.91,0.91,0.91,0.91,New_Code\01_audit_existing_results.py,01_audit_existing_results.py,"""tolerance"": 0.003, }, { ""claim_id"": ""C46_F1_LIGHTWEIGHT_091"", ""section"": ""4.3"", ""category"": ""utility"", ""description"": ""Lightweight F1 reported around 0.91"", ""metric_terms"": [""f1"", ""f1-score"", ""f1_score""], ""target_values"": [0.91], ""tolerance"": 0.01, }, { ""claim_id"": ""C46_AUC_BASELINE_0996"", ""section"": ""4.5 / Discussion"", ""category"": ""utility"", ""description"": ""Baseline ROC-AUC reported around 0",False
C46_F1_LIGHTWEIGHT_091,4.3,utility,Lightweight F1 reported around 0.91,0.91,0.91,0.91,New_Code\01_audit_existing_results.py,01_audit_existing_results.py,"""tolerance"": 0.003, }, { ""claim_id"": ""C46_F1_LIGHTWEIGHT_091"", ""section"": ""4.3"", ""category"": ""utility"", ""description"": ""Lightweight F1 reported around 0.91"", ""metric_terms"": [""f1"", ""f1-score"", ""f1_score""], ""target_values"": [0.91], ""tolerance"": 0.01, }, { ""claim_id"": ""C46_AUC_BASELINE_0996"", ""section"": ""4.5 / Discussion"", ""category"": ""utility"", ""description"": ""Baseline ROC-AUC reported around 0",False
C46_AUC_BASELINE_0996,4.5 / Discussion,utility,Baseline ROC-AUC reported around 0.996,0.996,0.996,0.996,New_Code\01_audit_existing_results.py,01_audit_existing_results.py,""", ""category"": ""utility"", ""description"": ""Lightweight F1 reported around 0.91"", ""metric_terms"": [""f1"", ""f1-score"", ""f1_score""], ""target_values"": [0.91], ""tolerance"": 0.01, }, { ""claim_id"": ""C46_AUC_BASELINE_0996"", ""section"": ""4.5 / Discussion"", ""category"": ""utility"", ""description"": ""Baseline ROC-AUC reported around 0.996"", ""metric_terms"": [""auc"", ""roc_auc"", ""roc-auc"", ""roc auc""], ""target_values"": [0.996]",False
C46_AUC_BASELINE_0996,4.5 / Discussion,utility,Baseline ROC-AUC reported around 0.996,0.996,0.996,0.996,New_Code\01_audit_existing_results.py,01_audit_existing_results.py,""", ""category"": ""utility"", ""description"": ""Lightweight F1 reported around 0.91"", ""metric_terms"": [""f1"", ""f1-score"", ""f1_score""], ""target_values"": [0.91], ""tolerance"": 0.01, }, { ""claim_id"": ""C46_AUC_BASELINE_0996"", ""section"": ""4.5 / Discussion"", ""category"": ""utility"", ""description"": ""Baseline ROC-AUC reported around 0.996"", ""metric_terms"": [""auc"", ""roc_auc"", ""roc-auc"", ""roc auc""], ""target_values"": [0.996]",False
C46_AUC_BASELINE_0996,4.5 / Discussion,utility,Baseline ROC-AUC reported around 0.996,0.996,0.996,0.996,New_Code\01_audit_existing_results.py,01_audit_existing_results.py,"""f1-score"", ""f1_score""], ""target_values"": [0.91], ""tolerance"": 0.01, }, { ""claim_id"": ""C46_AUC_BASELINE_0996"", ""section"": ""4.5 / Discussion"", ""category"": ""utility"", ""description"": ""Baseline ROC-AUC reported around 0.996"", ""metric_terms"": [""auc"", ""roc_auc"", ""roc-auc"", ""roc auc""], ""target_values"": [0.996], ""tolerance"": 0.003, }, { ""claim_id"": ""C46_AUC_LIGHTWEIGHT_0801"", ""section"": ""Discussion"",",False
C46_AUC_BASELINE_0996,4.5 / Discussion,utility,Baseline ROC-AUC reported around 0.996,0.996,0.996,0.996,New_Code\01_audit_existing_results.py,01_audit_existing_results.py,"""f1-score"", ""f1_score""], ""target_values"": [0.91], ""tolerance"": 0.01, }, { ""claim_id"": ""C46_AUC_BASELINE_0996"", ""section"": ""4.5 / Discussion"", ""category"": ""utility"", ""description"": ""Baseline ROC-AUC reported around 0.996"", ""metric_terms"": [""auc"", ""roc_auc"", ""roc-auc"", ""roc auc""], ""target_values"": [0.996], ""tolerance"": 0.003, }, { ""claim_id"": ""C46_AUC_LIGHTWEIGHT_0801"", ""section"": ""Discussion"",",False
C46_AUC_BASELINE_0996,4.5 / Discussion,utility,Baseline ROC-AUC reported around 0.996,0.996,0.996,0.996,New_Code\01_audit_existing_results.py,01_audit_existing_results.py,"1], ""tolerance"": 0.01, }, { ""claim_id"": ""C46_AUC_BASELINE_0996"", ""section"": ""4.5 / Discussion"", ""category"": ""utility"", ""description"": ""Baseline ROC-AUC reported around 0.996"", ""metric_terms"": [""auc"", ""roc_auc"", ""roc-auc"", ""roc auc""], ""target_values"": [0.996], ""tolerance"": 0.003, }, { ""claim_id"": ""C46_AUC_LIGHTWEIGHT_0801"", ""section"": ""Discussion"", ""category"": ""utility"", ""description"": ""Li",False
C46_AUC_BASELINE_0996,4.5 / Discussion,utility,Baseline ROC-AUC reported around 0.996,0.996,0.996,0.996,New_Code\01_audit_existing_results.py,01_audit_existing_results.py,"1], ""tolerance"": 0.01, }, { ""claim_id"": ""C46_AUC_BASELINE_0996"", ""section"": ""4.5 / Discussion"", ""category"": ""utility"", ""description"": ""Baseline ROC-AUC reported around 0.996"", ""metric_terms"": [""auc"", ""roc_auc"", ""roc-auc"", ""roc auc""], ""target_values"": [0.996], ""tolerance"": 0.003, }, { ""claim_id"": ""C46_AUC_LIGHTWEIGHT_0801"", ""section"": ""Discussion"", ""category"": ""utility"", ""description"": ""Li",False
C46_AUC_BASELINE_0996,4.5 / Discussion,utility,Baseline ROC-AUC reported around 0.996,0.996,0.996,0.996,New_Code\01_audit_existing_results.py,01_audit_existing_results.py,"""tolerance"": 0.01, }, { ""claim_id"": ""C46_AUC_BASELINE_0996"", ""section"": ""4.5 / Discussion"", ""category"": ""utility"", ""description"": ""Baseline ROC-AUC reported around 0.996"", ""metric_terms"": [""auc"", ""roc_auc"", ""roc-auc"", ""roc auc""], ""target_values"": [0.996], ""tolerance"": 0.003, }, { ""claim_id"": ""C46_AUC_LIGHTWEIGHT_0801"", ""section"": ""Discussion"", ""category"": ""utility"", ""description"": ""Lightweight R",False
C46_AUC_BASELINE_0996,4.5 / Discussion,utility,Baseline ROC-AUC reported around 0.996,0.996,0.996,0.996,New_Code\01_audit_existing_results.py,01_audit_existing_results.py,"""tolerance"": 0.01, }, { ""claim_id"": ""C46_AUC_BASELINE_0996"", ""section"": ""4.5 / Discussion"", ""category"": ""utility"", ""description"": ""Baseline ROC-AUC reported around 0.996"", ""metric_terms"": [""auc"", ""roc_auc"", ""roc-auc"", ""roc auc""], ""target_values"": [0.996], ""tolerance"": 0.003, }, { ""claim_id"": ""C46_AUC_LIGHTWEIGHT_0801"", ""section"": ""Discussion"", ""category"": ""utility"", ""description"": ""Lightweight R",False
C46_AUC_BASELINE_0996,4.5 / Discussion,utility,Baseline ROC-AUC reported around 0.996,0.996,0.996,0.996,New_Code\01_audit_existing_results.py,01_audit_existing_results.py,""": 0.01, }, { ""claim_id"": ""C46_AUC_BASELINE_0996"", ""section"": ""4.5 / Discussion"", ""category"": ""utility"", ""description"": ""Baseline ROC-AUC reported around 0.996"", ""metric_terms"": [""auc"", ""roc_auc"", ""roc-auc"", ""roc auc""], ""target_values"": [0.996], ""tolerance"": 0.003, }, { ""claim_id"": ""C46_AUC_LIGHTWEIGHT_0801"", ""section"": ""Discussion"", ""category"": ""utility"", ""description"": ""Lightweight ROC-AUC repo",False
C46_AUC_BASELINE_0996,4.5 / Discussion,utility,Baseline ROC-AUC reported around 0.996,0.996,0.996,0.996,New_Code\01_audit_existing_results.py,01_audit_existing_results.py,""": 0.01, }, { ""claim_id"": ""C46_AUC_BASELINE_0996"", ""section"": ""4.5 / Discussion"", ""category"": ""utility"", ""description"": ""Baseline ROC-AUC reported around 0.996"", ""metric_terms"": [""auc"", ""roc_auc"", ""roc-auc"", ""roc auc""], ""target_values"": [0.996], ""tolerance"": 0.003, }, { ""claim_id"": ""C46_AUC_LIGHTWEIGHT_0801"", ""section"": ""Discussion"", ""category"": ""utility"", ""description"": ""Lightweight ROC-AUC repo",False
C46_AUC_BASELINE_0996,4.5 / Discussion,utility,Baseline ROC-AUC reported around 0.996,0.996,0.996,0.996,New_Code\01_audit_existing_results.py,01_audit_existing_results.py,"}, { ""claim_id"": ""C46_AUC_BASELINE_0996"", ""section"": ""4.5 / Discussion"", ""category"": ""utility"", ""description"": ""Baseline ROC-AUC reported around 0.996"", ""metric_terms"": [""auc"", ""roc_auc"", ""roc-auc"", ""roc auc""], ""target_values"": [0.996], ""tolerance"": 0.003, }, { ""claim_id"": ""C46_AUC_LIGHTWEIGHT_0801"", ""section"": ""Discussion"", ""category"": ""utility"", ""description"": ""Lightweight ROC-AUC reported around",False
C46_AUC_BASELINE_0996,4.5 / Discussion,utility,Baseline ROC-AUC reported around 0.996,0.996,0.996,0.996,New_Code\01_audit_existing_results.py,01_audit_existing_results.py,"}, { ""claim_id"": ""C46_AUC_BASELINE_0996"", ""section"": ""4.5 / Discussion"", ""category"": ""utility"", ""description"": ""Baseline ROC-AUC reported around 0.996"", ""metric_terms"": [""auc"", ""roc_auc"", ""roc-auc"", ""roc auc""], ""target_values"": [0.996], ""tolerance"": 0.003, }, { ""claim_id"": ""C46_AUC_LIGHTWEIGHT_0801"", ""section"": ""Discussion"", ""category"": ""utility"", ""description"": ""Lightweight ROC-AUC reported around",False
C46_AUC_BASELINE_0996,4.5 / Discussion,utility,Baseline ROC-AUC reported around 0.996,0.996,0.996,0.996,New_Code\01_audit_existing_results.py,01_audit_existing_results.py,"egory"": ""utility"", ""description"": ""Baseline ROC-AUC reported around 0.996"", ""metric_terms"": [""auc"", ""roc_auc"", ""roc-auc"", ""roc auc""], ""target_values"": [0.996], ""tolerance"": 0.003, }, { ""claim_id"": ""C46_AUC_LIGHTWEIGHT_0801"", ""section"": ""Discussion"", ""category"": ""utility"", ""description"": ""Lightweight ROC-AUC reported around 0.801"", ""metric_terms"": [""auc"", ""roc_auc"", ""roc-auc"", ""roc auc""], ""target_values"": [0.801]",False
C46_AUC_BASELINE_0996,4.5 / Discussion,utility,Baseline ROC-AUC reported around 0.996,0.996,0.996,0.996,New_Code\01_audit_existing_results.py,01_audit_existing_results.py,"egory"": ""utility"", ""description"": ""Baseline ROC-AUC reported around 0.996"", ""metric_terms"": [""auc"", ""roc_auc"", ""roc-auc"", ""roc auc""], ""target_values"": [0.996], ""tolerance"": 0.003, }, { ""claim_id"": ""C46_AUC_LIGHTWEIGHT_0801"", ""section"": ""Discussion"", ""category"": ""utility"", ""description"": ""Lightweight ROC-AUC reported around 0.801"", ""metric_terms"": [""auc"", ""roc_auc"", ""roc-auc"", ""roc auc""], ""target_values"": [0.801]",False
C46_AUC_BASELINE_0996,4.5 / Discussion,utility,Baseline ROC-AUC reported around 0.996,0.996,0.996,0.996,New_Code\01_audit_existing_results.py,01_audit_existing_results.py,"""roc-auc"", ""roc auc""], ""target_values"": [0.996], ""tolerance"": 0.003, }, { ""claim_id"": ""C46_AUC_LIGHTWEIGHT_0801"", ""section"": ""Discussion"", ""category"": ""utility"", ""description"": ""Lightweight ROC-AUC reported around 0.801"", ""metric_terms"": [""auc"", ""roc_auc"", ""roc-auc"", ""roc auc""], ""target_values"": [0.801], ""tolerance"": 0.003, }, { ""claim_id"": ""C47_RUNTIME_25_PERCENT"", ""section"": ""4.3"", ""ca",False
C46_AUC_BASELINE_0996,4.5 / Discussion,utility,Baseline ROC-AUC reported around 0.996,0.996,0.996,0.996,New_Code\01_audit_existing_results.py,01_audit_existing_results.py,"1"", ""f1-score"", ""f1_score""], ""target_values"": [0.91], ""tolerance"": 0.01, }, { ""claim_id"": ""C46_AUC_BASELINE_0996"", ""section"": ""4.5 / Discussion"", ""category"": ""utility"", ""description"": ""Baseline ROC-AUC reported around 0.996"", ""metric_terms"": [""auc"", ""roc_auc"", ""roc-auc"", ""roc auc""], ""target_values"": [0.996], ""tolerance"": 0.003, }, { ""claim_id"": ""C46_AUC_LIGHTWEIGHT_0801"", ""section"": ""Discussion"",",False
C46_AUC_BASELINE_0996,4.5 / Discussion,utility,Baseline ROC-AUC reported around 0.996,0.996,0.996,0.996,New_Code\01_audit_existing_results.py,01_audit_existing_results.py,"1"", ""f1-score"", ""f1_score""], ""target_values"": [0.91], ""tolerance"": 0.01, }, { ""claim_id"": ""C46_AUC_BASELINE_0996"", ""section"": ""4.5 / Discussion"", ""category"": ""utility"", ""description"": ""Baseline ROC-AUC reported around 0.996"", ""metric_terms"": [""auc"", ""roc_auc"", ""roc-auc"", ""roc auc""], ""target_values"": [0.996], ""tolerance"": 0.003, }, { ""claim_id"": ""C46_AUC_LIGHTWEIGHT_0801"", ""section"": ""Discussion"",",False
C46_AUC_BASELINE_0996,4.5 / Discussion,utility,Baseline ROC-AUC reported around 0.996,0.996,0.996,0.996,New_Code\01_audit_existing_results.py,01_audit_existing_results.py,"ance"": 0.01, }, { ""claim_id"": ""C46_AUC_BASELINE_0996"", ""section"": ""4.5 / Discussion"", ""category"": ""utility"", ""description"": ""Baseline ROC-AUC reported around 0.996"", ""metric_terms"": [""auc"", ""roc_auc"", ""roc-auc"", ""roc auc""], ""target_values"": [0.996], ""tolerance"": 0.003, }, { ""claim_id"": ""C46_AUC_LIGHTWEIGHT_0801"", ""section"": ""Discussion"", ""category"": ""utility"", ""description"": ""Lightweight ROC-AUC repo",False
C46_AUC_BASELINE_0996,4.5 / Discussion,utility,Baseline ROC-AUC reported around 0.996,0.996,0.996,0.996,New_Code\01_audit_existing_results.py,01_audit_existing_results.py,"ance"": 0.01, }, { ""claim_id"": ""C46_AUC_BASELINE_0996"", ""section"": ""4.5 / Discussion"", ""category"": ""utility"", ""description"": ""Baseline ROC-AUC reported around 0.996"", ""metric_terms"": [""auc"", ""roc_auc"", ""roc-auc"", ""roc auc""], ""target_values"": [0.996], ""tolerance"": 0.003, }, { ""claim_id"": ""C46_AUC_LIGHTWEIGHT_0801"", ""section"": ""Discussion"", ""category"": ""utility"", ""description"": ""Lightweight ROC-AUC repo",False
C46_AUC_BASELINE_0996,4.5 / Discussion,utility,Baseline ROC-AUC reported around 0.996,0.996,0.996,0.996,New_Code\01_audit_existing_results.py,01_audit_existing_results.py,"c"", ""roc-auc"", ""roc auc""], ""target_values"": [0.996], ""tolerance"": 0.003, }, { ""claim_id"": ""C46_AUC_LIGHTWEIGHT_0801"", ""section"": ""Discussion"", ""category"": ""utility"", ""description"": ""Lightweight ROC-AUC reported around 0.801"", ""metric_terms"": [""auc"", ""roc_auc"", ""roc-auc"", ""roc auc""], ""target_values"": [0.801], ""tolerance"": 0.003, }, { ""claim_id"": ""C47_RUNTIME_25_PERCENT"", ""section"": ""4.3"", ""ca",False
C46_AUC_BASELINE_0996,4.5 / Discussion,utility,Baseline ROC-AUC reported around 0.996,0.996,0.996,0.996,New_Code\01_audit_existing_results.py,01_audit_existing_results.py,", }, { ""claim_id"": ""C46_AUC_BASELINE_0996"", ""section"": ""4.5 / Discussion"", ""category"": ""utility"", ""description"": ""Baseline ROC-AUC reported around 0.996"", ""metric_terms"": [""auc"", ""roc_auc"", ""roc-auc"", ""roc auc""], ""target_values"": [0.996], ""tolerance"": 0.003, }, { ""claim_id"": ""C46_AUC_LIGHTWEIGHT_0801"", ""section"": ""Discussion"", ""category"": ""utility"", ""description"": ""Lightweight ROC-AUC reported around",False
C46_AUC_BASELINE_0996,4.5 / Discussion,utility,Baseline ROC-AUC reported around 0.996,0.996,0.996,0.996,New_Code\01_audit_existing_results.py,01_audit_existing_results.py,", }, { ""claim_id"": ""C46_AUC_BASELINE_0996"", ""section"": ""4.5 / Discussion"", ""category"": ""utility"", ""description"": ""Baseline ROC-AUC reported around 0.996"", ""metric_terms"": [""auc"", ""roc_auc"", ""roc-auc"", ""roc auc""], ""target_values"": [0.996], ""tolerance"": 0.003, }, { ""claim_id"": ""C46_AUC_LIGHTWEIGHT_0801"", ""section"": ""Discussion"", ""category"": ""utility"", ""description"": ""Lightweight ROC-AUC reported around",False
C46_AUC_LIGHTWEIGHT_0801,Discussion,utility,Lightweight ROC-AUC reported around 0.801,0.801,0.801,0.801,New_Code\01_audit_existing_results.py,01_audit_existing_results.py,"egory"": ""utility"", ""description"": ""Baseline ROC-AUC reported around 0.996"", ""metric_terms"": [""auc"", ""roc_auc"", ""roc-auc"", ""roc auc""], ""target_values"": [0.996], ""tolerance"": 0.003, }, { ""claim_id"": ""C46_AUC_LIGHTWEIGHT_0801"", ""section"": ""Discussion"", ""category"": ""utility"", ""description"": ""Lightweight ROC-AUC reported around 0.801"", ""metric_terms"": [""auc"", ""roc_auc"", ""roc-auc"", ""roc auc""], ""target_values"": [0.801]",False
C46_AUC_LIGHTWEIGHT_0801,Discussion,utility,Lightweight ROC-AUC reported around 0.801,0.801,0.801,0.801,New_Code\01_audit_existing_results.py,01_audit_existing_results.py,"egory"": ""utility"", ""description"": ""Baseline ROC-AUC reported around 0.996"", ""metric_terms"": [""auc"", ""roc_auc"", ""roc-auc"", ""roc auc""], ""target_values"": [0.996], ""tolerance"": 0.003, }, { ""claim_id"": ""C46_AUC_LIGHTWEIGHT_0801"", ""section"": ""Discussion"", ""category"": ""utility"", ""description"": ""Lightweight ROC-AUC reported around 0.801"", ""metric_terms"": [""auc"", ""roc_auc"", ""roc-auc"", ""roc auc""], ""target_values"": [0.801]",False
C46_AUC_LIGHTWEIGHT_0801,Discussion,utility,Lightweight ROC-AUC reported around 0.801,0.801,0.801,0.801,New_Code\01_audit_existing_results.py,01_audit_existing_results.py,"""roc-auc"", ""roc auc""], ""target_values"": [0.996], ""tolerance"": 0.003, }, { ""claim_id"": ""C46_AUC_LIGHTWEIGHT_0801"", ""section"": ""Discussion"", ""category"": ""utility"", ""description"": ""Lightweight ROC-AUC reported around 0.801"", ""metric_terms"": [""auc"", ""roc_auc"", ""roc-auc"", ""roc auc""], ""target_values"": [0.801], ""tolerance"": 0.003, }, { ""claim_id"": ""C47_RUNTIME_25_PERCENT"", ""section"": ""4.3"", ""ca",False
C46_AUC_LIGHTWEIGHT_0801,Discussion,utility,Lightweight ROC-AUC reported around 0.801,0.801,0.801,0.801,New_Code\01_audit_existing_results.py,01_audit_existing_results.py,"""roc-auc"", ""roc auc""], ""target_values"": [0.996], ""tolerance"": 0.003, }, { ""claim_id"": ""C46_AUC_LIGHTWEIGHT_0801"", ""section"": ""Discussion"", ""category"": ""utility"", ""description"": ""Lightweight ROC-AUC reported around 0.801"", ""metric_terms"": [""auc"", ""roc_auc"", ""roc-auc"", ""roc auc""], ""target_values"": [0.801], ""tolerance"": 0.003, }, { ""claim_id"": ""C47_RUNTIME_25_PERCENT"", ""section"": ""4.3"", ""ca",False
C46_AUC_LIGHTWEIGHT_0801,Discussion,utility,Lightweight ROC-AUC reported around 0.801,0.801,0.801,0.801,New_Code\01_audit_existing_results.py,01_audit_existing_results.py,"], ""tolerance"": 0.003, }, { ""claim_id"": ""C46_AUC_LIGHTWEIGHT_0801"", ""section"": ""Discussion"", ""category"": ""utility"", ""description"": ""Lightweight ROC-AUC reported around 0.801"", ""metric_terms"": [""auc"", ""roc_auc"", ""roc-auc"", ""roc auc""], ""target_values"": [0.801], ""tolerance"": 0.003, }, { ""claim_id"": ""C47_RUNTIME_25_PERCENT"", ""section"": ""4.3"", ""category"": ""efficiency"", ""description"": ""Lightwe",False
C46_AUC_LIGHTWEIGHT_0801,Discussion,utility,Lightweight ROC-AUC reported around 0.801,0.801,0.801,0.801,New_Code\01_audit_existing_results.py,01_audit_existing_results.py,"], ""tolerance"": 0.003, }, { ""claim_id"": ""C46_AUC_LIGHTWEIGHT_0801"", ""section"": ""Discussion"", ""category"": ""utility"", ""description"": ""Lightweight ROC-AUC reported around 0.801"", ""metric_terms"": [""auc"", ""roc_auc"", ""roc-auc"", ""roc auc""], ""target_values"": [0.801], ""tolerance"": 0.003, }, { ""claim_id"": ""C47_RUNTIME_25_PERCENT"", ""section"": ""4.3"", ""category"": ""efficiency"", ""description"": ""Lightwe",False
C46_AUC_LIGHTWEIGHT_0801,Discussion,utility,Lightweight ROC-AUC reported around 0.801,0.801,0.801,0.801,New_Code\01_audit_existing_results.py,01_audit_existing_results.py,"""tolerance"": 0.003, }, { ""claim_id"": ""C46_AUC_LIGHTWEIGHT_0801"", ""section"": ""Discussion"", ""category"": ""utility"", ""description"": ""Lightweight ROC-AUC reported around 0.801"", ""metric_terms"": [""auc"", ""roc_auc"", ""roc-auc"", ""roc auc""], ""target_values"": [0.801], ""tolerance"": 0.003, }, { ""claim_id"": ""C47_RUNTIME_25_PERCENT"", ""section"": ""4.3"", ""category"": ""efficiency"", ""description"": ""Lightweight config",False
C46_AUC_LIGHTWEIGHT_0801,Discussion,utility,Lightweight ROC-AUC reported around 0.801,0.801,0.801,0.801,New_Code\01_audit_existing_results.py,01_audit_existing_results.py,"""tolerance"": 0.003, }, { ""claim_id"": ""C46_AUC_LIGHTWEIGHT_0801"", ""section"": ""Discussion"", ""category"": ""utility"", ""description"": ""Lightweight ROC-AUC reported around 0.801"", ""metric_terms"": [""auc"", ""roc_auc"", ""roc-auc"", ""roc auc""], ""target_values"": [0.801], ""tolerance"": 0.003, }, { ""claim_id"": ""C47_RUNTIME_25_PERCENT"", ""section"": ""4.3"", ""category"": ""efficiency"", ""description"": ""Lightweight config",False
C46_AUC_LIGHTWEIGHT_0801,Discussion,utility,Lightweight ROC-AUC reported around 0.801,0.801,0.801,0.801,New_Code\01_audit_existing_results.py,01_audit_existing_results.py,": 0.003, }, { ""claim_id"": ""C46_AUC_LIGHTWEIGHT_0801"", ""section"": ""Discussion"", ""category"": ""utility"", ""description"": ""Lightweight ROC-AUC reported around 0.801"", ""metric_terms"": [""auc"", ""roc_auc"", ""roc-auc"", ""roc auc""], ""target_values"": [0.801], ""tolerance"": 0.003, }, { ""claim_id"": ""C47_RUNTIME_25_PERCENT"", ""section"": ""4.3"", ""category"": ""efficiency"", ""description"": ""Lightweight configuration rep",False
C46_AUC_LIGHTWEIGHT_0801,Discussion,utility,Lightweight ROC-AUC reported around 0.801,0.801,0.801,0.801,New_Code\01_audit_existing_results.py,01_audit_existing_results.py,": 0.003, }, { ""claim_id"": ""C46_AUC_LIGHTWEIGHT_0801"", ""section"": ""Discussion"", ""category"": ""utility"", ""description"": ""Lightweight ROC-AUC reported around 0.801"", ""metric_terms"": [""auc"", ""roc_auc"", ""roc-auc"", ""roc auc""], ""target_values"": [0.801], ""tolerance"": 0.003, }, { ""claim_id"": ""C47_RUNTIME_25_PERCENT"", ""section"": ""4.3"", ""category"": ""efficiency"", ""description"": ""Lightweight configuration rep",False
C46_AUC_LIGHTWEIGHT_0801,Discussion,utility,Lightweight ROC-AUC reported around 0.801,0.801,0.801,0.801,New_Code\01_audit_existing_results.py,01_audit_existing_results.py,"}, { ""claim_id"": ""C46_AUC_LIGHTWEIGHT_0801"", ""section"": ""Discussion"", ""category"": ""utility"", ""description"": ""Lightweight ROC-AUC reported around 0.801"", ""metric_terms"": [""auc"", ""roc_auc"", ""roc-auc"", ""roc auc""], ""target_values"": [0.801], ""tolerance"": 0.003, }, { ""claim_id"": ""C47_RUNTIME_25_PERCENT"", ""section"": ""4.3"", ""category"": ""efficiency"", ""description"": ""Lightweight configuration reported about",False
C46_AUC_LIGHTWEIGHT_0801,Discussion,utility,Lightweight ROC-AUC reported around 0.801,0.801,0.801,0.801,New_Code\01_audit_existing_results.py,01_audit_existing_results.py,"}, { ""claim_id"": ""C46_AUC_LIGHTWEIGHT_0801"", ""section"": ""Discussion"", ""category"": ""utility"", ""description"": ""Lightweight ROC-AUC reported around 0.801"", ""metric_terms"": [""auc"", ""roc_auc"", ""roc-auc"", ""roc auc""], ""target_values"": [0.801], ""tolerance"": 0.003, }, { ""claim_id"": ""C47_RUNTIME_25_PERCENT"", ""section"": ""4.3"", ""category"": ""efficiency"", ""description"": ""Lightweight configuration reported about",False
C46_AUC_LIGHTWEIGHT_0801,Discussion,utility,Lightweight ROC-AUC reported around 0.801,0.801,0.801,0.801,New_Code\01_audit_existing_results.py,01_audit_existing_results.py,"c"", ""roc-auc"", ""roc auc""], ""target_values"": [0.996], ""tolerance"": 0.003, }, { ""claim_id"": ""C46_AUC_LIGHTWEIGHT_0801"", ""section"": ""Discussion"", ""category"": ""utility"", ""description"": ""Lightweight ROC-AUC reported around 0.801"", ""metric_terms"": [""auc"", ""roc_auc"", ""roc-auc"", ""roc auc""], ""target_values"": [0.801], ""tolerance"": 0.003, }, { ""claim_id"": ""C47_RUNTIME_25_PERCENT"", ""section"": ""4.3"", ""ca",False
C46_AUC_LIGHTWEIGHT_0801,Discussion,utility,Lightweight ROC-AUC reported around 0.801,0.801,0.801,0.801,New_Code\01_audit_existing_results.py,01_audit_existing_results.py,"c"", ""roc-auc"", ""roc auc""], ""target_values"": [0.996], ""tolerance"": 0.003, }, { ""claim_id"": ""C46_AUC_LIGHTWEIGHT_0801"", ""section"": ""Discussion"", ""category"": ""utility"", ""description"": ""Lightweight ROC-AUC reported around 0.801"", ""metric_terms"": [""auc"", ""roc_auc"", ""roc-auc"", ""roc auc""], ""target_values"": [0.801], ""tolerance"": 0.003, }, { ""claim_id"": ""C47_RUNTIME_25_PERCENT"", ""section"": ""4.3"", ""ca",False
C46_AUC_LIGHTWEIGHT_0801,Discussion,utility,Lightweight ROC-AUC reported around 0.801,0.801,0.801,0.801,New_Code\01_audit_existing_results.py,01_audit_existing_results.py,"nce"": 0.003, }, { ""claim_id"": ""C46_AUC_LIGHTWEIGHT_0801"", ""section"": ""Discussion"", ""category"": ""utility"", ""description"": ""Lightweight ROC-AUC reported around 0.801"", ""metric_terms"": [""auc"", ""roc_auc"", ""roc-auc"", ""roc auc""], ""target_values"": [0.801], ""tolerance"": 0.003, }, { ""claim_id"": ""C47_RUNTIME_25_PERCENT"", ""section"": ""4.3"", ""category"": ""efficiency"", ""description"": ""Lightweight configuration rep",False
C46_AUC_LIGHTWEIGHT_0801,Discussion,utility,Lightweight ROC-AUC reported around 0.801,0.801,0.801,0.801,New_Code\01_audit_existing_results.py,01_audit_existing_results.py,"nce"": 0.003, }, { ""claim_id"": ""C46_AUC_LIGHTWEIGHT_0801"", ""section"": ""Discussion"", ""category"": ""utility"", ""description"": ""Lightweight ROC-AUC reported around 0.801"", ""metric_terms"": [""auc"", ""roc_auc"", ""roc-auc"", ""roc auc""], ""target_values"": [0.801], ""tolerance"": 0.003, }, { ""claim_id"": ""C47_RUNTIME_25_PERCENT"", ""section"": ""4.3"", ""category"": ""efficiency"", ""description"": ""Lightweight configuration rep",False
C46_AUC_LIGHTWEIGHT_0801,Discussion,utility,Lightweight ROC-AUC reported around 0.801,0.801,0.801,0.801,New_Code\01_audit_existing_results.py,01_audit_existing_results.py,", }, { ""claim_id"": ""C46_AUC_LIGHTWEIGHT_0801"", ""section"": ""Discussion"", ""category"": ""utility"", ""description"": ""Lightweight ROC-AUC reported around 0.801"", ""metric_terms"": [""auc"", ""roc_auc"", ""roc-auc"", ""roc auc""], ""target_values"": [0.801], ""tolerance"": 0.003, }, { ""claim_id"": ""C47_RUNTIME_25_PERCENT"", ""section"": ""4.3"", ""category"": ""efficiency"", ""description"": ""Lightweight configuration reported about",False
C46_AUC_LIGHTWEIGHT_0801,Discussion,utility,Lightweight ROC-AUC reported around 0.801,0.801,0.801,0.801,New_Code\01_audit_existing_results.py,01_audit_existing_results.py,", }, { ""claim_id"": ""C46_AUC_LIGHTWEIGHT_0801"", ""section"": ""Discussion"", ""category"": ""utility"", ""description"": ""Lightweight ROC-AUC reported around 0.801"", ""metric_terms"": [""auc"", ""roc_auc"", ""roc-auc"", ""roc auc""], ""target_values"": [0.801], ""tolerance"": 0.003, }, { ""claim_id"": ""C47_RUNTIME_25_PERCENT"", ""section"": ""4.3"", ""category"": ""efficiency"", ""description"": ""Lightweight configuration reported about",False
C47_RUNTIME_25_PERCENT,4.3,efficiency,Lightweight configuration reported about 25% faster,25.0,25.0,25%,New_Code\01_audit_existing_results.py,01_audit_existing_results.py,"y"": ""utility"", ""description"": ""Lightweight ROC-AUC reported around 0.801"", ""metric_terms"": [""auc"", ""roc_auc"", ""roc-auc"", ""roc auc""], ""target_values"": [0.801], ""tolerance"": 0.003, }, { ""claim_id"": ""C47_RUNTIME_25_PERCENT"", ""section"": ""4.3"", ""category"": ""efficiency"", ""description"": ""Lightweight configuration reported about 25% faster"", ""metric_terms"": [ ""runtime"", ""training time"", ""train_t",True
C47_RUNTIME_25_PERCENT,4.3,efficiency,Lightweight configuration reported about 25% faster,25.0,25.0,25%,New_Code\01_audit_existing_results.py,01_audit_existing_results.py,"nce"": 0.003, }, { ""claim_id"": ""C47_RUNTIME_25_PERCENT"", ""section"": ""4.3"", ""category"": ""efficiency"", ""description"": ""Lightweight configuration reported about 25% faster"", ""metric_terms"": [ ""runtime"", ""training time"", ""train_time"", ""time"", ""faster"", ], ""target_values"": [25.0], ""tolerance"": 2.0, }, { ""claim_id"": ""C47_MEMORY_20_30_PERCENT"", ""section"":",True
C47_RUNTIME_25_PERCENT,4.3,efficiency,Lightweight configuration reported about 25% faster,25.0,25.0,25.0,New_Code\01_audit_existing_results.py,01_audit_existing_results.py,"nce"": 0.003, }, { ""claim_id"": ""C47_RUNTIME_25_PERCENT"", ""section"": ""4.3"", ""category"": ""efficiency"", ""description"": ""Lightweight configuration reported about 25% faster"", ""metric_terms"": [ ""runtime"", ""training time"", ""train_time"", ""time"", ""faster"", ], ""target_values"": [25.0], ""tolerance"": 2.0, }, { ""claim_id"": ""C47_MEMORY_20_30_PERCENT"", ""section"":",False
C47_RUNTIME_25_PERCENT,4.3,efficiency,Lightweight configuration reported about 25% faster,25.0,25.0,25%,New_Code\01_audit_existing_results.py,01_audit_existing_results.py,"{ ""claim_id"": ""C47_RUNTIME_25_PERCENT"", ""section"": ""4.3"", ""category"": ""efficiency"", ""description"": ""Lightweight configuration reported about 25% faster"", ""metric_terms"": [ ""runtime"", ""training time"", ""train_time"", ""time"", ""faster"", ], ""target_values"": [25.0], ""tolerance"": 2.0, }, { ""claim_id"": ""C47_MEMORY_20_30_PERCENT"", ""section"": ""4.3"", ""category"": ""e",True
C47_RUNTIME_25_PERCENT,4.3,efficiency,Lightweight configuration reported about 25% faster,25.0,25.0,25.0,New_Code\01_audit_existing_results.py,01_audit_existing_results.py,"{ ""claim_id"": ""C47_RUNTIME_25_PERCENT"", ""section"": ""4.3"", ""category"": ""efficiency"", ""description"": ""Lightweight configuration reported about 25% faster"", ""metric_terms"": [ ""runtime"", ""training time"", ""train_time"", ""time"", ""faster"", ], ""target_values"": [25.0], ""tolerance"": 2.0, }, { ""claim_id"": ""C47_MEMORY_20_30_PERCENT"", ""section"": ""4.3"", ""category"": ""e",False
C47_RUNTIME_25_PERCENT,4.3,efficiency,Lightweight configuration reported about 25% faster,25.0,25.0,25%,New_Code\01_audit_existing_results.py,01_audit_existing_results.py,"RUNTIME_25_PERCENT"", ""section"": ""4.3"", ""category"": ""efficiency"", ""description"": ""Lightweight configuration reported about 25% faster"", ""metric_terms"": [ ""runtime"", ""training time"", ""train_time"", ""time"", ""faster"", ], ""target_values"": [25.0], ""tolerance"": 2.0, }, { ""claim_id"": ""C47_MEMORY_20_30_PERCENT"", ""section"": ""4.3"", ""category"": ""efficiency"", ""descr",True
C47_RUNTIME_25_PERCENT,4.3,efficiency,Lightweight configuration reported about 25% faster,25.0,25.0,25.0,New_Code\01_audit_existing_results.py,01_audit_existing_results.py,"RUNTIME_25_PERCENT"", ""section"": ""4.3"", ""category"": ""efficiency"", ""description"": ""Lightweight configuration reported about 25% faster"", ""metric_terms"": [ ""runtime"", ""training time"", ""train_time"", ""time"", ""faster"", ], ""target_values"": [25.0], ""tolerance"": 2.0, }, { ""claim_id"": ""C47_MEMORY_20_30_PERCENT"", ""section"": ""4.3"", ""category"": ""efficiency"", ""descr",False
C47_RUNTIME_25_PERCENT,4.3,efficiency,Lightweight configuration reported about 25% faster,25.0,25.0,25%,New_Code\01_audit_existing_results.py,01_audit_existing_results.py,"""utility"", ""description"": ""Lightweight ROC-AUC reported around 0.801"", ""metric_terms"": [""auc"", ""roc_auc"", ""roc-auc"", ""roc auc""], ""target_values"": [0.801], ""tolerance"": 0.003, }, { ""claim_id"": ""C47_RUNTIME_25_PERCENT"", ""section"": ""4.3"", ""category"": ""efficiency"", ""description"": ""Lightweight configuration reported about 25% faster"", ""metric_terms"": [ ""runtime"", ""training time"", ""train_t",True
C47_RUNTIME_25_PERCENT,4.3,efficiency,Lightweight configuration reported about 25% faster,25.0,25.0,25%,New_Code\01_audit_existing_results.py,01_audit_existing_results.py,""": 0.003, }, { ""claim_id"": ""C47_RUNTIME_25_PERCENT"", ""section"": ""4.3"", ""category"": ""efficiency"", ""description"": ""Lightweight configuration reported about 25% faster"", ""metric_terms"": [ ""runtime"", ""training time"", ""train_time"", ""time"", ""faster"", ], ""target_values"": [25.0], ""tolerance"": 2.0, }, { ""claim_id"": ""C47_MEMORY_20_30_PERCENT"", ""section"":",True
C47_RUNTIME_25_PERCENT,4.3,efficiency,Lightweight configuration reported about 25% faster,25.0,25.0,25.0,New_Code\01_audit_existing_results.py,01_audit_existing_results.py,""": 0.003, }, { ""claim_id"": ""C47_RUNTIME_25_PERCENT"", ""section"": ""4.3"", ""category"": ""efficiency"", ""description"": ""Lightweight configuration reported about 25% faster"", ""metric_terms"": [ ""runtime"", ""training time"", ""train_time"", ""time"", ""faster"", ], ""target_values"": [25.0], ""tolerance"": 2.0, }, { ""claim_id"": ""C47_MEMORY_20_30_PERCENT"", ""section"":",False
C47_RUNTIME_25_PERCENT,4.3,efficiency,Lightweight configuration reported about 25% faster,25.0,25.0,25%,New_Code\01_audit_existing_results.py,01_audit_existing_results.py,"""claim_id"": ""C47_RUNTIME_25_PERCENT"", ""section"": ""4.3"", ""category"": ""efficiency"", ""description"": ""Lightweight configuration reported about 25% faster"", ""metric_terms"": [ ""runtime"", ""training time"", ""train_time"", ""time"", ""faster"", ], ""target_values"": [25.0], ""tolerance"": 2.0, }, { ""claim_id"": ""C47_MEMORY_20_30_PERCENT"", ""section"": ""4.3"", ""category"": ""e",True
C47_RUNTIME_25_PERCENT,4.3,efficiency,Lightweight configuration reported about 25% faster,25.0,25.0,25.0,New_Code\01_audit_existing_results.py,01_audit_existing_results.py,"""claim_id"": ""C47_RUNTIME_25_PERCENT"", ""section"": ""4.3"", ""category"": ""efficiency"", ""description"": ""Lightweight configuration reported about 25% faster"", ""metric_terms"": [ ""runtime"", ""training time"", ""train_time"", ""time"", ""faster"", ], ""target_values"": [25.0], ""tolerance"": 2.0, }, { ""claim_id"": ""C47_MEMORY_20_30_PERCENT"", ""section"": ""4.3"", ""category"": ""e",False
C47_RUNTIME_25_PERCENT,4.3,efficiency,Lightweight configuration reported about 25% faster,25.0,25.0,25%,New_Code\01_audit_existing_results.py,01_audit_existing_results.py,"E_25_PERCENT"", ""section"": ""4.3"", ""category"": ""efficiency"", ""description"": ""Lightweight configuration reported about 25% faster"", ""metric_terms"": [ ""runtime"", ""training time"", ""train_time"", ""time"", ""faster"", ], ""target_values"": [25.0], ""tolerance"": 2.0, }, { ""claim_id"": ""C47_MEMORY_20_30_PERCENT"", ""section"": ""4.3"", ""category"": ""efficiency"", ""descr",True
C47_RUNTIME_25_PERCENT,4.3,efficiency,Lightweight configuration reported about 25% faster,25.0,25.0,25.0,New_Code\01_audit_existing_results.py,01_audit_existing_results.py,"E_25_PERCENT"", ""section"": ""4.3"", ""category"": ""efficiency"", ""description"": ""Lightweight configuration reported about 25% faster"", ""metric_terms"": [ ""runtime"", ""training time"", ""train_time"", ""time"", ""faster"", ], ""target_values"": [25.0], ""tolerance"": 2.0, }, { ""claim_id"": ""C47_MEMORY_20_30_PERCENT"", ""section"": ""4.3"", ""category"": ""efficiency"", ""descr",False
C47_RUNTIME_25_PERCENT,4.3,efficiency,Lightweight configuration reported about 25% faster,25.0,25.0,25%,New_Code\01_audit_existing_results.py,01_audit_existing_results.py,"""section"": ""4.3"", ""category"": ""efficiency"", ""description"": ""Lightweight configuration reported about 25% faster"", ""metric_terms"": [ ""runtime"", ""training time"", ""train_time"", ""time"", ""faster"", ], ""target_values"": [25.0], ""tolerance"": 2.0, }, { ""claim_id"": ""C47_MEMORY_20_30_PERCENT"", ""section"": ""4.3"", ""category"": ""efficiency"", ""description"": ""Lightweigh",True
C47_RUNTIME_25_PERCENT,4.3,efficiency,Lightweight configuration reported about 25% faster,25.0,25.0,25.0,New_Code\01_audit_existing_results.py,01_audit_existing_results.py,"""section"": ""4.3"", ""category"": ""efficiency"", ""description"": ""Lightweight configuration reported about 25% faster"", ""metric_terms"": [ ""runtime"", ""training time"", ""train_time"", ""time"", ""faster"", ], ""target_values"": [25.0], ""tolerance"": 2.0, }, { ""claim_id"": ""C47_MEMORY_20_30_PERCENT"", ""section"": ""4.3"", ""category"": ""efficiency"", ""description"": ""Lightweigh",False
C47_RUNTIME_25_PERCENT,4.3,efficiency,Lightweight configuration reported about 25% faster,25.0,25.0,25%,New_Code\01_audit_existing_results.py,01_audit_existing_results.py,"""target_values"": [0.801], ""tolerance"": 0.003, }, { ""claim_id"": ""C47_RUNTIME_25_PERCENT"", ""section"": ""4.3"", ""category"": ""efficiency"", ""description"": ""Lightweight configuration reported about 25% faster"", ""metric_terms"": [ ""runtime"", ""training time"", ""train_time"", ""time"", ""faster"", ], ""target_values"": [25.0], ""tolerance"": 2.0, }, { ""claim_id""",True
C47_RUNTIME_25_PERCENT,4.3,efficiency,Lightweight configuration reported about 25% faster,25.0,25.0,25.0,New_Code\01_audit_existing_results.py,01_audit_existing_results.py,"""target_values"": [0.801], ""tolerance"": 0.003, }, { ""claim_id"": ""C47_RUNTIME_25_PERCENT"", ""section"": ""4.3"", ""category"": ""efficiency"", ""description"": ""Lightweight configuration reported about 25% faster"", ""metric_terms"": [ ""runtime"", ""training time"", ""train_time"", ""time"", ""faster"", ], ""target_values"": [25.0], ""tolerance"": 2.0, }, { ""claim_id""",False
C47_RUNTIME_25_PERCENT,4.3,efficiency,Lightweight configuration reported about 25% faster,25.0,25.0,25%,New_Code\01_audit_existing_results.py,01_audit_existing_results.py,"""category"": ""efficiency"", ""description"": ""Lightweight configuration reported about 25% faster"", ""metric_terms"": [ ""runtime"", ""training time"", ""train_time"", ""time"", ""faster"", ], ""target_values"": [25.0], ""tolerance"": 2.0, }, { ""claim_id"": ""C47_MEMORY_20_30_PERCENT"", ""section"": ""4.3"", ""category"": ""efficiency"", ""description"": ""Lightweight GPU-memory reduction",True
C47_RUNTIME_25_PERCENT,4.3,efficiency,Lightweight configuration reported about 25% faster,25.0,25.0,25.0,New_Code\01_audit_existing_results.py,01_audit_existing_results.py,"""category"": ""efficiency"", ""description"": ""Lightweight configuration reported about 25% faster"", ""metric_terms"": [ ""runtime"", ""training time"", ""train_time"", ""time"", ""faster"", ], ""target_values"": [25.0], ""tolerance"": 2.0, }, { ""claim_id"": ""C47_MEMORY_20_30_PERCENT"", ""section"": ""4.3"", ""category"": ""efficiency"", ""description"": ""Lightweight GPU-memory reduction",False
C47_MEMORY_20_30_PERCENT,4.3,efficiency,Lightweight GPU-memory reduction reported as 20-30%,20.0,20.0,20,New_Code\01_audit_existing_results.py,01_audit_existing_results.py,"ance"": 2.0, }, { ""claim_id"": ""C47_MEMORY_20_30_PERCENT"", ""section"": ""4.3"", ""category"": ""efficiency"", ""description"": ""Lightweight GPU-memory reduction reported as 20-30%"", ""metric_terms"": [ ""gpu memory"", ""memory"", ""peak_memory"", ""vram"", ], ""target_values"": [20.0, 25.0, 30.0], ""tolerance"": 2.0, }, { ""claim_id"": ""C47_HYBRID_MEMORY_40_PERCENT"", ""section"": ""Discussion""",False
C47_MEMORY_20_30_PERCENT,4.3,efficiency,Lightweight GPU-memory reduction reported as 20-30%,30.0,30.0,30%,New_Code\01_audit_existing_results.py,01_audit_existing_results.py,"ance"": 2.0, }, { ""claim_id"": ""C47_MEMORY_20_30_PERCENT"", ""section"": ""4.3"", ""category"": ""efficiency"", ""description"": ""Lightweight GPU-memory reduction reported as 20-30%"", ""metric_terms"": [ ""gpu memory"", ""memory"", ""peak_memory"", ""vram"", ], ""target_values"": [20.0, 25.0, 30.0], ""tolerance"": 2.0, }, { ""claim_id"": ""C47_HYBRID_MEMORY_40_PERCENT"", ""section"": ""Discussion""",True
C47_MEMORY_20_30_PERCENT,4.3,efficiency,Lightweight GPU-memory reduction reported as 20-30%,20.0,20.0,20.0,New_Code\01_audit_existing_results.py,01_audit_existing_results.py,"ance"": 2.0, }, { ""claim_id"": ""C47_MEMORY_20_30_PERCENT"", ""section"": ""4.3"", ""category"": ""efficiency"", ""description"": ""Lightweight GPU-memory reduction reported as 20-30%"", ""metric_terms"": [ ""gpu memory"", ""memory"", ""peak_memory"", ""vram"", ], ""target_values"": [20.0, 25.0, 30.0], ""tolerance"": 2.0, }, { ""claim_id"": ""C47_HYBRID_MEMORY_40_PERCENT"", ""section"": ""Discussion""",False
C47_MEMORY_20_30_PERCENT,4.3,efficiency,Lightweight GPU-memory reduction reported as 20-30%,25.0,25.0,25.0,New_Code\01_audit_existing_results.py,01_audit_existing_results.py,"ance"": 2.0, }, { ""claim_id"": ""C47_MEMORY_20_30_PERCENT"", ""section"": ""4.3"", ""category"": ""efficiency"", ""description"": ""Lightweight GPU-memory reduction reported as 20-30%"", ""metric_terms"": [ ""gpu memory"", ""memory"", ""peak_memory"", ""vram"", ], ""target_values"": [20.0, 25.0, 30.0], ""tolerance"": 2.0, }, { ""claim_id"": ""C47_HYBRID_MEMORY_40_PERCENT"", ""section"": ""Discussion""",False
C47_MEMORY_20_30_PERCENT,4.3,efficiency,Lightweight GPU-memory reduction reported as 20-30%,30.0,30.0,30.0,New_Code\01_audit_existing_results.py,01_audit_existing_results.py,"ance"": 2.0, }, { ""claim_id"": ""C47_MEMORY_20_30_PERCENT"", ""section"": ""4.3"", ""category"": ""efficiency"", ""description"": ""Lightweight GPU-memory reduction reported as 20-30%"", ""metric_terms"": [ ""gpu memory"", ""memory"", ""peak_memory"", ""vram"", ], ""target_values"": [20.0, 25.0, 30.0], ""tolerance"": 2.0, }, { ""claim_id"": ""C47_HYBRID_MEMORY_40_PERCENT"", ""section"": ""Discussion""",False
C47_MEMORY_20_30_PERCENT,4.3,efficiency,Lightweight GPU-memory reduction reported as 20-30%,20.0,20.0,20.0,New_Code\01_audit_existing_results.py,01_audit_existing_results.py,"t_values"": [20.0, 25.0, 30.0], ""tolerance"": 2.0, }, { ""claim_id"": ""C47_HYBRID_MEMORY_40_PERCENT"", ""section"": ""Discussion"", ""category"": ""efficiency"", ""description"": ""Hybrid model reported about 40% more GPU memory"", ""metric_terms"": [ ""gpu memory"", ""memory"", ""vram"", ], ""target_values"": [40.0], ""tolerance"": 2.0, }, { ""claim_id"": ""C45_SYNTHETIC_N_500"", ""section"": ""4.3"",",False
C47_MEMORY_20_30_PERCENT,4.3,efficiency,Lightweight GPU-memory reduction reported as 20-30%,25.0,25.0,25.0,New_Code\01_audit_existing_results.py,01_audit_existing_results.py,"t_values"": [20.0, 25.0, 30.0], ""tolerance"": 2.0, }, { ""claim_id"": ""C47_HYBRID_MEMORY_40_PERCENT"", ""section"": ""Discussion"", ""category"": ""efficiency"", ""description"": ""Hybrid model reported about 40% more GPU memory"", ""metric_terms"": [ ""gpu memory"", ""memory"", ""vram"", ], ""target_values"": [40.0], ""tolerance"": 2.0, }, { ""claim_id"": ""C45_SYNTHETIC_N_500"", ""section"": ""4.3"",",False
C47_MEMORY_20_30_PERCENT,4.3,efficiency,Lightweight GPU-memory reduction reported as 20-30%,30.0,30.0,30.0,New_Code\01_audit_existing_results.py,01_audit_existing_results.py,"t_values"": [20.0, 25.0, 30.0], ""tolerance"": 2.0, }, { ""claim_id"": ""C47_HYBRID_MEMORY_40_PERCENT"", ""section"": ""Discussion"", ""category"": ""efficiency"", ""description"": ""Hybrid model reported about 40% more GPU memory"", ""metric_terms"": [ ""gpu memory"", ""memory"", ""vram"", ], ""target_values"": [40.0], ""tolerance"": 2.0, }, { ""claim_id"": ""C45_SYNTHETIC_N_500"", ""section"": ""4.3"",",False
C47_MEMORY_20_30_PERCENT,4.3,efficiency,Lightweight GPU-memory reduction reported as 20-30%,25.0,25.0,25.0,New_Code\01_audit_existing_results.py,01_audit_existing_results.py,"""metric_terms"": [ ""runtime"", ""training time"", ""train_time"", ""time"", ""faster"", ], ""target_values"": [25.0], ""tolerance"": 2.0, }, { ""claim_id"": ""C47_MEMORY_20_30_PERCENT"", ""section"": ""4.3"", ""category"": ""efficiency"", ""description"": ""Lightweight GPU-memory reduction reported as 20-30%"", ""metric_terms"": [ ""gpu memory"", ""memory"", ""peak_mem",False
C47_MEMORY_20_30_PERCENT,4.3,efficiency,Lightweight GPU-memory reduction reported as 20-30%,20.0,20.0,20,New_Code\01_audit_existing_results.py,01_audit_existing_results.py,"""metric_terms"": [ ""runtime"", ""training time"", ""train_time"", ""time"", ""faster"", ], ""target_values"": [25.0], ""tolerance"": 2.0, }, { ""claim_id"": ""C47_MEMORY_20_30_PERCENT"", ""section"": ""4.3"", ""category"": ""efficiency"", ""description"": ""Lightweight GPU-memory reduction reported as 20-30%"", ""metric_terms"": [ ""gpu memory"", ""memory"", ""peak_mem",False
C47_MEMORY_20_30_PERCENT,4.3,efficiency,Lightweight GPU-memory reduction reported as 20-30%,30.0,30.0,30%,New_Code\01_audit_existing_results.py,01_audit_existing_results.py,"""metric_terms"": [ ""runtime"", ""training time"", ""train_time"", ""time"", ""faster"", ], ""target_values"": [25.0], ""tolerance"": 2.0, }, { ""claim_id"": ""C47_MEMORY_20_30_PERCENT"", ""section"": ""4.3"", ""category"": ""efficiency"", ""description"": ""Lightweight GPU-memory reduction reported as 20-30%"", ""metric_terms"": [ ""gpu memory"", ""memory"", ""peak_mem",True
C47_MEMORY_20_30_PERCENT,4.3,efficiency,Lightweight GPU-memory reduction reported as 20-30%,25.0,25.0,25.0,New_Code\01_audit_existing_results.py,01_audit_existing_results.py,"""faster"", ], ""target_values"": [25.0], ""tolerance"": 2.0, }, { ""claim_id"": ""C47_MEMORY_20_30_PERCENT"", ""section"": ""4.3"", ""category"": ""efficiency"", ""description"": ""Lightweight GPU-memory reduction reported as 20-30%"", ""metric_terms"": [ ""gpu memory"", ""memory"", ""peak_memory"", ""vram"", ], ""target_values"": [20.0, 25.0, 30.0], ""tolerance"": 2.0, }, {",False
C47_MEMORY_20_30_PERCENT,4.3,efficiency,Lightweight GPU-memory reduction reported as 20-30%,20.0,20.0,20,New_Code\01_audit_existing_results.py,01_audit_existing_results.py,"""faster"", ], ""target_values"": [25.0], ""tolerance"": 2.0, }, { ""claim_id"": ""C47_MEMORY_20_30_PERCENT"", ""section"": ""4.3"", ""category"": ""efficiency"", ""description"": ""Lightweight GPU-memory reduction reported as 20-30%"", ""metric_terms"": [ ""gpu memory"", ""memory"", ""peak_memory"", ""vram"", ], ""target_values"": [20.0, 25.0, 30.0], ""tolerance"": 2.0, }, {",False
C47_MEMORY_20_30_PERCENT,4.3,efficiency,Lightweight GPU-memory reduction reported as 20-30%,30.0,30.0,30%,New_Code\01_audit_existing_results.py,01_audit_existing_results.py,"""faster"", ], ""target_values"": [25.0], ""tolerance"": 2.0, }, { ""claim_id"": ""C47_MEMORY_20_30_PERCENT"", ""section"": ""4.3"", ""category"": ""efficiency"", ""description"": ""Lightweight GPU-memory reduction reported as 20-30%"", ""metric_terms"": [ ""gpu memory"", ""memory"", ""peak_memory"", ""vram"", ], ""target_values"": [20.0, 25.0, 30.0], ""tolerance"": 2.0, }, {",True
C47_MEMORY_20_30_PERCENT,4.3,efficiency,Lightweight GPU-memory reduction reported as 20-30%,20.0,20.0,20.0,New_Code\01_audit_existing_results.py,01_audit_existing_results.py,"""faster"", ], ""target_values"": [25.0], ""tolerance"": 2.0, }, { ""claim_id"": ""C47_MEMORY_20_30_PERCENT"", ""section"": ""4.3"", ""category"": ""efficiency"", ""description"": ""Lightweight GPU-memory reduction reported as 20-30%"", ""metric_terms"": [ ""gpu memory"", ""memory"", ""peak_memory"", ""vram"", ], ""target_values"": [20.0, 25.0, 30.0], ""tolerance"": 2.0, }, {",False
C47_MEMORY_20_30_PERCENT,4.3,efficiency,Lightweight GPU-memory reduction reported as 20-30%,25.0,25.0,25.0,New_Code\01_audit_existing_results.py,01_audit_existing_results.py,"""faster"", ], ""target_values"": [25.0], ""tolerance"": 2.0, }, { ""claim_id"": ""C47_MEMORY_20_30_PERCENT"", ""section"": ""4.3"", ""category"": ""efficiency"", ""description"": ""Lightweight GPU-memory reduction reported as 20-30%"", ""metric_terms"": [ ""gpu memory"", ""memory"", ""peak_memory"", ""vram"", ], ""target_values"": [20.0, 25.0, 30.0], ""tolerance"": 2.0, }, {",False
C47_MEMORY_20_30_PERCENT,4.3,efficiency,Lightweight GPU-memory reduction reported as 20-30%,30.0,30.0,30.0,New_Code\01_audit_existing_results.py,01_audit_existing_results.py,"""faster"", ], ""target_values"": [25.0], ""tolerance"": 2.0, }, { ""claim_id"": ""C47_MEMORY_20_30_PERCENT"", ""section"": ""4.3"", ""category"": ""efficiency"", ""description"": ""Lightweight GPU-memory reduction reported as 20-30%"", ""metric_terms"": [ ""gpu memory"", ""memory"", ""peak_memory"", ""vram"", ], ""target_values"": [20.0, 25.0, 30.0], ""tolerance"": 2.0, }, {",False
C47_MEMORY_20_30_PERCENT,4.3,efficiency,Lightweight GPU-memory reduction reported as 20-30%,20.0,20.0,20,New_Code\01_audit_existing_results.py,01_audit_existing_results.py,""": 2.0, }, { ""claim_id"": ""C47_MEMORY_20_30_PERCENT"", ""section"": ""4.3"", ""category"": ""efficiency"", ""description"": ""Lightweight GPU-memory reduction reported as 20-30%"", ""metric_terms"": [ ""gpu memory"", ""memory"", ""peak_memory"", ""vram"", ], ""target_values"": [20.0, 25.0, 30.0], ""tolerance"": 2.0, }, { ""claim_id"": ""C47_HYBRID_MEMORY_40_PERCENT"", ""section"": ""Discussion""",False
C47_MEMORY_20_30_PERCENT,4.3,efficiency,Lightweight GPU-memory reduction reported as 20-30%,30.0,30.0,30%,New_Code\01_audit_existing_results.py,01_audit_existing_results.py,""": 2.0, }, { ""claim_id"": ""C47_MEMORY_20_30_PERCENT"", ""section"": ""4.3"", ""category"": ""efficiency"", ""description"": ""Lightweight GPU-memory reduction reported as 20-30%"", ""metric_terms"": [ ""gpu memory"", ""memory"", ""peak_memory"", ""vram"", ], ""target_values"": [20.0, 25.0, 30.0], ""tolerance"": 2.0, }, { ""claim_id"": ""C47_HYBRID_MEMORY_40_PERCENT"", ""section"": ""Discussion""",True
C47_MEMORY_20_30_PERCENT,4.3,efficiency,Lightweight GPU-memory reduction reported as 20-30%,20.0,20.0,20.0,New_Code\01_audit_existing_results.py,01_audit_existing_results.py,""": 2.0, }, { ""claim_id"": ""C47_MEMORY_20_30_PERCENT"", ""section"": ""4.3"", ""category"": ""efficiency"", ""description"": ""Lightweight GPU-memory reduction reported as 20-30%"", ""metric_terms"": [ ""gpu memory"", ""memory"", ""peak_memory"", ""vram"", ], ""target_values"": [20.0, 25.0, 30.0], ""tolerance"": 2.0, }, { ""claim_id"": ""C47_HYBRID_MEMORY_40_PERCENT"", ""section"": ""Discussion""",False
C47_MEMORY_20_30_PERCENT,4.3,efficiency,Lightweight GPU-memory reduction reported as 20-30%,25.0,25.0,25.0,New_Code\01_audit_existing_results.py,01_audit_existing_results.py,""": 2.0, }, { ""claim_id"": ""C47_MEMORY_20_30_PERCENT"", ""section"": ""4.3"", ""category"": ""efficiency"", ""description"": ""Lightweight GPU-memory reduction reported as 20-30%"", ""metric_terms"": [ ""gpu memory"", ""memory"", ""peak_memory"", ""vram"", ], ""target_values"": [20.0, 25.0, 30.0], ""tolerance"": 2.0, }, { ""claim_id"": ""C47_HYBRID_MEMORY_40_PERCENT"", ""section"": ""Discussion""",False
C47_MEMORY_20_30_PERCENT,4.3,efficiency,Lightweight GPU-memory reduction reported as 20-30%,30.0,30.0,30.0,New_Code\01_audit_existing_results.py,01_audit_existing_results.py,""": 2.0, }, { ""claim_id"": ""C47_MEMORY_20_30_PERCENT"", ""section"": ""4.3"", ""category"": ""efficiency"", ""description"": ""Lightweight GPU-memory reduction reported as 20-30%"", ""metric_terms"": [ ""gpu memory"", ""memory"", ""peak_memory"", ""vram"", ], ""target_values"": [20.0, 25.0, 30.0], ""tolerance"": 2.0, }, { ""claim_id"": ""C47_HYBRID_MEMORY_40_PERCENT"", ""section"": ""Discussion""",False
C47_MEMORY_20_30_PERCENT,4.3,efficiency,Lightweight GPU-memory reduction reported as 20-30%,20.0,20.0,20,New_Code\01_audit_existing_results.py,01_audit_existing_results.py,"""claim_id"": ""C47_MEMORY_20_30_PERCENT"", ""section"": ""4.3"", ""category"": ""efficiency"", ""description"": ""Lightweight GPU-memory reduction reported as 20-30%"", ""metric_terms"": [ ""gpu memory"", ""memory"", ""peak_memory"", ""vram"", ], ""target_values"": [20.0, 25.0, 30.0], ""tolerance"": 2.0, }, { ""claim_id"": ""C47_HYBRID_MEMORY_40_PERCENT"", ""section"": ""Discussion"", ""category"":",False
C47_MEMORY_20_30_PERCENT,4.3,efficiency,Lightweight GPU-memory reduction reported as 20-30%,30.0,30.0,30%,New_Code\01_audit_existing_results.py,01_audit_existing_results.py,"""claim_id"": ""C47_MEMORY_20_30_PERCENT"", ""section"": ""4.3"", ""category"": ""efficiency"", ""description"": ""Lightweight GPU-memory reduction reported as 20-30%"", ""metric_terms"": [ ""gpu memory"", ""memory"", ""peak_memory"", ""vram"", ], ""target_values"": [20.0, 25.0, 30.0], ""tolerance"": 2.0, }, { ""claim_id"": ""C47_HYBRID_MEMORY_40_PERCENT"", ""section"": ""Discussion"", ""category"":",True
C47_MEMORY_20_30_PERCENT,4.3,efficiency,Lightweight GPU-memory reduction reported as 20-30%,20.0,20.0,20.0,New_Code\01_audit_existing_results.py,01_audit_existing_results.py,"""claim_id"": ""C47_MEMORY_20_30_PERCENT"", ""section"": ""4.3"", ""category"": ""efficiency"", ""description"": ""Lightweight GPU-memory reduction reported as 20-30%"", ""metric_terms"": [ ""gpu memory"", ""memory"", ""peak_memory"", ""vram"", ], ""target_values"": [20.0, 25.0, 30.0], ""tolerance"": 2.0, }, { ""claim_id"": ""C47_HYBRID_MEMORY_40_PERCENT"", ""section"": ""Discussion"", ""category"":",False
C47_MEMORY_20_30_PERCENT,4.3,efficiency,Lightweight GPU-memory reduction reported as 20-30%,25.0,25.0,25.0,New_Code\01_audit_existing_results.py,01_audit_existing_results.py,"""claim_id"": ""C47_MEMORY_20_30_PERCENT"", ""section"": ""4.3"", ""category"": ""efficiency"", ""description"": ""Lightweight GPU-memory reduction reported as 20-30%"", ""metric_terms"": [ ""gpu memory"", ""memory"", ""peak_memory"", ""vram"", ], ""target_values"": [20.0, 25.0, 30.0], ""tolerance"": 2.0, }, { ""claim_id"": ""C47_HYBRID_MEMORY_40_PERCENT"", ""section"": ""Discussion"", ""category"":",False
C47_MEMORY_20_30_PERCENT,4.3,efficiency,Lightweight GPU-memory reduction reported as 20-30%,30.0,30.0,30.0,New_Code\01_audit_existing_results.py,01_audit_existing_results.py,"""claim_id"": ""C47_MEMORY_20_30_PERCENT"", ""section"": ""4.3"", ""category"": ""efficiency"", ""description"": ""Lightweight GPU-memory reduction reported as 20-30%"", ""metric_terms"": [ ""gpu memory"", ""memory"", ""peak_memory"", ""vram"", ], ""target_values"": [20.0, 25.0, 30.0], ""tolerance"": 2.0, }, { ""claim_id"": ""C47_HYBRID_MEMORY_40_PERCENT"", ""section"": ""Discussion"", ""category"":",False
C47_MEMORY_20_30_PERCENT,4.3,efficiency,Lightweight GPU-memory reduction reported as 20-30%,20.0,20.0,20,New_Code\01_audit_existing_results.py,01_audit_existing_results.py,"ORY_20_30_PERCENT"", ""section"": ""4.3"", ""category"": ""efficiency"", ""description"": ""Lightweight GPU-memory reduction reported as 20-30%"", ""metric_terms"": [ ""gpu memory"", ""memory"", ""peak_memory"", ""vram"", ], ""target_values"": [20.0, 25.0, 30.0], ""tolerance"": 2.0, }, { ""claim_id"": ""C47_HYBRID_MEMORY_40_PERCENT"", ""section"": ""Discussion"", ""category"": ""efficiency"", ""desc",False
C47_MEMORY_20_30_PERCENT,4.3,efficiency,Lightweight GPU-memory reduction reported as 20-30%,30.0,30.0,30%,New_Code\01_audit_existing_results.py,01_audit_existing_results.py,"ORY_20_30_PERCENT"", ""section"": ""4.3"", ""category"": ""efficiency"", ""description"": ""Lightweight GPU-memory reduction reported as 20-30%"", ""metric_terms"": [ ""gpu memory"", ""memory"", ""peak_memory"", ""vram"", ], ""target_values"": [20.0, 25.0, 30.0], ""tolerance"": 2.0, }, { ""claim_id"": ""C47_HYBRID_MEMORY_40_PERCENT"", ""section"": ""Discussion"", ""category"": ""efficiency"", ""desc",True
C47_MEMORY_20_30_PERCENT,4.3,efficiency,Lightweight GPU-memory reduction reported as 20-30%,20.0,20.0,20.0,New_Code\01_audit_existing_results.py,01_audit_existing_results.py,"ORY_20_30_PERCENT"", ""section"": ""4.3"", ""category"": ""efficiency"", ""description"": ""Lightweight GPU-memory reduction reported as 20-30%"", ""metric_terms"": [ ""gpu memory"", ""memory"", ""peak_memory"", ""vram"", ], ""target_values"": [20.0, 25.0, 30.0], ""tolerance"": 2.0, }, { ""claim_id"": ""C47_HYBRID_MEMORY_40_PERCENT"", ""section"": ""Discussion"", ""category"": ""efficiency"", ""desc",False
C47_MEMORY_20_30_PERCENT,4.3,efficiency,Lightweight GPU-memory reduction reported as 20-30%,25.0,25.0,25.0,New_Code\01_audit_existing_results.py,01_audit_existing_results.py,"ORY_20_30_PERCENT"", ""section"": ""4.3"", ""category"": ""efficiency"", ""description"": ""Lightweight GPU-memory reduction reported as 20-30%"", ""metric_terms"": [ ""gpu memory"", ""memory"", ""peak_memory"", ""vram"", ], ""target_values"": [20.0, 25.0, 30.0], ""tolerance"": 2.0, }, { ""claim_id"": ""C47_HYBRID_MEMORY_40_PERCENT"", ""section"": ""Discussion"", ""category"": ""efficiency"", ""desc",False
C47_MEMORY_20_30_PERCENT,4.3,efficiency,Lightweight GPU-memory reduction reported as 20-30%,30.0,30.0,30.0,New_Code\01_audit_existing_results.py,01_audit_existing_results.py,"ORY_20_30_PERCENT"", ""section"": ""4.3"", ""category"": ""efficiency"", ""description"": ""Lightweight GPU-memory reduction reported as 20-30%"", ""metric_terms"": [ ""gpu memory"", ""memory"", ""peak_memory"", ""vram"", ], ""target_values"": [20.0, 25.0, 30.0], ""tolerance"": 2.0, }, { ""claim_id"": ""C47_HYBRID_MEMORY_40_PERCENT"", ""section"": ""Discussion"", ""category"": ""efficiency"", ""desc",False
C47_MEMORY_20_30_PERCENT,4.3,efficiency,Lightweight GPU-memory reduction reported as 20-30%,20.0,20.0,20.0,New_Code\01_audit_existing_results.py,01_audit_existing_results.py,", ""metric_terms"": [ ""gpu memory"", ""memory"", ""peak_memory"", ""vram"", ], ""target_values"": [20.0, 25.0, 30.0], ""tolerance"": 2.0, }, { ""claim_id"": ""C47_HYBRID_MEMORY_40_PERCENT"", ""section"": ""Discussion"", ""category"": ""efficiency"", ""description"": ""Hybrid model reported about 40% more GPU memory"", ""metric_terms"": [ ""gpu memory"", ""memory"", ""vram"",",False
C47_MEMORY_20_30_PERCENT,4.3,efficiency,Lightweight GPU-memory reduction reported as 20-30%,25.0,25.0,25.0,New_Code\01_audit_existing_results.py,01_audit_existing_results.py,", ""metric_terms"": [ ""gpu memory"", ""memory"", ""peak_memory"", ""vram"", ], ""target_values"": [20.0, 25.0, 30.0], ""tolerance"": 2.0, }, { ""claim_id"": ""C47_HYBRID_MEMORY_40_PERCENT"", ""section"": ""Discussion"", ""category"": ""efficiency"", ""description"": ""Hybrid model reported about 40% more GPU memory"", ""metric_terms"": [ ""gpu memory"", ""memory"", ""vram"",",False
C47_MEMORY_20_30_PERCENT,4.3,efficiency,Lightweight GPU-memory reduction reported as 20-30%,30.0,30.0,30.0,New_Code\01_audit_existing_results.py,01_audit_existing_results.py,", ""metric_terms"": [ ""gpu memory"", ""memory"", ""peak_memory"", ""vram"", ], ""target_values"": [20.0, 25.0, 30.0], ""tolerance"": 2.0, }, { ""claim_id"": ""C47_HYBRID_MEMORY_40_PERCENT"", ""section"": ""Discussion"", ""category"": ""efficiency"", ""description"": ""Hybrid model reported about 40% more GPU memory"", ""metric_terms"": [ ""gpu memory"", ""memory"", ""vram"",",False
C47_MEMORY_20_30_PERCENT,4.3,efficiency,Lightweight GPU-memory reduction reported as 20-30%,20.0,20.0,20.0,New_Code\01_audit_existing_results.py,01_audit_existing_results.py,"lues"": [20.0, 25.0, 30.0], ""tolerance"": 2.0, }, { ""claim_id"": ""C47_HYBRID_MEMORY_40_PERCENT"", ""section"": ""Discussion"", ""category"": ""efficiency"", ""description"": ""Hybrid model reported about 40% more GPU memory"", ""metric_terms"": [ ""gpu memory"", ""memory"", ""vram"", ], ""target_values"": [40.0], ""tolerance"": 2.0, }, { ""claim_id"": ""C45_SYNTHETIC_N_500"", ""section"": ""4.3"",",False
C47_MEMORY_20_30_PERCENT,4.3,efficiency,Lightweight GPU-memory reduction reported as 20-30%,25.0,25.0,25.0,New_Code\01_audit_existing_results.py,01_audit_existing_results.py,"lues"": [20.0, 25.0, 30.0], ""tolerance"": 2.0, }, { ""claim_id"": ""C47_HYBRID_MEMORY_40_PERCENT"", ""section"": ""Discussion"", ""category"": ""efficiency"", ""description"": ""Hybrid model reported about 40% more GPU memory"", ""metric_terms"": [ ""gpu memory"", ""memory"", ""vram"", ], ""target_values"": [40.0], ""tolerance"": 2.0, }, { ""claim_id"": ""C45_SYNTHETIC_N_500"", ""section"": ""4.3"",",False
C47_MEMORY_20_30_PERCENT,4.3,efficiency,Lightweight GPU-memory reduction reported as 20-30%,30.0,30.0,30.0,New_Code\01_audit_existing_results.py,01_audit_existing_results.py,"lues"": [20.0, 25.0, 30.0], ""tolerance"": 2.0, }, { ""claim_id"": ""C47_HYBRID_MEMORY_40_PERCENT"", ""section"": ""Discussion"", ""category"": ""efficiency"", ""description"": ""Hybrid model reported about 40% more GPU memory"", ""metric_terms"": [ ""gpu memory"", ""memory"", ""vram"", ], ""target_values"": [40.0], ""tolerance"": 2.0, }, { ""claim_id"": ""C45_SYNTHETIC_N_500"", ""section"": ""4.3"",",False
C47_MEMORY_20_30_PERCENT,4.3,efficiency,Lightweight GPU-memory reduction reported as 20-30%,20.0,20.0,20,New_Code\01_audit_existing_results.py,01_audit_existing_results.py,"7_MEMORY_20_30_PERCENT"", ""section"": ""4.3"", ""category"": ""efficiency"", ""description"": ""Lightweight GPU-memory reduction reported as 20-30%"", ""metric_terms"": [ ""gpu memory"", ""memory"", ""peak_memory"", ""vram"", ], ""target_values"": [20.0, 25.0, 30.0], ""tolerance"": 2.0, }, { ""claim_id"": ""C47_HYBRID_MEMORY_40_PERCENT"", ""section"": ""Discussion"", ""category"": ""efficiency"", ""desc",False
C47_MEMORY_20_30_PERCENT,4.3,efficiency,Lightweight GPU-memory reduction reported as 20-30%,30.0,30.0,30%,New_Code\01_audit_existing_results.py,01_audit_existing_results.py,"7_MEMORY_20_30_PERCENT"", ""section"": ""4.3"", ""category"": ""efficiency"", ""description"": ""Lightweight GPU-memory reduction reported as 20-30%"", ""metric_terms"": [ ""gpu memory"", ""memory"", ""peak_memory"", ""vram"", ], ""target_values"": [20.0, 25.0, 30.0], ""tolerance"": 2.0, }, { ""claim_id"": ""C47_HYBRID_MEMORY_40_PERCENT"", ""section"": ""Discussion"", ""category"": ""efficiency"", ""desc",True
C47_MEMORY_20_30_PERCENT,4.3,efficiency,Lightweight GPU-memory reduction reported as 20-30%,20.0,20.0,20.0,New_Code\01_audit_existing_results.py,01_audit_existing_results.py,"7_MEMORY_20_30_PERCENT"", ""section"": ""4.3"", ""category"": ""efficiency"", ""description"": ""Lightweight GPU-memory reduction reported as 20-30%"", ""metric_terms"": [ ""gpu memory"", ""memory"", ""peak_memory"", ""vram"", ], ""target_values"": [20.0, 25.0, 30.0], ""tolerance"": 2.0, }, { ""claim_id"": ""C47_HYBRID_MEMORY_40_PERCENT"", ""section"": ""Discussion"", ""category"": ""efficiency"", ""desc",False
C47_MEMORY_20_30_PERCENT,4.3,efficiency,Lightweight GPU-memory reduction reported as 20-30%,25.0,25.0,25.0,New_Code\01_audit_existing_results.py,01_audit_existing_results.py,"7_MEMORY_20_30_PERCENT"", ""section"": ""4.3"", ""category"": ""efficiency"", ""description"": ""Lightweight GPU-memory reduction reported as 20-30%"", ""metric_terms"": [ ""gpu memory"", ""memory"", ""peak_memory"", ""vram"", ], ""target_values"": [20.0, 25.0, 30.0], ""tolerance"": 2.0, }, { ""claim_id"": ""C47_HYBRID_MEMORY_40_PERCENT"", ""section"": ""Discussion"", ""category"": ""efficiency"", ""desc",False
C47_MEMORY_20_30_PERCENT,4.3,efficiency,Lightweight GPU-memory reduction reported as 20-30%,30.0,30.0,30.0,New_Code\01_audit_existing_results.py,01_audit_existing_results.py,"7_MEMORY_20_30_PERCENT"", ""section"": ""4.3"", ""category"": ""efficiency"", ""description"": ""Lightweight GPU-memory reduction reported as 20-30%"", ""metric_terms"": [ ""gpu memory"", ""memory"", ""peak_memory"", ""vram"", ], ""target_values"": [20.0, 25.0, 30.0], ""tolerance"": 2.0, }, { ""claim_id"": ""C47_HYBRID_MEMORY_40_PERCENT"", ""section"": ""Discussion"", ""category"": ""efficiency"", ""desc",False
C47_MEMORY_20_30_PERCENT,4.3,efficiency,Lightweight GPU-memory reduction reported as 20-30%,20.0,20.0,20,New_Code\01_audit_existing_results.py,01_audit_existing_results.py,"""section"": ""4.3"", ""category"": ""efficiency"", ""description"": ""Lightweight GPU-memory reduction reported as 20-30%"", ""metric_terms"": [ ""gpu memory"", ""memory"", ""peak_memory"", ""vram"", ], ""target_values"": [20.0, 25.0, 30.0], ""tolerance"": 2.0, }, { ""claim_id"": ""C47_HYBRID_MEMORY_40_PERCENT"", ""section"": ""Discussion"", ""category"": ""efficiency"", ""description"": ""Hybrid mo",False
C47_MEMORY_20_30_PERCENT,4.3,efficiency,Lightweight GPU-memory reduction reported as 20-30%,30.0,30.0,30%,New_Code\01_audit_existing_results.py,01_audit_existing_results.py,"""section"": ""4.3"", ""category"": ""efficiency"", ""description"": ""Lightweight GPU-memory reduction reported as 20-30%"", ""metric_terms"": [ ""gpu memory"", ""memory"", ""peak_memory"", ""vram"", ], ""target_values"": [20.0, 25.0, 30.0], ""tolerance"": 2.0, }, { ""claim_id"": ""C47_HYBRID_MEMORY_40_PERCENT"", ""section"": ""Discussion"", ""category"": ""efficiency"", ""description"": ""Hybrid mo",True
C47_MEMORY_20_30_PERCENT,4.3,efficiency,Lightweight GPU-memory reduction reported as 20-30%,20.0,20.0,20.0,New_Code\01_audit_existing_results.py,01_audit_existing_results.py,"""section"": ""4.3"", ""category"": ""efficiency"", ""description"": ""Lightweight GPU-memory reduction reported as 20-30%"", ""metric_terms"": [ ""gpu memory"", ""memory"", ""peak_memory"", ""vram"", ], ""target_values"": [20.0, 25.0, 30.0], ""tolerance"": 2.0, }, { ""claim_id"": ""C47_HYBRID_MEMORY_40_PERCENT"", ""section"": ""Discussion"", ""category"": ""efficiency"", ""description"": ""Hybrid mo",False
C47_MEMORY_20_30_PERCENT,4.3,efficiency,Lightweight GPU-memory reduction reported as 20-30%,25.0,25.0,25.0,New_Code\01_audit_existing_results.py,01_audit_existing_results.py,"""section"": ""4.3"", ""category"": ""efficiency"", ""description"": ""Lightweight GPU-memory reduction reported as 20-30%"", ""metric_terms"": [ ""gpu memory"", ""memory"", ""peak_memory"", ""vram"", ], ""target_values"": [20.0, 25.0, 30.0], ""tolerance"": 2.0, }, { ""claim_id"": ""C47_HYBRID_MEMORY_40_PERCENT"", ""section"": ""Discussion"", ""category"": ""efficiency"", ""description"": ""Hybrid mo",False
C47_MEMORY_20_30_PERCENT,4.3,efficiency,Lightweight GPU-memory reduction reported as 20-30%,30.0,30.0,30.0,New_Code\01_audit_existing_results.py,01_audit_existing_results.py,"""section"": ""4.3"", ""category"": ""efficiency"", ""description"": ""Lightweight GPU-memory reduction reported as 20-30%"", ""metric_terms"": [ ""gpu memory"", ""memory"", ""peak_memory"", ""vram"", ], ""target_values"": [20.0, 25.0, 30.0], ""tolerance"": 2.0, }, { ""claim_id"": ""C47_HYBRID_MEMORY_40_PERCENT"", ""section"": ""Discussion"", ""category"": ""efficiency"", ""description"": ""Hybrid mo",False
C47_HYBRID_MEMORY_40_PERCENT,Discussion,efficiency,Hybrid model reported about 40% more GPU memory,40.0,40.0,40%,New_Code\01_audit_existing_results.py,01_audit_existing_results.py,"t_values"": [20.0, 25.0, 30.0], ""tolerance"": 2.0, }, { ""claim_id"": ""C47_HYBRID_MEMORY_40_PERCENT"", ""section"": ""Discussion"", ""category"": ""efficiency"", ""description"": ""Hybrid model reported about 40% more GPU memory"", ""metric_terms"": [ ""gpu memory"", ""memory"", ""vram"", ], ""target_values"": [40.0], ""tolerance"": 2.0, }, { ""claim_id"": ""C45_SYNTHETIC_N_500"", ""section"": ""4.3"",",True
C47_HYBRID_MEMORY_40_PERCENT,Discussion,efficiency,Hybrid model reported about 40% more GPU memory,40.0,40.0,40.0,New_Code\01_audit_existing_results.py,01_audit_existing_results.py,"t_values"": [20.0, 25.0, 30.0], ""tolerance"": 2.0, }, { ""claim_id"": ""C47_HYBRID_MEMORY_40_PERCENT"", ""section"": ""Discussion"", ""category"": ""efficiency"", ""description"": ""Hybrid model reported about 40% more GPU memory"", ""metric_terms"": [ ""gpu memory"", ""memory"", ""vram"", ], ""target_values"": [40.0], ""tolerance"": 2.0, }, { ""claim_id"": ""C45_SYNTHETIC_N_500"", ""section"": ""4.3"",",False
C47_HYBRID_MEMORY_40_PERCENT,Discussion,efficiency,Hybrid model reported about 40% more GPU memory,40.0,40.0,40%,New_Code\01_audit_existing_results.py,01_audit_existing_results.py,"2.0, }, { ""claim_id"": ""C47_HYBRID_MEMORY_40_PERCENT"", ""section"": ""Discussion"", ""category"": ""efficiency"", ""description"": ""Hybrid model reported about 40% more GPU memory"", ""metric_terms"": [ ""gpu memory"", ""memory"", ""vram"", ], ""target_values"": [40.0], ""tolerance"": 2.0, }, { ""claim_id"": ""C45_SYNTHETIC_N_500"", ""section"": ""4.3"", ""category"": ""scalability"", ""descript",True
C47_HYBRID_MEMORY_40_PERCENT,Discussion,efficiency,Hybrid model reported about 40% more GPU memory,40.0,40.0,40.0,New_Code\01_audit_existing_results.py,01_audit_existing_results.py,"2.0, }, { ""claim_id"": ""C47_HYBRID_MEMORY_40_PERCENT"", ""section"": ""Discussion"", ""category"": ""efficiency"", ""description"": ""Hybrid model reported about 40% more GPU memory"", ""metric_terms"": [ ""gpu memory"", ""memory"", ""vram"", ], ""target_values"": [40.0], ""tolerance"": 2.0, }, { ""claim_id"": ""C45_SYNTHETIC_N_500"", ""section"": ""4.3"", ""category"": ""scalability"", ""descript",False
C47_HYBRID_MEMORY_40_PERCENT,Discussion,efficiency,Hybrid model reported about 40% more GPU memory,40.0,40.0,40%,New_Code\01_audit_existing_results.py,01_audit_existing_results.py,", ""metric_terms"": [ ""gpu memory"", ""memory"", ""peak_memory"", ""vram"", ], ""target_values"": [20.0, 25.0, 30.0], ""tolerance"": 2.0, }, { ""claim_id"": ""C47_HYBRID_MEMORY_40_PERCENT"", ""section"": ""Discussion"", ""category"": ""efficiency"", ""description"": ""Hybrid model reported about 40% more GPU memory"", ""metric_terms"": [ ""gpu memory"", ""memory"", ""vram"",",True
C47_HYBRID_MEMORY_40_PERCENT,Discussion,efficiency,Hybrid model reported about 40% more GPU memory,40.0,40.0,40%,New_Code\01_audit_existing_results.py,01_audit_existing_results.py,"lues"": [20.0, 25.0, 30.0], ""tolerance"": 2.0, }, { ""claim_id"": ""C47_HYBRID_MEMORY_40_PERCENT"", ""section"": ""Discussion"", ""category"": ""efficiency"", ""description"": ""Hybrid model reported about 40% more GPU memory"", ""metric_terms"": [ ""gpu memory"", ""memory"", ""vram"", ], ""target_values"": [40.0], ""tolerance"": 2.0, }, { ""claim_id"": ""C45_SYNTHETIC_N_500"", ""section"": ""4.3"",",True
C47_HYBRID_MEMORY_40_PERCENT,Discussion,efficiency,Hybrid model reported about 40% more GPU memory,40.0,40.0,40.0,New_Code\01_audit_existing_results.py,01_audit_existing_results.py,"lues"": [20.0, 25.0, 30.0], ""tolerance"": 2.0, }, { ""claim_id"": ""C47_HYBRID_MEMORY_40_PERCENT"", ""section"": ""Discussion"", ""category"": ""efficiency"", ""description"": ""Hybrid model reported about 40% more GPU memory"", ""metric_terms"": [ ""gpu memory"", ""memory"", ""vram"", ], ""target_values"": [40.0], ""tolerance"": 2.0, }, { ""claim_id"": ""C45_SYNTHETIC_N_500"", ""section"": ""4.3"",",False
C47_HYBRID_MEMORY_40_PERCENT,Discussion,efficiency,Hybrid model reported about 40% more GPU memory,40.0,40.0,40%,New_Code\01_audit_existing_results.py,01_audit_existing_results.py,"}, { ""claim_id"": ""C47_HYBRID_MEMORY_40_PERCENT"", ""section"": ""Discussion"", ""category"": ""efficiency"", ""description"": ""Hybrid model reported about 40% more GPU memory"", ""metric_terms"": [ ""gpu memory"", ""memory"", ""vram"", ], ""target_values"": [40.0], ""tolerance"": 2.0, }, { ""claim_id"": ""C45_SYNTHETIC_N_500"", ""section"": ""4.3"", ""category"": ""scalability"", ""descript",True
C47_HYBRID_MEMORY_40_PERCENT,Discussion,efficiency,Hybrid model reported about 40% more GPU memory,40.0,40.0,40.0,New_Code\01_audit_existing_results.py,01_audit_existing_results.py,"}, { ""claim_id"": ""C47_HYBRID_MEMORY_40_PERCENT"", ""section"": ""Discussion"", ""category"": ""efficiency"", ""description"": ""Hybrid model reported about 40% more GPU memory"", ""metric_terms"": [ ""gpu memory"", ""memory"", ""vram"", ], ""target_values"": [40.0], ""tolerance"": 2.0, }, { ""claim_id"": ""C45_SYNTHETIC_N_500"", ""section"": ""4.3"", ""category"": ""scalability"", ""descript",False
C47_HYBRID_MEMORY_40_PERCENT,Discussion,efficiency,Hybrid model reported about 40% more GPU memory,40.0,40.0,40%,New_Code\01_audit_existing_results.py,01_audit_existing_results.py,"""claim_id"": ""C47_HYBRID_MEMORY_40_PERCENT"", ""section"": ""Discussion"", ""category"": ""efficiency"", ""description"": ""Hybrid model reported about 40% more GPU memory"", ""metric_terms"": [ ""gpu memory"", ""memory"", ""vram"", ], ""target_values"": [40.0], ""tolerance"": 2.0, }, { ""claim_id"": ""C45_SYNTHETIC_N_500"", ""section"": ""4.3"", ""category"": ""scalability"", ""description"": ""Synthetic scala",True
C47_HYBRID_MEMORY_40_PERCENT,Discussion,efficiency,Hybrid model reported about 40% more GPU memory,40.0,40.0,40.0,New_Code\01_audit_existing_results.py,01_audit_existing_results.py,"""claim_id"": ""C47_HYBRID_MEMORY_40_PERCENT"", ""section"": ""Discussion"", ""category"": ""efficiency"", ""description"": ""Hybrid model reported about 40% more GPU memory"", ""metric_terms"": [ ""gpu memory"", ""memory"", ""vram"", ], ""target_values"": [40.0], ""tolerance"": 2.0, }, { ""claim_id"": ""C45_SYNTHETIC_N_500"", ""section"": ""4.3"", ""category"": ""scalability"", ""description"": ""Synthetic scala",False
C47_HYBRID_MEMORY_40_PERCENT,Discussion,efficiency,Hybrid model reported about 40% more GPU memory,40.0,40.0,40%,New_Code\01_audit_existing_results.py,01_audit_existing_results.py,"D_MEMORY_40_PERCENT"", ""section"": ""Discussion"", ""category"": ""efficiency"", ""description"": ""Hybrid model reported about 40% more GPU memory"", ""metric_terms"": [ ""gpu memory"", ""memory"", ""vram"", ], ""target_values"": [40.0], ""tolerance"": 2.0, }, { ""claim_id"": ""C45_SYNTHETIC_N_500"", ""section"": ""4.3"", ""category"": ""scalability"", ""description"": ""Synthetic scalability workload incl",True
C47_HYBRID_MEMORY_40_PERCENT,Discussion,efficiency,Hybrid model reported about 40% more GPU memory,40.0,40.0,40.0,New_Code\01_audit_existing_results.py,01_audit_existing_results.py,"D_MEMORY_40_PERCENT"", ""section"": ""Discussion"", ""category"": ""efficiency"", ""description"": ""Hybrid model reported about 40% more GPU memory"", ""metric_terms"": [ ""gpu memory"", ""memory"", ""vram"", ], ""target_values"": [40.0], ""tolerance"": 2.0, }, { ""claim_id"": ""C45_SYNTHETIC_N_500"", ""section"": ""4.3"", ""category"": ""scalability"", ""description"": ""Synthetic scalability workload incl",False
C45_SYNTHETIC_N_500,4.3,scalability,Synthetic scalability workload includes N=500,500,500.0,500,New_Code\01_audit_existing_results.py,01_audit_existing_results.py,"""tolerance"": 2.0, }, { ""claim_id"": ""C45_SYNTHETIC_N_500"", ""section"": ""4.3"", ""category"": ""scalability"", ""description"": ""Synthetic scalability workload includes N=500"", ""metric_terms"": [ ""sample"", ""samples"", ""dataset size"", ""n="", ""n ="", ""synthetic size"", ], ""target_values"": [500], ""tolerance"": 0.0, }, { ""claim_id"": ""C45_SYNTHETIC_N_100000"",",False
C45_SYNTHETIC_N_500,4.3,scalability,Synthetic scalability workload includes N=500,500,500.0,500,New_Code\01_audit_existing_results.py,01_audit_existing_results.py,"""tolerance"": 2.0, }, { ""claim_id"": ""C45_SYNTHETIC_N_500"", ""section"": ""4.3"", ""category"": ""scalability"", ""description"": ""Synthetic scalability workload includes N=500"", ""metric_terms"": [ ""sample"", ""samples"", ""dataset size"", ""n="", ""n ="", ""synthetic size"", ], ""target_values"": [500], ""tolerance"": 0.0, }, { ""claim_id"": ""C45_SYNTHETIC_N_100000"",",False
C45_SYNTHETIC_N_500,4.3,scalability,Synthetic scalability workload includes N=500,500,500.0,500,New_Code\01_audit_existing_results.py,01_audit_existing_results.py,"}, { ""claim_id"": ""C45_SYNTHETIC_N_500"", ""section"": ""4.3"", ""category"": ""scalability"", ""description"": ""Synthetic scalability workload includes N=500"", ""metric_terms"": [ ""sample"", ""samples"", ""dataset size"", ""n="", ""n ="", ""synthetic size"", ], ""target_values"": [500], ""tolerance"": 0.0, }, { ""claim_id"": ""C45_SYNTHETIC_N_100000"", ""section"": ""4.3",False
C45_SYNTHETIC_N_500,4.3,scalability,Synthetic scalability workload includes N=500,500,500.0,500,New_Code\01_audit_existing_results.py,01_audit_existing_results.py,"}, { ""claim_id"": ""C45_SYNTHETIC_N_500"", ""section"": ""4.3"", ""category"": ""scalability"", ""description"": ""Synthetic scalability workload includes N=500"", ""metric_terms"": [ ""sample"", ""samples"", ""dataset size"", ""n="", ""n ="", ""synthetic size"", ], ""target_values"": [500], ""tolerance"": 0.0, }, { ""claim_id"": ""C45_SYNTHETIC_N_100000"", ""section"": ""4.3",False
C45_SYNTHETIC_N_500,4.3,scalability,Synthetic scalability workload includes N=500,500,500.0,500,New_Code\01_audit_existing_results.py,01_audit_existing_results.py,"}, { ""claim_id"": ""C45_SYNTHETIC_N_500"", ""section"": ""4.3"", ""category"": ""scalability"", ""description"": ""Synthetic scalability workload includes N=500"", ""metric_terms"": [ ""sample"", ""samples"", ""dataset size"", ""n="", ""n ="", ""synthetic size"", ], ""target_values"": [500], ""tolerance"": 0.0, }, { ""claim_id"": ""C45_SYNTHETIC_N_100000"", ""section"": ""4.3""",False
C45_SYNTHETIC_N_500,4.3,scalability,Synthetic scalability workload includes N=500,500,500.0,500,New_Code\01_audit_existing_results.py,01_audit_existing_results.py,"}, { ""claim_id"": ""C45_SYNTHETIC_N_500"", ""section"": ""4.3"", ""category"": ""scalability"", ""description"": ""Synthetic scalability workload includes N=500"", ""metric_terms"": [ ""sample"", ""samples"", ""dataset size"", ""n="", ""n ="", ""synthetic size"", ], ""target_values"": [500], ""tolerance"": 0.0, }, { ""claim_id"": ""C45_SYNTHETIC_N_100000"", ""section"": ""4.3""",False
C45_SYNTHETIC_N_500,4.3,scalability,Synthetic scalability workload includes N=500,500,500.0,500,New_Code\01_audit_existing_results.py,01_audit_existing_results.py,"laim_id"": ""C45_SYNTHETIC_N_500"", ""section"": ""4.3"", ""category"": ""scalability"", ""description"": ""Synthetic scalability workload includes N=500"", ""metric_terms"": [ ""sample"", ""samples"", ""dataset size"", ""n="", ""n ="", ""synthetic size"", ], ""target_values"": [500], ""tolerance"": 0.0, }, { ""claim_id"": ""C45_SYNTHETIC_N_100000"", ""section"": ""4.3"", ""category"": ""scala",False
C45_SYNTHETIC_N_500,4.3,scalability,Synthetic scalability workload includes N=500,500,500.0,500,New_Code\01_audit_existing_results.py,01_audit_existing_results.py,"laim_id"": ""C45_SYNTHETIC_N_500"", ""section"": ""4.3"", ""category"": ""scalability"", ""description"": ""Synthetic scalability workload includes N=500"", ""metric_terms"": [ ""sample"", ""samples"", ""dataset size"", ""n="", ""n ="", ""synthetic size"", ], ""target_values"": [500], ""tolerance"": 0.0, }, { ""claim_id"": ""C45_SYNTHETIC_N_100000"", ""section"": ""4.3"", ""category"": ""scala",False
C45_SYNTHETIC_N_500,4.3,scalability,Synthetic scalability workload includes N=500,500,500.0,500,New_Code\01_audit_existing_results.py,01_audit_existing_results.py,"], ""target_values"": [40.0], ""tolerance"": 2.0, }, { ""claim_id"": ""C45_SYNTHETIC_N_500"", ""section"": ""4.3"", ""category"": ""scalability"", ""description"": ""Synthetic scalability workload includes N=500"", ""metric_terms"": [ ""sample"", ""samples"", ""dataset size"", ""n="", ""n ="", ""synthetic size"", ], ""target_values"": [500], ""tolerance"": 0.0, },",False
C45_SYNTHETIC_N_500,4.3,scalability,Synthetic scalability workload includes N=500,500,500.0,500,New_Code\01_audit_existing_results.py,01_audit_existing_results.py,"], ""target_values"": [40.0], ""tolerance"": 2.0, }, { ""claim_id"": ""C45_SYNTHETIC_N_500"", ""section"": ""4.3"", ""category"": ""scalability"", ""description"": ""Synthetic scalability workload includes N=500"", ""metric_terms"": [ ""sample"", ""samples"", ""dataset size"", ""n="", ""n ="", ""synthetic size"", ], ""target_values"": [500], ""tolerance"": 0.0, },",False
C45_SYNTHETIC_N_500,4.3,scalability,Synthetic scalability workload includes N=500,500,500.0,500,New_Code\01_audit_existing_results.py,01_audit_existing_results.py,"00"", ""section"": ""4.3"", ""category"": ""scalability"", ""description"": ""Synthetic scalability workload includes N=500"", ""metric_terms"": [ ""sample"", ""samples"", ""dataset size"", ""n="", ""n ="", ""synthetic size"", ], ""target_values"": [500], ""tolerance"": 0.0, }, { ""claim_id"": ""C45_SYNTHETIC_N_100000"", ""section"": ""4.3"", ""category"": ""scalability"", """,False
C45_SYNTHETIC_N_500,4.3,scalability,Synthetic scalability workload includes N=500,500,500.0,500,New_Code\01_audit_existing_results.py,01_audit_existing_results.py,"00"", ""section"": ""4.3"", ""category"": ""scalability"", ""description"": ""Synthetic scalability workload includes N=500"", ""metric_terms"": [ ""sample"", ""samples"", ""dataset size"", ""n="", ""n ="", ""synthetic size"", ], ""target_values"": [500], ""tolerance"": 0.0, }, { ""claim_id"": ""C45_SYNTHETIC_N_100000"", ""section"": ""4.3"", ""category"": ""scalability"", """,False
C45_SYNTHETIC_N_500,4.3,scalability,Synthetic scalability workload includes N=500,500,500.0,500,New_Code\01_audit_existing_results.py,01_audit_existing_results.py,"], ""target_values"": [500], ""tolerance"": 0.0, }, { ""claim_id"": ""C45_SYNTHETIC_N_100000"", ""section"": ""4.3"", ""category"": ""scalability"", ""description"": ""Synthetic scalability workload includes N=100000"", ""metric_terms"": [ ""sample"", ""samples"", ""dataset size"", ""n="", ""n ="", ""synthetic size"", ], ""target_values"": [100000], ""tolerance"": 0.0,",False
C45_SYNTHETIC_N_500,4.3,scalability,Synthetic scalability workload includes N=500,500,500.0,500,New_Code\01_audit_existing_results.py,01_audit_existing_results.py,"ion"": ""4.3"", ""category"": ""scalability"", ""description"": ""Synthetic scalability workload includes N=500"", ""metric_terms"": [ ""sample"", ""samples"", ""dataset size"", ""n="", ""n ="", ""synthetic size"", ], ""target_values"": [500], ""tolerance"": 0.0, }, { ""claim_id"": ""C45_SYNTHETIC_N_100000"", ""section"": ""4.3"", ""category"": ""scalability"", ""description"": ""Synt",False
C45_SYNTHETIC_N_500,4.3,scalability,Synthetic scalability workload includes N=500,500,500.0,500,New_Code\01_audit_existing_results.py,01_audit_existing_results.py,"ion"": ""4.3"", ""category"": ""scalability"", ""description"": ""Synthetic scalability workload includes N=500"", ""metric_terms"": [ ""sample"", ""samples"", ""dataset size"", ""n="", ""n ="", ""synthetic size"", ], ""target_values"": [500], ""tolerance"": 0.0, }, { ""claim_id"": ""C45_SYNTHETIC_N_100000"", ""section"": ""4.3"", ""category"": ""scalability"", ""description"": ""Synt",False
C45_SYNTHETIC_N_500,4.3,scalability,Synthetic scalability workload includes N=500,500,500.0,500,New_Code\01_audit_existing_results.py,01_audit_existing_results.py,"""category"": ""scalability"", ""description"": ""Synthetic scalability workload includes N=500"", ""metric_terms"": [ ""sample"", ""samples"", ""dataset size"", ""n="", ""n ="", ""synthetic size"", ], ""target_values"": [500], ""tolerance"": 0.0, }, { ""claim_id"": ""C45_SYNTHETIC_N_100000"", ""section"": ""4.3"", ""category"": ""scalability"", ""description"": ""Synthetic scalability workload inc",False
C45_SYNTHETIC_N_500,4.3,scalability,Synthetic scalability workload includes N=500,500,500.0,500,New_Code\01_audit_existing_results.py,01_audit_existing_results.py,"""category"": ""scalability"", ""description"": ""Synthetic scalability workload includes N=500"", ""metric_terms"": [ ""sample"", ""samples"", ""dataset size"", ""n="", ""n ="", ""synthetic size"", ], ""target_values"": [500], ""tolerance"": 0.0, }, { ""claim_id"": ""C45_SYNTHETIC_N_100000"", ""section"": ""4.3"", ""category"": ""scalability"", ""description"": ""Synthetic scalability workload inc",False
C45_SYNTHETIC_N_100000,4.3,scalability,Synthetic scalability workload includes N=100000,100000,100000.0,100000,New_Code\01_audit_existing_results.py,01_audit_existing_results.py,"olerance"": 0.0, }, { ""claim_id"": ""C45_SYNTHETIC_N_100000"", ""section"": ""4.3"", ""category"": ""scalability"", ""description"": ""Synthetic scalability workload includes N=100000"", ""metric_terms"": [ ""sample"", ""samples"", ""dataset size"", ""n="", ""n ="", ""synthetic size"", ], ""target_values"": [100000], ""tolerance"": 0.0, }, ] # ============================================",False
C45_SYNTHETIC_N_100000,4.3,scalability,Synthetic scalability workload includes N=100000,100000,100000.0,100000,New_Code\01_audit_existing_results.py,01_audit_existing_results.py,"olerance"": 0.0, }, { ""claim_id"": ""C45_SYNTHETIC_N_100000"", ""section"": ""4.3"", ""category"": ""scalability"", ""description"": ""Synthetic scalability workload includes N=100000"", ""metric_terms"": [ ""sample"", ""samples"", ""dataset size"", ""n="", ""n ="", ""synthetic size"", ], ""target_values"": [100000], ""tolerance"": 0.0, }, ] # ============================================",False
C45_SYNTHETIC_N_100000,4.3,scalability,Synthetic scalability workload includes N=100000,100000,100000.0,100000,New_Code\01_audit_existing_results.py,01_audit_existing_results.py,"{ ""claim_id"": ""C45_SYNTHETIC_N_100000"", ""section"": ""4.3"", ""category"": ""scalability"", ""description"": ""Synthetic scalability workload includes N=100000"", ""metric_terms"": [ ""sample"", ""samples"", ""dataset size"", ""n="", ""n ="", ""synthetic size"", ], ""target_values"": [100000], ""tolerance"": 0.0, }, ] # ============================================================ # 4.",False
C45_SYNTHETIC_N_100000,4.3,scalability,Synthetic scalability workload includes N=100000,100000,100000.0,100000,New_Code\01_audit_existing_results.py,01_audit_existing_results.py,"{ ""claim_id"": ""C45_SYNTHETIC_N_100000"", ""section"": ""4.3"", ""category"": ""scalability"", ""description"": ""Synthetic scalability workload includes N=100000"", ""metric_terms"": [ ""sample"", ""samples"", ""dataset size"", ""n="", ""n ="", ""synthetic size"", ], ""target_values"": [100000], ""tolerance"": 0.0, }, ] # ============================================================ # 4.",False
C45_SYNTHETIC_N_100000,4.3,scalability,Synthetic scalability workload includes N=100000,100000,100000.0,100000,New_Code\01_audit_existing_results.py,01_audit_existing_results.py,"{ ""claim_id"": ""C45_SYNTHETIC_N_100000"", ""section"": ""4.3"", ""category"": ""scalability"", ""description"": ""Synthetic scalability workload includes N=100000"", ""metric_terms"": [ ""sample"", ""samples"", ""dataset size"", ""n="", ""n ="", ""synthetic size"", ], ""target_values"": [100000], ""tolerance"": 0.0, }, ] # ============================================================ # 4. K",False
C45_SYNTHETIC_N_100000,4.3,scalability,Synthetic scalability workload includes N=100000,100000,100000.0,100000,New_Code\01_audit_existing_results.py,01_audit_existing_results.py,"{ ""claim_id"": ""C45_SYNTHETIC_N_100000"", ""section"": ""4.3"", ""category"": ""scalability"", ""description"": ""Synthetic scalability workload includes N=100000"", ""metric_terms"": [ ""sample"", ""samples"", ""dataset size"", ""n="", ""n ="", ""synthetic size"", ], ""target_values"": [100000], ""tolerance"": 0.0, }, ] # ============================================================ # 4. K",False
C45_SYNTHETIC_N_100000,4.3,scalability,Synthetic scalability workload includes N=100000,100000,100000.0,100000,New_Code\01_audit_existing_results.py,01_audit_existing_results.py,"d"": ""C45_SYNTHETIC_N_100000"", ""section"": ""4.3"", ""category"": ""scalability"", ""description"": ""Synthetic scalability workload includes N=100000"", ""metric_terms"": [ ""sample"", ""samples"", ""dataset size"", ""n="", ""n ="", ""synthetic size"", ], ""target_values"": [100000], ""tolerance"": 0.0, }, ] # ============================================================ # 4. KEYWORDS FOR FILE CLASSIFICAT",False
C45_SYNTHETIC_N_100000,4.3,scalability,Synthetic scalability workload includes N=100000,100000,100000.0,100000,New_Code\01_audit_existing_results.py,01_audit_existing_results.py,"d"": ""C45_SYNTHETIC_N_100000"", ""section"": ""4.3"", ""category"": ""scalability"", ""description"": ""Synthetic scalability workload includes N=100000"", ""metric_terms"": [ ""sample"", ""samples"", ""dataset size"", ""n="", ""n ="", ""synthetic size"", ], ""target_values"": [100000], ""tolerance"": 0.0, }, ] # ============================================================ # 4. KEYWORDS FOR FILE CLASSIFICAT",False
C45_SYNTHETIC_N_100000,4.3,scalability,Synthetic scalability workload includes N=100000,100000,100000.0,100000,New_Code\01_audit_existing_results.py,01_audit_existing_results.py,"], ""target_values"": [500], ""tolerance"": 0.0, }, { ""claim_id"": ""C45_SYNTHETIC_N_100000"", ""section"": ""4.3"", ""category"": ""scalability"", ""description"": ""Synthetic scalability workload includes N=100000"", ""metric_terms"": [ ""sample"", ""samples"", ""dataset size"", ""n="", ""n ="", ""synthetic size"", ], ""target_values"": [100000], ""tolerance"": 0.0,",False
C45_SYNTHETIC_N_100000,4.3,scalability,Synthetic scalability workload includes N=100000,100000,100000.0,100000,New_Code\01_audit_existing_results.py,01_audit_existing_results.py,"], ""target_values"": [500], ""tolerance"": 0.0, }, { ""claim_id"": ""C45_SYNTHETIC_N_100000"", ""section"": ""4.3"", ""category"": ""scalability"", ""description"": ""Synthetic scalability workload includes N=100000"", ""metric_terms"": [ ""sample"", ""samples"", ""dataset size"", ""n="", ""n ="", ""synthetic size"", ], ""target_values"": [100000], ""tolerance"": 0.0,",False
C45_SYNTHETIC_N_100000,4.3,scalability,Synthetic scalability workload includes N=100000,100000,100000.0,100000,New_Code\01_audit_existing_results.py,01_audit_existing_results.py,", ""section"": ""4.3"", ""category"": ""scalability"", ""description"": ""Synthetic scalability workload includes N=100000"", ""metric_terms"": [ ""sample"", ""samples"", ""dataset size"", ""n="", ""n ="", ""synthetic size"", ], ""target_values"": [100000], ""tolerance"": 0.0, }, ] # ============================================================ # 4. KEYWORDS FOR FILE CLASSIFICATION # ============",False
C45_SYNTHETIC_N_100000,4.3,scalability,Synthetic scalability workload includes N=100000,100000,100000.0,100000,New_Code\01_audit_existing_results.py,01_audit_existing_results.py,", ""section"": ""4.3"", ""category"": ""scalability"", ""description"": ""Synthetic scalability workload includes N=100000"", ""metric_terms"": [ ""sample"", ""samples"", ""dataset size"", ""n="", ""n ="", ""synthetic size"", ], ""target_values"": [100000], ""tolerance"": 0.0, }, ] # ============================================================ # 4. KEYWORDS FOR FILE CLASSIFICATION # ============",False
C45_SYNTHETIC_N_100000,4.3,scalability,Synthetic scalability workload includes N=100000,100000,100000.0,100000,New_Code\01_audit_existing_results.py,01_audit_existing_results.py,""": ""4.3"", ""category"": ""scalability"", ""description"": ""Synthetic scalability workload includes N=100000"", ""metric_terms"": [ ""sample"", ""samples"", ""dataset size"", ""n="", ""n ="", ""synthetic size"", ], ""target_values"": [100000], ""tolerance"": 0.0, }, ] # ============================================================ # 4. KEYWORDS FOR FILE CLASSIFICATION # ===============================",False
C45_SYNTHETIC_N_100000,4.3,scalability,Synthetic scalability workload includes N=100000,100000,100000.0,100000,New_Code\01_audit_existing_results.py,01_audit_existing_results.py,""": ""4.3"", ""category"": ""scalability"", ""description"": ""Synthetic scalability workload includes N=100000"", ""metric_terms"": [ ""sample"", ""samples"", ""dataset size"", ""n="", ""n ="", ""synthetic size"", ], ""target_values"": [100000], ""tolerance"": 0.0, }, ] # ============================================================ # 4. KEYWORDS FOR FILE CLASSIFICATION # ===============================",False
C45_SYNTHETIC_N_100000,4.3,scalability,Synthetic scalability workload includes N=100000,100000,100000.0,100000,New_Code\01_audit_existing_results.py,01_audit_existing_results.py,"category"": ""scalability"", ""description"": ""Synthetic scalability workload includes N=100000"", ""metric_terms"": [ ""sample"", ""samples"", ""dataset size"", ""n="", ""n ="", ""synthetic size"", ], ""target_values"": [100000], ""tolerance"": 0.0, }, ] # ============================================================ # 4. KEYWORDS FOR FILE CLASSIFICATION # ============================================================",False
C45_SYNTHETIC_N_100000,4.3,scalability,Synthetic scalability workload includes N=100000,100000,100000.0,100000,New_Code\01_audit_existing_results.py,01_audit_existing_results.py,"category"": ""scalability"", ""description"": ""Synthetic scalability workload includes N=100000"", ""metric_terms"": [ ""sample"", ""samples"", ""dataset size"", ""n="", ""n ="", ""synthetic size"", ], ""target_values"": [100000], ""tolerance"": 0.0, }, ] # ============================================================ # 4. KEYWORDS FOR FILE CLASSIFICATION # ============================================================",False
C44_DI_REAL_1,4.4,fairness,Real-data disparate impact reported as 1.0,1.0,1.0,1,training\ensemble\train_hfagm.py,train_hfagm.py,"y_tensor = torch.tensor(y, dtype=torch.float32).unsqueeze(1) dataset = TensorDataset(X_tensor, adj_tensor, contrastive_tensor, y_tensor) dataloader = DataLoader(dataset, batch_size=32, shuffle=True) # ==== Initialize Model ==== model = HFAGM(input_dim=X.shape[1], contrastive_dim=contrastive.shape[1], hidden_dim=64) criterion = nn.BCEWithLogitsLoss() optimizer = optim.Adam(model.parameters(), lr=0.001) # ==== Training Loop ==== model.train() epochs = 20 for epoch in range(epochs): epoch_loss",False
C44_DI_REAL_1,4.4,fairness,Real-data disparate impact reported as 1.0,1.0,1.0,1,training\ensemble\train_hfagm.py,train_hfagm.py,"y_tensor = torch.tensor(y, dtype=torch.float32).unsqueeze(1) dataset = TensorDataset(X_tensor, adj_tensor, contrastive_tensor, y_tensor) dataloader = DataLoader(dataset, batch_size=32, shuffle=True) # ==== Initialize Model ==== model = HFAGM(input_dim=X.shape[1], contrastive_dim=contrastive.shape[1], hidden_dim=64) criterion = nn.BCEWithLogitsLoss() optimizer = optim.Adam(model.parameters(), lr=0.001) # ==== Training Loop ==== model.train() epochs = 20 for epoch in range(epochs): epoch_loss",False
C44_DI_REAL_1,4.4,fairness,Real-data disparate impact reported as 1.0,1.0,1.0,1,training\ensemble\train_hfagm.py,train_hfagm.py,"y_tensor = torch.tensor(y, dtype=torch.float32).unsqueeze(1) dataset = TensorDataset(X_tensor, adj_tensor, contrastive_tensor, y_tensor) dataloader = DataLoader(dataset, batch_size=32, shuffle=True) # ==== Initialize Model ==== model = HFAGM(input_dim=X.shape[1], contrastive_dim=contrastive.shape[1], hidden_dim=64) criterion = nn.BCEWithLogitsLoss() optimizer = optim.Adam(model.parameters(), lr=0.001) # ==== Training Loop ==== model.train() epochs = 20 for epoch in range(epochs): epoch_loss",False
C44_DI_REAL_1,4.4,fairness,Real-data disparate impact reported as 1.0,1.0,1.0,1,training\ensemble\train_hfagm.py,train_hfagm.py,"type=torch.float32).unsqueeze(1) dataset = TensorDataset(X_tensor, adj_tensor, contrastive_tensor, y_tensor) dataloader = DataLoader(dataset, batch_size=32, shuffle=True) # ==== Initialize Model ==== model = HFAGM(input_dim=X.shape[1], contrastive_dim=contrastive.shape[1], hidden_dim=64) criterion = nn.BCEWithLogitsLoss() optimizer = optim.Adam(model.parameters(), lr=0.001) # ==== Training Loop ==== model.train() epochs = 20 for epoch in range(epochs): epoch_loss = 0.0 for X_batch, adj_",False
C44_DI_REAL_1,4.4,fairness,Real-data disparate impact reported as 1.0,1.0,1.0,1,training\ensemble\train_hfagm.py,train_hfagm.py,"type=torch.float32).unsqueeze(1) dataset = TensorDataset(X_tensor, adj_tensor, contrastive_tensor, y_tensor) dataloader = DataLoader(dataset, batch_size=32, shuffle=True) # ==== Initialize Model ==== model = HFAGM(input_dim=X.shape[1], contrastive_dim=contrastive.shape[1], hidden_dim=64) criterion = nn.BCEWithLogitsLoss() optimizer = optim.Adam(model.parameters(), lr=0.001) # ==== Training Loop ==== model.train() epochs = 20 for epoch in range(epochs): epoch_loss = 0.0 for X_batch, adj_",False
C44_DI_REAL_1,4.4,fairness,Real-data disparate impact reported as 1.0,1.0,1.0,1,training\ensemble\train_hfagm.py,train_hfagm.py,"type=torch.float32).unsqueeze(1) dataset = TensorDataset(X_tensor, adj_tensor, contrastive_tensor, y_tensor) dataloader = DataLoader(dataset, batch_size=32, shuffle=True) # ==== Initialize Model ==== model = HFAGM(input_dim=X.shape[1], contrastive_dim=contrastive.shape[1], hidden_dim=64) criterion = nn.BCEWithLogitsLoss() optimizer = optim.Adam(model.parameters(), lr=0.001) # ==== Training Loop ==== model.train() epochs = 20 for epoch in range(epochs): epoch_loss = 0.0 for X_batch, adj_",False
C44_DI_REAL_1,4.4,fairness,Real-data disparate impact reported as 1.0,1.0,1.0,1,training\ensemble\train_hfagm.py,train_hfagm.py,"dataset = TensorDataset(X_tensor, adj_tensor, contrastive_tensor, y_tensor) dataloader = DataLoader(dataset, batch_size=32, shuffle=True) # ==== Initialize Model ==== model = HFAGM(input_dim=X.shape[1], contrastive_dim=contrastive.shape[1], hidden_dim=64) criterion = nn.BCEWithLogitsLoss() optimizer = optim.Adam(model.parameters(), lr=0.001) # ==== Training Loop ==== model.train() epochs = 20 for epoch in range(epochs): epoch_loss = 0.0 for X_batch, adj_batch, contrastive_batch, y_batch",False
C44_DI_REAL_1,4.4,fairness,Real-data disparate impact reported as 1.0,1.0,1.0,1,training\ensemble\train_hfagm.py,train_hfagm.py,"dataset = TensorDataset(X_tensor, adj_tensor, contrastive_tensor, y_tensor) dataloader = DataLoader(dataset, batch_size=32, shuffle=True) # ==== Initialize Model ==== model = HFAGM(input_dim=X.shape[1], contrastive_dim=contrastive.shape[1], hidden_dim=64) criterion = nn.BCEWithLogitsLoss() optimizer = optim.Adam(model.parameters(), lr=0.001) # ==== Training Loop ==== model.train() epochs = 20 for epoch in range(epochs): epoch_loss = 0.0 for X_batch, adj_batch, contrastive_batch, y_batch",False
C44_DI_REAL_1,4.4,fairness,Real-data disparate impact reported as 1.0,1.0,1.0,1,training\ensemble\train_hfagm.py,train_hfagm.py,"atch) loss = criterion(outputs, y_batch) loss.backward() optimizer.step() epoch_loss += loss.item() print(f""Epoch {epoch+1}/{epochs}, Loss: {epoch_loss/len(dataloader):.4f}"") # ==== Save Trained Model ==== os.makedirs(os.path.dirname(saved_model_path), exist_ok=True) torch.save(model.state_dict(), saved_model_path) print(f""Model saved to: {saved_model_path}"") # ==== Evaluation ==== model.eval() with torch.no_grad(): logits = model(X_tensor, adj_tensor, con",False
C44_DI_REAL_1,4.4,fairness,Real-data disparate impact reported as 1.0,1.0,1.0,1,training\ensemble\train_hfagm.py,train_hfagm.py,"loss = criterion(outputs, y_batch) loss.backward() optimizer.step() epoch_loss += loss.item() print(f""Epoch {epoch+1}/{epochs}, Loss: {epoch_loss/len(dataloader):.4f}"") # ==== Save Trained Model ==== os.makedirs(os.path.dirname(saved_model_path), exist_ok=True) torch.save(model.state_dict(), saved_model_path) print(f""Model saved to: {saved_model_path}"") # ==== Evaluation ==== model.eval() with torch.no_grad(): logits = model(X_tensor, adj_tensor, contrastive_tens",False
C44_DI_REAL_1,4.4,fairness,Real-data disparate impact reported as 1.0,1.0,1.0,1,training\ensemble\train_hfagm.py,train_hfagm.py,"optimizer.step() epoch_loss += loss.item() print(f""Epoch {epoch+1}/{epochs}, Loss: {epoch_loss/len(dataloader):.4f}"") # ==== Save Trained Model ==== os.makedirs(os.path.dirname(saved_model_path), exist_ok=True) torch.save(model.state_dict(), saved_model_path) print(f""Model saved to: {saved_model_path}"") # ==== Evaluation ==== model.eval() with torch.no_grad(): logits = model(X_tensor, adj_tensor, contrastive_tensor) probs = torch.sigmoid(logits).squeeze().numpy() preds",False
C44_DI_REAL_1,4.4,fairness,Real-data disparate impact reported as 1.0,1.0,1.0,1,training\hfagm\train_hfagm.py,train_hfagm.py,"path matches your project # === Load Data === base_path = r""E:\Mahmoud\Exams\46\462\New-papers\Paper4-Under-Processing\HFAGM_Project"" data_path = os.path.join(base_path, ""data"", ""preprocessed"") X = np.load(os.path.join(data_path, ""contrastive_embeddings.npy"")) graph_features = np.load(os.path.join(data_path, ""graph_features.npy"")) adj_matrix = np.load(os.path.join(data_path, ""adj_matrix_knn.npy"")) y = np.loadtxt(os.path.join(data_path, ""y_train.csv""), delimiter="","", skiprows=1) # ensure no head",False
C44_DI_REAL_1,4.4,fairness,Real-data disparate impact reported as 1.0,1.0,1.0,1,training\hfagm\train_hfagm.py,train_hfagm.py,"h.long) X_val = torch.tensor(X_val, dtype=torch.float32) graph_val = torch.tensor(graph_val, dtype=torch.float32) y_val = torch.tensor(y_val, dtype=torch.long) adj_matrix = torch.tensor(adj_matrix, dtype=torch.float32) # === Model Setup === input_dim = X_train.shape[1] graph_dim = graph_train.shape[1] hidden_dim = 64 num_classes = len(np.unique(y)) model = HFAGM(input_dim, graph_dim, hidden_dim, num_classes) criterion = nn.CrossEntropyLoss() optimizer = optim.Adam(model.parameters(), lr=0.001)",False
C44_DI_REAL_1,4.4,fairness,Real-data disparate impact reported as 1.0,1.0,1.0,1,training\hfagm\train_hfagm.py,train_hfagm.py,"h.long) X_val = torch.tensor(X_val, dtype=torch.float32) graph_val = torch.tensor(graph_val, dtype=torch.float32) y_val = torch.tensor(y_val, dtype=torch.long) adj_matrix = torch.tensor(adj_matrix, dtype=torch.float32) # === Model Setup === input_dim = X_train.shape[1] graph_dim = graph_train.shape[1] hidden_dim = 64 num_classes = len(np.unique(y)) model = HFAGM(input_dim, graph_dim, hidden_dim, num_classes) criterion = nn.CrossEntropyLoss() optimizer = optim.Adam(model.parameters(), lr=0.001)",False
C44_DI_REAL_1,4.4,fairness,Real-data disparate impact reported as 1.0,1.0,1.0,1,training\hfagm\train_hfagm.py,train_hfagm.py,"(X_val, dtype=torch.float32) graph_val = torch.tensor(graph_val, dtype=torch.float32) y_val = torch.tensor(y_val, dtype=torch.long) adj_matrix = torch.tensor(adj_matrix, dtype=torch.float32) # === Model Setup === input_dim = X_train.shape[1] graph_dim = graph_train.shape[1] hidden_dim = 64 num_classes = len(np.unique(y)) model = HFAGM(input_dim, graph_dim, hidden_dim, num_classes) criterion = nn.CrossEntropyLoss() optimizer = optim.Adam(model.parameters(), lr=0.001) # === Train === model.train",False
C44_DI_REAL_1,4.4,fairness,Real-data disparate impact reported as 1.0,1.0,1.0,1,training\hfagm\train_hfagm.py,train_hfagm.py,"(X_val, dtype=torch.float32) graph_val = torch.tensor(graph_val, dtype=torch.float32) y_val = torch.tensor(y_val, dtype=torch.long) adj_matrix = torch.tensor(adj_matrix, dtype=torch.float32) # === Model Setup === input_dim = X_train.shape[1] graph_dim = graph_train.shape[1] hidden_dim = 64 num_classes = len(np.unique(y)) model = HFAGM(input_dim, graph_dim, hidden_dim, num_classes) criterion = nn.CrossEntropyLoss() optimizer = optim.Adam(model.parameters(), lr=0.001) # === Train === model.train",False
C44_DI_REAL_1,4.4,fairness,Real-data disparate impact reported as 1.0,1.0,1.0,1,training\hfagm\train_hfagm.py,train_hfagm.py,"_val = torch.tensor(graph_val, dtype=torch.float32) y_val = torch.tensor(y_val, dtype=torch.long) adj_matrix = torch.tensor(adj_matrix, dtype=torch.float32) # === Model Setup === input_dim = X_train.shape[1] graph_dim = graph_train.shape[1] hidden_dim = 64 num_classes = len(np.unique(y)) model = HFAGM(input_dim, graph_dim, hidden_dim, num_classes) criterion = nn.CrossEntropyLoss() optimizer = optim.Adam(model.parameters(), lr=0.001) # === Train === model.train() for epoch in range(50): opt",False
C44_DI_REAL_1,4.4,fairness,Real-data disparate impact reported as 1.0,1.0,1.0,1,training\hfagm\train_hfagm.py,train_hfagm.py,"_val = torch.tensor(graph_val, dtype=torch.float32) y_val = torch.tensor(y_val, dtype=torch.long) adj_matrix = torch.tensor(adj_matrix, dtype=torch.float32) # === Model Setup === input_dim = X_train.shape[1] graph_dim = graph_train.shape[1] hidden_dim = 64 num_classes = len(np.unique(y)) model = HFAGM(input_dim, graph_dim, hidden_dim, num_classes) criterion = nn.CrossEntropyLoss() optimizer = optim.Adam(model.parameters(), lr=0.001) # === Train === model.train() for epoch in range(50): opt",False
C44_DI_REAL_1,4.4,fairness,Real-data disparate impact reported as 1.0,1.0,1.0,1,training\hfagm\train_hfagm.py,train_hfagm.py,"rch.tensor(y_val, dtype=torch.long) adj_matrix = torch.tensor(adj_matrix, dtype=torch.float32) # === Model Setup === input_dim = X_train.shape[1] graph_dim = graph_train.shape[1] hidden_dim = 64 num_classes = len(np.unique(y)) model = HFAGM(input_dim, graph_dim, hidden_dim, num_classes) criterion = nn.CrossEntropyLoss() optimizer = optim.Adam(model.parameters(), lr=0.001) # === Train === model.train() for epoch in range(50): optimizer.zero_grad() logits, attn_weights = model(X_train, g",False
C44_DI_REAL_1,4.4,fairness,Real-data disparate impact reported as 1.0,1.0,1.0,1,training\hfagm\train_hfagm.py,train_hfagm.py,"rch.tensor(y_val, dtype=torch.long) adj_matrix = torch.tensor(adj_matrix, dtype=torch.float32) # === Model Setup === input_dim = X_train.shape[1] graph_dim = graph_train.shape[1] hidden_dim = 64 num_classes = len(np.unique(y)) model = HFAGM(input_dim, graph_dim, hidden_dim, num_classes) criterion = nn.CrossEntropyLoss() optimizer = optim.Adam(model.parameters(), lr=0.001) # === Train === model.train() for epoch in range(50): optimizer.zero_grad() logits, attn_weights = model(X_train, g",False
C44_DI_REAL_1,4.4,fairness,Real-data disparate impact reported as 1.0,1.0,1.0,1,training\hfagm\train_hfagm.py,train_hfagm.py,"y_val, dtype=torch.long) adj_matrix = torch.tensor(adj_matrix, dtype=torch.float32) # === Model Setup === input_dim = X_train.shape[1] graph_dim = graph_train.shape[1] hidden_dim = 64 num_classes = len(np.unique(y)) model = HFAGM(input_dim, graph_dim, hidden_dim, num_classes) criterion = nn.CrossEntropyLoss() optimizer = optim.Adam(model.parameters(), lr=0.001) # === Train === model.train() for epoch in range(50): optimizer.zero_grad() logits, attn_weights = model(X_train, graph_train,",False
C44_DI_REAL_1,4.4,fairness,Real-data disparate impact reported as 1.0,1.0,1.0,1,training\hfagm\train_hfagm.py,train_hfagm.py,"y_val, dtype=torch.long) adj_matrix = torch.tensor(adj_matrix, dtype=torch.float32) # === Model Setup === input_dim = X_train.shape[1] graph_dim = graph_train.shape[1] hidden_dim = 64 num_classes = len(np.unique(y)) model = HFAGM(input_dim, graph_dim, hidden_dim, num_classes) criterion = nn.CrossEntropyLoss() optimizer = optim.Adam(model.parameters(), lr=0.001) # === Train === model.train() for epoch in range(50): optimizer.zero_grad() logits, attn_weights = model(X_train, graph_train,",False
C44_DI_REAL_1,4.4,fairness,Real-data disparate impact reported as 1.0,1.0,1.0,1,training\hfagm\train_hfagm.py,train_hfagm.py,"=torch.long) adj_matrix = torch.tensor(adj_matrix, dtype=torch.float32) # === Model Setup === input_dim = X_train.shape[1] graph_dim = graph_train.shape[1] hidden_dim = 64 num_classes = len(np.unique(y)) model = HFAGM(input_dim, graph_dim, hidden_dim, num_classes) criterion = nn.CrossEntropyLoss() optimizer = optim.Adam(model.parameters(), lr=0.001) # === Train === model.train() for epoch in range(50): optimizer.zero_grad() logits, attn_weights = model(X_train, graph_train, adj_matrix)",False
C44_DI_REAL_1,4.4,fairness,Real-data disparate impact reported as 1.0,1.0,1.0,1,training\hfagm\train_hfagm.py,train_hfagm.py,"=torch.long) adj_matrix = torch.tensor(adj_matrix, dtype=torch.float32) # === Model Setup === input_dim = X_train.shape[1] graph_dim = graph_train.shape[1] hidden_dim = 64 num_classes = len(np.unique(y)) model = HFAGM(input_dim, graph_dim, hidden_dim, num_classes) criterion = nn.CrossEntropyLoss() optimizer = optim.Adam(model.parameters(), lr=0.001) # === Train === model.train() for epoch in range(50): optimizer.zero_grad() logits, attn_weights = model(X_train, graph_train, adj_matrix)",False
C44_DI_REAL_1,4.4,fairness,Real-data disparate impact reported as 1.0,1.0,1.0,1,training\hfagm\train_hfagm.py,train_hfagm.py,"optimizer.step() if epoch % 10 == 0: print(f""Epoch {epoch}, Loss: {loss.item():.4f}"") # === Eval === model.eval() with torch.no_grad(): logits_val, attn_val = model(X_val, graph_val, adj_matrix) preds = torch.argmax(logits_val, dim=1) acc = (preds == y_val).float().mean().item() print(f""\nValidation Accuracy: {acc:.4f}"") # === Save Attention Plot === attn_dir = os.path.join(base_path, ""outputs"", ""attention_weights"") plt.figure(figsize=(10, 6)) sns.heatmap(attn_val.nu",False
C44_DI_REAL_1,4.4,fairness,Real-data disparate impact reported as 1.0,1.0,1.0,1,training\hfagm\train_hfagm.py,train_hfagm.py,"no_grad(): logits_val, attn_val = model(X_val, graph_val, adj_matrix) preds = torch.argmax(logits_val, dim=1) acc = (preds == y_val).float().mean().item() print(f""\nValidation Accuracy: {acc:.4f}"") # === Save Attention Plot === attn_dir = os.path.join(base_path, ""outputs"", ""attention_weights"") plt.figure(figsize=(10, 6)) sns.heatmap(attn_val.numpy(), cmap='viridis') plt.title(""Attention Weights"") plt.xlabel(""Head"") plt.ylabel(""Node Index"") attn_path = os.path.join(attn_dir, ""atten",False
