source_file,destination_file,category,reason,authoritative,size_bytes,sha256
candidate_evidence\code\Array_Rejected\Paper4-Under-Processing\HFAGM.py,src\evaluation\HFAGM.py,source:evaluation,Relevant to validated revised study,NO,20252,2300bcc4ac0dc3da38e9d8cb58702008b2da5e1cc77f99d144bab0e33b63bb32
candidate_evidence\code\Array_Rejected\Paper4-Under-Processing\HFAGM2.py,src\evaluation\HFAGM2.py,source:evaluation,Relevant to validated revised study,NO,21763,c1b569f6ac24541f15c98e18932a0c6956ebf7965aa3e5ac16cd9496c86020bc
candidate_evidence\code\Array_Rejected\Paper4-Under-Processing\HFAGM3.py,src\evaluation\HFAGM3.py,source:evaluation,Relevant to validated revised study,NO,12763,907731e7dd373a0171e03f8db19963125f801f35b976e6a74839bb84d553f0ce
candidate_evidence\code\Array_Rejected\Paper4-Under-Processing\HFAGM4.py,src\evaluation\HFAGM4.py,source:evaluation,Relevant to validated revised study,NO,12328,876c368cc4bedb05271174ebcf7fcdfbaac9e3ceb9084f62375a456a047f7cc1
candidate_evidence\code\Array_Rejected\Paper4-Under-Processing\HFAGM_Project\get_project_structure.py,src\evaluation\get_project_structure.py,source:evaluation,Relevant to validated revised study,NO,1508,1736ba9db1273c4165933e2b4a371be44ae4d5e74f22f4ec381e1eb923c9ec09
candidate_evidence\code\Array_Rejected\Paper4-Under-Processing\HFAGM_Project\New_Code\01_audit_existing_results.py,src\evaluation\01_audit_existing_results.py,source:evaluation,Relevant to validated revised study,NO,47882,44c39f3fdb2843e38f6fb262c81f50930b769ca85156ad351c8d63f71250d5cb
candidate_evidence\code\Array_Rejected\Paper4-Under-Processing\HFAGM_Project\New_Code\02B_regenerate_existing_predictions.py,src\evaluation\02B_regenerate_existing_predictions.py,source:evaluation,Relevant to validated revised study,NO,37180,18ab84b80e4da0e254042cb97711b59abcd17748e2dff269fc15b6ce925713aa
candidate_evidence\code\Array_Rejected\Paper4-Under-Processing\HFAGM_Project\New_Code\02C_verify_split_and_leakage.py,experiments\leakage_safe_evaluation\02C_verify_split_and_leakage.py,experiment:leakage_safe_evaluation,Relevant to validated revised study,NO,62543,5d0a53584f28d73aaf7e88224c7eb73b8da432b56fc8791ef2b42f0aa3c6e1ac
candidate_evidence\code\Array_Rejected\Paper4-Under-Processing\HFAGM_Project\New_Code\02D_correct_leakage_safe_evaluation.py,experiments\leakage_safe_evaluation\02D_correct_leakage_safe_evaluation.py,experiment:leakage_safe_evaluation,Relevant to validated revised study,NO,71063,2ae139a495880bbb91b588bfd2a653313d2feb9e42f2c558fc2a4f982c507d7e
candidate_evidence\code\Array_Rejected\Paper4-Under-Processing\HFAGM_Project\New_Code\02E_repeated_leakage_safe_evaluation.py,experiments\leakage_safe_evaluation\02E_repeated_leakage_safe_evaluation.py,experiment:leakage_safe_evaluation,Relevant to validated revised study,NO,70743,dfa81b938c0488a94ba9d478c0bcd25e7caa5e8108acb0764674333b80cee931
candidate_evidence\code\Array_Rejected\Paper4-Under-Processing\HFAGM_Project\New_Code\02F_audit_feature_chronology_and_proxy_leakage.py,experiments\leakage_safe_evaluation\02F_audit_feature_chronology_and_proxy_leakage.py,experiment:leakage_safe_evaluation,Relevant to validated revised study,NO,67742,1b99e8d929ecad7c98d0b177cd0580307d423d2ddd54d0f81205087daf14f259
candidate_evidence\code\Array_Rejected\Paper4-Under-Processing\HFAGM_Project\New_Code\02F_v2_audit_feature_chronology_and_proxy_leakage.py,experiments\leakage_safe_evaluation\02F_v2_audit_feature_chronology_and_proxy_leakage.py,experiment:leakage_safe_evaluation,Relevant to validated revised study,NO,85561,205b13ba8b8c53e7f2888769ada6ee95c0f7e7df0e9e6b3ad108b56243861252
candidate_evidence\code\Array_Rejected\Paper4-Under-Processing\HFAGM_Project\New_Code\02_reconstruct_and_recompute_primary_metrics.py,src\evaluation\02_reconstruct_and_recompute_primary_metrics.py,source:evaluation,Relevant to validated revised study,NO,65277,0cea62249464b83266f24ea6f305cea3f8c482ad5c0f7dafd57534c56fa67945
candidate_evidence\code\Array_Rejected\Paper4-Under-Processing\HFAGM_Project\New_Code\03_recompute_fairness_metrics.py,experiments\fairness_analysis\03_recompute_fairness_metrics.py,experiment:fairness_analysis,Relevant to validated revised study,NO,93957,d05289b20e120e911de4dea00511319d78a0ca8615ff9b43c7bbf17029145e95
candidate_evidence\code\Array_Rejected\Paper4-Under-Processing\HFAGM_Project\New_Code\04B_reconstruct_structured_synthetic_generation.py,src\evaluation\04B_reconstruct_structured_synthetic_generation.py,source:evaluation,Relevant to validated revised study,NO,106057,280454f99e3ea488c9495752635b6a132ef46749243ae3fab6a2c96dca1a224a
candidate_evidence\code\Array_Rejected\Paper4-Under-Processing\HFAGM_Project\New_Code\04B_v2_verify_actual_generative_architecture.py,src\evaluation\04B_v2_verify_actual_generative_architecture.py,source:evaluation,Relevant to validated revised study,NO,68179,3c51f306865078eda97ebcf7da11cbabc18f1a83c1c7db030a20e3c29c3f2401
candidate_evidence\code\Array_Rejected\Paper4-Under-Processing\HFAGM_Project\New_Code\04_verify_and_compute_structured_frechet.py,src\evaluation\04_verify_and_compute_structured_frechet.py,source:evaluation,Relevant to validated revised study,NO,83720,dcdfd9572413ea6fdabc0cf83b7d324c09291bc2908e484e41855a7520246f7b
candidate_evidence\code\Array_Rejected\Paper4-Under-Processing\HFAGM_Project\New_Code\05_common_real_test_utility.py,src\evaluation\05_common_real_test_utility.py,source:evaluation,Relevant to validated revised study,NO,69265,6ff100b1efde887015bc4aab396935c4034cadbd6bbe54b9006239f58474de62
candidate_evidence\code\Array_Rejected\Paper4-Under-Processing\HFAGM_Project\New_Code\06_scalability_benchmark.py,experiments\baseline_comparison\06_scalability_benchmark.py,experiment:baseline_comparison,Relevant to validated revised study,NO,48965,90c5631965e2938ee7b0a1eecfd5a0c177d994d006baf56f50d4acbd68d37e04
candidate_evidence\code\Array_Rejected\Paper4-Under-Processing\HFAGM_Project\New_Code\07_ablation_reproducibility_audit.py,src\evaluation\07_ablation_reproducibility_audit.py,source:evaluation,Relevant to validated revised study,NO,46670,008586078a9a75b542e7dd94611c4af31be9343d8e60adc269ba9690a43b11a1
candidate_evidence\code\Array_Rejected\Paper4-Under-Processing\HFAGM_Project\New_Code\08_statistical_claim_audit.py,experiments\statistical_analysis\08_statistical_claim_audit.py,experiment:statistical_analysis,Relevant to validated revised study,NO,58568,91d8ca05fda326e398ba78282d206c833d141cbc19426d8c2e73f5449f15ea83
candidate_evidence\code\Array_Rejected\Paper4-Under-Processing\HFAGM_Project\New_Code\08_statistical_claim_audit_v2.py,experiments\statistical_analysis\08_statistical_claim_audit_v2.py,experiment:statistical_analysis,Relevant to validated revised study,NO,66426,75990e481e14a042cadc0b0ccefe6c229d474bf1bbf4c9c404008b64990b491d
candidate_evidence\code\Array_Rejected\Paper4-Under-Processing\HFAGM_Project\New_Code\09_multimodal_figure_results_audit.py,src\evaluation\09_multimodal_figure_results_audit.py,source:evaluation,Relevant to validated revised study,NO,72975,969eaed856336844c364882422f8af94d3702a8b4dfe1be43527f1a58f60689e
candidate_evidence\code\Array_Rejected\Paper4-Under-Processing\HFAGM_Project\New_Code\09_multimodal_figure_results_audit_v2.py,src\evaluation\09_multimodal_figure_results_audit_v2.py,source:evaluation,Relevant to validated revised study,NO,76562,2a2daa64b34644cebd7f4a82b79c0d34c6005d50168a9177ec0779bbc2bc0ba3
candidate_evidence\code\Array_Rejected\Paper4-Under-Processing\HFAGM_Project\New_Code\10_master_evidence_and_restructuring_audit.py,src\evaluation\10_master_evidence_and_restructuring_audit.py,source:evaluation,Relevant to validated revised study,NO,86233,5ead02d12f4b48b3125d13b8e5c7985c5dbd09e98f66230e269c98f8e86bb88f
candidate_evidence\code\Array_Rejected\Paper4-Under-Processing\HFAGM_Project\New_Code\10_master_evidence_and_restructuring_audit_v2.py,src\evaluation\10_master_evidence_and_restructuring_audit_v2.py,source:evaluation,Relevant to validated revised study,NO,88005,a57f0061b7c4a234bfd51c2f61041e13b4171f00add51077b00c07d2b9e82002
candidate_evidence\code\Array_Rejected\Paper4-Under-Processing\HFAGM_Project\New_Code\data_structure.py,src\evaluation\data_structure.py,source:evaluation,Relevant to validated revised study,NO,2033,2a7c133a99df8736999572600044854cbb07cbd588b4bfe987a858a3af225287
candidate_evidence\code\Paper4-Under-Processing\collect_paper4_evidence.py,src\evaluation\collect_paper4_evidence.py,source:evaluation,Relevant to validated revised study,NO,26974,78f76caeefeb12d74545a2f82f5367556b3997fb047c03699224fc23afcae20f
candidate_evidence\code\Paper4-Under-Processing\explore_hfagm_project.py,src\evaluation\explore_hfagm_project.py,source:evaluation,Relevant to validated revised study,NO,36979,19830ac301db406bb770e93987dbfec92f2092a234a6c49497b8cb1d4565e5d6
candidate_evidence\code\Paper4-Under-Processing\explore_project.py,src\evaluation\explore_project.py,source:evaluation,Relevant to validated revised study,NO,42996,1c84f04e6aa8c4a794668d2b2a544b03eac7041e85e126b11c091598dc76ee46
src\ensemble\train_ensemble.py,src\modeling\train_ensemble.py,source:modeling,Relevant to validated revised study,NO,1644,eaee01016ec09ed826d91b9ecc412a7650d363cd73f6e567229d7825b5f785b3
src\ensemble\train_hfagm.py,src\modeling\train_hfagm.py,source:modeling,Relevant to validated revised study,NO,2884,575587fb8db4c6f76b430bd3d23a639d353b109fce22d0ef8c547a6e62777df8
src\evaluation\evaluate_fairness.py,experiments\fairness_analysis\evaluate_fairness.py,experiment:fairness_analysis,Relevant to validated revised study,NO,2804,3e452ef73faf37159e5e35dc3421f1ebd0a29df92d6a153bc347bdc2590fd41d
src\evaluation\evaluate_fairness1.py,experiments\fairness_analysis\evaluate_fairness1.py,experiment:fairness_analysis,Relevant to validated revised study,NO,3641,839ccd7468932ecfa1c1706f1e667074bdd95c4a8c45dba977fdfbee2e4c7b7d
src\modeling\hfagm_model.py,src\modeling\hfagm_model.py,source:modeling,Relevant to validated revised study,NO,1965,9cd4f79980e2d4358c39f9b0e97f5eb72d110ae60309588c1b377928c1e7b543
src\modeling\train_hfagm.py,src\modeling\train_hfagm_2.py,source:modeling,Relevant to validated revised study,NO,3411,896a0d591883cf32b4c5b82395394470664e276ad4df6948f31177798f9d2556
src\modeling\train_hfagm_2.py,src\modeling\train_hfagm_2_2.py,source:modeling,Relevant to validated revised study,NO,4025,c9edcbba97cb8dc264a387daf24bb9b75d6b9fafa2412987c780300ea0d2a796
src\preprocessing\generate_graph_features_and_adjacency.py,src\preprocessing\generate_graph_features_and_adjacency.py,source:preprocessing,Relevant to validated revised study,NO,2193,eae4720aac71095567f71d6e3be33c9d9f3603d2e0aaf2842cefff6edc0ffa2a
src\preprocessing\preprocess_covid_clinical.py,src\preprocessing\preprocess_covid_clinical.py,source:preprocessing,Relevant to validated revised study,NO,2023,eca30ab0c9627e70c59e35f83464e4a7cc0a4229575dccc8dc0bc07149e63aeb
src\preprocessing\split_and_standardize.py,experiments\leakage_safe_evaluation\split_and_standardize.py,experiment:leakage_safe_evaluation,Relevant to validated revised study,NO,1419,9ed6b82ab3a5431eb3e2330b2e901027aff80db69047d18429397bb8355aeb34
src\representation\contrastive_encoder.py,src\preprocessing\contrastive_encoder.py,source:preprocessing,Relevant to validated revised study,NO,2865,6c79b267bc8b48f8a1a3c779b527fca95e29c8b00f7b79541ef90b19fb9a6610
candidate_evidence\data\Array_Rejected\Paper4-Under-Processing\HFAGM_Project\outputs\revision_ablation\ablation_claim_reconstruction.csv,results\primary\ablation_claim_reconstruction.csv,result:primary,Validated/supporting machine-readable result,NO,655,8d6ab70d2a56f84f706da4539440173162d149c6c2cf30beca2a454a23bc10bf
candidate_evidence\data\Array_Rejected\Paper4-Under-Processing\HFAGM_Project\outputs\revision_ablation\ablation_condition_matrix.csv,results\primary\ablation_condition_matrix.csv,result:primary,Validated/supporting machine-readable result,NO,856,d25e437340ec71d6a71083ddd7591adca0098e00251599d4be5cac29b928b3d8
candidate_evidence\data\Array_Rejected\Paper4-Under-Processing\HFAGM_Project\outputs\revision_ablation\ablation_keyword_evidence.csv,results\primary\ablation_keyword_evidence.csv,result:primary,Validated/supporting machine-readable result,NO,93616,679d568ebc5d7c254c69cf30b540071acbc1b086fd755575b0de6e9e8e7e91c2
candidate_evidence\data\Array_Rejected\Paper4-Under-Processing\HFAGM_Project\outputs\revision_ablation\ablation_provenance.csv,results\primary\ablation_provenance.csv,result:primary,Validated/supporting machine-readable result,NO,650,55505c35b166b4d9307b93072a49427b15416028fabacd0b988c4c168b6499a2
candidate_evidence\data\Array_Rejected\Paper4-Under-Processing\HFAGM_Project\outputs\revision_ablation\ablation_source_inventory.csv,results\primary\ablation_source_inventory.csv,result:primary,Validated/supporting machine-readable result,NO,2807289,a21fff7cf6ddd017e680eaacf400ff2c90806c678ef057722d27d52903c38e11
candidate_evidence\data\Array_Rejected\Paper4-Under-Processing\HFAGM_Project\outputs\revision_ablation\ablation_verdict.csv,results\primary\ablation_verdict.csv,result:primary,Validated/supporting machine-readable result,NO,599,9e967adaa76f3d8475ed607c2cce3535be290a8ecc4be209fe783580d03d5d6d
candidate_evidence\data\Array_Rejected\Paper4-Under-Processing\HFAGM_Project\outputs\revision_ablation\architecture_variant_evidence.csv,results\primary\architecture_variant_evidence.csv,result:primary,Validated/supporting machine-readable result,NO,1355,1a22469866610cc039268b542f9bcf9b52c9b944a5dca18e1babce82dc601ebb
candidate_evidence\data\Array_Rejected\Paper4-Under-Processing\HFAGM_Project\outputs\revision_ablation\checkpoint_ablation_linkage.csv,results\primary\checkpoint_ablation_linkage.csv,result:primary,Validated/supporting machine-readable result,NO,332,99c621cbc3b71bf2d89fb22b44a6ed958d3414f7bac0419480ed78689fe01572
candidate_evidence\data\Array_Rejected\Paper4-Under-Processing\HFAGM_Project\outputs\revision_ablation\fusion_ablation_evidence.csv,results\primary\fusion_ablation_evidence.csv,result:primary,Validated/supporting machine-readable result,NO,763,de39396d9b9251b25e612954b005375daaa0032c91898694d19fda509b8303dc
candidate_evidence\data\Array_Rejected\Paper4-Under-Processing\HFAGM_Project\outputs\revision_ablation\scalability_ablation_evidence.csv,results\primary\scalability_ablation_evidence.csv,result:primary,Validated/supporting machine-readable result,NO,5,f01a374e9c81e3db89b3a42940c4d6a5447684986a1296e42bf13f196eed6295
candidate_evidence\data\Array_Rejected\Paper4-Under-Processing\HFAGM_Project\outputs\revision_audit\ablation_files.csv,results\primary\ablation_files.csv,result:primary,Validated/supporting machine-readable result,NO,0,e3b0c44298fc1c149afbf4c8996fb92427ae41e4649b934ca495991b7852b855
candidate_evidence\data\Array_Rejected\Paper4-Under-Processing\HFAGM_Project\outputs\revision_audit\claim_evidence_detailed.csv,results\primary\claim_evidence_detailed.csv,result:primary,Validated/supporting machine-readable result,NO,318051,b2c4e95abd23bad087b129ef03ac9de0f797b62eb279b8ec83f8e2064109f6c9
candidate_evidence\data\Array_Rejected\Paper4-Under-Processing\HFAGM_Project\outputs\revision_audit\conflicting_claims.csv,results\primary\conflicting_claims.csv,result:primary,Validated/supporting machine-readable result,NO,642,adb1a13da4ddf5b24fb59b52d5d90c97f74c1fdc520e9599b3f4002655698f7d
candidate_evidence\data\Array_Rejected\Paper4-Under-Processing\HFAGM_Project\outputs\revision_audit\csv_schema_inventory.csv,results\primary\csv_schema_inventory.csv,result:primary,Validated/supporting machine-readable result,NO,4991,84b92240afd912bf466fcc83eea66014a345bc78e4f3fd9eac8068b9cf0e98e0
candidate_evidence\data\Array_Rejected\Paper4-Under-Processing\HFAGM_Project\outputs\revision_audit\figure_files.csv,results\primary\figure_files.csv,result:primary,Validated/supporting machine-readable result,NO,4930657,d61de14fed56280bc6026beabafc361cdf0820770eeea8da857d5d894f2af811
candidate_evidence\data\Array_Rejected\Paper4-Under-Processing\HFAGM_Project\outputs\revision_audit\file_inventory.csv,results\primary\file_inventory.csv,result:primary,Validated/supporting machine-readable result,NO,9724828,40c90eddfabfcbeb37360d4d8b8d3d0f73d7face8ab5abc78ff4806fd39bc052
candidate_evidence\data\Array_Rejected\Paper4-Under-Processing\HFAGM_Project\outputs\revision_audit\manuscript_claim_mapping.csv,results\primary\manuscript_claim_mapping.csv,result:primary,Validated/supporting machine-readable result,NO,4807,c41c22e1111dad5ec1a84d5ccf3fb9b04ebe8a920a35646b91509e0e2bef87c7
candidate_evidence\data\Array_Rejected\Paper4-Under-Processing\HFAGM_Project\outputs\revision_audit\model_files.csv,results\primary\model_files.csv,result:primary,Validated/supporting machine-readable result,NO,562,4d544a89f6ad0c1097b3b6cb365e165f1b51e09ac7a832e311fcff634a1c68b4
candidate_evidence\data\Array_Rejected\Paper4-Under-Processing\HFAGM_Project\outputs\revision_audit\multimodal_files.csv,results\primary\multimodal_files.csv,result:primary,Validated/supporting machine-readable result,NO,9675572,46c8d4d102e927d9874a35bf7e2f43f4f7df8b2f9844b5ae8bfbff573b9abd6b
candidate_evidence\data\Array_Rejected\Paper4-Under-Processing\HFAGM_Project\outputs\revision_audit_v2\claim_evidence_v2.csv,results\primary\claim_evidence_v2.csv,result:primary,Validated/supporting machine-readable result,NO,22191,331bde1126f9a8c60286cc7d360ee1541cd930a13a712c1396cdeb11f2b89d72
candidate_evidence\data\Array_Rejected\Paper4-Under-Processing\HFAGM_Project\outputs\revision_audit_v2\code_evidence.csv,results\primary\code_evidence.csv,result:primary,Validated/supporting machine-readable result,NO,1237,9ecd4f47fd584d6049f9fa8eb0c3e9662b26aa226fa037d4f4c7b7aa98de18c2
candidate_evidence\data\Array_Rejected\Paper4-Under-Processing\HFAGM_Project\outputs\revision_audit_v2\confusion_matrix_code_evidence.csv,results\primary\confusion_matrix_code_evidence.csv,result:primary,Validated/supporting machine-readable result,NO,164,855c268de33b93bac4abc1955ff393e8a32d0fcf3e0de515028af79d8cd9faa9
candidate_evidence\data\Array_Rejected\Paper4-Under-Processing\HFAGM_Project\outputs\revision_audit_v2\file_inventory_v2.csv,results\primary\file_inventory_v2.csv,result:primary,Validated/supporting machine-readable result,NO,8255828,6fb81cdf6f4b5ebb209e62495812a4f784dcea1bab03978587d8c4664e304ad0
candidate_evidence\data\Array_Rejected\Paper4-Under-Processing\HFAGM_Project\outputs\revision_audit_v2\json_config_values.csv,results\primary\json_config_values.csv,result:primary,Validated/supporting machine-readable result,NO,5316,42501ebf725bcfff49e0a59687b803e12c9dd0af3ef1495c1ea8223b141b2fc7
candidate_evidence\data\Array_Rejected\Paper4-Under-Processing\HFAGM_Project\outputs\revision_audit_v2\manuscript_claim_mapping_v2.csv,results\primary\manuscript_claim_mapping_v2.csv,result:primary,Validated/supporting machine-readable result,NO,3587,e7eff96a56fed8a4abc54662c6fe64188fd49bd735d4398b0538a5da80c0ce6a
candidate_evidence\data\Array_Rejected\Paper4-Under-Processing\HFAGM_Project\outputs\revision_audit_v2\multimodal_code_evidence.csv,results\primary\multimodal_code_evidence.csv,result:primary,Validated/supporting machine-readable result,NO,128,381c6d594e2c1028ae3ed75e6843732beff0868c1f8a49633f28364a44c20313
candidate_evidence\data\Array_Rejected\Paper4-Under-Processing\HFAGM_Project\outputs\revision_audit_v2\multimodal_evidence_classification.csv,results\primary\multimodal_evidence_classification.csv,result:primary,Validated/supporting machine-readable result,NO,8848786,64078ba01b451845f9e1e2caa4f6b91f05a3af3bc814d40d9cf4f8da048ed957
candidate_evidence\data\Array_Rejected\Paper4-Under-Processing\HFAGM_Project\outputs\revision_audit_v2\prediction_code_evidence.csv,results\primary\prediction_code_evidence.csv,result:primary,Validated/supporting machine-readable result,NO,978,a833a744b593f33a04ebc614465b0c40588928c09726df96ba7fe2045d02bbba
candidate_evidence\data\Array_Rejected\Paper4-Under-Processing\HFAGM_Project\outputs\revision_audit_v2\save_statements.csv,results\primary\save_statements.csv,result:primary,Validated/supporting machine-readable result,NO,2423,7265ebd41565f2033e94a88d667d534c6d39d6545d106209969a312837fdb6ce
candidate_evidence\data\Array_Rejected\Paper4-Under-Processing\HFAGM_Project\outputs\revision_audit_v2\table_schema_inventory.csv,results\primary\table_schema_inventory.csv,result:primary,Validated/supporting machine-readable result,NO,5360,5b57f7571f05182943121da104b4010929cbf28ccff234b45620ec9a76cd4cab
candidate_evidence\data\Array_Rejected\Paper4-Under-Processing\HFAGM_Project\outputs\revision_fidelity\actual_generative_architecture_verification\actual_generative_architecture_verdict.csv,results\primary\actual_generative_architecture_verdict.csv,result:primary,Validated/supporting machine-readable result,NO,757,99c1f5452f89b2f03a66eb5c54b86bbdd63f453cec9ff6582d010e8dd7e10e6d
candidate_evidence\data\Array_Rejected\Paper4-Under-Processing\HFAGM_Project\outputs\revision_fidelity\actual_generative_architecture_verification\architecture_verification_matrix.csv,results\primary\architecture_verification_matrix.csv,result:primary,Validated/supporting machine-readable result,NO,747,975e7f76b467df055dd94d62821f5e3e52ebbba19d42b17839071fe2a8d67a0e
candidate_evidence\data\Array_Rejected\Paper4-Under-Processing\HFAGM_Project\outputs\revision_fidelity\actual_generative_architecture_verification\checkpoint_inventory_v2.csv,results\primary\checkpoint_inventory_v2.csv,result:primary,Validated/supporting machine-readable result,NO,508,dcd8ed81fd92c32477f0ea8d85d269fa404505f5d2bf8b350371b5de5f436c0f
candidate_evidence\data\Array_Rejected\Paper4-Under-Processing\HFAGM_Project\outputs\revision_fidelity\actual_generative_architecture_verification\classifier_graph_evidence.csv,results\primary\classifier_graph_evidence.csv,result:primary,Validated/supporting machine-readable result,NO,584,5454a7656fb14e12563b6432d191ac9078355376d1239230fa1cd2afb4d1e4e7
candidate_evidence\data\Array_Rejected\Paper4-Under-Processing\HFAGM_Project\outputs\revision_fidelity\actual_generative_architecture_verification\class_architecture_inventory.csv,results\primary\class_architecture_inventory.csv,result:primary,Validated/supporting machine-readable result,NO,974,a200a6e5df4a66606c415953e4226b5eed9d0bec66960bbd65a789a1265db083
candidate_evidence\data\Array_Rejected\Paper4-Under-Processing\HFAGM_Project\outputs\revision_fidelity\actual_generative_architecture_verification\function_inventory.csv,results\primary\function_inventory.csv,result:primary,Validated/supporting machine-readable result,NO,1268,fec060431a352bf37ec6778d83eca6950b976182df348c22df077885c3557932
candidate_evidence\data\Array_Rejected\Paper4-Under-Processing\HFAGM_Project\outputs\revision_fidelity\actual_generative_architecture_verification\generation_save_evidence.csv,results\primary\generation_save_evidence.csv,result:primary,Validated/supporting machine-readable result,NO,2238,dc05d75019450ef81ca9bc8ae66e7312cd7b523360fc913d8e643c0b8cdbf4df
candidate_evidence\data\Array_Rejected\Paper4-Under-Processing\HFAGM_Project\outputs\revision_fidelity\actual_generative_architecture_verification\generative_semantic_evidence.csv,results\primary\generative_semantic_evidence.csv,result:primary,Validated/supporting machine-readable result,NO,3209,f7b5857a6437434e91e5ffb419a5047be31cc5db02237dccefd4520a3a50af77
candidate_evidence\data\Array_Rejected\Paper4-Under-Processing\HFAGM_Project\outputs\revision_fidelity\actual_generative_architecture_verification\python_file_inventory.csv,results\primary\python_file_inventory.csv,result:primary,Validated/supporting machine-readable result,NO,811,59d62642999592108e06859b184cf68a1c937b8d71c310c9bea8620cd8c5ad31
candidate_evidence\data\Array_Rejected\Paper4-Under-Processing\HFAGM_Project\outputs\revision_fidelity\actual_generative_architecture_verification\structured_output_evidence.csv,results\primary\structured_output_evidence.csv,result:primary,Validated/supporting machine-readable result,NO,284,ca8816b18b2d80bd43e648660dcc26d9c583fd68b403100caa95ff6655f2b8c5
candidate_evidence\data\Array_Rejected\Paper4-Under-Processing\HFAGM_Project\outputs\revision_fidelity\actual_generative_architecture_verification\verification_provenance.csv,results\primary\verification_provenance.csv,result:primary,Validated/supporting machine-readable result,NO,920,eb9407245d696f462bd096e1db9e83e165b4ac3e0bf0b411dccb8e9279a9a792
candidate_evidence\data\Array_Rejected\Paper4-Under-Processing\HFAGM_Project\outputs\revision_fidelity\structured_frechet_audit\fidelity_code_evidence.csv,results\primary\fidelity_code_evidence.csv,result:primary,Validated/supporting machine-readable result,NO,492,0b43bfc4ed48adb862d2b70fefed7a03b5df17c64254ee64adac52ca411c9b3c
candidate_evidence\data\Array_Rejected\Paper4-Under-Processing\HFAGM_Project\outputs\revision_fidelity\structured_frechet_audit\fidelity_provenance.csv,results\primary\fidelity_provenance.csv,result:primary,Validated/supporting machine-readable result,NO,1474,bc54150657129d0f7db83ed21673eb43c78f482419371568a5efebd530016fa1
candidate_evidence\data\Array_Rejected\Paper4-Under-Processing\HFAGM_Project\outputs\revision_fidelity\structured_frechet_audit\fidelity_terminology_verdict.csv,results\primary\fidelity_terminology_verdict.csv,result:primary,Validated/supporting machine-readable result,NO,821,d38cc187c2a9302cd0c627b93b0351c3f02d103384ce16bc975e8757bcd25a94
candidate_evidence\data\Array_Rejected\Paper4-Under-Processing\HFAGM_Project\outputs\revision_fidelity\structured_frechet_audit\real_feature_mapping.csv,results\primary\real_feature_mapping.csv,result:primary,Validated/supporting machine-readable result,NO,1203,471566bd3ec1d8a6301e25fed1d5301bb14e1bae8916c2ed9b822d96e338e6ab
candidate_evidence\data\Array_Rejected\Paper4-Under-Processing\HFAGM_Project\outputs\revision_fidelity\structured_frechet_audit\real_numeric_conversion_audit.csv,results\primary\real_numeric_conversion_audit.csv,result:primary,Validated/supporting machine-readable result,NO,2024,73de6e9c452599893eb00355598115c39457028d44d2fa51bf0a18b946454432
candidate_evidence\data\Array_Rejected\Paper4-Under-Processing\HFAGM_Project\outputs\revision_fidelity\structured_frechet_audit\structured_feature_space_audit.csv,results\primary\structured_feature_space_audit.csv,result:primary,Validated/supporting machine-readable result,NO,9943,0e54ab52760470c3c9a1d4f0d80a9f20c22f1b7baf45987603daa1f2c180cfd7
candidate_evidence\data\Array_Rejected\Paper4-Under-Processing\HFAGM_Project\outputs\revision_fidelity\structured_frechet_audit\structured_frechet_self_checks.csv,results\primary\structured_frechet_self_checks.csv,result:primary,Validated/supporting machine-readable result,NO,133,bc51006e120738d2f8f956262a34e78b5d1589a9594df228afe62cc84c10e417
candidate_evidence\data\Array_Rejected\Paper4-Under-Processing\HFAGM_Project\outputs\revision_fidelity\structured_frechet_audit\synthetic_array_candidate_inventory.csv,results\primary\synthetic_array_candidate_inventory.csv,result:primary,Validated/supporting machine-readable result,NO,821,cacd61f78f12b2102964fd891bf3fd86900ae943595fa758e744e830ffdd2b42
candidate_evidence\data\Array_Rejected\Paper4-Under-Processing\HFAGM_Project\outputs\revision_fidelity\structured_generation_reconstruction\checkpoint_code_linkage.csv,results\primary\checkpoint_code_linkage.csv,result:primary,Validated/supporting machine-readable result,NO,5122,b11bec9b338f3b3c3376d7538ccda04f744869694ab546075017f049003f9d73
candidate_evidence\data\Array_Rejected\Paper4-Under-Processing\HFAGM_Project\outputs\revision_fidelity\structured_generation_reconstruction\checkpoint_inventory.csv,results\primary\checkpoint_inventory.csv,result:primary,Validated/supporting machine-readable result,NO,1253,e4599f267e0750c42adb8ac8ed0289ed4ae42f935f8e7adafcdf8195dc78d961
candidate_evidence\data\Array_Rejected\Paper4-Under-Processing\HFAGM_Project\outputs\revision_fidelity\structured_generation_reconstruction\checkpoint_structure_audit.csv,results\primary\checkpoint_structure_audit.csv,result:primary,Validated/supporting machine-readable result,NO,1078,6be220fb4a203e520ff9aee655bc50b67350b18a1fbd7961256039343dfa7e5b
candidate_evidence\data\Array_Rejected\Paper4-Under-Processing\HFAGM_Project\outputs\revision_fidelity\structured_generation_reconstruction\generation_operation_evidence.csv,results\primary\generation_operation_evidence.csv,result:primary,Validated/supporting machine-readable result,NO,6330,db4e8f22b1060c496dfdc006cc6fcb83c35b3fdd55cbb9345aa3125906bec87b
candidate_evidence\data\Array_Rejected\Paper4-Under-Processing\HFAGM_Project\outputs\revision_fidelity\structured_generation_reconstruction\generation_provenance_chain.csv,results\primary\generation_provenance_chain.csv,result:primary,Validated/supporting machine-readable result,NO,924,3ac297d947304920cd6474ac949f9d259c299cbf0ea27bad1b6fec765d2b13ec
candidate_evidence\data\Array_Rejected\Paper4-Under-Processing\HFAGM_Project\outputs\revision_fidelity\structured_generation_reconstruction\generation_reconstruction_verdict.csv,results\primary\generation_reconstruction_verdict.csv,result:primary,Validated/supporting machine-readable result,NO,762,d0a2e3b1a222f77189f33daca96e21b551f0077abd48ad0c6552ce73469397c6
candidate_evidence\data\Array_Rejected\Paper4-Under-Processing\HFAGM_Project\outputs\revision_fidelity\structured_generation_reconstruction\generator_definition_evidence.csv,results\primary\generator_definition_evidence.csv,result:primary,Validated/supporting machine-readable result,NO,568,afa529104ec68d058fa221c343842d3c5f5d080cb43f2b1d2984fbd5c1c1c23b
candidate_evidence\data\Array_Rejected\Paper4-Under-Processing\HFAGM_Project\outputs\revision_fidelity\structured_generation_reconstruction\project_generation_code_inventory.csv,results\primary\project_generation_code_inventory.csv,result:primary,Validated/supporting machine-readable result,NO,2589,cd90edf465bfdd471312bf59afb3b7361c66e4bbc4df138970e0bd3ca507203d
candidate_evidence\data\Array_Rejected\Paper4-Under-Processing\HFAGM_Project\outputs\revision_fidelity\structured_generation_reconstruction\reconstruction_provenance.csv,results\primary\reconstruction_provenance.csv,result:primary,Validated/supporting machine-readable result,NO,1279,0beb2213d8a1fa1b1d9c64e4f19c8f5db8aa19b3efdceacf100bce717f6a28bb
candidate_evidence\data\Array_Rejected\Paper4-Under-Processing\HFAGM_Project\outputs\revision_master_evidence\claims_to_remove_or_majorly_reframe.csv,results\primary\claims_to_remove_or_majorly_reframe.csv,result:primary,Validated/supporting machine-readable result,NO,5836,7adb3a64d82adbd2c890348e4a39320c1f9e60de8b273e27445005013ac53916
candidate_evidence\data\Array_Rejected\Paper4-Under-Processing\HFAGM_Project\outputs\revision_master_evidence\claims_to_retain_rewrite_or_verify.csv,results\primary\claims_to_retain_rewrite_or_verify.csv,result:primary,Validated/supporting machine-readable result,NO,12014,3973a543a6b03dffe4776a2e2a637fee71d33d1213ba56116ce4fed56d5918b2
candidate_evidence\data\Array_Rejected\Paper4-Under-Processing\HFAGM_Project\outputs\revision_master_evidence\final_claim_policy.csv,results\primary\final_claim_policy.csv,result:primary,Validated/supporting machine-readable result,NO,1997,5ce02bbcddd79a1a6ee6b4d9630c66cde4dec6803d1cab4aa6080e44e7c49889
candidate_evidence\data\Array_Rejected\Paper4-Under-Processing\HFAGM_Project\outputs\revision_master_evidence\manuscript_restructuring_plan.csv,results\primary\manuscript_restructuring_plan.csv,result:primary,Validated/supporting machine-readable result,NO,3859,c5be6b800345a10065aa94dae968a8cd2af7712c43607a5f67621cd4721312c3
candidate_evidence\data\Array_Rejected\Paper4-Under-Processing\HFAGM_Project\outputs\revision_master_evidence\master_evidence_table.csv,results\primary\master_evidence_table.csv,result:primary,Validated/supporting machine-readable result,NO,17562,eadb0254a4311dc5a36ef98287dc450e7ee12a4117fbe97107ca8e57bb17ef3c
candidate_evidence\data\Array_Rejected\Paper4-Under-Processing\HFAGM_Project\outputs\revision_master_evidence\reproducibility_matrix.csv,results\primary\reproducibility_matrix.csv,result:primary,Validated/supporting machine-readable result,NO,3742,4a51caf14e94234873be1d62ac50d92ec538141061ffceaac777f28471d05d3b
candidate_evidence\data\Array_Rejected\Paper4-Under-Processing\HFAGM_Project\outputs\revision_master_evidence\reviewer_comment_disposition.csv,results\primary\reviewer_comment_disposition.csv,result:primary,Validated/supporting machine-readable result,NO,4103,7c685b1fd5d77cc812b0010eed38b5773ddb324bda88af0cae0bbb7587a17456
candidate_evidence\data\Array_Rejected\Paper4-Under-Processing\HFAGM_Project\outputs\revision_master_evidence\source_resolution_diagnostics.json,results\primary\source_resolution_diagnostics.json,result:primary,Validated/supporting machine-readable result,NO,8294,1cf3ef281a7b795d177af1eaf7df2c525dc0fddd5f1f2c49a83cb25b4c0a67ff
candidate_evidence\data\Array_Rejected\Paper4-Under-Processing\HFAGM_Project\outputs\revision_master_evidence\source_resolution_table.csv,results\primary\source_resolution_table.csv,result:primary,Validated/supporting machine-readable result,NO,1628,c4da1df4b821c6ccdddd31e8fe934a390e6e4d12575f3ed55ffec5d4c4ba4abe
candidate_evidence\data\Array_Rejected\Paper4-Under-Processing\HFAGM_Project\outputs\revision_master_evidence_v2\claims_to_remove_or_majorly_reframe_v2.csv,results\primary\claims_to_remove_or_majorly_reframe_v2.csv,result:primary,Validated/supporting machine-readable result,NO,5012,b3ea0ce84f9783a9de54b11a302b4fcd09932d89048b8fe8be8278a7536cec4e
candidate_evidence\data\Array_Rejected\Paper4-Under-Processing\HFAGM_Project\outputs\revision_master_evidence_v2\claims_to_retain_rewrite_or_verify_v2.csv,results\primary\claims_to_retain_rewrite_or_verify_v2.csv,result:primary,Validated/supporting machine-readable result,NO,11524,ae84582a45f6e2c282fedb9bf1fb51d1ccf8f3c041323ab28ff6d237bdb6a97a
candidate_evidence\data\Array_Rejected\Paper4-Under-Processing\HFAGM_Project\outputs\revision_master_evidence_v2\final_claim_policy_v2.csv,results\primary\final_claim_policy_v2.csv,result:primary,Validated/supporting machine-readable result,NO,1923,4e1db9cc6f6210c20a9f3b230bb878068993216b8d5f212894225a82e2fbaf93
candidate_evidence\data\Array_Rejected\Paper4-Under-Processing\HFAGM_Project\outputs\revision_master_evidence_v2\manuscript_restructuring_plan_v2.csv,results\primary\manuscript_restructuring_plan_v2.csv,result:primary,Validated/supporting machine-readable result,NO,3669,6edf848e96f1e01bdeae0a9b0461135df911e75b31ed5e81945adf0a781240db
candidate_evidence\data\Array_Rejected\Paper4-Under-Processing\HFAGM_Project\outputs\revision_master_evidence_v2\master_evidence_table_v2.csv,results\primary\master_evidence_table_v2.csv,result:primary,Validated/supporting machine-readable result,NO,16248,c47431e0fe7ac80e66d699a65623e96861729f1d92ad9c3047971752ff0fbd12
candidate_evidence\data\Array_Rejected\Paper4-Under-Processing\HFAGM_Project\outputs\revision_master_evidence_v2\reproducibility_matrix_v2.csv,results\primary\reproducibility_matrix_v2.csv,result:primary,Validated/supporting machine-readable result,NO,4758,95e56564a624d60d65e2fe0b377790a687071be1b2b0691f0c21328b93d934dc
candidate_evidence\data\Array_Rejected\Paper4-Under-Processing\HFAGM_Project\outputs\revision_master_evidence_v2\reviewer_comment_disposition_v2.csv,results\primary\reviewer_comment_disposition_v2.csv,result:primary,Validated/supporting machine-readable result,NO,4106,a0ba82e72e61776a6f3bf242c6cf570922d9c2d382536613c79ea39c73429a0d
candidate_evidence\data\Array_Rejected\Paper4-Under-Processing\HFAGM_Project\outputs\revision_master_evidence_v2\source_resolution_diagnostics_v2.json,results\primary\source_resolution_diagnostics_v2.json,result:primary,Validated/supporting machine-readable result,NO,78059,133b58f9f0a57fa1472f91b022b6d444bb7b89b5992de908c7fa51e8300240a1
candidate_evidence\data\Array_Rejected\Paper4-Under-Processing\HFAGM_Project\outputs\revision_master_evidence_v2\source_resolution_table_v2.csv,results\primary\source_resolution_table_v2.csv,result:primary,Validated/supporting machine-readable result,NO,14977,8b19b7ce3336c136441ec849f546073859587482f66a679526bb1aca8c367e79
candidate_evidence\data\Array_Rejected\Paper4-Under-Processing\HFAGM_Project\outputs\revision_master_evidence_v2\stage10_v2_closure_matrix.csv,results\primary\stage10_v2_closure_matrix.csv,result:primary,Validated/supporting machine-readable result,NO,1899,9eff51ba38fdd73d84a47f9ed36a3d244cf1757826aad978c80bfdffbd31cf07
candidate_evidence\data\Array_Rejected\Paper4-Under-Processing\HFAGM_Project\outputs\revision_multimodal_figure_audit\figure_caption_audit.csv,results\primary\figure_caption_audit.csv,result:primary,Validated/supporting machine-readable result,NO,5101,3969d526200c7e8b640f5a04e39ccbb43803732684d940abf03aa9be91784477
candidate_evidence\data\Array_Rejected\Paper4-Under-Processing\HFAGM_Project\outputs\revision_multimodal_figure_audit\figure_inventory.csv,results\primary\figure_inventory.csv,result:primary,Validated/supporting machine-readable result,NO,4756,d50f6121ce4b7e21d52473bf4df0617f1f7baf3055773584a955f04375302193
candidate_evidence\data\Array_Rejected\Paper4-Under-Processing\HFAGM_Project\outputs\revision_multimodal_figure_audit\manuscript_multimodal_claims.csv,results\primary\manuscript_multimodal_claims.csv,result:primary,Validated/supporting machine-readable result,NO,5932,d482e88394dfe431e14e2121369dedb0378d75943dd6fc40f49372e554dcb725
candidate_evidence\data\Array_Rejected\Paper4-Under-Processing\HFAGM_Project\outputs\revision_multimodal_figure_audit\multimodal_figure_provenance.csv,results\primary\multimodal_figure_provenance.csv,result:primary,Validated/supporting machine-readable result,NO,967,c38e704a11b5fd39b9d48d81500c8dddf2d62db7cf9faa50ddbd1a94a5c94d34
candidate_evidence\data\Array_Rejected\Paper4-Under-Processing\HFAGM_Project\outputs\revision_multimodal_figure_audit\multimodal_figure_verdict.csv,results\primary\multimodal_figure_verdict.csv,result:primary,Validated/supporting machine-readable result,NO,312,e56e33a240906f5b965bdc8e21ca66da3d15f2a146a52cfb6dab1608a517212b
candidate_evidence\data\Array_Rejected\Paper4-Under-Processing\HFAGM_Project\outputs\revision_multimodal_figure_audit\multimodal_figure_verification_matrix.csv,results\primary\multimodal_figure_verification_matrix.csv,result:primary,Validated/supporting machine-readable result,NO,639,90440a08df24a19de3fc44435d7ee869553165be39093d63e052ff766ce4f471
candidate_evidence\data\Array_Rejected\Paper4-Under-Processing\HFAGM_Project\outputs\revision_multimodal_figure_audit\multimodal_implementation_evidence.csv,results\primary\multimodal_implementation_evidence.csv,result:primary,Validated/supporting machine-readable result,NO,17002,5b1fc94e36fa1c9f33c607f2d949995f4fcbf2a6090b99b9eb9a8fbb3df1c0d6
candidate_evidence\data\Array_Rejected\Paper4-Under-Processing\HFAGM_Project\outputs\revision_multimodal_figure_audit\prior_audit_crosscheck.csv,results\primary\prior_audit_crosscheck.csv,result:primary,Validated/supporting machine-readable result,NO,4055,0b33782142cee89f338e3c7f3dd4b808f4e016f30fef97a9495c16694ce0f020
candidate_evidence\data\Array_Rejected\Paper4-Under-Processing\HFAGM_Project\outputs\revision_multimodal_figure_audit_v2\duplicate_figure_numbers_v2.csv,results\primary\duplicate_figure_numbers_v2.csv,result:primary,Validated/supporting machine-readable result,NO,2841,8a84ddef169428ed80fd2cab25bad59533d6d2b84dc0aefdb3c70d6c5c744e7e
candidate_evidence\data\Array_Rejected\Paper4-Under-Processing\HFAGM_Project\outputs\revision_multimodal_figure_audit_v2\figure_caption_audit_v2.csv,results\primary\figure_caption_audit_v2.csv,result:primary,Validated/supporting machine-readable result,NO,5293,b710d133f1cb7e8de48a5ec58c82b16c27d029b3e47a06f7053e1aafdb7e3baf
candidate_evidence\data\Array_Rejected\Paper4-Under-Processing\HFAGM_Project\outputs\revision_multimodal_figure_audit_v2\figure_inventory_v2.csv,results\primary\figure_inventory_v2.csv,result:primary,Validated/supporting machine-readable result,NO,8736,2178efba3724c0de243b0d18be1aef36749c6930247d454ee408697182cab8dd
candidate_evidence\data\Array_Rejected\Paper4-Under-Processing\HFAGM_Project\outputs\revision_multimodal_figure_audit_v2\manuscript_multimodal_claims_v2.csv,results\primary\manuscript_multimodal_claims_v2.csv,result:primary,Validated/supporting machine-readable result,NO,6162,a16f705ee7366bfd3c11bbaee06a087bc71a50b98473bd8ba478656d0a4884de
candidate_evidence\data\Array_Rejected\Paper4-Under-Processing\HFAGM_Project\outputs\revision_multimodal_figure_audit_v2\multimodal_figure_provenance_v2.csv,results\primary\multimodal_figure_provenance_v2.csv,result:primary,Validated/supporting machine-readable result,NO,1250,03ab6c4dc274e59324547e582c0245189282d06f074d6ab532fdb71f5c0ad1b8
candidate_evidence\data\Array_Rejected\Paper4-Under-Processing\HFAGM_Project\outputs\revision_multimodal_figure_audit_v2\multimodal_figure_verdict_v2.csv,results\primary\multimodal_figure_verdict_v2.csv,result:primary,Validated/supporting machine-readable result,NO,330,c0af539aee2c52b340f0e028b1153cdf1319ef35ad9c3ad6d4ef144960f77f47
candidate_evidence\data\Array_Rejected\Paper4-Under-Processing\HFAGM_Project\outputs\revision_multimodal_figure_audit_v2\multimodal_figure_verification_matrix_v2.csv,results\primary\multimodal_figure_verification_matrix_v2.csv,result:primary,Validated/supporting machine-readable result,NO,688,8ed379ad6f38aafef1f0a6501b8554a3c3a0f883239656529c4a24549a6066f5
candidate_evidence\data\Array_Rejected\Paper4-Under-Processing\HFAGM_Project\outputs\revision_multimodal_figure_audit_v2\multimodal_implementation_evidence_v2.csv,results\primary\multimodal_implementation_evidence_v2.csv,result:primary,Validated/supporting machine-readable result,NO,19600,fc1a37052c2d8f5499b779f2278da2193bc0f6977baa40f7f8d5c0ed8bdb212f
candidate_evidence\data\Array_Rejected\Paper4-Under-Processing\HFAGM_Project\outputs\revision_multimodal_figure_audit_v2\prior_audit_crosscheck_v2.csv,results\primary\prior_audit_crosscheck_v2.csv,result:primary,Validated/supporting machine-readable result,NO,5038,c78a7c97f43956fb10070778e35f9954f18e631b5e5396a4948ccc4083499a0c
candidate_evidence\data\Array_Rejected\Paper4-Under-Processing\HFAGM_Project\outputs\revision_scalability\efficiency_claim_reconstruction.csv,results\primary\efficiency_claim_reconstruction.csv,result:primary,Validated/supporting machine-readable result,NO,389,cf718aa251927fea34d8f9312deaa1bacc5fe10e3a5e08f0b2429d226c6a9288
candidate_evidence\data\Array_Rejected\Paper4-Under-Processing\HFAGM_Project\outputs\revision_scalability\generative_scalability_linkage.csv,results\primary\generative_scalability_linkage.csv,result:primary,Validated/supporting machine-readable result,NO,601,2c9a6f6fe2caaf6f36a29d5bc2aaff47e2be17b7cce26e4a2692dc7d4b72481a
candidate_evidence\data\Array_Rejected\Paper4-Under-Processing\HFAGM_Project\outputs\revision_scalability\hardware_evidence.csv,results\primary\hardware_evidence.csv,result:primary,Validated/supporting machine-readable result,NO,314597,5bd6eed575608b2aa51a3b99d879a479a0983421d27c20a0aeeb9fd257cd36b3
candidate_evidence\data\Array_Rejected\Paper4-Under-Processing\HFAGM_Project\outputs\revision_scalability\memory_evidence.csv,results\primary\memory_evidence.csv,result:primary,Validated/supporting machine-readable result,NO,326882,650c8e07f6ff593213df90a83aef0e8e36831dae9e11b8a8e9c10bf47cb59091
candidate_evidence\data\Array_Rejected\Paper4-Under-Processing\HFAGM_Project\outputs\revision_scalability\runtime_evidence.csv,results\primary\runtime_evidence.csv,result:primary,Validated/supporting machine-readable result,NO,1606178,bf7f26388f1977553f10d7bdc6a0036d07e9e4d2438ed491c2762dadd2532b2f
candidate_evidence\data\Array_Rejected\Paper4-Under-Processing\HFAGM_Project\outputs\revision_scalability\scalability_numeric_evidence.csv,results\primary\scalability_numeric_evidence.csv,result:primary,Validated/supporting machine-readable result,NO,1758533,5fcc959fe68c8a65bbf237270241481d945c1d24c4b4739c576bf51770fc7943
candidate_evidence\data\Array_Rejected\Paper4-Under-Processing\HFAGM_Project\outputs\revision_scalability\scalability_provenance.csv,results\primary\scalability_provenance.csv,result:primary,Validated/supporting machine-readable result,NO,698,d69482c685e85705aecd5917e58f1f2a73af670013e1fa4694e77c4f8f717923
candidate_evidence\data\Array_Rejected\Paper4-Under-Processing\HFAGM_Project\outputs\revision_scalability\scalability_source_inventory.csv,results\primary\scalability_source_inventory.csv,result:primary,Validated/supporting machine-readable result,NO,2807300,87f1bb8f3c936ccdde29fda90b50170b026b5a8eeba1b0d1c01a611ebdacab79
candidate_evidence\data\Array_Rejected\Paper4-Under-Processing\HFAGM_Project\outputs\revision_scalability\scalability_verdict.csv,results\primary\scalability_verdict.csv,result:primary,Validated/supporting machine-readable result,NO,851,10403c45502426cb04f1a45bb99610a2b63507dd4f4daafb11c3608f1b0d0dde
candidate_evidence\data\Array_Rejected\Paper4-Under-Processing\HFAGM_Project\outputs\revision_scalability\scalability_verification_matrix.csv,results\primary\scalability_verification_matrix.csv,result:primary,Validated/supporting machine-readable result,NO,605,ff29834d674ff5e5753279a390a98f757121809c3cb4f3f8fc26837537485a60
candidate_evidence\data\Array_Rejected\Paper4-Under-Processing\HFAGM_Project\outputs\revision_scalability\workload_size_evidence.csv,results\primary\workload_size_evidence.csv,result:primary,Validated/supporting machine-readable result,NO,762464,2f98ef0caaea6d39500475b1cacbadad9d86c77c05f8eb10ad5ab42d784082e1
candidate_evidence\data\Array_Rejected\Paper4-Under-Processing\HFAGM_Project\outputs\revision_statistics\inferential_test_eligibility.csv,results\statistics\inferential_test_eligibility.csv,result:statistics,Validated/supporting machine-readable result,NO,717,2d75bede8e2317ac2bc8814d3ab6588e61b3ec5fed72372df0e81da0ac62bc0b
candidate_evidence\data\Array_Rejected\Paper4-Under-Processing\HFAGM_Project\outputs\revision_statistics\paired_condition_differences.csv,results\statistics\paired_condition_differences.csv,result:statistics,Validated/supporting machine-readable result,NO,50252,8afa454cf42998b191930c3e9bd920c027ed0bf6fd0ea727e0a475fb2b86ba24
candidate_evidence\data\Array_Rejected\Paper4-Under-Processing\HFAGM_Project\outputs\revision_statistics\significance_language_evidence.csv,results\statistics\significance_language_evidence.csv,result:statistics,Validated/supporting machine-readable result,NO,888433,7e642499520b33ca625e43b8403224852b5c23ef7bbc62dc2f3d9da1c0559efa
candidate_evidence\data\Array_Rejected\Paper4-Under-Processing\HFAGM_Project\outputs\revision_statistics\statistical_provenance.csv,results\statistics\statistical_provenance.csv,result:statistics,Validated/supporting machine-readable result,NO,728,657c1bdcba26fb041359b56a5c58ce9f980601a04fd1ed0bb7f66eceecabdc41
candidate_evidence\data\Array_Rejected\Paper4-Under-Processing\HFAGM_Project\outputs\revision_statistics\statistical_source_inventory.csv,results\statistics\statistical_source_inventory.csv,result:statistics,Validated/supporting machine-readable result,NO,2760042,8617305310f8d32b31f96d82cdc257866f76355d29f33e6299a6707011a4d2c7
candidate_evidence\data\Array_Rejected\Paper4-Under-Processing\HFAGM_Project\outputs\revision_statistics\statistical_verdict.csv,results\statistics\statistical_verdict.csv,result:statistics,Validated/supporting machine-readable result,NO,797,615dc5fda9514d71e59a3360c3b14c13f2fbb785618e451b8a99b8566d93537c
candidate_evidence\data\Array_Rejected\Paper4-Under-Processing\HFAGM_Project\outputs\revision_statistics\statistical_verification_matrix.csv,results\statistics\statistical_verification_matrix.csv,result:statistics,Validated/supporting machine-readable result,NO,702,3cd6a81f265e46cf872f7447bfb203ab9d239b5e09653dc6adbf99f47e4bfe4f
candidate_evidence\data\Array_Rejected\Paper4-Under-Processing\HFAGM_Project\outputs\revision_statistics_v2\excluded_repeated_sources.csv,results\statistics\excluded_repeated_sources.csv,result:statistics,Validated/supporting machine-readable result,NO,16947,5f8ce12fbc152e4ad89dd433179c1c7d0271f6a52d2b8e383dc235d741252b73
candidate_evidence\data\Array_Rejected\Paper4-Under-Processing\HFAGM_Project\outputs\revision_statistics_v2\inferential_eligibility_v2.csv,results\statistics\inferential_eligibility_v2.csv,result:statistics,Validated/supporting machine-readable result,NO,642,4b123d9a59b87ef9709b888a6246760db9684f860912ec79f8efda35ddc5d2c2
candidate_evidence\data\Array_Rejected\Paper4-Under-Processing\HFAGM_Project\outputs\revision_statistics_v2\primary_source_resolution.csv,results\statistics\primary_source_resolution.csv,result:statistics,Validated/supporting machine-readable result,NO,33729,12155cd3c6624c1c3b03c8d9174677b008ee1757e4d1e7faa5283cbcc992c435
candidate_evidence\data\Array_Rejected\Paper4-Under-Processing\HFAGM_Project\outputs\revision_statistics_v2\statistical_claim_language_audit.csv,results\statistics\statistical_claim_language_audit.csv,result:statistics,Validated/supporting machine-readable result,NO,3446727,057325d543c315bf492a908a8e20216db7bb16816bb1ed2b330f9ffbb50eb545
candidate_evidence\data\Array_Rejected\Paper4-Under-Processing\HFAGM_Project\outputs\revision_statistics_v2\statistical_provenance_v2.csv,results\statistics\statistical_provenance_v2.csv,result:statistics,Validated/supporting machine-readable result,NO,999,1f7cac1b2a6c76bf2eeccf133640806318df032c2afa9c04cd221b66efd5f9f0
candidate_evidence\data\Array_Rejected\Paper4-Under-Processing\HFAGM_Project\outputs\revision_statistics_v2\statistical_verdict_v2.csv,results\statistics\statistical_verdict_v2.csv,result:statistics,Validated/supporting machine-readable result,NO,695,5ee378b7a95d50c6804d743e3273e9a01d1e4eed4778a60f53feae5d479afbc2
candidate_evidence\data\Array_Rejected\Paper4-Under-Processing\HFAGM_Project\outputs\revision_statistics_v2\statistical_verification_matrix_v2.csv,results\statistics\statistical_verification_matrix_v2.csv,result:statistics,Validated/supporting machine-readable result,NO,951,802de5b38bca729c1d61b25db78c6dfe5c62f3f78a037883e0096dda0b24b32f
candidate_evidence\data\Array_Rejected\Paper4-Under-Processing\HFAGM_Project\outputs\revision_utility\common_real_test\classifier_provenance.csv,results\primary\classifier_provenance.csv,result:primary,Validated/supporting machine-readable result,NO,2303,8fb1f8f7016ecdaaa21ca61997e368f216fd9509f1d86292ab6445d5de1112de
candidate_evidence\data\Array_Rejected\Paper4-Under-Processing\HFAGM_Project\outputs\revision_utility\common_real_test\common_test_integrity_audit.csv,results\primary\common_test_integrity_audit.csv,result:primary,Validated/supporting machine-readable result,NO,144,8677076ee6a2908403dcb465cba8b6abd9fbff8fdbdcf8c0b604ba56d096ff72
candidate_evidence\data\Array_Rejected\Paper4-Under-Processing\HFAGM_Project\outputs\revision_utility\common_real_test\locked_split_manifest.csv,results\primary\locked_split_manifest.csv,result:primary,Validated/supporting machine-readable result,NO,449,d8cdf60bcb3569227bd261972088ef8f119ca3ac2fbd29cc2e6562aafb08af1c
candidate_evidence\data\Array_Rejected\Paper4-Under-Processing\HFAGM_Project\outputs\revision_utility\common_real_test\locked_test_indices.csv,results\primary\locked_test_indices.csv,result:primary,Validated/supporting machine-readable result,NO,324,578c81440bbf34c74a1b0bee6cbad37152b3ed1cda19aa7b7011015191c64f84
candidate_evidence\data\Array_Rejected\Paper4-Under-Processing\HFAGM_Project\outputs\revision_utility\common_real_test\locked_train_indices.csv,results\primary\locked_train_indices.csv,result:primary,Validated/supporting machine-readable result,NO,1233,c6ce01e1098d82f84324268e8dada87c3d3dffb56da26f1c68b49ef8068f9a86
candidate_evidence\data\Array_Rejected\Paper4-Under-Processing\HFAGM_Project\outputs\revision_utility\common_real_test\preprocessing_audit.csv,results\primary\preprocessing_audit.csv,result:primary,Validated/supporting machine-readable result,NO,4729,b0fb0f6f157525a079a70c9dddc67465eabf7a5003901fbc8ea44b48d41012ac
candidate_evidence\data\Array_Rejected\Paper4-Under-Processing\HFAGM_Project\outputs\revision_utility\common_real_test\utility_confusion_matrices.csv,results\primary\utility_confusion_matrices.csv,result:primary,Validated/supporting machine-readable result,NO,115,761421b32466ed7dae0869ba1c11e46668d321f784d16fced6bdb1a2401f6600
candidate_evidence\data\Array_Rejected\Paper4-Under-Processing\HFAGM_Project\outputs\revision_utility\common_real_test\utility_predictions.csv,results\primary\utility_predictions.csv,result:primary,Validated/supporting machine-readable result,NO,4602,9a932b0219b33fb0a95165bc2ef34742f0cb5d95d77cc1064b318a781685d0b5
candidate_evidence\data\Array_Rejected\Paper4-Under-Processing\HFAGM_Project\outputs\revision_utility\common_real_test\utility_provenance.csv,results\primary\utility_provenance.csv,result:primary,Validated/supporting machine-readable result,NO,1229,516d983f0ee49334a43bc040fa077433d4bbe6b9a0928800ea103bc6f9629281
candidate_evidence\data\Array_Rejected\Paper4-Under-Processing\HFAGM_Project\outputs\revision_utility\common_real_test\utility_verdict.csv,results\primary\utility_verdict.csv,result:primary,Validated/supporting machine-readable result,NO,983,ee3f446f0af383fa7580d8c8e0f0effd8ba39ba8da119fb750cf6afc248b06f1
candidate_evidence\document\Array_Rejected\Paper4-Under-Processing\HFAGM_Project_Structure.txt,results\primary\HFAGM_Project_Structure.txt,result:primary,Validated/supporting machine-readable result,NO,2510938,92a029f75862ac2ce4e33b248dc5154868403b0f45e48cb44a3b14b9975bf6a3
candidate_evidence\document\Array_Rejected\Paper4-Under-Processing\HFAGM_Project\project_structure.txt,results\primary\project_structure.txt,result:primary,Validated/supporting machine-readable result,NO,2953341,79d9d1b640bf2f1041d51e13215be858838177564f1d6e0e3c75cb70f6a51e8e
candidate_evidence\document\Array_Rejected\Paper4-Under-Processing\HFAGM_Project\data\data_structure.txt,results\primary\data_structure.txt,result:primary,Validated/supporting machine-readable result,NO,2709944,64e3130d7021926fe3e0870a9261c6bf40b1ad4c3c77fa56b1f4cf9c563d224a
candidate_evidence\document\Array_Rejected\Paper4-Under-Processing\HFAGM_Project\outputs\revision_ablation\ablation_audit_summary.txt,results\primary\ablation_audit_summary.txt,result:primary,Validated/supporting machine-readable result,NO,4930,41ce1ef380210a9667acce602cb56192b1d1d75c82289e2f7f155dea331c5bd8
candidate_evidence\document\Array_Rejected\Paper4-Under-Processing\HFAGM_Project\outputs\revision_audit\audit_summary.txt,results\primary\audit_summary.txt,result:primary,Validated/supporting machine-readable result,NO,6072,74a838bdc47efc5cb7558ded1a981d1ab78092daaf192ae77b7b1ef419f5c1d0
candidate_evidence\document\Array_Rejected\Paper4-Under-Processing\HFAGM_Project\outputs\revision_audit_v2\audit_summary_v2.txt,results\primary\audit_summary_v2.txt,result:primary,Validated/supporting machine-readable result,NO,3413,23c91989c6805fb933828a14523f6cc687d8043650f3660653df6d4f58094330
candidate_evidence\document\Array_Rejected\Paper4-Under-Processing\HFAGM_Project\outputs\revision_fairness\recomputed_fairness\fairness_summary.txt,results\fairness\fairness_summary.txt,result:fairness,Validated/supporting machine-readable result,NO,5004,51a2c5c2fe6459bbe4b62074e1fdb1f9a051cc7bef3fafcd2082eb15a1c3792a
candidate_evidence\document\Array_Rejected\Paper4-Under-Processing\HFAGM_Project\outputs\revision_fidelity\actual_generative_architecture_verification\actual_generative_architecture_summary.txt,results\primary\actual_generative_architecture_summary.txt,result:primary,Validated/supporting machine-readable result,NO,4636,a1c42f1d666e7fbde4faec68ac62ce7d6aefe88dc516aaf6b177366ef7673548
candidate_evidence\document\Array_Rejected\Paper4-Under-Processing\HFAGM_Project\outputs\revision_fidelity\structured_frechet_audit\fidelity_summary.txt,results\primary\fidelity_summary.txt,result:primary,Validated/supporting machine-readable result,NO,4447,ba49afc32053307bcdbfd9254ccce30d1a929beb38b8c637efde8c59a3587ad3
candidate_evidence\document\Array_Rejected\Paper4-Under-Processing\HFAGM_Project\outputs\revision_fidelity\structured_generation_reconstruction\structured_generation_summary.txt,results\primary\structured_generation_summary.txt,result:primary,Validated/supporting machine-readable result,NO,5131,a3114f787b1135abea570f3f74faabe3e90725e3efe7af6d6f8fe6dd6b05091a
candidate_evidence\document\Array_Rejected\Paper4-Under-Processing\HFAGM_Project\outputs\revision_master_evidence\master_evidence_and_restructuring_audit_summary.txt,results\primary\master_evidence_and_restructuring_audit_summary.txt,result:primary,Validated/supporting machine-readable result,NO,6618,c39c59ce6fda5a795c35767374fe0cffc6bbac15c87233f048682ed400ea1765
candidate_evidence\document\Array_Rejected\Paper4-Under-Processing\HFAGM_Project\outputs\revision_master_evidence_v2\master_evidence_and_restructuring_audit_v2_summary.txt,results\primary\master_evidence_and_restructuring_audit_v2_summary.txt,result:primary,Validated/supporting machine-readable result,NO,10803,0d48ddc028b74633581a03c0c9f381764db67b225d22676e4393ba1431fac46c
candidate_evidence\document\Array_Rejected\Paper4-Under-Processing\HFAGM_Project\outputs\revision_multimodal_figure_audit\multimodal_figure_results_audit_summary.txt,results\primary\multimodal_figure_results_audit_summary.txt,result:primary,Validated/supporting machine-readable result,NO,6301,fb009f1691324f8ed2ac1f4430453fdc29ed2d047ce4244bd5b6229197458e45
candidate_evidence\document\Array_Rejected\Paper4-Under-Processing\HFAGM_Project\outputs\revision_multimodal_figure_audit_v2\multimodal_figure_results_audit_v2_summary.txt,results\primary\multimodal_figure_results_audit_v2_summary.txt,result:primary,Validated/supporting machine-readable result,NO,6538,c84bb502c60f8e4f2d2945a8d77e43a8e60e7c8e3c991d8ea8f1b6d723fee6ef
candidate_evidence\document\Array_Rejected\Paper4-Under-Processing\HFAGM_Project\outputs\revision_primary_metrics\primary_metrics_audit_summary.txt,results\primary\primary_metrics_audit_summary.txt,result:primary,Validated/supporting machine-readable result,NO,3348,1728331e851df161252ed63c1e5e0057d1b88d4d4e834c49b5d6e29278f95f22
candidate_evidence\document\Array_Rejected\Paper4-Under-Processing\HFAGM_Project\outputs\revision_primary_metrics\corrected_leakage_safe_evaluation\corrected_evaluation_summary.txt,results\primary\corrected_evaluation_summary.txt,result:primary,Validated/supporting machine-readable result,NO,4101,d8f06af4cc06cb9d159f17219588e4af189f0d73f8e78fae25eb1794a63a4aab
candidate_evidence\document\Array_Rejected\Paper4-Under-Processing\HFAGM_Project\outputs\revision_primary_metrics\feature_chronology_proxy_audit\feature_proxy_audit_summary.txt,results\primary\feature_proxy_audit_summary.txt,result:primary,Validated/supporting machine-readable result,NO,170665,6699036ab67eb527b7d7a094ac795ab20a0d9ddbba9900817a484ecf323995c5
candidate_evidence\document\Array_Rejected\Paper4-Under-Processing\HFAGM_Project\outputs\revision_primary_metrics\feature_chronology_proxy_audit_v2\feature_proxy_audit_summary_v2.txt,results\primary\feature_proxy_audit_summary_v2.txt,result:primary,Validated/supporting machine-readable result,NO,6354,e91400afb05f8dbf5cf2be963e618936e9567fd8eb2cd66e58ec8f83490b24e2
candidate_evidence\document\Array_Rejected\Paper4-Under-Processing\HFAGM_Project\outputs\revision_primary_metrics\regenerated_existing\regeneration_summary.txt,results\primary\regeneration_summary.txt,result:primary,Validated/supporting machine-readable result,NO,2857,388c63799b287b3f16e464a0fe2c231e4e29676136dc5016163f3e7ec48ea48e
candidate_evidence\document\Array_Rejected\Paper4-Under-Processing\HFAGM_Project\outputs\revision_primary_metrics\repeated_leakage_safe_evaluation\repeated_evaluation_summary.txt,results\repeated_holdout\repeated_evaluation_summary.txt,result:repeated_holdout,Validated/supporting machine-readable result,NO,7320,50a7213f9ca35d5975fbdcb494bdc7d35ab114ebe2d054a2c8f89a9267a2fb3a
candidate_evidence\document\Array_Rejected\Paper4-Under-Processing\HFAGM_Project\outputs\revision_primary_metrics\split_leakage_audit\split_leakage_audit_summary.txt,results\primary\split_leakage_audit_summary.txt,result:primary,Validated/supporting machine-readable result,NO,6191,b0504416f0085a196adc1387de41949c1ab4f412e8668bec9619f5cc29fcd357
candidate_evidence\document\Array_Rejected\Paper4-Under-Processing\HFAGM_Project\outputs\revision_scalability\scalability_audit_summary.txt,results\primary\scalability_audit_summary.txt,result:primary,Validated/supporting machine-readable result,NO,5337,12ea4622a50137f1472802c49bfde565a9a90fff4b33a041e32ea74238efe310
candidate_evidence\document\Array_Rejected\Paper4-Under-Processing\HFAGM_Project\outputs\revision_statistics\statistical_claim_audit_summary.txt,results\statistics\statistical_claim_audit_summary.txt,result:statistics,Validated/supporting machine-readable result,NO,9567,5531746ac22147f94f342bc97822e78dbdf43e5c784fa4b10ac4cabf7dbbee26
candidate_evidence\document\Array_Rejected\Paper4-Under-Processing\HFAGM_Project\outputs\revision_statistics_v2\statistical_claim_audit_v2_summary.txt,results\statistics\statistical_claim_audit_v2_summary.txt,result:statistics,Validated/supporting machine-readable result,NO,7378,d3658a1bfa5e4308528cef70a3c3a9182601b69d5172dc12d741701b7275fb6f
candidate_evidence\document\Array_Rejected\Paper4-Under-Processing\HFAGM_Project\outputs\revision_utility\common_real_test\common_real_test_utility_summary.txt,results\primary\common_real_test_utility_summary.txt,result:primary,Validated/supporting machine-readable result,NO,4079,88539d40c20c46daa0b837484bb82a9e56e6b477eebb858ff6b414750074a68e
candidate_evidence\raw_data\Array_Rejected\Paper4-Under-Processing\HFAGM_Project\outputs\revision_audit\key_dataset_files.csv,results\primary\key_dataset_files.csv,result:primary,Validated/supporting machine-readable result,NO,1849,8c859540e91f7f485863642486a788ec423066ac7a664c9119ffa2e50e587ec8
candidate_evidence\raw_data\Array_Rejected\Paper4-Under-Processing\HFAGM_Project\outputs\revision_multimodal_figure_audit\data_modality_inventory.csv,results\primary\data_modality_inventory.csv,result:primary,Validated/supporting machine-readable result,NO,2694229,3a034196b2c9beec6a48a923e460d01b84518fb17ba7613de7bc773d11a0a326
candidate_evidence\raw_data\Array_Rejected\Paper4-Under-Processing\HFAGM_Project\outputs\revision_multimodal_figure_audit_v2\data_modality_inventory_v2.csv,results\primary\data_modality_inventory_v2.csv,result:primary,Validated/supporting machine-readable result,NO,2614426,4f0cccd03c0f8ca70c61442f3fc2880e690a85accdbf0e615d538e17face4072
candidate_evidence\raw_data\Array_Rejected\Paper4-Under-Processing\HFAGM_Project\outputs\revision_utility\common_real_test\locked_test_data.csv,results\primary\locked_test_data.csv,result:primary,Validated/supporting machine-readable result,NO,10723,b8b7dd96bb26776679f5382911f2110a7b4b63ed3d212cc703c88f6a58ea855a
candidate_evidence\raw_data\Array_Rejected\Paper4-Under-Processing\HFAGM_Project\outputs\revision_utility\common_real_test\real_training_data_audit.csv,results\primary\real_training_data_audit.csv,result:primary,Validated/supporting machine-readable result,NO,399,c35b752334c29aa58bbf1ce63be85c2d1f8dddeed1ce57f91f721999511c51a9
candidate_evidence\result\Array_Rejected\Paper4-Under-Processing\HFAGM_Project\outputs\revision_ablation\fairness_ablation_evidence.csv,results\fairness\fairness_ablation_evidence.csv,result:fairness,Validated/supporting machine-readable result,NO,1282,68845309076300df22b66c4df8e59ba9fb67400d50b15c62ffd63938a9f1060f
candidate_evidence\result\Array_Rejected\Paper4-Under-Processing\HFAGM_Project\outputs\revision_audit\fairness_files.csv,results\fairness\fairness_files.csv,result:fairness,Validated/supporting machine-readable result,NO,1597,c5c65b04e247fd71a13dd065e412435d40b0d91f720cf7a864fcabc38b4a7bf1
candidate_evidence\result\Array_Rejected\Paper4-Under-Processing\HFAGM_Project\outputs\revision_audit\metric_files.csv,results\primary\metric_files.csv,result:primary,Validated/supporting machine-readable result,NO,411075,2d967610195b019f9be50151de42082eabc26529732eb115fe72272f4b2873af
candidate_evidence\result\Array_Rejected\Paper4-Under-Processing\HFAGM_Project\outputs\revision_audit\metric_value_hits.csv,results\primary\metric_value_hits.csv,result:primary,Validated/supporting machine-readable result,NO,6113,dcb87e7c1b7e158e4f390da68b1a9ceaae033ee0bcee49bf42567232efa715ea
candidate_evidence\result\Array_Rejected\Paper4-Under-Processing\HFAGM_Project\outputs\revision_audit\result_candidates.csv,results\primary\result_candidates.csv,result:primary,Validated/supporting machine-readable result,NO,411515,f76d845c92bc7e1935045d9c6a7f14348e857596cd91034c38376daa65caea3e
candidate_evidence\result\Array_Rejected\Paper4-Under-Processing\HFAGM_Project\outputs\revision_audit_v2\all_metric_rows.csv,results\primary\all_metric_rows.csv,result:primary,Validated/supporting machine-readable result,NO,3047224,df98c94155c1f63feceb4069532059036c22f273a89d1434ed5fd52a1d0d393f
candidate_evidence\result\Array_Rejected\Paper4-Under-Processing\HFAGM_Project\outputs\revision_audit_v2\experiment_registry.csv,results\primary\experiment_registry.csv,result:primary,Validated/supporting machine-readable result,NO,1063,189e02ce6b745c37d613b19adec6a2e1bef914ce7ec6e75a8d9cd5ff986f47e4
candidate_evidence\result\Array_Rejected\Paper4-Under-Processing\HFAGM_Project\outputs\revision_audit_v2\fairness_code_evidence.csv,results\fairness\fairness_code_evidence.csv,result:fairness,Validated/supporting machine-readable result,NO,198,e383ba30727c4894ffd6ca2b2e3abe83a44062858d511e69b3a07e4f8d0470e1
candidate_evidence\result\Array_Rejected\Paper4-Under-Processing\HFAGM_Project\outputs\revision_audit_v2\important_experiment_files.csv,results\primary\important_experiment_files.csv,result:primary,Validated/supporting machine-readable result,NO,3626,b6fb10388a02a6bf523ada94f02930002968aafbeba17058d3235c22d40e12db
candidate_evidence\result\Array_Rejected\Paper4-Under-Processing\HFAGM_Project\outputs\revision_audit_v2\metric_tables.csv,results\primary\metric_tables.csv,result:primary,Validated/supporting machine-readable result,NO,5256,92e1cc35912009391f160ee4eb59d17598905059ef2d470d34ae57a83347ad26
candidate_evidence\result\Array_Rejected\Paper4-Under-Processing\HFAGM_Project\outputs\revision_fairness\recomputed_fairness\fairness_bounds_audit.csv,results\fairness\fairness_bounds_audit.csv,result:fairness,Validated/supporting machine-readable result,NO,22315,6228067d9083c00b849b7ff05bb19e320406ef8b8990eea66e7f386506ad4fe6
candidate_evidence\result\Array_Rejected\Paper4-Under-Processing\HFAGM_Project\outputs\revision_fairness\recomputed_fairness\fairness_interpretation_audit.csv,results\fairness\fairness_interpretation_audit.csv,result:fairness,Validated/supporting machine-readable result,NO,1708,6d944a354f91b4b1013ee3d908c2dbc7d6687640e2ec49aabfd7651fe06055cc
candidate_evidence\result\Array_Rejected\Paper4-Under-Processing\HFAGM_Project\outputs\revision_fairness\recomputed_fairness\fairness_per_seed_pairwise.csv,results\fairness\fairness_per_seed_pairwise.csv,result:fairness,Validated/supporting machine-readable result,NO,7434,3fed51c0ca827529575067c8d14fdcad6e643854e9d76079e09a89767fafbaaa
candidate_evidence\result\Array_Rejected\Paper4-Under-Processing\HFAGM_Project\outputs\revision_fairness\recomputed_fairness\fairness_per_seed_reference.csv,results\fairness\fairness_per_seed_reference.csv,result:fairness,Validated/supporting machine-readable result,NO,10118,b66e8ad0357ea6f19008b607736bc9993696adf8bec48dd0597adaad55e6f118
candidate_evidence\result\Array_Rejected\Paper4-Under-Processing\HFAGM_Project\outputs\revision_fairness\recomputed_fairness\fairness_provenance.csv,results\fairness\fairness_provenance.csv,result:fairness,Validated/supporting machine-readable result,NO,1955,df3747c94cfe1b6b1ad6a85f51c768a1dbd0b5ce6ac0cac83e47071886694230
candidate_evidence\result\Array_Rejected\Paper4-Under-Processing\HFAGM_Project\outputs\revision_fairness\recomputed_fairness\fairness_summary_pairwise.csv,results\fairness\fairness_summary_pairwise.csv,result:fairness,Validated/supporting machine-readable result,NO,4477,349b0aee1021e80e7a276573b6becfab08d38174d4a3cff3e71e3be5b5c4d0c2
candidate_evidence\result\Array_Rejected\Paper4-Under-Processing\HFAGM_Project\outputs\revision_fairness\recomputed_fairness\fairness_summary_reference.csv,results\fairness\fairness_summary_reference.csv,result:fairness,Validated/supporting machine-readable result,NO,4744,1cf084bb444ad61242065e2127f1381c4871ff12cc0d8eb16a11ef836f4120ea
candidate_evidence\result\Array_Rejected\Paper4-Under-Processing\HFAGM_Project\outputs\revision_fairness\recomputed_fairness\predictions_with_sensitive_attributes.csv,results\fairness\predictions_with_sensitive_attributes.csv,result:fairness,Validated/supporting machine-readable result,NO,60037,98da4c9154586137ecd06875b6f1a86fe516d682e31a94f63f4663581d34b31c
candidate_evidence\result\Array_Rejected\Paper4-Under-Processing\HFAGM_Project\outputs\revision_fairness\recomputed_fairness\prediction_input_audit.csv,results\fairness\prediction_input_audit.csv,result:fairness,Validated/supporting machine-readable result,NO,2012,f59191b3b8a156eafc5edb0e92b8b44c5c74653350b2d6b2ec394cf768a67ccc
candidate_evidence\result\Array_Rejected\Paper4-Under-Processing\HFAGM_Project\outputs\revision_fairness\recomputed_fairness\sensitive_attribute_inventory.csv,results\fairness\sensitive_attribute_inventory.csv,result:fairness,Validated/supporting machine-readable result,NO,657,d24a2f31eff73fdd8e388190ccab0fb437f9825ad3fadea3d9a14c89e71f4f26
candidate_evidence\result\Array_Rejected\Paper4-Under-Processing\HFAGM_Project\outputs\revision_fairness\recomputed_fairness\sensitive_attribute_missingness.csv,results\fairness\sensitive_attribute_missingness.csv,result:fairness,Validated/supporting machine-readable result,NO,154,92ec0f731bcc1da0d8df6bb7ad5f32446079bc06581d781335446d47656e5622
candidate_evidence\result\Array_Rejected\Paper4-Under-Processing\HFAGM_Project\outputs\revision_fairness\recomputed_fairness\subgroup_counts_per_seed.csv,results\fairness\subgroup_counts_per_seed.csv,result:fairness,Validated/supporting machine-readable result,NO,9449,7c461c49a177c8f3f50618f549b4d4e8249a958d91c756a911bfe3fef1e72625
candidate_evidence\result\Array_Rejected\Paper4-Under-Processing\HFAGM_Project\outputs\revision_fairness\recomputed_fairness\subgroup_performance_per_seed.csv,results\fairness\subgroup_performance_per_seed.csv,result:fairness,Validated/supporting machine-readable result,NO,7567,100483f6b75c483d832ee6fbb472073f11c5a72485a1b69434f9d7e82c6ad6c4
candidate_evidence\result\Array_Rejected\Paper4-Under-Processing\HFAGM_Project\outputs\revision_fidelity\structured_generation_reconstruction\checkpoint_candidate_summary.csv,results\primary\checkpoint_candidate_summary.csv,result:primary,Validated/supporting machine-readable result,NO,2652,f4faa3cb36dff57bad8413725102f712d1290132fc3ee485f9599c16eb48d4c6
candidate_evidence\result\Array_Rejected\Paper4-Under-Processing\HFAGM_Project\outputs\revision_master_evidence_v2\fairness_aggregated_summary_v2.csv,results\fairness\fairness_aggregated_summary_v2.csv,result:fairness,Validated/supporting machine-readable result,NO,558,ac709152f0d5dc6b8fa1cd1628a80f44d554651b9ffc1b56799212bf1ff19466
candidate_evidence\result\Array_Rejected\Paper4-Under-Processing\HFAGM_Project\outputs\revision_master_evidence_v2\fairness_source_rows_v2.csv,results\fairness\fairness_source_rows_v2.csv,result:fairness,Validated/supporting machine-readable result,NO,9844,493272c6d9117ef3eac6f6e3dd81142f7761b0dada8f00aaeb67e37146529979
candidate_evidence\result\Array_Rejected\Paper4-Under-Processing\HFAGM_Project\outputs\revision_multimodal_figure_audit\manuscript_metric_claims.csv,results\primary\manuscript_metric_claims.csv,result:primary,Validated/supporting machine-readable result,NO,4410,aa6f74c6f641412be9bf77766f4bfb53c9c69a22c3fa7061ef1ff17b834441a5
candidate_evidence\result\Array_Rejected\Paper4-Under-Processing\HFAGM_Project\outputs\revision_multimodal_figure_audit\results_consistency_findings.csv,results\primary\results_consistency_findings.csv,result:primary,Validated/supporting machine-readable result,NO,2385,3b6866262980a4145c7ed5885cc44f72a949f95657b4aff1c5b3799a6e37d4ca
candidate_evidence\result\Array_Rejected\Paper4-Under-Processing\HFAGM_Project\outputs\revision_multimodal_figure_audit_v2\manuscript_metric_claims_v2.csv,results\primary\manuscript_metric_claims_v2.csv,result:primary,Validated/supporting machine-readable result,NO,4613,2ef781300380c78cef04b506be3eb32c2c8e951fb5ad049ad2c87c6b3749b789
candidate_evidence\result\Array_Rejected\Paper4-Under-Processing\HFAGM_Project\outputs\revision_multimodal_figure_audit_v2\results_consistency_findings_v2.csv,results\primary\results_consistency_findings_v2.csv,result:primary,Validated/supporting machine-readable result,NO,2136,00e43986d741f01d75ce6debe0ad56155ae3de59d1716234785c1bd2edb4318d
candidate_evidence\result\Array_Rejected\Paper4-Under-Processing\HFAGM_Project\outputs\revision_primary_metrics\array_candidates.csv,results\primary\array_candidates.csv,result:primary,Validated/supporting machine-readable result,NO,287,b38014b89aa247ad05e5153d6a41b9df4b159b5d9c7392d2aba6682fc5010488
candidate_evidence\result\Array_Rejected\Paper4-Under-Processing\HFAGM_Project\outputs\revision_primary_metrics\experiment_metric_inventory.csv,results\primary\experiment_metric_inventory.csv,result:primary,Validated/supporting machine-readable result,NO,52543,2ae3e8eccafeb4f78671818ad6c3adb12261e14c4339a7820f16491ef378eab8
candidate_evidence\result\Array_Rejected\Paper4-Under-Processing\HFAGM_Project\outputs\revision_primary_metrics\experiment_reconstruction_status.csv,results\primary\experiment_reconstruction_status.csv,result:primary,Validated/supporting machine-readable result,NO,710,b0befd7057b0cb53b8e472eda8080e3dfcd5fce2eba228ff7cd03f1110ec77dd
candidate_evidence\result\Array_Rejected\Paper4-Under-Processing\HFAGM_Project\outputs\revision_primary_metrics\prediction_code_evidence.csv,results\primary\prediction_code_evidence_2.csv,result:primary,Validated/supporting machine-readable result,NO,5444,5b4482edf0ce83a1c13b6d2471fb6516d40da0858b51d0d311f0f02bf56f17f6
candidate_evidence\result\Array_Rejected\Paper4-Under-Processing\HFAGM_Project\outputs\revision_primary_metrics\prediction_source_candidates.csv,results\primary\prediction_source_candidates.csv,result:primary,Validated/supporting machine-readable result,NO,810,8c837aad55da84cfda2731f5567f0dd3b1d462ae8c21c5fb6fac4869944361e9
candidate_evidence\result\Array_Rejected\Paper4-Under-Processing\HFAGM_Project\outputs\revision_primary_metrics\recomputed_primary_metrics.csv,results\primary\recomputed_primary_metrics.csv,result:primary,Validated/supporting machine-readable result,NO,234,d6683682a6a0a52c5517f24418d506c479dfe7c79ba72476fcc5014f4148f428
candidate_evidence\result\Array_Rejected\Paper4-Under-Processing\HFAGM_Project\outputs\revision_primary_metrics\source_file_inventory.csv,results\primary\source_file_inventory.csv,result:primary,Validated/supporting machine-readable result,NO,4188,d23e0c61f842795b5ee591f72512c67605aa99f98c81d473a0b03de9eb250777
candidate_evidence\result\Array_Rejected\Paper4-Under-Processing\HFAGM_Project\outputs\revision_primary_metrics\corrected_leakage_safe_evaluation\confusion_matrix_training_only_oversampled.csv,results\primary\confusion_matrix_training_only_oversampled.csv,result:primary,Validated/supporting machine-readable result,NO,57,a684389954cd750c923f11005d647371f24f5d053675e3f19969a4545ba195ee
candidate_evidence\result\Array_Rejected\Paper4-Under-Processing\HFAGM_Project\outputs\revision_primary_metrics\corrected_leakage_safe_evaluation\corrected_evaluation_metrics.csv,results\primary\corrected_evaluation_metrics.csv,result:primary,Validated/supporting machine-readable result,NO,1157,8d4c15780b1ef703bed3f142f19a18b0517fd743aa8b4bf62eee26b2c061528d
candidate_evidence\result\Array_Rejected\Paper4-Under-Processing\HFAGM_Project\outputs\revision_primary_metrics\corrected_leakage_safe_evaluation\corrected_evaluation_provenance.csv,results\primary\corrected_evaluation_provenance.csv,result:primary,Validated/supporting machine-readable result,NO,2059,e57a47c3f6c1ed250705a1d30016fb333ce86aa210eaf26ec6021099b02d2a88
candidate_evidence\result\Array_Rejected\Paper4-Under-Processing\HFAGM_Project\outputs\revision_primary_metrics\corrected_leakage_safe_evaluation\corrected_split_manifest.csv,results\primary\corrected_split_manifest.csv,result:primary,Validated/supporting machine-readable result,NO,3044,4ec1b7eadbe9e11e3cff9e1673b2c511e09b996c5e27e06eeb29ce2d5a48a14f
candidate_evidence\result\Array_Rejected\Paper4-Under-Processing\HFAGM_Project\outputs\revision_primary_metrics\corrected_leakage_safe_evaluation\corrected_split_overlap_check.csv,results\primary\corrected_split_overlap_check.csv,result:primary,Validated/supporting machine-readable result,NO,23,8087397f8626575dd80e92838fcb6453326392325c41476196882d4774c5d36e
candidate_evidence\result\Array_Rejected\Paper4-Under-Processing\HFAGM_Project\outputs\revision_primary_metrics\corrected_leakage_safe_evaluation\feature_mapping.csv,results\primary\feature_mapping.csv,result:primary,Validated/supporting machine-readable result,NO,1214,d97eb32638ae100d258e6e0ed67eb1e9728cc8f6ec14696c74542cf793018455
candidate_evidence\result\Array_Rejected\Paper4-Under-Processing\HFAGM_Project\outputs\revision_primary_metrics\corrected_leakage_safe_evaluation\metrics_training_only_oversampled.csv,results\primary\metrics_training_only_oversampled.csv,result:primary,Validated/supporting machine-readable result,NO,655,095548efed5a1b4f35c3bc2589af4f79b8eb744e0c5c1bd5dbe77e15db6ca02e
candidate_evidence\result\Array_Rejected\Paper4-Under-Processing\HFAGM_Project\outputs\revision_primary_metrics\corrected_leakage_safe_evaluation\metrics_unbalanced_training.csv,results\primary\metrics_unbalanced_training.csv,result:primary,Validated/supporting machine-readable result,NO,447,02c0734b0a473636b7582b16d9a072f0b1ffb6e23c6786f2d0fe29e1a741a757
candidate_evidence\result\Array_Rejected\Paper4-Under-Processing\HFAGM_Project\outputs\revision_primary_metrics\corrected_leakage_safe_evaluation\numeric_conversion_audit.csv,results\primary\numeric_conversion_audit.csv,result:primary,Validated/supporting machine-readable result,NO,6386,544d494fdf655f064bb6d05b9e0c29ce0cc86b0227c3c46502f969f6b65b5bf8
candidate_evidence\result\Array_Rejected\Paper4-Under-Processing\HFAGM_Project\outputs\revision_primary_metrics\corrected_leakage_safe_evaluation\original_193_duplicate_audit.csv,results\primary\original_193_duplicate_audit.csv,result:primary,Validated/supporting machine-readable result,NO,2089,ff799de696d3911305eeb241ef347917b53caf16633d733fd131902a15bb368d
candidate_evidence\result\Array_Rejected\Paper4-Under-Processing\HFAGM_Project\outputs\revision_primary_metrics\corrected_leakage_safe_evaluation\predictions_training_only_oversampled.csv,results\primary\predictions_training_only_oversampled.csv,result:primary,Validated/supporting machine-readable result,NO,3529,bedd72114ff943104148e9a40625c32b5b9489c59ceabd2df969bd63c45488b4
candidate_evidence\result\Array_Rejected\Paper4-Under-Processing\HFAGM_Project\outputs\revision_primary_metrics\corrected_leakage_safe_evaluation\predictions_unbalanced_training.csv,results\primary\predictions_unbalanced_training.csv,result:primary,Validated/supporting machine-readable result,NO,3288,70e10b9622b3677a68c19c49cba7559e61eacdbc64d2cc04cf936c74e4905114
candidate_evidence\result\Array_Rejected\Paper4-Under-Processing\HFAGM_Project\outputs\revision_primary_metrics\corrected_leakage_safe_evaluation\preserved_model_configuration.csv,results\primary\preserved_model_configuration.csv,result:primary,Validated/supporting machine-readable result,NO,2011,3f5bbc1805180fc38b0be1920e42222de15e05e8a71d629fa44b1a8f73eb2d86
candidate_evidence\result\Array_Rejected\Paper4-Under-Processing\HFAGM_Project\outputs\revision_primary_metrics\corrected_leakage_safe_evaluation\variant_comparison.csv,results\baselines\variant_comparison.csv,result:baselines,Validated/supporting machine-readable result,NO,231,99111cdac24d6bee28c9fcd2370ade740d36343c324672fecae05887ff20297c
candidate_evidence\result\Array_Rejected\Paper4-Under-Processing\HFAGM_Project\outputs\revision_primary_metrics\corrected_leakage_safe_evaluation\X_test_corrected_scaled.csv,results\primary\X_test_corrected_scaled.csv,result:primary,Validated/supporting machine-readable result,NO,40069,5c2955698d4722060a89df089d1f16c36eb7fa609154ce300aea617abf636491
candidate_evidence\result\Array_Rejected\Paper4-Under-Processing\HFAGM_Project\outputs\revision_primary_metrics\corrected_leakage_safe_evaluation\X_train_corrected_scaled.csv,results\primary\X_train_corrected_scaled.csv,result:primary,Validated/supporting machine-readable result,NO,157322,939658fa8195f33c9f24814583020ab2e75b5a1d6a5fdeae55dffde6c36c61f8
candidate_evidence\result\Array_Rejected\Paper4-Under-Processing\HFAGM_Project\outputs\revision_primary_metrics\corrected_leakage_safe_evaluation\X_train_corrected_training_only_balanced.csv,results\primary\X_train_corrected_training_only_balanced.csv,result:primary,Validated/supporting machine-readable result,NO,163494,504d564ee6b9b76fc0edd44e2df8f1c5ae68d9857aa5147ca4d83d87ace6d7a7
candidate_evidence\result\Array_Rejected\Paper4-Under-Processing\HFAGM_Project\outputs\revision_primary_metrics\corrected_leakage_safe_evaluation\y_test_corrected.csv,results\primary\y_test_corrected.csv,result:primary,Validated/supporting machine-readable result,NO,128,d46ffd443ec249c864e269c2fb3bbf2cdd5038986a480aaa52bc982e12467806
candidate_evidence\result\Array_Rejected\Paper4-Under-Processing\HFAGM_Project\outputs\revision_primary_metrics\corrected_leakage_safe_evaluation\y_train_corrected.csv,results\primary\y_train_corrected.csv,result:primary,Validated/supporting machine-readable result,NO,473,5a1f75d4de9671ec0eb61a31237e61c3864ed535eeef7b6557b8b285f2fe5181
candidate_evidence\result\Array_Rejected\Paper4-Under-Processing\HFAGM_Project\outputs\revision_primary_metrics\corrected_leakage_safe_evaluation\y_train_corrected_training_only_balanced.csv,results\primary\y_train_corrected_training_only_balanced.csv,result:primary,Validated/supporting machine-readable result,NO,491,982f93217a709d852dbe3f6b221066a135ab7b96b045daa03e4c9a471cef65eb
candidate_evidence\result\Array_Rejected\Paper4-Under-Processing\HFAGM_Project\outputs\revision_primary_metrics\feature_chronology_proxy_audit\feature_chronology_classification.csv,results\primary\feature_chronology_classification.csv,result:primary,Validated/supporting machine-readable result,NO,208071,819206c7bc66b3ec6f57b090751c4984b16bc70f2dc857f7268c7a5167e1df7f
candidate_evidence\result\Array_Rejected\Paper4-Under-Processing\HFAGM_Project\outputs\revision_primary_metrics\feature_chronology_proxy_audit\feature_mapping.csv,results\primary\feature_mapping_2.csv,result:primary,Validated/supporting machine-readable result,NO,1209,af892dfd2d313316241ac73ae0b54f65f509e7441b7490ab5d5d99077898d535
candidate_evidence\result\Array_Rejected\Paper4-Under-Processing\HFAGM_Project\outputs\revision_primary_metrics\feature_chronology_proxy_audit\feature_proxy_audit_provenance.csv,results\primary\feature_proxy_audit_provenance.csv,result:primary,Validated/supporting machine-readable result,NO,922,8b00e0398119c85af5309f6d114c97d6fb9c978a5f9c26b715ceb86b0be95ef1
candidate_evidence\result\Array_Rejected\Paper4-Under-Processing\HFAGM_Project\outputs\revision_primary_metrics\feature_chronology_proxy_audit\feature_proxy_audit_verdict.csv,results\primary\feature_proxy_audit_verdict.csv,result:primary,Validated/supporting machine-readable result,NO,270,310732afa23ca4ae8f1dedca2d5e68079cff5eba78202bdb26e6b21a97171f76
candidate_evidence\result\Array_Rejected\Paper4-Under-Processing\HFAGM_Project\outputs\revision_primary_metrics\feature_chronology_proxy_audit\feature_proxy_review_priority.csv,results\primary\feature_proxy_review_priority.csv,result:primary,Validated/supporting machine-readable result,NO,219214,0a569f3070eb11725466cc85c22cda3694727bc725f80df19162376af9f92189
candidate_evidence\result\Array_Rejected\Paper4-Under-Processing\HFAGM_Project\outputs\revision_primary_metrics\feature_chronology_proxy_audit\feature_timing_evidence.csv,results\primary\feature_timing_evidence.csv,result:primary,Validated/supporting machine-readable result,NO,18890400,e573e6801c0019498e00dd3339b3f446eb5fa2d0372728c2b84525f1c8116bd9
candidate_evidence\result\Array_Rejected\Paper4-Under-Processing\HFAGM_Project\outputs\revision_primary_metrics\feature_chronology_proxy_audit\numeric_conversion_audit.csv,results\primary\numeric_conversion_audit_2.csv,result:primary,Validated/supporting machine-readable result,NO,1249,0e32026576c9f66dedf066c4b6265fc99dc64e5a7e2949c5d63f5160be3a77ae
candidate_evidence\result\Array_Rejected\Paper4-Under-Processing\HFAGM_Project\outputs\revision_primary_metrics\feature_chronology_proxy_audit\single_feature_repeated_seed_metrics.csv,results\repeated_holdout\single_feature_repeated_seed_metrics.csv,result:repeated_holdout,Validated/supporting machine-readable result,NO,49100,04aeadba69a618079f4a06c24e945cc37cbb6a14dd28ef75fe8c31380b039dd1
candidate_evidence\result\Array_Rejected\Paper4-Under-Processing\HFAGM_Project\outputs\revision_primary_metrics\feature_chronology_proxy_audit\single_feature_repeated_summary.csv,results\repeated_holdout\single_feature_repeated_summary.csv,result:repeated_holdout,Validated/supporting machine-readable result,NO,19660,2c51c0b0b0f55fbfd9294569be2456fb4a9c6d0ebad8bd626c84644de01a6240
candidate_evidence\result\Array_Rejected\Paper4-Under-Processing\HFAGM_Project\outputs\revision_primary_metrics\feature_chronology_proxy_audit\univariate_descriptive_statistics.csv,results\statistics\univariate_descriptive_statistics.csv,result:statistics,Validated/supporting machine-readable result,NO,9701,1411f93f6a8312f02ce0121f891b5312787685c326da2baf550a0516bc11a645
candidate_evidence\result\Array_Rejected\Paper4-Under-Processing\HFAGM_Project\outputs\revision_primary_metrics\feature_chronology_proxy_audit_v2\feature_chronology_classification_v2.csv,results\primary\feature_chronology_classification_v2.csv,result:primary,Validated/supporting machine-readable result,NO,4714,a4925466bb72996074d02e551d99ade1892f9c0d87540383688bcaedee28ff77
candidate_evidence\result\Array_Rejected\Paper4-Under-Processing\HFAGM_Project\outputs\revision_primary_metrics\feature_chronology_proxy_audit_v2\feature_proxy_audit_provenance_v2.csv,results\primary\feature_proxy_audit_provenance_v2.csv,result:primary,Validated/supporting machine-readable result,NO,1248,70a9a0334470be091ce0090bf1fca73daa4aa688bc84e44446eb7b0d9f05c96e
candidate_evidence\result\Array_Rejected\Paper4-Under-Processing\HFAGM_Project\outputs\revision_primary_metrics\feature_chronology_proxy_audit_v2\feature_proxy_audit_verdict_v2.csv,results\primary\feature_proxy_audit_verdict_v2.csv,result:primary,Validated/supporting machine-readable result,NO,393,17c3b163ef2d8859791a0b17e611fc0a7198d402b7e9d958f259545e561fd833
candidate_evidence\result\Array_Rejected\Paper4-Under-Processing\HFAGM_Project\outputs\revision_primary_metrics\feature_chronology_proxy_audit_v2\feature_proxy_review_priority_v2.csv,results\primary\feature_proxy_review_priority_v2.csv,result:primary,Validated/supporting machine-readable result,NO,17059,bef88d57e89bfe93594a73065092661784af55256d603798c521bcde06cd4099
candidate_evidence\result\Array_Rejected\Paper4-Under-Processing\HFAGM_Project\outputs\revision_primary_metrics\feature_chronology_proxy_audit_v2\scanner_file_inclusion_audit.csv,results\primary\scanner_file_inclusion_audit.csv,result:primary,Validated/supporting machine-readable result,NO,5212030,f15b84dc5331f5bfde8e04c55554239bc82f6570adc5ef99eb66b122d8093379
candidate_evidence\result\Array_Rejected\Paper4-Under-Processing\HFAGM_Project\outputs\revision_primary_metrics\feature_chronology_proxy_audit_v2\single_feature_repeated_seed_metrics_v2.csv,results\repeated_holdout\single_feature_repeated_seed_metrics_v2.csv,result:repeated_holdout,Validated/supporting machine-readable result,NO,49105,96fb52465e33f4044c7c6b74868ac08b5a2857e69e705fa0d4b531dbedcf711e
candidate_evidence\result\Array_Rejected\Paper4-Under-Processing\HFAGM_Project\outputs\revision_primary_metrics\regenerated_existing\model_provenance.csv,results\primary\model_provenance.csv,result:primary,Validated/supporting machine-readable result,NO,1347,e87be34d5893938efe42d6855cae559484828a1c15caa9faf1528094d2075f79
candidate_evidence\result\Array_Rejected\Paper4-Under-Processing\HFAGM_Project\outputs\revision_primary_metrics\regenerated_existing\regenerated_confusion_matrix.csv,results\primary\regenerated_confusion_matrix.csv,result:primary,Validated/supporting machine-readable result,NO,54,dbd812276fe363e6003281cb8e1dd10db0d0e67aa9e615c6abeb06a20134165e
candidate_evidence\result\Array_Rejected\Paper4-Under-Processing\HFAGM_Project\outputs\revision_primary_metrics\regenerated_existing\regenerated_existing_metrics.csv,results\primary\regenerated_existing_metrics.csv,result:primary,Validated/supporting machine-readable result,NO,777,8b037a0a8327db2552c303ecb093eea163289c519eb15ef78862bac7e6b2a3b7
candidate_evidence\result\Array_Rejected\Paper4-Under-Processing\HFAGM_Project\outputs\revision_primary_metrics\regenerated_existing\regenerated_existing_predictions.csv,results\primary\regenerated_existing_predictions.csv,result:primary,Validated/supporting machine-readable result,NO,1213,249af93cb2c2ed895d457474dbea8bedc47de5347fd20aa88acc0f32ac10830f
candidate_evidence\result\Array_Rejected\Paper4-Under-Processing\HFAGM_Project\outputs\revision_primary_metrics\regenerated_existing\test_data_audit.csv,results\primary\test_data_audit.csv,result:primary,Validated/supporting machine-readable result,NO,2613,148a7b0076c87a12420559aa12c2ca38b665fc836a97c7f0af1d6b0973f0c9d5
candidate_evidence\result\Array_Rejected\Paper4-Under-Processing\HFAGM_Project\outputs\revision_primary_metrics\repeated_leakage_safe_evaluation\feature_mapping.csv,results\repeated_holdout\feature_mapping.csv,result:repeated_holdout,Validated/supporting machine-readable result,NO,1206,708854a106127f03e4c850b377af89167a2a0f62e117d0acd6486874d4f4efea
candidate_evidence\result\Array_Rejected\Paper4-Under-Processing\HFAGM_Project\outputs\revision_primary_metrics\repeated_leakage_safe_evaluation\numeric_conversion_audit.csv,results\repeated_holdout\numeric_conversion_audit.csv,result:repeated_holdout,Validated/supporting machine-readable result,NO,1251,42fc68c91b9073e3eab78afb97c62ccbbd12a8accef90aec5669f530bf93a0b0
candidate_evidence\result\Array_Rejected\Paper4-Under-Processing\HFAGM_Project\outputs\revision_primary_metrics\repeated_leakage_safe_evaluation\paired_variant_differences.csv,results\statistics\paired_variant_differences.csv,result:statistics,Validated/supporting machine-readable result,NO,2256,944000974ab289159c8d0c0b012dae355a7e135e2c10c117412ba91a9458eb08
candidate_evidence\result\Array_Rejected\Paper4-Under-Processing\HFAGM_Project\outputs\revision_primary_metrics\repeated_leakage_safe_evaluation\paired_variant_tests.csv,results\statistics\paired_variant_tests.csv,result:statistics,Validated/supporting machine-readable result,NO,706,8a1e2a3d3d03c3601feb6bf01268cb05c8f9e80381a46d32312ef929d43ff9da
candidate_evidence\result\Array_Rejected\Paper4-Under-Processing\HFAGM_Project\outputs\revision_primary_metrics\repeated_leakage_safe_evaluation\pooled_prediction_summary.csv,results\repeated_holdout\pooled_prediction_summary.csv,result:repeated_holdout,Validated/supporting machine-readable result,NO,427,f893c45c9b360a0724965370590d63c7844a50927b07af5c2d9151e57cc486f1
candidate_evidence\result\Array_Rejected\Paper4-Under-Processing\HFAGM_Project\outputs\revision_primary_metrics\repeated_leakage_safe_evaluation\repeated_confusion_matrices.csv,results\repeated_holdout\repeated_confusion_matrices.csv,result:repeated_holdout,Validated/supporting machine-readable result,NO,828,41e68327b845b5327cde9aa4afbc07ad723d57d6eb57d26affd96c4bfd98a5bf
candidate_evidence\result\Array_Rejected\Paper4-Under-Processing\HFAGM_Project\outputs\revision_primary_metrics\repeated_leakage_safe_evaluation\repeated_evaluation_provenance.csv,results\repeated_holdout\repeated_evaluation_provenance.csv,result:repeated_holdout,Validated/supporting machine-readable result,NO,1395,1559d16860300ad73b65d3c074d5fe33b9679be84ac9e528b3770b2f2724c98b
candidate_evidence\result\Array_Rejected\Paper4-Under-Processing\HFAGM_Project\outputs\revision_primary_metrics\repeated_leakage_safe_evaluation\repeated_predictions.csv,results\repeated_holdout\repeated_predictions.csv,result:repeated_holdout,Validated/supporting machine-readable result,NO,57242,6aad72b6315ee507cd7e7616fb1f564f48ef8617b3bb3761401bb70b9b53c661
candidate_evidence\result\Array_Rejected\Paper4-Under-Processing\HFAGM_Project\outputs\revision_primary_metrics\repeated_leakage_safe_evaluation\repeated_seed_metrics.csv,results\repeated_holdout\repeated_seed_metrics.csv,result:repeated_holdout,Validated/supporting machine-readable result,NO,4467,873013165aba99c5007afeb8a3fe38a2011671add066555fe5376fa9d9df5d55
candidate_evidence\result\Array_Rejected\Paper4-Under-Processing\HFAGM_Project\outputs\revision_primary_metrics\repeated_leakage_safe_evaluation\repeated_split_audit.csv,results\repeated_holdout\repeated_split_audit.csv,result:repeated_holdout,Validated/supporting machine-readable result,NO,9083,ef471f5b0e918a08287f1e3d0ca594b5dd0810d9d5c15dbaf84314c94ccbbdee
candidate_evidence\result\Array_Rejected\Paper4-Under-Processing\HFAGM_Project\outputs\revision_primary_metrics\repeated_leakage_safe_evaluation\repeated_summary_statistics.csv,results\statistics\repeated_summary_statistics.csv,result:statistics,Validated/supporting machine-readable result,NO,1673,dbaf9fac0abced1879937773db3c74847ae9b548ed66a4bc9a066c833fe19940
candidate_evidence\result\Array_Rejected\Paper4-Under-Processing\HFAGM_Project\outputs\revision_primary_metrics\repeated_leakage_safe_evaluation\source_case_prediction_frequency.csv,results\repeated_holdout\source_case_prediction_frequency.csv,result:repeated_holdout,Validated/supporting machine-readable result,NO,32618,ce20208dfe53d48f593d7c32d9a14fd4c302164b4f9a0b5424bc18eeb370b8dd
candidate_evidence\result\Array_Rejected\Paper4-Under-Processing\HFAGM_Project\outputs\revision_primary_metrics\split_leakage_audit\balancing_code_evidence.csv,results\primary\balancing_code_evidence.csv,result:primary,Validated/supporting machine-readable result,NO,160147,7a3ba028fad367bde9c89334926761a49fbe92450e8a98a02140803e44287c51
candidate_evidence\result\Array_Rejected\Paper4-Under-Processing\HFAGM_Project\outputs\revision_primary_metrics\split_leakage_audit\code_operation_order.csv,results\primary\code_operation_order.csv,result:primary,Validated/supporting machine-readable result,NO,2231835,363c9aedb8dbc76cbe21cfb98d05bbf5ade0c5ec86dbac9246962440b027fca9
candidate_evidence\result\Array_Rejected\Paper4-Under-Processing\HFAGM_Project\outputs\revision_primary_metrics\split_leakage_audit\dataset_inventory.csv,results\primary\dataset_inventory.csv,result:primary,Validated/supporting machine-readable result,NO,4542,e6daec0975f77551cdc88a6e70c412a0412f8621cca26c04afaee7dd67c0e354
candidate_evidence\result\Array_Rejected\Paper4-Under-Processing\HFAGM_Project\outputs\revision_primary_metrics\split_leakage_audit\feature_target_correlations.csv,results\primary\feature_target_correlations.csv,result:primary,Validated/supporting machine-readable result,NO,4566,b3264ad9565d803376ec47baf756b55f5c7dbc93d60280911b30cc7cd34da79c
candidate_evidence\result\Array_Rejected\Paper4-Under-Processing\HFAGM_Project\outputs\revision_primary_metrics\split_leakage_audit\file_timestamp_audit.csv,results\primary\file_timestamp_audit.csv,result:primary,Validated/supporting machine-readable result,NO,1845,4c09fb3b6bead2643467c8f846ee8eac75f77f221f16582bc7e86d35a522c22b
candidate_evidence\result\Array_Rejected\Paper4-Under-Processing\HFAGM_Project\outputs\revision_primary_metrics\split_leakage_audit\leakage_findings.csv,results\primary\leakage_findings.csv,result:primary,Validated/supporting machine-readable result,NO,2024,50e7779a80d49035e11f2bd0e3e9a0bb1c9fe7b12b0f960a3b53f7567eee8f90
candidate_evidence\result\Array_Rejected\Paper4-Under-Processing\HFAGM_Project\outputs\revision_primary_metrics\split_leakage_audit\leakage_verdict.csv,results\primary\leakage_verdict.csv,result:primary,Validated/supporting machine-readable result,NO,222,6eae3cc5849440c60de7d3c9ebcd5b242345021e8b46592b6f7eaa41163df948
candidate_evidence\result\Array_Rejected\Paper4-Under-Processing\HFAGM_Project\outputs\revision_primary_metrics\split_leakage_audit\scaling_code_evidence.csv,results\primary\scaling_code_evidence.csv,result:primary,Validated/supporting machine-readable result,NO,1123883,2a79a526b3b2caf53aba629e7ad183aa5ae3fc324a8185a4a5ad715b3101d7d5
candidate_evidence\result\Array_Rejected\Paper4-Under-Processing\HFAGM_Project\outputs\revision_primary_metrics\split_leakage_audit\schema_comparison.csv,results\baselines\schema_comparison.csv,result:baselines,Validated/supporting machine-readable result,NO,690,dd3aab24ed9f44f79e84934ae05996a73849176c3de2a3e7e0e0b545e1aba2f4
candidate_evidence\result\Array_Rejected\Paper4-Under-Processing\HFAGM_Project\outputs\revision_primary_metrics\split_leakage_audit\split_code_evidence.csv,results\primary\split_code_evidence.csv,result:primary,Validated/supporting machine-readable result,NO,1283265,68a31a2c1cd100e4a1a75377d366dcff6611491729d31d62213ff2d38a3bddc3
candidate_evidence\result\Array_Rejected\Paper4-Under-Processing\HFAGM_Project\outputs\revision_primary_metrics\split_leakage_audit\synthetic_generation_code_evidence.csv,results\primary\synthetic_generation_code_evidence.csv,result:primary,Validated/supporting machine-readable result,NO,854825,e94557e1d1daa6e8bc4c6a86a0078a005b22b0d32be12fd630e6c5fc4b3d3854
candidate_evidence\result\Array_Rejected\Paper4-Under-Processing\HFAGM_Project\outputs\revision_primary_metrics\split_leakage_audit\target_feature_audit.csv,results\primary\target_feature_audit.csv,result:primary,Validated/supporting machine-readable result,NO,1010,8da947080d0287a843aacb2ed1e71756b6d1464f17c179d2d7e1bf6caca550ea
candidate_evidence\result\Array_Rejected\Paper4-Under-Processing\HFAGM_Project\outputs\revision_primary_metrics\split_leakage_audit\training_code_evidence.csv,results\primary\training_code_evidence.csv,result:primary,Validated/supporting machine-readable result,NO,1127442,6e582a770617a213150e7330c4c14f83eefad19890d4c99c511c4d032e149655
candidate_evidence\result\Array_Rejected\Paper4-Under-Processing\HFAGM_Project\outputs\revision_primary_metrics\split_leakage_audit\train_test_exact_overlap.csv,results\primary\train_test_exact_overlap.csv,result:primary,Validated/supporting machine-readable result,NO,1570,a4836044253ee57b65ec7cd41a182bfea758ba2c7501f7299389f6d46d270344
candidate_evidence\result\Array_Rejected\Paper4-Under-Processing\HFAGM_Project\outputs\revision_primary_metrics\split_leakage_audit\train_test_near_duplicates.csv,results\primary\train_test_near_duplicates.csv,result:primary,Validated/supporting machine-readable result,NO,941,9c29b48dc957454e7ba1a926950b85a5e01a9a68208d95282c05490998e2e667
candidate_evidence\result\Array_Rejected\Paper4-Under-Processing\HFAGM_Project\outputs\revision_primary_metrics\split_leakage_audit\train_test_near_duplicate_summary.csv,results\primary\train_test_near_duplicate_summary.csv,result:primary,Validated/supporting machine-readable result,NO,157,8110ab3076266e5e344be337d40ee983fd1a4897eda3b9ef236fcc22228d6c73
candidate_evidence\result\Array_Rejected\Paper4-Under-Processing\HFAGM_Project\outputs\revision_statistics\paired_difference_summary.csv,results\statistics\paired_difference_summary.csv,result:statistics,Validated/supporting machine-readable result,NO,3590,e943b44a1ade7d8205d6bcaf621c48900fec722bcf93387d2bc0b0135a21308c
candidate_evidence\result\Array_Rejected\Paper4-Under-Processing\HFAGM_Project\outputs\revision_statistics\repeated_metric_long.csv,results\statistics\repeated_metric_long.csv,result:statistics,Validated/supporting machine-readable result,NO,585379,467bce34e9c5ba6532e515bd517767d56b049d649c388136335e762b2f8589fe
candidate_evidence\result\Array_Rejected\Paper4-Under-Processing\HFAGM_Project\outputs\revision_statistics\repeated_metric_summary.csv,results\statistics\repeated_metric_summary.csv,result:statistics,Validated/supporting machine-readable result,NO,9653,8e79693897d3935497c42e05c1694e2107a30fd8ac2b1e28ef7a9578754ac7bf
candidate_evidence\result\Array_Rejected\Paper4-Under-Processing\HFAGM_Project\outputs\revision_statistics\repeated_result_candidate_inventory.csv,results\statistics\repeated_result_candidate_inventory.csv,result:statistics,Validated/supporting machine-readable result,NO,12853,20462cacdd916f55cc6cb74b904175477321e601accc9220b73fd16c17be433b
candidate_evidence\result\Array_Rejected\Paper4-Under-Processing\HFAGM_Project\outputs\revision_statistics_v2\fairness_metric_long.csv,results\fairness\fairness_metric_long.csv,result:fairness,Validated/supporting machine-readable result,NO,25240,712e9dd4517a229aa31676381118217df409e44d7d96756714cc1ba05232abaa
candidate_evidence\result\Array_Rejected\Paper4-Under-Processing\HFAGM_Project\outputs\revision_statistics_v2\fairness_metric_summary.csv,results\fairness\fairness_metric_summary.csv,result:fairness,Validated/supporting machine-readable result,NO,3708,049a4f1affc11b1692a4dba37a777360c9463be7c48f556b18fe842ddff9bcc1
candidate_evidence\result\Array_Rejected\Paper4-Under-Processing\HFAGM_Project\outputs\revision_statistics_v2\fairness_paired_differences.csv,results\fairness\fairness_paired_differences.csv,result:fairness,Validated/supporting machine-readable result,NO,8468,09c3f25c5d47e60d541fee9d19248f38161615004d8b630be02273b45d55a482
candidate_evidence\result\Array_Rejected\Paper4-Under-Processing\HFAGM_Project\outputs\revision_statistics_v2\fairness_paired_difference_summary.csv,results\fairness\fairness_paired_difference_summary.csv,result:fairness,Validated/supporting machine-readable result,NO,1671,902ab4bcc524c12186da384bcd9cdd92cd4e5492e4d7a059a33884292beac347
candidate_evidence\result\Array_Rejected\Paper4-Under-Processing\HFAGM_Project\outputs\revision_statistics_v2\fairness_source_resolution.csv,results\fairness\fairness_source_resolution.csv,result:fairness,Validated/supporting machine-readable result,NO,4677,ddddc34395284df332087d48ae60bf889afaf324a55e5ffc1c02e924b6fd620f
candidate_evidence\result\Array_Rejected\Paper4-Under-Processing\HFAGM_Project\outputs\revision_statistics_v2\primary_paired_difference_summary.csv,results\statistics\primary_paired_difference_summary.csv,result:statistics,Validated/supporting machine-readable result,NO,1110,4098de6633f565eb1613c7f698eb675f025d0127252932b6036160e058d1c4e8
candidate_evidence\result\Array_Rejected\Paper4-Under-Processing\HFAGM_Project\outputs\revision_statistics_v2\primary_paired_seed_differences.csv,results\statistics\primary_paired_seed_differences.csv,result:statistics,Validated/supporting machine-readable result,NO,2340,44d2d19c9c84efecb24d5e3e4dfbbbc5bc288aabfbfc361419d033e88a98aa6e
candidate_evidence\result\Array_Rejected\Paper4-Under-Processing\HFAGM_Project\outputs\revision_statistics_v2\primary_repeated_metric_long.csv,results\statistics\primary_repeated_metric_long.csv,result:statistics,Validated/supporting machine-readable result,NO,15479,439e442f5b03eec6bbca100ad1bd0afba10b28e11c433118e254c1e9c7e84544
candidate_evidence\result\Array_Rejected\Paper4-Under-Processing\HFAGM_Project\outputs\revision_statistics_v2\primary_repeated_metric_summary.csv,results\statistics\primary_repeated_metric_summary.csv,result:statistics,Validated/supporting machine-readable result,NO,2614,fce0debee900524d34003e8e976e93d4e9ae6cc6479da5faf7bfcb870ce27655
candidate_evidence\result\Array_Rejected\Paper4-Under-Processing\HFAGM_Project\outputs\revision_utility\common_real_test\utility_metrics.csv,results\primary\utility_metrics.csv,result:primary,Validated/supporting machine-readable result,NO,206,cc150f6407f55564ece114088715ef19f75d0837025b12b237224f1d7e1f8564
data\processed\covid_clinical_balanced.csv,results\primary\covid_clinical_balanced.csv,result:primary,Validated/supporting machine-readable result,NO,199791,ef87b77b63fb0b7c2ff03ebe453d0bb02008f69f36f911f514597a960cdc784f
data\processed\covid_clinical_preprocessed.csv,results\primary\covid_clinical_preprocessed.csv,result:primary,Validated/supporting machine-readable result,NO,193088,cc0da66c557265af118b4545a40a87b020288b66ed85bb01be9fa52a7f58d5b9
data\processed\X_test_scaled.csv,results\primary\X_test_scaled.csv,result:primary,Validated/supporting machine-readable result,NO,41051,f9b2d898cbf60e4ffd876705b3f213e52967e921856c54598d185f828325bdfa
data\processed\X_train_scaled.csv,results\primary\X_train_scaled.csv,result:primary,Validated/supporting machine-readable result,NO,163051,bcb52d2b01a2f4d42c7d8334fc6de4831827be7a3d2e3e66f122c015fc43db4d
data\processed\y_test.csv,results\primary\y_test.csv,result:primary,Validated/supporting machine-readable result,NO,128,14275e191b4bf8724c7011b9995af8d2a7a29b6cc2a3d6a82173620c574bcc01
data\processed\y_train.csv,results\primary\y_train.csv,result:primary,Validated/supporting machine-readable result,NO,488,689f91de4888e8277d05b06a00f8f411ee25f96afecee4083619a78bb16b043b
examples\dataset_samples\data\raw\ArSL\valid\labels\IMG_20210609_185131_jpg.rf.694078212c691632597bcaa1fdf1841a.txt,results\primary\IMG_20210609_185131_jpg.rf.694078212c691632597bcaa1fdf1841a.txt,result:primary,Validated/supporting machine-readable result,NO,68,163ef5b9091b3e9d881383e41c09a5e4a0f2aa05c92e0abcc1525cf6ee72ff29
results\fairness_metrics_summary.csv,results\fairness\fairness_metrics_summary.csv,result:fairness,Validated/supporting machine-readable result,NO,392,6f3fc60a847bf8d9df38a71c13d8e382d49951969325c56632ef286f18baeaa6
results\experiments\New_EXP3\metrics\summary_by_generation.csv,results\primary\summary_by_generation.csv,result:primary,Validated/supporting machine-readable result,NO,302,6c373954191a22a2cbda00b3bce49fe6929b56f2c00bebd558784a3624e2cafc
results\experiments\New_EXPs\metrics\all_seeds_generations.csv,results\repeated_holdout\all_seeds_generations.csv,result:repeated_holdout,Validated/supporting machine-readable result,NO,1473,170c15b8dd3afa0657d820b52020fd03b9123848b21b01543e9000545fa9a774
results\experiments\New_EXPs\metrics\per_seed_results_seed42.csv,results\repeated_holdout\per_seed_results_seed42.csv,result:repeated_holdout,Validated/supporting machine-readable result,NO,476,11e05d7906d8e542ae2664666a50922dda41b6ecbc2b959ba9184dcacc4d6720
results\experiments\New_EXPs\metrics\per_seed_results_seed47.csv,results\repeated_holdout\per_seed_results_seed47.csv,result:repeated_holdout,Validated/supporting machine-readable result,NO,547,cd8758027b5ff8a09ce1fd1fb8186c71557561ca72f95660737e327af2c6aec4
results\experiments\New_EXPs\metrics\per_seed_results_seed53.csv,results\repeated_holdout\per_seed_results_seed53.csv,result:repeated_holdout,Validated/supporting machine-readable result,NO,556,ae39a715b3941616a46b3c5daea4b324302e9ec8936d4c6e94fca31220f258e7
results\experiments\New_EXPs\metrics\summary_by_generation.csv,results\primary\summary_by_generation_2.csv,result:primary,Validated/supporting machine-readable result,NO,1393,b6e5c05c03b05fffa8bca7783c2018559e8dbfa661e9da8858f6f14e45f58da6
docs\source_material\fairness_report.pdf,figures\fairness_report.pdf,figure,Figure relevant to validated results,NO,36394,a2c855da8d39ede45e2bb66a77c2f87af9d8992b0e7fd7e888bea19a29b69dcd
examples\dataset_samples\data\raw\ArSL\valid\images\IMG_20210609_185131_jpg.rf.694078212c691632597bcaa1fdf1841a.jpg,figures\IMG_20210609_185131_jpg.rf.694078212c691632597bcaa1fdf1841a.jpg,figure,Figure relevant to validated results,NO,24711,b564e5538796c696f087985cedaa55ebdec4b8e918d1d40cdccab7305ee1505f
results\figures\fairness_plot_Gender.png,figures\fairness_plot_Gender.png,figure,Figure relevant to validated results,NO,19566,d6ab93ba949f9159dc2083bea630622e067caac84e5e152939e864ae2af7b8a2
results\figures\fairness_plot_Nationality.png,figures\fairness_plot_Nationality.png,figure,Figure relevant to validated results,NO,20690,b181caa37abbeb30ad789b779753f23c9a62d794f0dc2e358423c95a10827af7
artifacts\models\encoder_pretrained.pth,models\encoder_pretrained.pth,model,Saved model potentially required for reproduction,NO,1736514,61255e2a78895f9263a9fdbf125d88115ad82832dadd52562f63904462098e88
artifacts\models\ensemble_model.pkl,models\ensemble_model.pkl,model,Saved model potentially required for reproduction,NO,298512,b0728f47e059874b83656013308483e242c22fb1feb510bbfcd2806878e3907a
candidate_evidence\model\Array_Rejected\Paper4-Under-Processing\HFAGM_Project\outputs\revision_primary_metrics\corrected_leakage_safe_evaluation\model_training_only_oversampled.joblib,models\model_training_only_oversampled.joblib,model,Saved model potentially required for reproduction,NO,300864,5e66274679dc518bc2c58b27dc0befa9802a997a8ddf4c0d542c9549c5c02db7
candidate_evidence\model\Array_Rejected\Paper4-Under-Processing\HFAGM_Project\outputs\revision_primary_metrics\corrected_leakage_safe_evaluation\model_unbalanced_training.joblib,models\model_unbalanced_training.joblib,model,Saved model potentially required for reproduction,NO,308192,68b958be33896fe81958af69b8d86c5a6b10ee56ab97a06e0b408a0798d120e9
