file,line,generative_context,numbers,text,context
outputs\revision_audit\audit_summary.txt,155,0,[],C47_MEMORY_20_30_PERCENT,Status      : FOUND - MULTIPLE FILES |  | C47_MEMORY_20_30_PERCENT | Description : Lightweight GPU-memory reduction reported as 20-30% | Values      : 20.0; 25.0; 30.0
outputs\revision_audit\audit_summary.txt,156,0,"[""20"", ""30""]",Description : Lightweight GPU-memory reduction reported as 20-30%, | C47_MEMORY_20_30_PERCENT | Description : Lightweight GPU-memory reduction reported as 20-30% | Values      : 20.0; 25.0; 30.0 | Hits        : 48
outputs\revision_audit\audit_summary.txt,162,0,[],C47_HYBRID_MEMORY_40_PERCENT,Status      : FOUND - SINGLE FILE |  | C47_HYBRID_MEMORY_40_PERCENT | Description : Hybrid model reported about 40% more GPU memory | Values      : 40.0
outputs\revision_audit\audit_summary.txt,163,0,"[""40""]",Description : Hybrid model reported about 40% more GPU memory, | C47_HYBRID_MEMORY_40_PERCENT | Description : Hybrid model reported about 40% more GPU memory | Values      : 40.0 | Hits        : 13
outputs\revision_audit\claim_evidence_detailed.csv,407,0,"[""4.3"", ""25"", ""25.0"", ""25.0"", ""25"", ""0.003"", ""4.3"", ""25"", ""25.0"", ""2.0""]","C47_RUNTIME_25_PERCENT,4.3,efficiency,Lightweight configuration reported about 25% faster,25.0,25.0,25%,New_Code\01_audit_existing_results.py,01_audit_existing_results.py,""nce"""": 0.003, }, { """"claim_id"""": """"C47_RUNTIME_25_PERCENT"""", """"section"""": """"4.3"""", """"category"""": """"efficiency"""", """"description"""": """"Lightweight configuration reported about 25% faster"""", """"metric_terms"""": [ """"runtime"""", """"training time"""", """"train_time"""", """"time"""", """"faster"""", ], """"target_values"""": [25.0], """"tolerance"""": 2.0, }, { """"claim_id"""": """"C47_MEMORY_20_30_PERCENT"""", """"section"""":"",True","C46_AUC_LIGHTWEIGHT_0801,Discussion,utility,Lightweight ROC-AUC reported around 0.801,0.801,0.801,0.801,New_Code\01_audit_existing_results.py,01_audit_existing_results.py,"", }, { """"claim_id"""": """"C46_AUC_LIGHTWEIGHT_0801"""", """"section"""": """"Discussion"""", """"category"""": """"utility"""", """"description"""": """"Lightweight ROC-AUC reported around 0.801"""", """"metric_terms"""": [""""auc"""", """"roc_auc"""", """"roc-auc"""", """"roc auc""""], """"target_values"""": [0.801], """"tolerance"""": 0.003, }, { """"claim_id"""": """"C47_RUNTIME_25_PERCENT"""", """"section"""": """"4.3"""", """"category"""": """"efficiency"""", """"description"""": """"Lightweight configuration reported about"",False | C47_RUNTIME_25_PERCENT,4.3,efficiency,Lightweight configuration reported about 25% faster,25.0,25.0,25%,New_Code\01_audit_existing_results.py,01_audit_existing_results.py,""y"""": """"utility"""", """"description"""": """"Lightweight ROC-AUC reported around 0.801"""", """"metric_terms"""": [""""auc"""", """"roc_auc"""", """"roc-auc"""", """"roc auc""""], """"target_values"""": [0.801], """"tolerance"""": 0.003, }, { """"claim_id"""": """"C47_RUNTIME_25_PERCENT"""", """"section"""": """"4.3"""", """"category"""": """"efficiency"""", """"description"""": """"Lightweight configuration reported about 25% faster"""", """"metric_terms"""": [ """"runtime"""", """"training time"""", """"train_t"",True | C47_RUNTIME_25_PERCENT,4.3,efficiency,Lightweight configuration reported about 25% faster,25.0,25.0,25%,New_Code\01_audit_existing_results.py,01_audit_existing_results.py,""nce"""": 0.003, }, { """"claim_id"""": """"C47_RUNTIME_25_PERCENT"""", """"section"""": """"4.3"""", """"category"""": """"efficiency"""", """"description"""": """"Lightweight configuration reported about 25% faster"""", """"metric_terms"""": [ """"runtime"""", """"training time"""", """"train_time"""", """"time"""", """"faster"""", ], """"target_values"""": [25.0], """"tolerance"""": 2.0, }, { """"claim_id"""": """"C47_MEMORY_20_30_PERCENT"""", """"section"""":"",True | C47_RUNTIME_25_PERCENT,4.3,efficiency,Lightweight configuration reported about 25% faster,25.0,25.0,25.0,New_Code\01_audit_existing_results.py,01_audit_existing_results.py,""nce"""": 0.003, }, { """"claim_id"""": """"C47_RUNTIME_25_PERCENT"""", """"section"""": """"4.3"""", """"category"""": """"efficiency"""", """"description"""": """"Lightweight configuration reported about 25% faster"""", """"metric_terms"""": [ """"runtime"""", """"training time"""", """"train_time"""", """"time"""", """"faster"""", ], """"target_values"""": [25.0], """"tolerance"""": 2.0, }, { """"claim_id"""": """"C47_MEMORY_20_30_PERCENT"""", """"section"""":"",False | C47_RUNTIME_25_PERCENT,4.3,efficiency,Lightweight configuration reported about 25% faster,25.0,25.0,25%,New_Code\01_audit_existing_results.py,01_audit_existing_results.py,""{ """"claim_id"""": """"C47_RUNTIME_25_PERCENT"""", """"section"""": """"4.3"""", """"category"""": """"efficiency"""", """"description"""": """"Lightweight configuration reported about 25% faster"""", """"metric_terms"""": [ """"runtime"""", """"training time"""", """"train_time"""", """"time"""", """"faster"""", ], """"target_values"""": [25.0], """"tolerance"""": 2.0, }, { """"claim_id"""": """"C47_MEMORY_20_30_PERCENT"""", """"section"""": """"4.3"""", """"category"""": """"e"",True"
outputs\revision_audit\claim_evidence_detailed.csv,408,0,"[""4.3"", ""25"", ""25.0"", ""25.0"", ""25.0"", ""0.003"", ""4.3"", ""25"", ""25.0"", ""2.0""]","C47_RUNTIME_25_PERCENT,4.3,efficiency,Lightweight configuration reported about 25% faster,25.0,25.0,25.0,New_Code\01_audit_existing_results.py,01_audit_existing_results.py,""nce"""": 0.003, }, { """"claim_id"""": """"C47_RUNTIME_25_PERCENT"""", """"section"""": """"4.3"""", """"category"""": """"efficiency"""", """"description"""": """"Lightweight configuration reported about 25% faster"""", """"metric_terms"""": [ """"runtime"""", """"training time"""", """"train_time"""", """"time"""", """"faster"""", ], """"target_values"""": [25.0], """"tolerance"""": 2.0, }, { """"claim_id"""": """"C47_MEMORY_20_30_PERCENT"""", """"section"""":"",False","C47_RUNTIME_25_PERCENT,4.3,efficiency,Lightweight configuration reported about 25% faster,25.0,25.0,25%,New_Code\01_audit_existing_results.py,01_audit_existing_results.py,""y"""": """"utility"""", """"description"""": """"Lightweight ROC-AUC reported around 0.801"""", """"metric_terms"""": [""""auc"""", """"roc_auc"""", """"roc-auc"""", """"roc auc""""], """"target_values"""": [0.801], """"tolerance"""": 0.003, }, { """"claim_id"""": """"C47_RUNTIME_25_PERCENT"""", """"section"""": """"4.3"""", """"category"""": """"efficiency"""", """"description"""": """"Lightweight configuration reported about 25% faster"""", """"metric_terms"""": [ """"runtime"""", """"training time"""", """"train_t"",True | C47_RUNTIME_25_PERCENT,4.3,efficiency,Lightweight configuration reported about 25% faster,25.0,25.0,25%,New_Code\01_audit_existing_results.py,01_audit_existing_results.py,""nce"""": 0.003, }, { """"claim_id"""": """"C47_RUNTIME_25_PERCENT"""", """"section"""": """"4.3"""", """"category"""": """"efficiency"""", """"description"""": """"Lightweight configuration reported about 25% faster"""", """"metric_terms"""": [ """"runtime"""", """"training time"""", """"train_time"""", """"time"""", """"faster"""", ], """"target_values"""": [25.0], """"tolerance"""": 2.0, }, { """"claim_id"""": """"C47_MEMORY_20_30_PERCENT"""", """"section"""":"",True | C47_RUNTIME_25_PERCENT,4.3,efficiency,Lightweight configuration reported about 25% faster,25.0,25.0,25.0,New_Code\01_audit_existing_results.py,01_audit_existing_results.py,""nce"""": 0.003, }, { """"claim_id"""": """"C47_RUNTIME_25_PERCENT"""", """"section"""": """"4.3"""", """"category"""": """"efficiency"""", """"description"""": """"Lightweight configuration reported about 25% faster"""", """"metric_terms"""": [ """"runtime"""", """"training time"""", """"train_time"""", """"time"""", """"faster"""", ], """"target_values"""": [25.0], """"tolerance"""": 2.0, }, { """"claim_id"""": """"C47_MEMORY_20_30_PERCENT"""", """"section"""":"",False | C47_RUNTIME_25_PERCENT,4.3,efficiency,Lightweight configuration reported about 25% faster,25.0,25.0,25%,New_Code\01_audit_existing_results.py,01_audit_existing_results.py,""{ """"claim_id"""": """"C47_RUNTIME_25_PERCENT"""", """"section"""": """"4.3"""", """"category"""": """"efficiency"""", """"description"""": """"Lightweight configuration reported about 25% faster"""", """"metric_terms"""": [ """"runtime"""", """"training time"""", """"train_time"""", """"time"""", """"faster"""", ], """"target_values"""": [25.0], """"tolerance"""": 2.0, }, { """"claim_id"""": """"C47_MEMORY_20_30_PERCENT"""", """"section"""": """"4.3"""", """"category"""": """"e"",True | C47_RUNTIME_25_PERCENT,4.3,efficiency,Lightweight configuration reported about 25% faster,25.0,25.0,25.0,New_Code\01_audit_existing_results.py,01_audit_existing_results.py,""{ """"claim_id"""": """"C47_RUNTIME_25_PERCENT"""", """"section"""": """"4.3"""", """"category"""": """"efficiency"""", """"description"""": """"Lightweight configuration reported about 25% faster"""", """"metric_terms"""": [ """"runtime"""", """"training time"""", """"train_time"""", """"time"""", """"faster"""", ], """"target_values"""": [25.0], """"tolerance"""": 2.0, }, { """"claim_id"""": """"C47_MEMORY_20_30_PERCENT"""", """"section"""": """"4.3"""", """"category"""": """"e"",False"
outputs\revision_audit\claim_evidence_detailed.csv,409,0,"[""4.3"", ""25"", ""25.0"", ""25.0"", ""25"", ""4.3"", ""25"", ""25.0"", ""2.0"", ""4.3""]","C47_RUNTIME_25_PERCENT,4.3,efficiency,Lightweight configuration reported about 25% faster,25.0,25.0,25%,New_Code\01_audit_existing_results.py,01_audit_existing_results.py,""{ """"claim_id"""": """"C47_RUNTIME_25_PERCENT"""", """"section"""": """"4.3"""", """"category"""": """"efficiency"""", """"description"""": """"Lightweight configuration reported about 25% faster"""", """"metric_terms"""": [ """"runtime"""", """"training time"""", """"train_time"""", """"time"""", """"faster"""", ], """"target_values"""": [25.0], """"tolerance"""": 2.0, }, { """"claim_id"""": """"C47_MEMORY_20_30_PERCENT"""", """"section"""": """"4.3"""", """"category"""": """"e"",True","C47_RUNTIME_25_PERCENT,4.3,efficiency,Lightweight configuration reported about 25% faster,25.0,25.0,25%,New_Code\01_audit_existing_results.py,01_audit_existing_results.py,""nce"""": 0.003, }, { """"claim_id"""": """"C47_RUNTIME_25_PERCENT"""", """"section"""": """"4.3"""", """"category"""": """"efficiency"""", """"description"""": """"Lightweight configuration reported about 25% faster"""", """"metric_terms"""": [ """"runtime"""", """"training time"""", """"train_time"""", """"time"""", """"faster"""", ], """"target_values"""": [25.0], """"tolerance"""": 2.0, }, { """"claim_id"""": """"C47_MEMORY_20_30_PERCENT"""", """"section"""":"",True | C47_RUNTIME_25_PERCENT,4.3,efficiency,Lightweight configuration reported about 25% faster,25.0,25.0,25.0,New_Code\01_audit_existing_results.py,01_audit_existing_results.py,""nce"""": 0.003, }, { """"claim_id"""": """"C47_RUNTIME_25_PERCENT"""", """"section"""": """"4.3"""", """"category"""": """"efficiency"""", """"description"""": """"Lightweight configuration reported about 25% faster"""", """"metric_terms"""": [ """"runtime"""", """"training time"""", """"train_time"""", """"time"""", """"faster"""", ], """"target_values"""": [25.0], """"tolerance"""": 2.0, }, { """"claim_id"""": """"C47_MEMORY_20_30_PERCENT"""", """"section"""":"",False | C47_RUNTIME_25_PERCENT,4.3,efficiency,Lightweight configuration reported about 25% faster,25.0,25.0,25%,New_Code\01_audit_existing_results.py,01_audit_existing_results.py,""{ """"claim_id"""": """"C47_RUNTIME_25_PERCENT"""", """"section"""": """"4.3"""", """"category"""": """"efficiency"""", """"description"""": """"Lightweight configuration reported about 25% faster"""", """"metric_terms"""": [ """"runtime"""", """"training time"""", """"train_time"""", """"time"""", """"faster"""", ], """"target_values"""": [25.0], """"tolerance"""": 2.0, }, { """"claim_id"""": """"C47_MEMORY_20_30_PERCENT"""", """"section"""": """"4.3"""", """"category"""": """"e"",True | C47_RUNTIME_25_PERCENT,4.3,efficiency,Lightweight configuration reported about 25% faster,25.0,25.0,25.0,New_Code\01_audit_existing_results.py,01_audit_existing_results.py,""{ """"claim_id"""": """"C47_RUNTIME_25_PERCENT"""", """"section"""": """"4.3"""", """"category"""": """"efficiency"""", """"description"""": """"Lightweight configuration reported about 25% faster"""", """"metric_terms"""": [ """"runtime"""", """"training time"""", """"train_time"""", """"time"""", """"faster"""", ], """"target_values"""": [25.0], """"tolerance"""": 2.0, }, { """"claim_id"""": """"C47_MEMORY_20_30_PERCENT"""", """"section"""": """"4.3"""", """"category"""": """"e"",False | C47_RUNTIME_25_PERCENT,4.3,efficiency,Lightweight configuration reported about 25% faster,25.0,25.0,25%,New_Code\01_audit_existing_results.py,01_audit_existing_results.py,""RUNTIME_25_PERCENT"""", """"section"""": """"4.3"""", """"category"""": """"efficiency"""", """"description"""": """"Lightweight configuration reported about 25% faster"""", """"metric_terms"""": [ """"runtime"""", """"training time"""", """"train_time"""", """"time"""", """"faster"""", ], """"target_values"""": [25.0], """"tolerance"""": 2.0, }, { """"claim_id"""": """"C47_MEMORY_20_30_PERCENT"""", """"section"""": """"4.3"""", """"category"""": """"efficiency"""", """"descr"",True"
outputs\revision_audit\claim_evidence_detailed.csv,410,0,"[""4.3"", ""25"", ""25.0"", ""25.0"", ""25.0"", ""4.3"", ""25"", ""25.0"", ""2.0"", ""4.3""]","C47_RUNTIME_25_PERCENT,4.3,efficiency,Lightweight configuration reported about 25% faster,25.0,25.0,25.0,New_Code\01_audit_existing_results.py,01_audit_existing_results.py,""{ """"claim_id"""": """"C47_RUNTIME_25_PERCENT"""", """"section"""": """"4.3"""", """"category"""": """"efficiency"""", """"description"""": """"Lightweight configuration reported about 25% faster"""", """"metric_terms"""": [ """"runtime"""", """"training time"""", """"train_time"""", """"time"""", """"faster"""", ], """"target_values"""": [25.0], """"tolerance"""": 2.0, }, { """"claim_id"""": """"C47_MEMORY_20_30_PERCENT"""", """"section"""": """"4.3"""", """"category"""": """"e"",False","C47_RUNTIME_25_PERCENT,4.3,efficiency,Lightweight configuration reported about 25% faster,25.0,25.0,25.0,New_Code\01_audit_existing_results.py,01_audit_existing_results.py,""nce"""": 0.003, }, { """"claim_id"""": """"C47_RUNTIME_25_PERCENT"""", """"section"""": """"4.3"""", """"category"""": """"efficiency"""", """"description"""": """"Lightweight configuration reported about 25% faster"""", """"metric_terms"""": [ """"runtime"""", """"training time"""", """"train_time"""", """"time"""", """"faster"""", ], """"target_values"""": [25.0], """"tolerance"""": 2.0, }, { """"claim_id"""": """"C47_MEMORY_20_30_PERCENT"""", """"section"""":"",False | C47_RUNTIME_25_PERCENT,4.3,efficiency,Lightweight configuration reported about 25% faster,25.0,25.0,25%,New_Code\01_audit_existing_results.py,01_audit_existing_results.py,""{ """"claim_id"""": """"C47_RUNTIME_25_PERCENT"""", """"section"""": """"4.3"""", """"category"""": """"efficiency"""", """"description"""": """"Lightweight configuration reported about 25% faster"""", """"metric_terms"""": [ """"runtime"""", """"training time"""", """"train_time"""", """"time"""", """"faster"""", ], """"target_values"""": [25.0], """"tolerance"""": 2.0, }, { """"claim_id"""": """"C47_MEMORY_20_30_PERCENT"""", """"section"""": """"4.3"""", """"category"""": """"e"",True | C47_RUNTIME_25_PERCENT,4.3,efficiency,Lightweight configuration reported about 25% faster,25.0,25.0,25.0,New_Code\01_audit_existing_results.py,01_audit_existing_results.py,""{ """"claim_id"""": """"C47_RUNTIME_25_PERCENT"""", """"section"""": """"4.3"""", """"category"""": """"efficiency"""", """"description"""": """"Lightweight configuration reported about 25% faster"""", """"metric_terms"""": [ """"runtime"""", """"training time"""", """"train_time"""", """"time"""", """"faster"""", ], """"target_values"""": [25.0], """"tolerance"""": 2.0, }, { """"claim_id"""": """"C47_MEMORY_20_30_PERCENT"""", """"section"""": """"4.3"""", """"category"""": """"e"",False | C47_RUNTIME_25_PERCENT,4.3,efficiency,Lightweight configuration reported about 25% faster,25.0,25.0,25%,New_Code\01_audit_existing_results.py,01_audit_existing_results.py,""RUNTIME_25_PERCENT"""", """"section"""": """"4.3"""", """"category"""": """"efficiency"""", """"description"""": """"Lightweight configuration reported about 25% faster"""", """"metric_terms"""": [ """"runtime"""", """"training time"""", """"train_time"""", """"time"""", """"faster"""", ], """"target_values"""": [25.0], """"tolerance"""": 2.0, }, { """"claim_id"""": """"C47_MEMORY_20_30_PERCENT"""", """"section"""": """"4.3"""", """"category"""": """"efficiency"""", """"descr"",True | C47_RUNTIME_25_PERCENT,4.3,efficiency,Lightweight configuration reported about 25% faster,25.0,25.0,25.0,New_Code\01_audit_existing_results.py,01_audit_existing_results.py,""RUNTIME_25_PERCENT"""", """"section"""": """"4.3"""", """"category"""": """"efficiency"""", """"description"""": """"Lightweight configuration reported about 25% faster"""", """"metric_terms"""": [ """"runtime"""", """"training time"""", """"train_time"""", """"time"""", """"faster"""", ], """"target_values"""": [25.0], """"tolerance"""": 2.0, }, { """"claim_id"""": """"C47_MEMORY_20_30_PERCENT"""", """"section"""": """"4.3"""", """"category"""": """"efficiency"""", """"descr"",False"
outputs\revision_audit\claim_evidence_detailed.csv,411,0,"[""4.3"", ""25"", ""25.0"", ""25.0"", ""25"", ""4.3"", ""25"", ""25.0"", ""2.0"", ""4.3""]","C47_RUNTIME_25_PERCENT,4.3,efficiency,Lightweight configuration reported about 25% faster,25.0,25.0,25%,New_Code\01_audit_existing_results.py,01_audit_existing_results.py,""RUNTIME_25_PERCENT"""", """"section"""": """"4.3"""", """"category"""": """"efficiency"""", """"description"""": """"Lightweight configuration reported about 25% faster"""", """"metric_terms"""": [ """"runtime"""", """"training time"""", """"train_time"""", """"time"""", """"faster"""", ], """"target_values"""": [25.0], """"tolerance"""": 2.0, }, { """"claim_id"""": """"C47_MEMORY_20_30_PERCENT"""", """"section"""": """"4.3"""", """"category"""": """"efficiency"""", """"descr"",True","C47_RUNTIME_25_PERCENT,4.3,efficiency,Lightweight configuration reported about 25% faster,25.0,25.0,25%,New_Code\01_audit_existing_results.py,01_audit_existing_results.py,""{ """"claim_id"""": """"C47_RUNTIME_25_PERCENT"""", """"section"""": """"4.3"""", """"category"""": """"efficiency"""", """"description"""": """"Lightweight configuration reported about 25% faster"""", """"metric_terms"""": [ """"runtime"""", """"training time"""", """"train_time"""", """"time"""", """"faster"""", ], """"target_values"""": [25.0], """"tolerance"""": 2.0, }, { """"claim_id"""": """"C47_MEMORY_20_30_PERCENT"""", """"section"""": """"4.3"""", """"category"""": """"e"",True | C47_RUNTIME_25_PERCENT,4.3,efficiency,Lightweight configuration reported about 25% faster,25.0,25.0,25.0,New_Code\01_audit_existing_results.py,01_audit_existing_results.py,""{ """"claim_id"""": """"C47_RUNTIME_25_PERCENT"""", """"section"""": """"4.3"""", """"category"""": """"efficiency"""", """"description"""": """"Lightweight configuration reported about 25% faster"""", """"metric_terms"""": [ """"runtime"""", """"training time"""", """"train_time"""", """"time"""", """"faster"""", ], """"target_values"""": [25.0], """"tolerance"""": 2.0, }, { """"claim_id"""": """"C47_MEMORY_20_30_PERCENT"""", """"section"""": """"4.3"""", """"category"""": """"e"",False | C47_RUNTIME_25_PERCENT,4.3,efficiency,Lightweight configuration reported about 25% faster,25.0,25.0,25%,New_Code\01_audit_existing_results.py,01_audit_existing_results.py,""RUNTIME_25_PERCENT"""", """"section"""": """"4.3"""", """"category"""": """"efficiency"""", """"description"""": """"Lightweight configuration reported about 25% faster"""", """"metric_terms"""": [ """"runtime"""", """"training time"""", """"train_time"""", """"time"""", """"faster"""", ], """"target_values"""": [25.0], """"tolerance"""": 2.0, }, { """"claim_id"""": """"C47_MEMORY_20_30_PERCENT"""", """"section"""": """"4.3"""", """"category"""": """"efficiency"""", """"descr"",True | C47_RUNTIME_25_PERCENT,4.3,efficiency,Lightweight configuration reported about 25% faster,25.0,25.0,25.0,New_Code\01_audit_existing_results.py,01_audit_existing_results.py,""RUNTIME_25_PERCENT"""", """"section"""": """"4.3"""", """"category"""": """"efficiency"""", """"description"""": """"Lightweight configuration reported about 25% faster"""", """"metric_terms"""": [ """"runtime"""", """"training time"""", """"train_time"""", """"time"""", """"faster"""", ], """"target_values"""": [25.0], """"tolerance"""": 2.0, }, { """"claim_id"""": """"C47_MEMORY_20_30_PERCENT"""", """"section"""": """"4.3"""", """"category"""": """"efficiency"""", """"descr"",False | C47_RUNTIME_25_PERCENT,4.3,efficiency,Lightweight configuration reported about 25% faster,25.0,25.0,25%,New_Code\01_audit_existing_results.py,01_audit_existing_results.py,""""""utility"""", """"description"""": """"Lightweight ROC-AUC reported around 0.801"""", """"metric_terms"""": [""""auc"""", """"roc_auc"""", """"roc-auc"""", """"roc auc""""], """"target_values"""": [0.801], """"tolerance"""": 0.003, }, { """"claim_id"""": """"C47_RUNTIME_25_PERCENT"""", """"section"""": """"4.3"""", """"category"""": """"efficiency"""", """"description"""": """"Lightweight configuration reported about 25% faster"""", """"metric_terms"""": [ """"runtime"""", """"training time"""", """"train_t"",True"
outputs\revision_audit\claim_evidence_detailed.csv,412,0,"[""4.3"", ""25"", ""25.0"", ""25.0"", ""25.0"", ""4.3"", ""25"", ""25.0"", ""2.0"", ""4.3""]","C47_RUNTIME_25_PERCENT,4.3,efficiency,Lightweight configuration reported about 25% faster,25.0,25.0,25.0,New_Code\01_audit_existing_results.py,01_audit_existing_results.py,""RUNTIME_25_PERCENT"""", """"section"""": """"4.3"""", """"category"""": """"efficiency"""", """"description"""": """"Lightweight configuration reported about 25% faster"""", """"metric_terms"""": [ """"runtime"""", """"training time"""", """"train_time"""", """"time"""", """"faster"""", ], """"target_values"""": [25.0], """"tolerance"""": 2.0, }, { """"claim_id"""": """"C47_MEMORY_20_30_PERCENT"""", """"section"""": """"4.3"""", """"category"""": """"efficiency"""", """"descr"",False","C47_RUNTIME_25_PERCENT,4.3,efficiency,Lightweight configuration reported about 25% faster,25.0,25.0,25.0,New_Code\01_audit_existing_results.py,01_audit_existing_results.py,""{ """"claim_id"""": """"C47_RUNTIME_25_PERCENT"""", """"section"""": """"4.3"""", """"category"""": """"efficiency"""", """"description"""": """"Lightweight configuration reported about 25% faster"""", """"metric_terms"""": [ """"runtime"""", """"training time"""", """"train_time"""", """"time"""", """"faster"""", ], """"target_values"""": [25.0], """"tolerance"""": 2.0, }, { """"claim_id"""": """"C47_MEMORY_20_30_PERCENT"""", """"section"""": """"4.3"""", """"category"""": """"e"",False | C47_RUNTIME_25_PERCENT,4.3,efficiency,Lightweight configuration reported about 25% faster,25.0,25.0,25%,New_Code\01_audit_existing_results.py,01_audit_existing_results.py,""RUNTIME_25_PERCENT"""", """"section"""": """"4.3"""", """"category"""": """"efficiency"""", """"description"""": """"Lightweight configuration reported about 25% faster"""", """"metric_terms"""": [ """"runtime"""", """"training time"""", """"train_time"""", """"time"""", """"faster"""", ], """"target_values"""": [25.0], """"tolerance"""": 2.0, }, { """"claim_id"""": """"C47_MEMORY_20_30_PERCENT"""", """"section"""": """"4.3"""", """"category"""": """"efficiency"""", """"descr"",True | C47_RUNTIME_25_PERCENT,4.3,efficiency,Lightweight configuration reported about 25% faster,25.0,25.0,25.0,New_Code\01_audit_existing_results.py,01_audit_existing_results.py,""RUNTIME_25_PERCENT"""", """"section"""": """"4.3"""", """"category"""": """"efficiency"""", """"description"""": """"Lightweight configuration reported about 25% faster"""", """"metric_terms"""": [ """"runtime"""", """"training time"""", """"train_time"""", """"time"""", """"faster"""", ], """"target_values"""": [25.0], """"tolerance"""": 2.0, }, { """"claim_id"""": """"C47_MEMORY_20_30_PERCENT"""", """"section"""": """"4.3"""", """"category"""": """"efficiency"""", """"descr"",False | C47_RUNTIME_25_PERCENT,4.3,efficiency,Lightweight configuration reported about 25% faster,25.0,25.0,25%,New_Code\01_audit_existing_results.py,01_audit_existing_results.py,""""""utility"""", """"description"""": """"Lightweight ROC-AUC reported around 0.801"""", """"metric_terms"""": [""""auc"""", """"roc_auc"""", """"roc-auc"""", """"roc auc""""], """"target_values"""": [0.801], """"tolerance"""": 0.003, }, { """"claim_id"""": """"C47_RUNTIME_25_PERCENT"""", """"section"""": """"4.3"""", """"category"""": """"efficiency"""", """"description"""": """"Lightweight configuration reported about 25% faster"""", """"metric_terms"""": [ """"runtime"""", """"training time"""", """"train_t"",True | C47_RUNTIME_25_PERCENT,4.3,efficiency,Lightweight configuration reported about 25% faster,25.0,25.0,25%,New_Code\01_audit_existing_results.py,01_audit_existing_results.py,"""""": 0.003, }, { """"claim_id"""": """"C47_RUNTIME_25_PERCENT"""", """"section"""": """"4.3"""", """"category"""": """"efficiency"""", """"description"""": """"Lightweight configuration reported about 25% faster"""", """"metric_terms"""": [ """"runtime"""", """"training time"""", """"train_time"""", """"time"""", """"faster"""", ], """"target_values"""": [25.0], """"tolerance"""": 2.0, }, { """"claim_id"""": """"C47_MEMORY_20_30_PERCENT"""", """"section"""":"",True"
outputs\revision_audit\claim_evidence_detailed.csv,414,0,"[""4.3"", ""25"", ""25.0"", ""25.0"", ""25"", ""0.003"", ""4.3"", ""25"", ""25.0"", ""2.0""]","C47_RUNTIME_25_PERCENT,4.3,efficiency,Lightweight configuration reported about 25% faster,25.0,25.0,25%,New_Code\01_audit_existing_results.py,01_audit_existing_results.py,"""""": 0.003, }, { """"claim_id"""": """"C47_RUNTIME_25_PERCENT"""", """"section"""": """"4.3"""", """"category"""": """"efficiency"""", """"description"""": """"Lightweight configuration reported about 25% faster"""", """"metric_terms"""": [ """"runtime"""", """"training time"""", """"train_time"""", """"time"""", """"faster"""", ], """"target_values"""": [25.0], """"tolerance"""": 2.0, }, { """"claim_id"""": """"C47_MEMORY_20_30_PERCENT"""", """"section"""":"",True","C47_RUNTIME_25_PERCENT,4.3,efficiency,Lightweight configuration reported about 25% faster,25.0,25.0,25.0,New_Code\01_audit_existing_results.py,01_audit_existing_results.py,""RUNTIME_25_PERCENT"""", """"section"""": """"4.3"""", """"category"""": """"efficiency"""", """"description"""": """"Lightweight configuration reported about 25% faster"""", """"metric_terms"""": [ """"runtime"""", """"training time"""", """"train_time"""", """"time"""", """"faster"""", ], """"target_values"""": [25.0], """"tolerance"""": 2.0, }, { """"claim_id"""": """"C47_MEMORY_20_30_PERCENT"""", """"section"""": """"4.3"""", """"category"""": """"efficiency"""", """"descr"",False | C47_RUNTIME_25_PERCENT,4.3,efficiency,Lightweight configuration reported about 25% faster,25.0,25.0,25%,New_Code\01_audit_existing_results.py,01_audit_existing_results.py,""""""utility"""", """"description"""": """"Lightweight ROC-AUC reported around 0.801"""", """"metric_terms"""": [""""auc"""", """"roc_auc"""", """"roc-auc"""", """"roc auc""""], """"target_values"""": [0.801], """"tolerance"""": 0.003, }, { """"claim_id"""": """"C47_RUNTIME_25_PERCENT"""", """"section"""": """"4.3"""", """"category"""": """"efficiency"""", """"description"""": """"Lightweight configuration reported about 25% faster"""", """"metric_terms"""": [ """"runtime"""", """"training time"""", """"train_t"",True | C47_RUNTIME_25_PERCENT,4.3,efficiency,Lightweight configuration reported about 25% faster,25.0,25.0,25%,New_Code\01_audit_existing_results.py,01_audit_existing_results.py,"""""": 0.003, }, { """"claim_id"""": """"C47_RUNTIME_25_PERCENT"""", """"section"""": """"4.3"""", """"category"""": """"efficiency"""", """"description"""": """"Lightweight configuration reported about 25% faster"""", """"metric_terms"""": [ """"runtime"""", """"training time"""", """"train_time"""", """"time"""", """"faster"""", ], """"target_values"""": [25.0], """"tolerance"""": 2.0, }, { """"claim_id"""": """"C47_MEMORY_20_30_PERCENT"""", """"section"""":"",True | C47_RUNTIME_25_PERCENT,4.3,efficiency,Lightweight configuration reported about 25% faster,25.0,25.0,25.0,New_Code\01_audit_existing_results.py,01_audit_existing_results.py,"""""": 0.003, }, { """"claim_id"""": """"C47_RUNTIME_25_PERCENT"""", """"section"""": """"4.3"""", """"category"""": """"efficiency"""", """"description"""": """"Lightweight configuration reported about 25% faster"""", """"metric_terms"""": [ """"runtime"""", """"training time"""", """"train_time"""", """"time"""", """"faster"""", ], """"target_values"""": [25.0], """"tolerance"""": 2.0, }, { """"claim_id"""": """"C47_MEMORY_20_30_PERCENT"""", """"section"""":"",False | C47_RUNTIME_25_PERCENT,4.3,efficiency,Lightweight configuration reported about 25% faster,25.0,25.0,25%,New_Code\01_audit_existing_results.py,01_audit_existing_results.py,""""""claim_id"""": """"C47_RUNTIME_25_PERCENT"""", """"section"""": """"4.3"""", """"category"""": """"efficiency"""", """"description"""": """"Lightweight configuration reported about 25% faster"""", """"metric_terms"""": [ """"runtime"""", """"training time"""", """"train_time"""", """"time"""", """"faster"""", ], """"target_values"""": [25.0], """"tolerance"""": 2.0, }, { """"claim_id"""": """"C47_MEMORY_20_30_PERCENT"""", """"section"""": """"4.3"""", """"category"""": """"e"",True"
outputs\revision_audit\claim_evidence_detailed.csv,415,0,"[""4.3"", ""25"", ""25.0"", ""25.0"", ""25.0"", ""0.003"", ""4.3"", ""25"", ""25.0"", ""2.0""]","C47_RUNTIME_25_PERCENT,4.3,efficiency,Lightweight configuration reported about 25% faster,25.0,25.0,25.0,New_Code\01_audit_existing_results.py,01_audit_existing_results.py,"""""": 0.003, }, { """"claim_id"""": """"C47_RUNTIME_25_PERCENT"""", """"section"""": """"4.3"""", """"category"""": """"efficiency"""", """"description"""": """"Lightweight configuration reported about 25% faster"""", """"metric_terms"""": [ """"runtime"""", """"training time"""", """"train_time"""", """"time"""", """"faster"""", ], """"target_values"""": [25.0], """"tolerance"""": 2.0, }, { """"claim_id"""": """"C47_MEMORY_20_30_PERCENT"""", """"section"""":"",False","C47_RUNTIME_25_PERCENT,4.3,efficiency,Lightweight configuration reported about 25% faster,25.0,25.0,25%,New_Code\01_audit_existing_results.py,01_audit_existing_results.py,""""""utility"""", """"description"""": """"Lightweight ROC-AUC reported around 0.801"""", """"metric_terms"""": [""""auc"""", """"roc_auc"""", """"roc-auc"""", """"roc auc""""], """"target_values"""": [0.801], """"tolerance"""": 0.003, }, { """"claim_id"""": """"C47_RUNTIME_25_PERCENT"""", """"section"""": """"4.3"""", """"category"""": """"efficiency"""", """"description"""": """"Lightweight configuration reported about 25% faster"""", """"metric_terms"""": [ """"runtime"""", """"training time"""", """"train_t"",True | C47_RUNTIME_25_PERCENT,4.3,efficiency,Lightweight configuration reported about 25% faster,25.0,25.0,25%,New_Code\01_audit_existing_results.py,01_audit_existing_results.py,"""""": 0.003, }, { """"claim_id"""": """"C47_RUNTIME_25_PERCENT"""", """"section"""": """"4.3"""", """"category"""": """"efficiency"""", """"description"""": """"Lightweight configuration reported about 25% faster"""", """"metric_terms"""": [ """"runtime"""", """"training time"""", """"train_time"""", """"time"""", """"faster"""", ], """"target_values"""": [25.0], """"tolerance"""": 2.0, }, { """"claim_id"""": """"C47_MEMORY_20_30_PERCENT"""", """"section"""":"",True | C47_RUNTIME_25_PERCENT,4.3,efficiency,Lightweight configuration reported about 25% faster,25.0,25.0,25.0,New_Code\01_audit_existing_results.py,01_audit_existing_results.py,"""""": 0.003, }, { """"claim_id"""": """"C47_RUNTIME_25_PERCENT"""", """"section"""": """"4.3"""", """"category"""": """"efficiency"""", """"description"""": """"Lightweight configuration reported about 25% faster"""", """"metric_terms"""": [ """"runtime"""", """"training time"""", """"train_time"""", """"time"""", """"faster"""", ], """"target_values"""": [25.0], """"tolerance"""": 2.0, }, { """"claim_id"""": """"C47_MEMORY_20_30_PERCENT"""", """"section"""":"",False | C47_RUNTIME_25_PERCENT,4.3,efficiency,Lightweight configuration reported about 25% faster,25.0,25.0,25%,New_Code\01_audit_existing_results.py,01_audit_existing_results.py,""""""claim_id"""": """"C47_RUNTIME_25_PERCENT"""", """"section"""": """"4.3"""", """"category"""": """"efficiency"""", """"description"""": """"Lightweight configuration reported about 25% faster"""", """"metric_terms"""": [ """"runtime"""", """"training time"""", """"train_time"""", """"time"""", """"faster"""", ], """"target_values"""": [25.0], """"tolerance"""": 2.0, }, { """"claim_id"""": """"C47_MEMORY_20_30_PERCENT"""", """"section"""": """"4.3"""", """"category"""": """"e"",True | C47_RUNTIME_25_PERCENT,4.3,efficiency,Lightweight configuration reported about 25% faster,25.0,25.0,25.0,New_Code\01_audit_existing_results.py,01_audit_existing_results.py,""""""claim_id"""": """"C47_RUNTIME_25_PERCENT"""", """"section"""": """"4.3"""", """"category"""": """"efficiency"""", """"description"""": """"Lightweight configuration reported about 25% faster"""", """"metric_terms"""": [ """"runtime"""", """"training time"""", """"train_time"""", """"time"""", """"faster"""", ], """"target_values"""": [25.0], """"tolerance"""": 2.0, }, { """"claim_id"""": """"C47_MEMORY_20_30_PERCENT"""", """"section"""": """"4.3"""", """"category"""": """"e"",False"
outputs\revision_audit\claim_evidence_detailed.csv,416,0,"[""4.3"", ""25"", ""25.0"", ""25.0"", ""25"", ""4.3"", ""25"", ""25.0"", ""2.0"", ""4.3""]","C47_RUNTIME_25_PERCENT,4.3,efficiency,Lightweight configuration reported about 25% faster,25.0,25.0,25%,New_Code\01_audit_existing_results.py,01_audit_existing_results.py,""""""claim_id"""": """"C47_RUNTIME_25_PERCENT"""", """"section"""": """"4.3"""", """"category"""": """"efficiency"""", """"description"""": """"Lightweight configuration reported about 25% faster"""", """"metric_terms"""": [ """"runtime"""", """"training time"""", """"train_time"""", """"time"""", """"faster"""", ], """"target_values"""": [25.0], """"tolerance"""": 2.0, }, { """"claim_id"""": """"C47_MEMORY_20_30_PERCENT"""", """"section"""": """"4.3"""", """"category"""": """"e"",True","C47_RUNTIME_25_PERCENT,4.3,efficiency,Lightweight configuration reported about 25% faster,25.0,25.0,25%,New_Code\01_audit_existing_results.py,01_audit_existing_results.py,"""""": 0.003, }, { """"claim_id"""": """"C47_RUNTIME_25_PERCENT"""", """"section"""": """"4.3"""", """"category"""": """"efficiency"""", """"description"""": """"Lightweight configuration reported about 25% faster"""", """"metric_terms"""": [ """"runtime"""", """"training time"""", """"train_time"""", """"time"""", """"faster"""", ], """"target_values"""": [25.0], """"tolerance"""": 2.0, }, { """"claim_id"""": """"C47_MEMORY_20_30_PERCENT"""", """"section"""":"",True | C47_RUNTIME_25_PERCENT,4.3,efficiency,Lightweight configuration reported about 25% faster,25.0,25.0,25.0,New_Code\01_audit_existing_results.py,01_audit_existing_results.py,"""""": 0.003, }, { """"claim_id"""": """"C47_RUNTIME_25_PERCENT"""", """"section"""": """"4.3"""", """"category"""": """"efficiency"""", """"description"""": """"Lightweight configuration reported about 25% faster"""", """"metric_terms"""": [ """"runtime"""", """"training time"""", """"train_time"""", """"time"""", """"faster"""", ], """"target_values"""": [25.0], """"tolerance"""": 2.0, }, { """"claim_id"""": """"C47_MEMORY_20_30_PERCENT"""", """"section"""":"",False | C47_RUNTIME_25_PERCENT,4.3,efficiency,Lightweight configuration reported about 25% faster,25.0,25.0,25%,New_Code\01_audit_existing_results.py,01_audit_existing_results.py,""""""claim_id"""": """"C47_RUNTIME_25_PERCENT"""", """"section"""": """"4.3"""", """"category"""": """"efficiency"""", """"description"""": """"Lightweight configuration reported about 25% faster"""", """"metric_terms"""": [ """"runtime"""", """"training time"""", """"train_time"""", """"time"""", """"faster"""", ], """"target_values"""": [25.0], """"tolerance"""": 2.0, }, { """"claim_id"""": """"C47_MEMORY_20_30_PERCENT"""", """"section"""": """"4.3"""", """"category"""": """"e"",True | C47_RUNTIME_25_PERCENT,4.3,efficiency,Lightweight configuration reported about 25% faster,25.0,25.0,25.0,New_Code\01_audit_existing_results.py,01_audit_existing_results.py,""""""claim_id"""": """"C47_RUNTIME_25_PERCENT"""", """"section"""": """"4.3"""", """"category"""": """"efficiency"""", """"description"""": """"Lightweight configuration reported about 25% faster"""", """"metric_terms"""": [ """"runtime"""", """"training time"""", """"train_time"""", """"time"""", """"faster"""", ], """"target_values"""": [25.0], """"tolerance"""": 2.0, }, { """"claim_id"""": """"C47_MEMORY_20_30_PERCENT"""", """"section"""": """"4.3"""", """"category"""": """"e"",False | C47_RUNTIME_25_PERCENT,4.3,efficiency,Lightweight configuration reported about 25% faster,25.0,25.0,25%,New_Code\01_audit_existing_results.py,01_audit_existing_results.py,""E_25_PERCENT"""", """"section"""": """"4.3"""", """"category"""": """"efficiency"""", """"description"""": """"Lightweight configuration reported about 25% faster"""", """"metric_terms"""": [ """"runtime"""", """"training time"""", """"train_time"""", """"time"""", """"faster"""", ], """"target_values"""": [25.0], """"tolerance"""": 2.0, }, { """"claim_id"""": """"C47_MEMORY_20_30_PERCENT"""", """"section"""": """"4.3"""", """"category"""": """"efficiency"""", """"descr"",True"
outputs\revision_audit\claim_evidence_detailed.csv,417,0,"[""4.3"", ""25"", ""25.0"", ""25.0"", ""25.0"", ""4.3"", ""25"", ""25.0"", ""2.0"", ""4.3""]","C47_RUNTIME_25_PERCENT,4.3,efficiency,Lightweight configuration reported about 25% faster,25.0,25.0,25.0,New_Code\01_audit_existing_results.py,01_audit_existing_results.py,""""""claim_id"""": """"C47_RUNTIME_25_PERCENT"""", """"section"""": """"4.3"""", """"category"""": """"efficiency"""", """"description"""": """"Lightweight configuration reported about 25% faster"""", """"metric_terms"""": [ """"runtime"""", """"training time"""", """"train_time"""", """"time"""", """"faster"""", ], """"target_values"""": [25.0], """"tolerance"""": 2.0, }, { """"claim_id"""": """"C47_MEMORY_20_30_PERCENT"""", """"section"""": """"4.3"""", """"category"""": """"e"",False","C47_RUNTIME_25_PERCENT,4.3,efficiency,Lightweight configuration reported about 25% faster,25.0,25.0,25.0,New_Code\01_audit_existing_results.py,01_audit_existing_results.py,"""""": 0.003, }, { """"claim_id"""": """"C47_RUNTIME_25_PERCENT"""", """"section"""": """"4.3"""", """"category"""": """"efficiency"""", """"description"""": """"Lightweight configuration reported about 25% faster"""", """"metric_terms"""": [ """"runtime"""", """"training time"""", """"train_time"""", """"time"""", """"faster"""", ], """"target_values"""": [25.0], """"tolerance"""": 2.0, }, { """"claim_id"""": """"C47_MEMORY_20_30_PERCENT"""", """"section"""":"",False | C47_RUNTIME_25_PERCENT,4.3,efficiency,Lightweight configuration reported about 25% faster,25.0,25.0,25%,New_Code\01_audit_existing_results.py,01_audit_existing_results.py,""""""claim_id"""": """"C47_RUNTIME_25_PERCENT"""", """"section"""": """"4.3"""", """"category"""": """"efficiency"""", """"description"""": """"Lightweight configuration reported about 25% faster"""", """"metric_terms"""": [ """"runtime"""", """"training time"""", """"train_time"""", """"time"""", """"faster"""", ], """"target_values"""": [25.0], """"tolerance"""": 2.0, }, { """"claim_id"""": """"C47_MEMORY_20_30_PERCENT"""", """"section"""": """"4.3"""", """"category"""": """"e"",True | C47_RUNTIME_25_PERCENT,4.3,efficiency,Lightweight configuration reported about 25% faster,25.0,25.0,25.0,New_Code\01_audit_existing_results.py,01_audit_existing_results.py,""""""claim_id"""": """"C47_RUNTIME_25_PERCENT"""", """"section"""": """"4.3"""", """"category"""": """"efficiency"""", """"description"""": """"Lightweight configuration reported about 25% faster"""", """"metric_terms"""": [ """"runtime"""", """"training time"""", """"train_time"""", """"time"""", """"faster"""", ], """"target_values"""": [25.0], """"tolerance"""": 2.0, }, { """"claim_id"""": """"C47_MEMORY_20_30_PERCENT"""", """"section"""": """"4.3"""", """"category"""": """"e"",False | C47_RUNTIME_25_PERCENT,4.3,efficiency,Lightweight configuration reported about 25% faster,25.0,25.0,25%,New_Code\01_audit_existing_results.py,01_audit_existing_results.py,""E_25_PERCENT"""", """"section"""": """"4.3"""", """"category"""": """"efficiency"""", """"description"""": """"Lightweight configuration reported about 25% faster"""", """"metric_terms"""": [ """"runtime"""", """"training time"""", """"train_time"""", """"time"""", """"faster"""", ], """"target_values"""": [25.0], """"tolerance"""": 2.0, }, { """"claim_id"""": """"C47_MEMORY_20_30_PERCENT"""", """"section"""": """"4.3"""", """"category"""": """"efficiency"""", """"descr"",True | C47_RUNTIME_25_PERCENT,4.3,efficiency,Lightweight configuration reported about 25% faster,25.0,25.0,25.0,New_Code\01_audit_existing_results.py,01_audit_existing_results.py,""E_25_PERCENT"""", """"section"""": """"4.3"""", """"category"""": """"efficiency"""", """"description"""": """"Lightweight configuration reported about 25% faster"""", """"metric_terms"""": [ """"runtime"""", """"training time"""", """"train_time"""", """"time"""", """"faster"""", ], """"target_values"""": [25.0], """"tolerance"""": 2.0, }, { """"claim_id"""": """"C47_MEMORY_20_30_PERCENT"""", """"section"""": """"4.3"""", """"category"""": """"efficiency"""", """"descr"",False"
outputs\revision_audit\claim_evidence_detailed.csv,418,0,"[""4.3"", ""25"", ""25.0"", ""25.0"", ""25"", ""4.3"", ""25"", ""25.0"", ""2.0"", ""4.3""]","C47_RUNTIME_25_PERCENT,4.3,efficiency,Lightweight configuration reported about 25% faster,25.0,25.0,25%,New_Code\01_audit_existing_results.py,01_audit_existing_results.py,""E_25_PERCENT"""", """"section"""": """"4.3"""", """"category"""": """"efficiency"""", """"description"""": """"Lightweight configuration reported about 25% faster"""", """"metric_terms"""": [ """"runtime"""", """"training time"""", """"train_time"""", """"time"""", """"faster"""", ], """"target_values"""": [25.0], """"tolerance"""": 2.0, }, { """"claim_id"""": """"C47_MEMORY_20_30_PERCENT"""", """"section"""": """"4.3"""", """"category"""": """"efficiency"""", """"descr"",True","C47_RUNTIME_25_PERCENT,4.3,efficiency,Lightweight configuration reported about 25% faster,25.0,25.0,25%,New_Code\01_audit_existing_results.py,01_audit_existing_results.py,""""""claim_id"""": """"C47_RUNTIME_25_PERCENT"""", """"section"""": """"4.3"""", """"category"""": """"efficiency"""", """"description"""": """"Lightweight configuration reported about 25% faster"""", """"metric_terms"""": [ """"runtime"""", """"training time"""", """"train_time"""", """"time"""", """"faster"""", ], """"target_values"""": [25.0], """"tolerance"""": 2.0, }, { """"claim_id"""": """"C47_MEMORY_20_30_PERCENT"""", """"section"""": """"4.3"""", """"category"""": """"e"",True | C47_RUNTIME_25_PERCENT,4.3,efficiency,Lightweight configuration reported about 25% faster,25.0,25.0,25.0,New_Code\01_audit_existing_results.py,01_audit_existing_results.py,""""""claim_id"""": """"C47_RUNTIME_25_PERCENT"""", """"section"""": """"4.3"""", """"category"""": """"efficiency"""", """"description"""": """"Lightweight configuration reported about 25% faster"""", """"metric_terms"""": [ """"runtime"""", """"training time"""", """"train_time"""", """"time"""", """"faster"""", ], """"target_values"""": [25.0], """"tolerance"""": 2.0, }, { """"claim_id"""": """"C47_MEMORY_20_30_PERCENT"""", """"section"""": """"4.3"""", """"category"""": """"e"",False | C47_RUNTIME_25_PERCENT,4.3,efficiency,Lightweight configuration reported about 25% faster,25.0,25.0,25%,New_Code\01_audit_existing_results.py,01_audit_existing_results.py,""E_25_PERCENT"""", """"section"""": """"4.3"""", """"category"""": """"efficiency"""", """"description"""": """"Lightweight configuration reported about 25% faster"""", """"metric_terms"""": [ """"runtime"""", """"training time"""", """"train_time"""", """"time"""", """"faster"""", ], """"target_values"""": [25.0], """"tolerance"""": 2.0, }, { """"claim_id"""": """"C47_MEMORY_20_30_PERCENT"""", """"section"""": """"4.3"""", """"category"""": """"efficiency"""", """"descr"",True | C47_RUNTIME_25_PERCENT,4.3,efficiency,Lightweight configuration reported about 25% faster,25.0,25.0,25.0,New_Code\01_audit_existing_results.py,01_audit_existing_results.py,""E_25_PERCENT"""", """"section"""": """"4.3"""", """"category"""": """"efficiency"""", """"description"""": """"Lightweight configuration reported about 25% faster"""", """"metric_terms"""": [ """"runtime"""", """"training time"""", """"train_time"""", """"time"""", """"faster"""", ], """"target_values"""": [25.0], """"tolerance"""": 2.0, }, { """"claim_id"""": """"C47_MEMORY_20_30_PERCENT"""", """"section"""": """"4.3"""", """"category"""": """"efficiency"""", """"descr"",False | C47_RUNTIME_25_PERCENT,4.3,efficiency,Lightweight configuration reported about 25% faster,25.0,25.0,25%,New_Code\01_audit_existing_results.py,01_audit_existing_results.py,""""""section"""": """"4.3"""", """"category"""": """"efficiency"""", """"description"""": """"Lightweight configuration reported about 25% faster"""", """"metric_terms"""": [ """"runtime"""", """"training time"""", """"train_time"""", """"time"""", """"faster"""", ], """"target_values"""": [25.0], """"tolerance"""": 2.0, }, { """"claim_id"""": """"C47_MEMORY_20_30_PERCENT"""", """"section"""": """"4.3"""", """"category"""": """"efficiency"""", """"description"""": """"Lightweigh"",True"
outputs\revision_audit\claim_evidence_detailed.csv,419,0,"[""4.3"", ""25"", ""25.0"", ""25.0"", ""25.0"", ""4.3"", ""25"", ""25.0"", ""2.0"", ""4.3""]","C47_RUNTIME_25_PERCENT,4.3,efficiency,Lightweight configuration reported about 25% faster,25.0,25.0,25.0,New_Code\01_audit_existing_results.py,01_audit_existing_results.py,""E_25_PERCENT"""", """"section"""": """"4.3"""", """"category"""": """"efficiency"""", """"description"""": """"Lightweight configuration reported about 25% faster"""", """"metric_terms"""": [ """"runtime"""", """"training time"""", """"train_time"""", """"time"""", """"faster"""", ], """"target_values"""": [25.0], """"tolerance"""": 2.0, }, { """"claim_id"""": """"C47_MEMORY_20_30_PERCENT"""", """"section"""": """"4.3"""", """"category"""": """"efficiency"""", """"descr"",False","C47_RUNTIME_25_PERCENT,4.3,efficiency,Lightweight configuration reported about 25% faster,25.0,25.0,25.0,New_Code\01_audit_existing_results.py,01_audit_existing_results.py,""""""claim_id"""": """"C47_RUNTIME_25_PERCENT"""", """"section"""": """"4.3"""", """"category"""": """"efficiency"""", """"description"""": """"Lightweight configuration reported about 25% faster"""", """"metric_terms"""": [ """"runtime"""", """"training time"""", """"train_time"""", """"time"""", """"faster"""", ], """"target_values"""": [25.0], """"tolerance"""": 2.0, }, { """"claim_id"""": """"C47_MEMORY_20_30_PERCENT"""", """"section"""": """"4.3"""", """"category"""": """"e"",False | C47_RUNTIME_25_PERCENT,4.3,efficiency,Lightweight configuration reported about 25% faster,25.0,25.0,25%,New_Code\01_audit_existing_results.py,01_audit_existing_results.py,""E_25_PERCENT"""", """"section"""": """"4.3"""", """"category"""": """"efficiency"""", """"description"""": """"Lightweight configuration reported about 25% faster"""", """"metric_terms"""": [ """"runtime"""", """"training time"""", """"train_time"""", """"time"""", """"faster"""", ], """"target_values"""": [25.0], """"tolerance"""": 2.0, }, { """"claim_id"""": """"C47_MEMORY_20_30_PERCENT"""", """"section"""": """"4.3"""", """"category"""": """"efficiency"""", """"descr"",True | C47_RUNTIME_25_PERCENT,4.3,efficiency,Lightweight configuration reported about 25% faster,25.0,25.0,25.0,New_Code\01_audit_existing_results.py,01_audit_existing_results.py,""E_25_PERCENT"""", """"section"""": """"4.3"""", """"category"""": """"efficiency"""", """"description"""": """"Lightweight configuration reported about 25% faster"""", """"metric_terms"""": [ """"runtime"""", """"training time"""", """"train_time"""", """"time"""", """"faster"""", ], """"target_values"""": [25.0], """"tolerance"""": 2.0, }, { """"claim_id"""": """"C47_MEMORY_20_30_PERCENT"""", """"section"""": """"4.3"""", """"category"""": """"efficiency"""", """"descr"",False | C47_RUNTIME_25_PERCENT,4.3,efficiency,Lightweight configuration reported about 25% faster,25.0,25.0,25%,New_Code\01_audit_existing_results.py,01_audit_existing_results.py,""""""section"""": """"4.3"""", """"category"""": """"efficiency"""", """"description"""": """"Lightweight configuration reported about 25% faster"""", """"metric_terms"""": [ """"runtime"""", """"training time"""", """"train_time"""", """"time"""", """"faster"""", ], """"target_values"""": [25.0], """"tolerance"""": 2.0, }, { """"claim_id"""": """"C47_MEMORY_20_30_PERCENT"""", """"section"""": """"4.3"""", """"category"""": """"efficiency"""", """"description"""": """"Lightweigh"",True | C47_RUNTIME_25_PERCENT,4.3,efficiency,Lightweight configuration reported about 25% faster,25.0,25.0,25.0,New_Code\01_audit_existing_results.py,01_audit_existing_results.py,""""""section"""": """"4.3"""", """"category"""": """"efficiency"""", """"description"""": """"Lightweight configuration reported about 25% faster"""", """"metric_terms"""": [ """"runtime"""", """"training time"""", """"train_time"""", """"time"""", """"faster"""", ], """"target_values"""": [25.0], """"tolerance"""": 2.0, }, { """"claim_id"""": """"C47_MEMORY_20_30_PERCENT"""", """"section"""": """"4.3"""", """"category"""": """"efficiency"""", """"description"""": """"Lightweigh"",False"
outputs\revision_audit\claim_evidence_detailed.csv,420,0,"[""4.3"", ""25"", ""25.0"", ""25.0"", ""25"", ""4.3"", ""25"", ""25.0"", ""2.0"", ""4.3""]","C47_RUNTIME_25_PERCENT,4.3,efficiency,Lightweight configuration reported about 25% faster,25.0,25.0,25%,New_Code\01_audit_existing_results.py,01_audit_existing_results.py,""""""section"""": """"4.3"""", """"category"""": """"efficiency"""", """"description"""": """"Lightweight configuration reported about 25% faster"""", """"metric_terms"""": [ """"runtime"""", """"training time"""", """"train_time"""", """"time"""", """"faster"""", ], """"target_values"""": [25.0], """"tolerance"""": 2.0, }, { """"claim_id"""": """"C47_MEMORY_20_30_PERCENT"""", """"section"""": """"4.3"""", """"category"""": """"efficiency"""", """"description"""": """"Lightweigh"",True","C47_RUNTIME_25_PERCENT,4.3,efficiency,Lightweight configuration reported about 25% faster,25.0,25.0,25%,New_Code\01_audit_existing_results.py,01_audit_existing_results.py,""E_25_PERCENT"""", """"section"""": """"4.3"""", """"category"""": """"efficiency"""", """"description"""": """"Lightweight configuration reported about 25% faster"""", """"metric_terms"""": [ """"runtime"""", """"training time"""", """"train_time"""", """"time"""", """"faster"""", ], """"target_values"""": [25.0], """"tolerance"""": 2.0, }, { """"claim_id"""": """"C47_MEMORY_20_30_PERCENT"""", """"section"""": """"4.3"""", """"category"""": """"efficiency"""", """"descr"",True | C47_RUNTIME_25_PERCENT,4.3,efficiency,Lightweight configuration reported about 25% faster,25.0,25.0,25.0,New_Code\01_audit_existing_results.py,01_audit_existing_results.py,""E_25_PERCENT"""", """"section"""": """"4.3"""", """"category"""": """"efficiency"""", """"description"""": """"Lightweight configuration reported about 25% faster"""", """"metric_terms"""": [ """"runtime"""", """"training time"""", """"train_time"""", """"time"""", """"faster"""", ], """"target_values"""": [25.0], """"tolerance"""": 2.0, }, { """"claim_id"""": """"C47_MEMORY_20_30_PERCENT"""", """"section"""": """"4.3"""", """"category"""": """"efficiency"""", """"descr"",False | C47_RUNTIME_25_PERCENT,4.3,efficiency,Lightweight configuration reported about 25% faster,25.0,25.0,25%,New_Code\01_audit_existing_results.py,01_audit_existing_results.py,""""""section"""": """"4.3"""", """"category"""": """"efficiency"""", """"description"""": """"Lightweight configuration reported about 25% faster"""", """"metric_terms"""": [ """"runtime"""", """"training time"""", """"train_time"""", """"time"""", """"faster"""", ], """"target_values"""": [25.0], """"tolerance"""": 2.0, }, { """"claim_id"""": """"C47_MEMORY_20_30_PERCENT"""", """"section"""": """"4.3"""", """"category"""": """"efficiency"""", """"description"""": """"Lightweigh"",True | C47_RUNTIME_25_PERCENT,4.3,efficiency,Lightweight configuration reported about 25% faster,25.0,25.0,25.0,New_Code\01_audit_existing_results.py,01_audit_existing_results.py,""""""section"""": """"4.3"""", """"category"""": """"efficiency"""", """"description"""": """"Lightweight configuration reported about 25% faster"""", """"metric_terms"""": [ """"runtime"""", """"training time"""", """"train_time"""", """"time"""", """"faster"""", ], """"target_values"""": [25.0], """"tolerance"""": 2.0, }, { """"claim_id"""": """"C47_MEMORY_20_30_PERCENT"""", """"section"""": """"4.3"""", """"category"""": """"efficiency"""", """"description"""": """"Lightweigh"",False | C47_RUNTIME_25_PERCENT,4.3,efficiency,Lightweight configuration reported about 25% faster,25.0,25.0,25%,New_Code\01_audit_existing_results.py,01_audit_existing_results.py,""""""target_values"""": [0.801], """"tolerance"""": 0.003, }, { """"claim_id"""": """"C47_RUNTIME_25_PERCENT"""", """"section"""": """"4.3"""", """"category"""": """"efficiency"""", """"description"""": """"Lightweight configuration reported about 25% faster"""", """"metric_terms"""": [ """"runtime"""", """"training time"""", """"train_time"""", """"time"""", """"faster"""", ], """"target_values"""": [25.0], """"tolerance"""": 2.0, }, { """"claim_id"""""",True"
outputs\revision_audit\claim_evidence_detailed.csv,421,0,"[""4.3"", ""25"", ""25.0"", ""25.0"", ""25.0"", ""4.3"", ""25"", ""25.0"", ""2.0"", ""4.3""]","C47_RUNTIME_25_PERCENT,4.3,efficiency,Lightweight configuration reported about 25% faster,25.0,25.0,25.0,New_Code\01_audit_existing_results.py,01_audit_existing_results.py,""""""section"""": """"4.3"""", """"category"""": """"efficiency"""", """"description"""": """"Lightweight configuration reported about 25% faster"""", """"metric_terms"""": [ """"runtime"""", """"training time"""", """"train_time"""", """"time"""", """"faster"""", ], """"target_values"""": [25.0], """"tolerance"""": 2.0, }, { """"claim_id"""": """"C47_MEMORY_20_30_PERCENT"""", """"section"""": """"4.3"""", """"category"""": """"efficiency"""", """"description"""": """"Lightweigh"",False","C47_RUNTIME_25_PERCENT,4.3,efficiency,Lightweight configuration reported about 25% faster,25.0,25.0,25.0,New_Code\01_audit_existing_results.py,01_audit_existing_results.py,""E_25_PERCENT"""", """"section"""": """"4.3"""", """"category"""": """"efficiency"""", """"description"""": """"Lightweight configuration reported about 25% faster"""", """"metric_terms"""": [ """"runtime"""", """"training time"""", """"train_time"""", """"time"""", """"faster"""", ], """"target_values"""": [25.0], """"tolerance"""": 2.0, }, { """"claim_id"""": """"C47_MEMORY_20_30_PERCENT"""", """"section"""": """"4.3"""", """"category"""": """"efficiency"""", """"descr"",False | C47_RUNTIME_25_PERCENT,4.3,efficiency,Lightweight configuration reported about 25% faster,25.0,25.0,25%,New_Code\01_audit_existing_results.py,01_audit_existing_results.py,""""""section"""": """"4.3"""", """"category"""": """"efficiency"""", """"description"""": """"Lightweight configuration reported about 25% faster"""", """"metric_terms"""": [ """"runtime"""", """"training time"""", """"train_time"""", """"time"""", """"faster"""", ], """"target_values"""": [25.0], """"tolerance"""": 2.0, }, { """"claim_id"""": """"C47_MEMORY_20_30_PERCENT"""", """"section"""": """"4.3"""", """"category"""": """"efficiency"""", """"description"""": """"Lightweigh"",True | C47_RUNTIME_25_PERCENT,4.3,efficiency,Lightweight configuration reported about 25% faster,25.0,25.0,25.0,New_Code\01_audit_existing_results.py,01_audit_existing_results.py,""""""section"""": """"4.3"""", """"category"""": """"efficiency"""", """"description"""": """"Lightweight configuration reported about 25% faster"""", """"metric_terms"""": [ """"runtime"""", """"training time"""", """"train_time"""", """"time"""", """"faster"""", ], """"target_values"""": [25.0], """"tolerance"""": 2.0, }, { """"claim_id"""": """"C47_MEMORY_20_30_PERCENT"""", """"section"""": """"4.3"""", """"category"""": """"efficiency"""", """"description"""": """"Lightweigh"",False | C47_RUNTIME_25_PERCENT,4.3,efficiency,Lightweight configuration reported about 25% faster,25.0,25.0,25%,New_Code\01_audit_existing_results.py,01_audit_existing_results.py,""""""target_values"""": [0.801], """"tolerance"""": 0.003, }, { """"claim_id"""": """"C47_RUNTIME_25_PERCENT"""", """"section"""": """"4.3"""", """"category"""": """"efficiency"""", """"description"""": """"Lightweight configuration reported about 25% faster"""", """"metric_terms"""": [ """"runtime"""", """"training time"""", """"train_time"""", """"time"""", """"faster"""", ], """"target_values"""": [25.0], """"tolerance"""": 2.0, }, { """"claim_id"""""",True | C47_RUNTIME_25_PERCENT,4.3,efficiency,Lightweight configuration reported about 25% faster,25.0,25.0,25.0,New_Code\01_audit_existing_results.py,01_audit_existing_results.py,""""""target_values"""": [0.801], """"tolerance"""": 0.003, }, { """"claim_id"""": """"C47_RUNTIME_25_PERCENT"""", """"section"""": """"4.3"""", """"category"""": """"efficiency"""", """"description"""": """"Lightweight configuration reported about 25% faster"""", """"metric_terms"""": [ """"runtime"""", """"training time"""", """"train_time"""", """"time"""", """"faster"""", ], """"target_values"""": [25.0], """"tolerance"""": 2.0, }, { """"claim_id"""""",False"
outputs\revision_audit\claim_evidence_detailed.csv,424,0,"[""4.3"", ""25"", ""25.0"", ""25.0"", ""25"", ""25"", ""25.0"", ""2.0"", ""4.3""]","C47_RUNTIME_25_PERCENT,4.3,efficiency,Lightweight configuration reported about 25% faster,25.0,25.0,25%,New_Code\01_audit_existing_results.py,01_audit_existing_results.py,""""""category"""": """"efficiency"""", """"description"""": """"Lightweight configuration reported about 25% faster"""", """"metric_terms"""": [ """"runtime"""", """"training time"""", """"train_time"""", """"time"""", """"faster"""", ], """"target_values"""": [25.0], """"tolerance"""": 2.0, }, { """"claim_id"""": """"C47_MEMORY_20_30_PERCENT"""", """"section"""": """"4.3"""", """"category"""": """"efficiency"""", """"description"""": """"Lightweight GPU-memory reduction"",True","C47_RUNTIME_25_PERCENT,4.3,efficiency,Lightweight configuration reported about 25% faster,25.0,25.0,25%,New_Code\01_audit_existing_results.py,01_audit_existing_results.py,""""""target_values"""": [0.801], """"tolerance"""": 0.003, }, { """"claim_id"""": """"C47_RUNTIME_25_PERCENT"""", """"section"""": """"4.3"""", """"category"""": """"efficiency"""", """"description"""": """"Lightweight configuration reported about 25% faster"""", """"metric_terms"""": [ """"runtime"""", """"training time"""", """"train_time"""", """"time"""", """"faster"""", ], """"target_values"""": [25.0], """"tolerance"""": 2.0, }, { """"claim_id"""""",True | C47_RUNTIME_25_PERCENT,4.3,efficiency,Lightweight configuration reported about 25% faster,25.0,25.0,25.0,New_Code\01_audit_existing_results.py,01_audit_existing_results.py,""""""target_values"""": [0.801], """"tolerance"""": 0.003, }, { """"claim_id"""": """"C47_RUNTIME_25_PERCENT"""", """"section"""": """"4.3"""", """"category"""": """"efficiency"""", """"description"""": """"Lightweight configuration reported about 25% faster"""", """"metric_terms"""": [ """"runtime"""", """"training time"""", """"train_time"""", """"time"""", """"faster"""", ], """"target_values"""": [25.0], """"tolerance"""": 2.0, }, { """"claim_id"""""",False | C47_RUNTIME_25_PERCENT,4.3,efficiency,Lightweight configuration reported about 25% faster,25.0,25.0,25%,New_Code\01_audit_existing_results.py,01_audit_existing_results.py,""""""category"""": """"efficiency"""", """"description"""": """"Lightweight configuration reported about 25% faster"""", """"metric_terms"""": [ """"runtime"""", """"training time"""", """"train_time"""", """"time"""", """"faster"""", ], """"target_values"""": [25.0], """"tolerance"""": 2.0, }, { """"claim_id"""": """"C47_MEMORY_20_30_PERCENT"""", """"section"""": """"4.3"""", """"category"""": """"efficiency"""", """"description"""": """"Lightweight GPU-memory reduction"",True | C47_RUNTIME_25_PERCENT,4.3,efficiency,Lightweight configuration reported about 25% faster,25.0,25.0,25.0,New_Code\01_audit_existing_results.py,01_audit_existing_results.py,""""""category"""": """"efficiency"""", """"description"""": """"Lightweight configuration reported about 25% faster"""", """"metric_terms"""": [ """"runtime"""", """"training time"""", """"train_time"""", """"time"""", """"faster"""", ], """"target_values"""": [25.0], """"tolerance"""": 2.0, }, { """"claim_id"""": """"C47_MEMORY_20_30_PERCENT"""", """"section"""": """"4.3"""", """"category"""": """"efficiency"""", """"description"""": """"Lightweight GPU-memory reduction"",False | C47_MEMORY_20_30_PERCENT,4.3,efficiency,Lightweight GPU-memory reduction reported as 20-30%,20.0,20.0,20,New_Code\01_audit_existing_results.py,01_audit_existing_results.py,""ance"""": 2.0, }, { """"claim_id"""": """"C47_MEMORY_20_30_PERCENT"""", """"section"""": """"4.3"""", """"category"""": """"efficiency"""", """"description"""": """"Lightweight GPU-memory reduction reported as 20-30%"""", """"metric_terms"""": [ """"gpu memory"""", """"memory"""", """"peak_memory"""", """"vram"""", ], """"target_values"""": [20.0, 25.0, 30.0], """"tolerance"""": 2.0, }, { """"claim_id"""": """"C47_HYBRID_MEMORY_40_PERCENT"""", """"section"""": """"Discussion"""""",False"
outputs\revision_audit\claim_evidence_detailed.csv,425,0,"[""4.3"", ""25"", ""25.0"", ""25.0"", ""25.0"", ""25"", ""25.0"", ""2.0"", ""4.3""]","C47_RUNTIME_25_PERCENT,4.3,efficiency,Lightweight configuration reported about 25% faster,25.0,25.0,25.0,New_Code\01_audit_existing_results.py,01_audit_existing_results.py,""""""category"""": """"efficiency"""", """"description"""": """"Lightweight configuration reported about 25% faster"""", """"metric_terms"""": [ """"runtime"""", """"training time"""", """"train_time"""", """"time"""", """"faster"""", ], """"target_values"""": [25.0], """"tolerance"""": 2.0, }, { """"claim_id"""": """"C47_MEMORY_20_30_PERCENT"""", """"section"""": """"4.3"""", """"category"""": """"efficiency"""", """"description"""": """"Lightweight GPU-memory reduction"",False","C47_RUNTIME_25_PERCENT,4.3,efficiency,Lightweight configuration reported about 25% faster,25.0,25.0,25.0,New_Code\01_audit_existing_results.py,01_audit_existing_results.py,""""""target_values"""": [0.801], """"tolerance"""": 0.003, }, { """"claim_id"""": """"C47_RUNTIME_25_PERCENT"""", """"section"""": """"4.3"""", """"category"""": """"efficiency"""", """"description"""": """"Lightweight configuration reported about 25% faster"""", """"metric_terms"""": [ """"runtime"""", """"training time"""", """"train_time"""", """"time"""", """"faster"""", ], """"target_values"""": [25.0], """"tolerance"""": 2.0, }, { """"claim_id"""""",False | C47_RUNTIME_25_PERCENT,4.3,efficiency,Lightweight configuration reported about 25% faster,25.0,25.0,25%,New_Code\01_audit_existing_results.py,01_audit_existing_results.py,""""""category"""": """"efficiency"""", """"description"""": """"Lightweight configuration reported about 25% faster"""", """"metric_terms"""": [ """"runtime"""", """"training time"""", """"train_time"""", """"time"""", """"faster"""", ], """"target_values"""": [25.0], """"tolerance"""": 2.0, }, { """"claim_id"""": """"C47_MEMORY_20_30_PERCENT"""", """"section"""": """"4.3"""", """"category"""": """"efficiency"""", """"description"""": """"Lightweight GPU-memory reduction"",True | C47_RUNTIME_25_PERCENT,4.3,efficiency,Lightweight configuration reported about 25% faster,25.0,25.0,25.0,New_Code\01_audit_existing_results.py,01_audit_existing_results.py,""""""category"""": """"efficiency"""", """"description"""": """"Lightweight configuration reported about 25% faster"""", """"metric_terms"""": [ """"runtime"""", """"training time"""", """"train_time"""", """"time"""", """"faster"""", ], """"target_values"""": [25.0], """"tolerance"""": 2.0, }, { """"claim_id"""": """"C47_MEMORY_20_30_PERCENT"""", """"section"""": """"4.3"""", """"category"""": """"efficiency"""", """"description"""": """"Lightweight GPU-memory reduction"",False | C47_MEMORY_20_30_PERCENT,4.3,efficiency,Lightweight GPU-memory reduction reported as 20-30%,20.0,20.0,20,New_Code\01_audit_existing_results.py,01_audit_existing_results.py,""ance"""": 2.0, }, { """"claim_id"""": """"C47_MEMORY_20_30_PERCENT"""", """"section"""": """"4.3"""", """"category"""": """"efficiency"""", """"description"""": """"Lightweight GPU-memory reduction reported as 20-30%"""", """"metric_terms"""": [ """"gpu memory"""", """"memory"""", """"peak_memory"""", """"vram"""", ], """"target_values"""": [20.0, 25.0, 30.0], """"tolerance"""": 2.0, }, { """"claim_id"""": """"C47_HYBRID_MEMORY_40_PERCENT"""", """"section"""": """"Discussion"""""",False | C47_MEMORY_20_30_PERCENT,4.3,efficiency,Lightweight GPU-memory reduction reported as 20-30%,30.0,30.0,30%,New_Code\01_audit_existing_results.py,01_audit_existing_results.py,""ance"""": 2.0, }, { """"claim_id"""": """"C47_MEMORY_20_30_PERCENT"""", """"section"""": """"4.3"""", """"category"""": """"efficiency"""", """"description"""": """"Lightweight GPU-memory reduction reported as 20-30%"""", """"metric_terms"""": [ """"gpu memory"""", """"memory"""", """"peak_memory"""", """"vram"""", ], """"target_values"""": [20.0, 25.0, 30.0], """"tolerance"""": 2.0, }, { """"claim_id"""": """"C47_HYBRID_MEMORY_40_PERCENT"""", """"section"""": """"Discussion"""""",True"
outputs\revision_audit\claim_evidence_detailed.csv,426,0,"[""4.3"", ""20"", ""30"", ""20.0"", ""20.0"", ""20"", ""2.0"", ""4.3"", ""20"", ""30"", ""20.0"", ""25.0"", ""30.0"", ""2.0""]","C47_MEMORY_20_30_PERCENT,4.3,efficiency,Lightweight GPU-memory reduction reported as 20-30%,20.0,20.0,20,New_Code\01_audit_existing_results.py,01_audit_existing_results.py,""ance"""": 2.0, }, { """"claim_id"""": """"C47_MEMORY_20_30_PERCENT"""", """"section"""": """"4.3"""", """"category"""": """"efficiency"""", """"description"""": """"Lightweight GPU-memory reduction reported as 20-30%"""", """"metric_terms"""": [ """"gpu memory"""", """"memory"""", """"peak_memory"""", """"vram"""", ], """"target_values"""": [20.0, 25.0, 30.0], """"tolerance"""": 2.0, }, { """"claim_id"""": """"C47_HYBRID_MEMORY_40_PERCENT"""", """"section"""": """"Discussion"""""",False","C47_RUNTIME_25_PERCENT,4.3,efficiency,Lightweight configuration reported about 25% faster,25.0,25.0,25%,New_Code\01_audit_existing_results.py,01_audit_existing_results.py,""""""category"""": """"efficiency"""", """"description"""": """"Lightweight configuration reported about 25% faster"""", """"metric_terms"""": [ """"runtime"""", """"training time"""", """"train_time"""", """"time"""", """"faster"""", ], """"target_values"""": [25.0], """"tolerance"""": 2.0, }, { """"claim_id"""": """"C47_MEMORY_20_30_PERCENT"""", """"section"""": """"4.3"""", """"category"""": """"efficiency"""", """"description"""": """"Lightweight GPU-memory reduction"",True | C47_RUNTIME_25_PERCENT,4.3,efficiency,Lightweight configuration reported about 25% faster,25.0,25.0,25.0,New_Code\01_audit_existing_results.py,01_audit_existing_results.py,""""""category"""": """"efficiency"""", """"description"""": """"Lightweight configuration reported about 25% faster"""", """"metric_terms"""": [ """"runtime"""", """"training time"""", """"train_time"""", """"time"""", """"faster"""", ], """"target_values"""": [25.0], """"tolerance"""": 2.0, }, { """"claim_id"""": """"C47_MEMORY_20_30_PERCENT"""", """"section"""": """"4.3"""", """"category"""": """"efficiency"""", """"description"""": """"Lightweight GPU-memory reduction"",False | C47_MEMORY_20_30_PERCENT,4.3,efficiency,Lightweight GPU-memory reduction reported as 20-30%,20.0,20.0,20,New_Code\01_audit_existing_results.py,01_audit_existing_results.py,""ance"""": 2.0, }, { """"claim_id"""": """"C47_MEMORY_20_30_PERCENT"""", """"section"""": """"4.3"""", """"category"""": """"efficiency"""", """"description"""": """"Lightweight GPU-memory reduction reported as 20-30%"""", """"metric_terms"""": [ """"gpu memory"""", """"memory"""", """"peak_memory"""", """"vram"""", ], """"target_values"""": [20.0, 25.0, 30.0], """"tolerance"""": 2.0, }, { """"claim_id"""": """"C47_HYBRID_MEMORY_40_PERCENT"""", """"section"""": """"Discussion"""""",False | C47_MEMORY_20_30_PERCENT,4.3,efficiency,Lightweight GPU-memory reduction reported as 20-30%,30.0,30.0,30%,New_Code\01_audit_existing_results.py,01_audit_existing_results.py,""ance"""": 2.0, }, { """"claim_id"""": """"C47_MEMORY_20_30_PERCENT"""", """"section"""": """"4.3"""", """"category"""": """"efficiency"""", """"description"""": """"Lightweight GPU-memory reduction reported as 20-30%"""", """"metric_terms"""": [ """"gpu memory"""", """"memory"""", """"peak_memory"""", """"vram"""", ], """"target_values"""": [20.0, 25.0, 30.0], """"tolerance"""": 2.0, }, { """"claim_id"""": """"C47_HYBRID_MEMORY_40_PERCENT"""", """"section"""": """"Discussion"""""",True | C47_MEMORY_20_30_PERCENT,4.3,efficiency,Lightweight GPU-memory reduction reported as 20-30%,20.0,20.0,20.0,New_Code\01_audit_existing_results.py,01_audit_existing_results.py,""ance"""": 2.0, }, { """"claim_id"""": """"C47_MEMORY_20_30_PERCENT"""", """"section"""": """"4.3"""", """"category"""": """"efficiency"""", """"description"""": """"Lightweight GPU-memory reduction reported as 20-30%"""", """"metric_terms"""": [ """"gpu memory"""", """"memory"""", """"peak_memory"""", """"vram"""", ], """"target_values"""": [20.0, 25.0, 30.0], """"tolerance"""": 2.0, }, { """"claim_id"""": """"C47_HYBRID_MEMORY_40_PERCENT"""", """"section"""": """"Discussion"""""",False"
outputs\revision_audit\claim_evidence_detailed.csv,427,0,"[""4.3"", ""20"", ""30"", ""30.0"", ""30.0"", ""30"", ""2.0"", ""4.3"", ""20"", ""30"", ""20.0"", ""25.0"", ""30.0"", ""2.0""]","C47_MEMORY_20_30_PERCENT,4.3,efficiency,Lightweight GPU-memory reduction reported as 20-30%,30.0,30.0,30%,New_Code\01_audit_existing_results.py,01_audit_existing_results.py,""ance"""": 2.0, }, { """"claim_id"""": """"C47_MEMORY_20_30_PERCENT"""", """"section"""": """"4.3"""", """"category"""": """"efficiency"""", """"description"""": """"Lightweight GPU-memory reduction reported as 20-30%"""", """"metric_terms"""": [ """"gpu memory"""", """"memory"""", """"peak_memory"""", """"vram"""", ], """"target_values"""": [20.0, 25.0, 30.0], """"tolerance"""": 2.0, }, { """"claim_id"""": """"C47_HYBRID_MEMORY_40_PERCENT"""", """"section"""": """"Discussion"""""",True","C47_RUNTIME_25_PERCENT,4.3,efficiency,Lightweight configuration reported about 25% faster,25.0,25.0,25.0,New_Code\01_audit_existing_results.py,01_audit_existing_results.py,""""""category"""": """"efficiency"""", """"description"""": """"Lightweight configuration reported about 25% faster"""", """"metric_terms"""": [ """"runtime"""", """"training time"""", """"train_time"""", """"time"""", """"faster"""", ], """"target_values"""": [25.0], """"tolerance"""": 2.0, }, { """"claim_id"""": """"C47_MEMORY_20_30_PERCENT"""", """"section"""": """"4.3"""", """"category"""": """"efficiency"""", """"description"""": """"Lightweight GPU-memory reduction"",False | C47_MEMORY_20_30_PERCENT,4.3,efficiency,Lightweight GPU-memory reduction reported as 20-30%,20.0,20.0,20,New_Code\01_audit_existing_results.py,01_audit_existing_results.py,""ance"""": 2.0, }, { """"claim_id"""": """"C47_MEMORY_20_30_PERCENT"""", """"section"""": """"4.3"""", """"category"""": """"efficiency"""", """"description"""": """"Lightweight GPU-memory reduction reported as 20-30%"""", """"metric_terms"""": [ """"gpu memory"""", """"memory"""", """"peak_memory"""", """"vram"""", ], """"target_values"""": [20.0, 25.0, 30.0], """"tolerance"""": 2.0, }, { """"claim_id"""": """"C47_HYBRID_MEMORY_40_PERCENT"""", """"section"""": """"Discussion"""""",False | C47_MEMORY_20_30_PERCENT,4.3,efficiency,Lightweight GPU-memory reduction reported as 20-30%,30.0,30.0,30%,New_Code\01_audit_existing_results.py,01_audit_existing_results.py,""ance"""": 2.0, }, { """"claim_id"""": """"C47_MEMORY_20_30_PERCENT"""", """"section"""": """"4.3"""", """"category"""": """"efficiency"""", """"description"""": """"Lightweight GPU-memory reduction reported as 20-30%"""", """"metric_terms"""": [ """"gpu memory"""", """"memory"""", """"peak_memory"""", """"vram"""", ], """"target_values"""": [20.0, 25.0, 30.0], """"tolerance"""": 2.0, }, { """"claim_id"""": """"C47_HYBRID_MEMORY_40_PERCENT"""", """"section"""": """"Discussion"""""",True | C47_MEMORY_20_30_PERCENT,4.3,efficiency,Lightweight GPU-memory reduction reported as 20-30%,20.0,20.0,20.0,New_Code\01_audit_existing_results.py,01_audit_existing_results.py,""ance"""": 2.0, }, { """"claim_id"""": """"C47_MEMORY_20_30_PERCENT"""", """"section"""": """"4.3"""", """"category"""": """"efficiency"""", """"description"""": """"Lightweight GPU-memory reduction reported as 20-30%"""", """"metric_terms"""": [ """"gpu memory"""", """"memory"""", """"peak_memory"""", """"vram"""", ], """"target_values"""": [20.0, 25.0, 30.0], """"tolerance"""": 2.0, }, { """"claim_id"""": """"C47_HYBRID_MEMORY_40_PERCENT"""", """"section"""": """"Discussion"""""",False | C47_MEMORY_20_30_PERCENT,4.3,efficiency,Lightweight GPU-memory reduction reported as 20-30%,25.0,25.0,25.0,New_Code\01_audit_existing_results.py,01_audit_existing_results.py,""ance"""": 2.0, }, { """"claim_id"""": """"C47_MEMORY_20_30_PERCENT"""", """"section"""": """"4.3"""", """"category"""": """"efficiency"""", """"description"""": """"Lightweight GPU-memory reduction reported as 20-30%"""", """"metric_terms"""": [ """"gpu memory"""", """"memory"""", """"peak_memory"""", """"vram"""", ], """"target_values"""": [20.0, 25.0, 30.0], """"tolerance"""": 2.0, }, { """"claim_id"""": """"C47_HYBRID_MEMORY_40_PERCENT"""", """"section"""": """"Discussion"""""",False"
outputs\revision_audit\claim_evidence_detailed.csv,428,0,"[""4.3"", ""20"", ""30"", ""20.0"", ""20.0"", ""20.0"", ""2.0"", ""4.3"", ""20"", ""30"", ""20.0"", ""25.0"", ""30.0"", ""2.0""]","C47_MEMORY_20_30_PERCENT,4.3,efficiency,Lightweight GPU-memory reduction reported as 20-30%,20.0,20.0,20.0,New_Code\01_audit_existing_results.py,01_audit_existing_results.py,""ance"""": 2.0, }, { """"claim_id"""": """"C47_MEMORY_20_30_PERCENT"""", """"section"""": """"4.3"""", """"category"""": """"efficiency"""", """"description"""": """"Lightweight GPU-memory reduction reported as 20-30%"""", """"metric_terms"""": [ """"gpu memory"""", """"memory"""", """"peak_memory"""", """"vram"""", ], """"target_values"""": [20.0, 25.0, 30.0], """"tolerance"""": 2.0, }, { """"claim_id"""": """"C47_HYBRID_MEMORY_40_PERCENT"""", """"section"""": """"Discussion"""""",False","C47_MEMORY_20_30_PERCENT,4.3,efficiency,Lightweight GPU-memory reduction reported as 20-30%,20.0,20.0,20,New_Code\01_audit_existing_results.py,01_audit_existing_results.py,""ance"""": 2.0, }, { """"claim_id"""": """"C47_MEMORY_20_30_PERCENT"""", """"section"""": """"4.3"""", """"category"""": """"efficiency"""", """"description"""": """"Lightweight GPU-memory reduction reported as 20-30%"""", """"metric_terms"""": [ """"gpu memory"""", """"memory"""", """"peak_memory"""", """"vram"""", ], """"target_values"""": [20.0, 25.0, 30.0], """"tolerance"""": 2.0, }, { """"claim_id"""": """"C47_HYBRID_MEMORY_40_PERCENT"""", """"section"""": """"Discussion"""""",False | C47_MEMORY_20_30_PERCENT,4.3,efficiency,Lightweight GPU-memory reduction reported as 20-30%,30.0,30.0,30%,New_Code\01_audit_existing_results.py,01_audit_existing_results.py,""ance"""": 2.0, }, { """"claim_id"""": """"C47_MEMORY_20_30_PERCENT"""", """"section"""": """"4.3"""", """"category"""": """"efficiency"""", """"description"""": """"Lightweight GPU-memory reduction reported as 20-30%"""", """"metric_terms"""": [ """"gpu memory"""", """"memory"""", """"peak_memory"""", """"vram"""", ], """"target_values"""": [20.0, 25.0, 30.0], """"tolerance"""": 2.0, }, { """"claim_id"""": """"C47_HYBRID_MEMORY_40_PERCENT"""", """"section"""": """"Discussion"""""",True | C47_MEMORY_20_30_PERCENT,4.3,efficiency,Lightweight GPU-memory reduction reported as 20-30%,20.0,20.0,20.0,New_Code\01_audit_existing_results.py,01_audit_existing_results.py,""ance"""": 2.0, }, { """"claim_id"""": """"C47_MEMORY_20_30_PERCENT"""", """"section"""": """"4.3"""", """"category"""": """"efficiency"""", """"description"""": """"Lightweight GPU-memory reduction reported as 20-30%"""", """"metric_terms"""": [ """"gpu memory"""", """"memory"""", """"peak_memory"""", """"vram"""", ], """"target_values"""": [20.0, 25.0, 30.0], """"tolerance"""": 2.0, }, { """"claim_id"""": """"C47_HYBRID_MEMORY_40_PERCENT"""", """"section"""": """"Discussion"""""",False | C47_MEMORY_20_30_PERCENT,4.3,efficiency,Lightweight GPU-memory reduction reported as 20-30%,25.0,25.0,25.0,New_Code\01_audit_existing_results.py,01_audit_existing_results.py,""ance"""": 2.0, }, { """"claim_id"""": """"C47_MEMORY_20_30_PERCENT"""", """"section"""": """"4.3"""", """"category"""": """"efficiency"""", """"description"""": """"Lightweight GPU-memory reduction reported as 20-30%"""", """"metric_terms"""": [ """"gpu memory"""", """"memory"""", """"peak_memory"""", """"vram"""", ], """"target_values"""": [20.0, 25.0, 30.0], """"tolerance"""": 2.0, }, { """"claim_id"""": """"C47_HYBRID_MEMORY_40_PERCENT"""", """"section"""": """"Discussion"""""",False | C47_MEMORY_20_30_PERCENT,4.3,efficiency,Lightweight GPU-memory reduction reported as 20-30%,30.0,30.0,30.0,New_Code\01_audit_existing_results.py,01_audit_existing_results.py,""ance"""": 2.0, }, { """"claim_id"""": """"C47_MEMORY_20_30_PERCENT"""", """"section"""": """"4.3"""", """"category"""": """"efficiency"""", """"description"""": """"Lightweight GPU-memory reduction reported as 20-30%"""", """"metric_terms"""": [ """"gpu memory"""", """"memory"""", """"peak_memory"""", """"vram"""", ], """"target_values"""": [20.0, 25.0, 30.0], """"tolerance"""": 2.0, }, { """"claim_id"""": """"C47_HYBRID_MEMORY_40_PERCENT"""", """"section"""": """"Discussion"""""",False"
outputs\revision_audit\claim_evidence_detailed.csv,429,0,"[""4.3"", ""20"", ""30"", ""25.0"", ""25.0"", ""25.0"", ""2.0"", ""4.3"", ""20"", ""30"", ""20.0"", ""25.0"", ""30.0"", ""2.0""]","C47_MEMORY_20_30_PERCENT,4.3,efficiency,Lightweight GPU-memory reduction reported as 20-30%,25.0,25.0,25.0,New_Code\01_audit_existing_results.py,01_audit_existing_results.py,""ance"""": 2.0, }, { """"claim_id"""": """"C47_MEMORY_20_30_PERCENT"""", """"section"""": """"4.3"""", """"category"""": """"efficiency"""", """"description"""": """"Lightweight GPU-memory reduction reported as 20-30%"""", """"metric_terms"""": [ """"gpu memory"""", """"memory"""", """"peak_memory"""", """"vram"""", ], """"target_values"""": [20.0, 25.0, 30.0], """"tolerance"""": 2.0, }, { """"claim_id"""": """"C47_HYBRID_MEMORY_40_PERCENT"""", """"section"""": """"Discussion"""""",False","C47_MEMORY_20_30_PERCENT,4.3,efficiency,Lightweight GPU-memory reduction reported as 20-30%,30.0,30.0,30%,New_Code\01_audit_existing_results.py,01_audit_existing_results.py,""ance"""": 2.0, }, { """"claim_id"""": """"C47_MEMORY_20_30_PERCENT"""", """"section"""": """"4.3"""", """"category"""": """"efficiency"""", """"description"""": """"Lightweight GPU-memory reduction reported as 20-30%"""", """"metric_terms"""": [ """"gpu memory"""", """"memory"""", """"peak_memory"""", """"vram"""", ], """"target_values"""": [20.0, 25.0, 30.0], """"tolerance"""": 2.0, }, { """"claim_id"""": """"C47_HYBRID_MEMORY_40_PERCENT"""", """"section"""": """"Discussion"""""",True | C47_MEMORY_20_30_PERCENT,4.3,efficiency,Lightweight GPU-memory reduction reported as 20-30%,20.0,20.0,20.0,New_Code\01_audit_existing_results.py,01_audit_existing_results.py,""ance"""": 2.0, }, { """"claim_id"""": """"C47_MEMORY_20_30_PERCENT"""", """"section"""": """"4.3"""", """"category"""": """"efficiency"""", """"description"""": """"Lightweight GPU-memory reduction reported as 20-30%"""", """"metric_terms"""": [ """"gpu memory"""", """"memory"""", """"peak_memory"""", """"vram"""", ], """"target_values"""": [20.0, 25.0, 30.0], """"tolerance"""": 2.0, }, { """"claim_id"""": """"C47_HYBRID_MEMORY_40_PERCENT"""", """"section"""": """"Discussion"""""",False | C47_MEMORY_20_30_PERCENT,4.3,efficiency,Lightweight GPU-memory reduction reported as 20-30%,25.0,25.0,25.0,New_Code\01_audit_existing_results.py,01_audit_existing_results.py,""ance"""": 2.0, }, { """"claim_id"""": """"C47_MEMORY_20_30_PERCENT"""", """"section"""": """"4.3"""", """"category"""": """"efficiency"""", """"description"""": """"Lightweight GPU-memory reduction reported as 20-30%"""", """"metric_terms"""": [ """"gpu memory"""", """"memory"""", """"peak_memory"""", """"vram"""", ], """"target_values"""": [20.0, 25.0, 30.0], """"tolerance"""": 2.0, }, { """"claim_id"""": """"C47_HYBRID_MEMORY_40_PERCENT"""", """"section"""": """"Discussion"""""",False | C47_MEMORY_20_30_PERCENT,4.3,efficiency,Lightweight GPU-memory reduction reported as 20-30%,30.0,30.0,30.0,New_Code\01_audit_existing_results.py,01_audit_existing_results.py,""ance"""": 2.0, }, { """"claim_id"""": """"C47_MEMORY_20_30_PERCENT"""", """"section"""": """"4.3"""", """"category"""": """"efficiency"""", """"description"""": """"Lightweight GPU-memory reduction reported as 20-30%"""", """"metric_terms"""": [ """"gpu memory"""", """"memory"""", """"peak_memory"""", """"vram"""", ], """"target_values"""": [20.0, 25.0, 30.0], """"tolerance"""": 2.0, }, { """"claim_id"""": """"C47_HYBRID_MEMORY_40_PERCENT"""", """"section"""": """"Discussion"""""",False | C47_MEMORY_20_30_PERCENT,4.3,efficiency,Lightweight GPU-memory reduction reported as 20-30%,20.0,20.0,20.0,New_Code\01_audit_existing_results.py,01_audit_existing_results.py,""t_values"""": [20.0, 25.0, 30.0], """"tolerance"""": 2.0, }, { """"claim_id"""": """"C47_HYBRID_MEMORY_40_PERCENT"""", """"section"""": """"Discussion"""", """"category"""": """"efficiency"""", """"description"""": """"Hybrid model reported about 40% more GPU memory"""", """"metric_terms"""": [ """"gpu memory"""", """"memory"""", """"vram"""", ], """"target_values"""": [40.0], """"tolerance"""": 2.0, }, { """"claim_id"""": """"C45_SYNTHETIC_N_500"""", """"section"""": """"4.3"""","",False"
outputs\revision_audit\claim_evidence_detailed.csv,430,0,"[""4.3"", ""20"", ""30"", ""30.0"", ""30.0"", ""30.0"", ""2.0"", ""4.3"", ""20"", ""30"", ""20.0"", ""25.0"", ""30.0"", ""2.0""]","C47_MEMORY_20_30_PERCENT,4.3,efficiency,Lightweight GPU-memory reduction reported as 20-30%,30.0,30.0,30.0,New_Code\01_audit_existing_results.py,01_audit_existing_results.py,""ance"""": 2.0, }, { """"claim_id"""": """"C47_MEMORY_20_30_PERCENT"""", """"section"""": """"4.3"""", """"category"""": """"efficiency"""", """"description"""": """"Lightweight GPU-memory reduction reported as 20-30%"""", """"metric_terms"""": [ """"gpu memory"""", """"memory"""", """"peak_memory"""", """"vram"""", ], """"target_values"""": [20.0, 25.0, 30.0], """"tolerance"""": 2.0, }, { """"claim_id"""": """"C47_HYBRID_MEMORY_40_PERCENT"""", """"section"""": """"Discussion"""""",False","C47_MEMORY_20_30_PERCENT,4.3,efficiency,Lightweight GPU-memory reduction reported as 20-30%,20.0,20.0,20.0,New_Code\01_audit_existing_results.py,01_audit_existing_results.py,""ance"""": 2.0, }, { """"claim_id"""": """"C47_MEMORY_20_30_PERCENT"""", """"section"""": """"4.3"""", """"category"""": """"efficiency"""", """"description"""": """"Lightweight GPU-memory reduction reported as 20-30%"""", """"metric_terms"""": [ """"gpu memory"""", """"memory"""", """"peak_memory"""", """"vram"""", ], """"target_values"""": [20.0, 25.0, 30.0], """"tolerance"""": 2.0, }, { """"claim_id"""": """"C47_HYBRID_MEMORY_40_PERCENT"""", """"section"""": """"Discussion"""""",False | C47_MEMORY_20_30_PERCENT,4.3,efficiency,Lightweight GPU-memory reduction reported as 20-30%,25.0,25.0,25.0,New_Code\01_audit_existing_results.py,01_audit_existing_results.py,""ance"""": 2.0, }, { """"claim_id"""": """"C47_MEMORY_20_30_PERCENT"""", """"section"""": """"4.3"""", """"category"""": """"efficiency"""", """"description"""": """"Lightweight GPU-memory reduction reported as 20-30%"""", """"metric_terms"""": [ """"gpu memory"""", """"memory"""", """"peak_memory"""", """"vram"""", ], """"target_values"""": [20.0, 25.0, 30.0], """"tolerance"""": 2.0, }, { """"claim_id"""": """"C47_HYBRID_MEMORY_40_PERCENT"""", """"section"""": """"Discussion"""""",False | C47_MEMORY_20_30_PERCENT,4.3,efficiency,Lightweight GPU-memory reduction reported as 20-30%,30.0,30.0,30.0,New_Code\01_audit_existing_results.py,01_audit_existing_results.py,""ance"""": 2.0, }, { """"claim_id"""": """"C47_MEMORY_20_30_PERCENT"""", """"section"""": """"4.3"""", """"category"""": """"efficiency"""", """"description"""": """"Lightweight GPU-memory reduction reported as 20-30%"""", """"metric_terms"""": [ """"gpu memory"""", """"memory"""", """"peak_memory"""", """"vram"""", ], """"target_values"""": [20.0, 25.0, 30.0], """"tolerance"""": 2.0, }, { """"claim_id"""": """"C47_HYBRID_MEMORY_40_PERCENT"""", """"section"""": """"Discussion"""""",False | C47_MEMORY_20_30_PERCENT,4.3,efficiency,Lightweight GPU-memory reduction reported as 20-30%,20.0,20.0,20.0,New_Code\01_audit_existing_results.py,01_audit_existing_results.py,""t_values"""": [20.0, 25.0, 30.0], """"tolerance"""": 2.0, }, { """"claim_id"""": """"C47_HYBRID_MEMORY_40_PERCENT"""", """"section"""": """"Discussion"""", """"category"""": """"efficiency"""", """"description"""": """"Hybrid model reported about 40% more GPU memory"""", """"metric_terms"""": [ """"gpu memory"""", """"memory"""", """"vram"""", ], """"target_values"""": [40.0], """"tolerance"""": 2.0, }, { """"claim_id"""": """"C45_SYNTHETIC_N_500"""", """"section"""": """"4.3"""","",False | C47_MEMORY_20_30_PERCENT,4.3,efficiency,Lightweight GPU-memory reduction reported as 20-30%,25.0,25.0,25.0,New_Code\01_audit_existing_results.py,01_audit_existing_results.py,""t_values"""": [20.0, 25.0, 30.0], """"tolerance"""": 2.0, }, { """"claim_id"""": """"C47_HYBRID_MEMORY_40_PERCENT"""", """"section"""": """"Discussion"""", """"category"""": """"efficiency"""", """"description"""": """"Hybrid model reported about 40% more GPU memory"""", """"metric_terms"""": [ """"gpu memory"""", """"memory"""", """"vram"""", ], """"target_values"""": [40.0], """"tolerance"""": 2.0, }, { """"claim_id"""": """"C45_SYNTHETIC_N_500"""", """"section"""": """"4.3"""","",False"
outputs\revision_audit\claim_evidence_detailed.csv,431,0,"[""4.3"", ""20"", ""30"", ""20.0"", ""20.0"", ""20.0"", ""20.0"", ""25.0"", ""30.0"", ""2.0"", ""40"", ""40.0"", ""2.0"", ""4.3""]","C47_MEMORY_20_30_PERCENT,4.3,efficiency,Lightweight GPU-memory reduction reported as 20-30%,20.0,20.0,20.0,New_Code\01_audit_existing_results.py,01_audit_existing_results.py,""t_values"""": [20.0, 25.0, 30.0], """"tolerance"""": 2.0, }, { """"claim_id"""": """"C47_HYBRID_MEMORY_40_PERCENT"""", """"section"""": """"Discussion"""", """"category"""": """"efficiency"""", """"description"""": """"Hybrid model reported about 40% more GPU memory"""", """"metric_terms"""": [ """"gpu memory"""", """"memory"""", """"vram"""", ], """"target_values"""": [40.0], """"tolerance"""": 2.0, }, { """"claim_id"""": """"C45_SYNTHETIC_N_500"""", """"section"""": """"4.3"""","",False","C47_MEMORY_20_30_PERCENT,4.3,efficiency,Lightweight GPU-memory reduction reported as 20-30%,25.0,25.0,25.0,New_Code\01_audit_existing_results.py,01_audit_existing_results.py,""ance"""": 2.0, }, { """"claim_id"""": """"C47_MEMORY_20_30_PERCENT"""", """"section"""": """"4.3"""", """"category"""": """"efficiency"""", """"description"""": """"Lightweight GPU-memory reduction reported as 20-30%"""", """"metric_terms"""": [ """"gpu memory"""", """"memory"""", """"peak_memory"""", """"vram"""", ], """"target_values"""": [20.0, 25.0, 30.0], """"tolerance"""": 2.0, }, { """"claim_id"""": """"C47_HYBRID_MEMORY_40_PERCENT"""", """"section"""": """"Discussion"""""",False | C47_MEMORY_20_30_PERCENT,4.3,efficiency,Lightweight GPU-memory reduction reported as 20-30%,30.0,30.0,30.0,New_Code\01_audit_existing_results.py,01_audit_existing_results.py,""ance"""": 2.0, }, { """"claim_id"""": """"C47_MEMORY_20_30_PERCENT"""", """"section"""": """"4.3"""", """"category"""": """"efficiency"""", """"description"""": """"Lightweight GPU-memory reduction reported as 20-30%"""", """"metric_terms"""": [ """"gpu memory"""", """"memory"""", """"peak_memory"""", """"vram"""", ], """"target_values"""": [20.0, 25.0, 30.0], """"tolerance"""": 2.0, }, { """"claim_id"""": """"C47_HYBRID_MEMORY_40_PERCENT"""", """"section"""": """"Discussion"""""",False | C47_MEMORY_20_30_PERCENT,4.3,efficiency,Lightweight GPU-memory reduction reported as 20-30%,20.0,20.0,20.0,New_Code\01_audit_existing_results.py,01_audit_existing_results.py,""t_values"""": [20.0, 25.0, 30.0], """"tolerance"""": 2.0, }, { """"claim_id"""": """"C47_HYBRID_MEMORY_40_PERCENT"""", """"section"""": """"Discussion"""", """"category"""": """"efficiency"""", """"description"""": """"Hybrid model reported about 40% more GPU memory"""", """"metric_terms"""": [ """"gpu memory"""", """"memory"""", """"vram"""", ], """"target_values"""": [40.0], """"tolerance"""": 2.0, }, { """"claim_id"""": """"C45_SYNTHETIC_N_500"""", """"section"""": """"4.3"""","",False | C47_MEMORY_20_30_PERCENT,4.3,efficiency,Lightweight GPU-memory reduction reported as 20-30%,25.0,25.0,25.0,New_Code\01_audit_existing_results.py,01_audit_existing_results.py,""t_values"""": [20.0, 25.0, 30.0], """"tolerance"""": 2.0, }, { """"claim_id"""": """"C47_HYBRID_MEMORY_40_PERCENT"""", """"section"""": """"Discussion"""", """"category"""": """"efficiency"""", """"description"""": """"Hybrid model reported about 40% more GPU memory"""", """"metric_terms"""": [ """"gpu memory"""", """"memory"""", """"vram"""", ], """"target_values"""": [40.0], """"tolerance"""": 2.0, }, { """"claim_id"""": """"C45_SYNTHETIC_N_500"""", """"section"""": """"4.3"""","",False | C47_MEMORY_20_30_PERCENT,4.3,efficiency,Lightweight GPU-memory reduction reported as 20-30%,30.0,30.0,30.0,New_Code\01_audit_existing_results.py,01_audit_existing_results.py,""t_values"""": [20.0, 25.0, 30.0], """"tolerance"""": 2.0, }, { """"claim_id"""": """"C47_HYBRID_MEMORY_40_PERCENT"""", """"section"""": """"Discussion"""", """"category"""": """"efficiency"""", """"description"""": """"Hybrid model reported about 40% more GPU memory"""", """"metric_terms"""": [ """"gpu memory"""", """"memory"""", """"vram"""", ], """"target_values"""": [40.0], """"tolerance"""": 2.0, }, { """"claim_id"""": """"C45_SYNTHETIC_N_500"""", """"section"""": """"4.3"""","",False"
outputs\revision_audit\claim_evidence_detailed.csv,432,0,"[""4.3"", ""20"", ""30"", ""25.0"", ""25.0"", ""25.0"", ""20.0"", ""25.0"", ""30.0"", ""2.0"", ""40"", ""40.0"", ""2.0"", ""4.3""]","C47_MEMORY_20_30_PERCENT,4.3,efficiency,Lightweight GPU-memory reduction reported as 20-30%,25.0,25.0,25.0,New_Code\01_audit_existing_results.py,01_audit_existing_results.py,""t_values"""": [20.0, 25.0, 30.0], """"tolerance"""": 2.0, }, { """"claim_id"""": """"C47_HYBRID_MEMORY_40_PERCENT"""", """"section"""": """"Discussion"""", """"category"""": """"efficiency"""", """"description"""": """"Hybrid model reported about 40% more GPU memory"""", """"metric_terms"""": [ """"gpu memory"""", """"memory"""", """"vram"""", ], """"target_values"""": [40.0], """"tolerance"""": 2.0, }, { """"claim_id"""": """"C45_SYNTHETIC_N_500"""", """"section"""": """"4.3"""","",False","C47_MEMORY_20_30_PERCENT,4.3,efficiency,Lightweight GPU-memory reduction reported as 20-30%,30.0,30.0,30.0,New_Code\01_audit_existing_results.py,01_audit_existing_results.py,""ance"""": 2.0, }, { """"claim_id"""": """"C47_MEMORY_20_30_PERCENT"""", """"section"""": """"4.3"""", """"category"""": """"efficiency"""", """"description"""": """"Lightweight GPU-memory reduction reported as 20-30%"""", """"metric_terms"""": [ """"gpu memory"""", """"memory"""", """"peak_memory"""", """"vram"""", ], """"target_values"""": [20.0, 25.0, 30.0], """"tolerance"""": 2.0, }, { """"claim_id"""": """"C47_HYBRID_MEMORY_40_PERCENT"""", """"section"""": """"Discussion"""""",False | C47_MEMORY_20_30_PERCENT,4.3,efficiency,Lightweight GPU-memory reduction reported as 20-30%,20.0,20.0,20.0,New_Code\01_audit_existing_results.py,01_audit_existing_results.py,""t_values"""": [20.0, 25.0, 30.0], """"tolerance"""": 2.0, }, { """"claim_id"""": """"C47_HYBRID_MEMORY_40_PERCENT"""", """"section"""": """"Discussion"""", """"category"""": """"efficiency"""", """"description"""": """"Hybrid model reported about 40% more GPU memory"""", """"metric_terms"""": [ """"gpu memory"""", """"memory"""", """"vram"""", ], """"target_values"""": [40.0], """"tolerance"""": 2.0, }, { """"claim_id"""": """"C45_SYNTHETIC_N_500"""", """"section"""": """"4.3"""","",False | C47_MEMORY_20_30_PERCENT,4.3,efficiency,Lightweight GPU-memory reduction reported as 20-30%,25.0,25.0,25.0,New_Code\01_audit_existing_results.py,01_audit_existing_results.py,""t_values"""": [20.0, 25.0, 30.0], """"tolerance"""": 2.0, }, { """"claim_id"""": """"C47_HYBRID_MEMORY_40_PERCENT"""", """"section"""": """"Discussion"""", """"category"""": """"efficiency"""", """"description"""": """"Hybrid model reported about 40% more GPU memory"""", """"metric_terms"""": [ """"gpu memory"""", """"memory"""", """"vram"""", ], """"target_values"""": [40.0], """"tolerance"""": 2.0, }, { """"claim_id"""": """"C45_SYNTHETIC_N_500"""", """"section"""": """"4.3"""","",False | C47_MEMORY_20_30_PERCENT,4.3,efficiency,Lightweight GPU-memory reduction reported as 20-30%,30.0,30.0,30.0,New_Code\01_audit_existing_results.py,01_audit_existing_results.py,""t_values"""": [20.0, 25.0, 30.0], """"tolerance"""": 2.0, }, { """"claim_id"""": """"C47_HYBRID_MEMORY_40_PERCENT"""", """"section"""": """"Discussion"""", """"category"""": """"efficiency"""", """"description"""": """"Hybrid model reported about 40% more GPU memory"""", """"metric_terms"""": [ """"gpu memory"""", """"memory"""", """"vram"""", ], """"target_values"""": [40.0], """"tolerance"""": 2.0, }, { """"claim_id"""": """"C45_SYNTHETIC_N_500"""", """"section"""": """"4.3"""","",False | C47_MEMORY_20_30_PERCENT,4.3,efficiency,Lightweight GPU-memory reduction reported as 20-30%,25.0,25.0,25.0,New_Code\01_audit_existing_results.py,01_audit_existing_results.py,""""""metric_terms"""": [ """"runtime"""", """"training time"""", """"train_time"""", """"time"""", """"faster"""", ], """"target_values"""": [25.0], """"tolerance"""": 2.0, }, { """"claim_id"""": """"C47_MEMORY_20_30_PERCENT"""", """"section"""": """"4.3"""", """"category"""": """"efficiency"""", """"description"""": """"Lightweight GPU-memory reduction reported as 20-30%"""", """"metric_terms"""": [ """"gpu memory"""", """"memory"""", """"peak_mem"",False"
outputs\revision_audit\claim_evidence_detailed.csv,433,0,"[""4.3"", ""20"", ""30"", ""30.0"", ""30.0"", ""30.0"", ""20.0"", ""25.0"", ""30.0"", ""2.0"", ""40"", ""40.0"", ""2.0"", ""4.3""]","C47_MEMORY_20_30_PERCENT,4.3,efficiency,Lightweight GPU-memory reduction reported as 20-30%,30.0,30.0,30.0,New_Code\01_audit_existing_results.py,01_audit_existing_results.py,""t_values"""": [20.0, 25.0, 30.0], """"tolerance"""": 2.0, }, { """"claim_id"""": """"C47_HYBRID_MEMORY_40_PERCENT"""", """"section"""": """"Discussion"""", """"category"""": """"efficiency"""", """"description"""": """"Hybrid model reported about 40% more GPU memory"""", """"metric_terms"""": [ """"gpu memory"""", """"memory"""", """"vram"""", ], """"target_values"""": [40.0], """"tolerance"""": 2.0, }, { """"claim_id"""": """"C45_SYNTHETIC_N_500"""", """"section"""": """"4.3"""","",False","C47_MEMORY_20_30_PERCENT,4.3,efficiency,Lightweight GPU-memory reduction reported as 20-30%,20.0,20.0,20.0,New_Code\01_audit_existing_results.py,01_audit_existing_results.py,""t_values"""": [20.0, 25.0, 30.0], """"tolerance"""": 2.0, }, { """"claim_id"""": """"C47_HYBRID_MEMORY_40_PERCENT"""", """"section"""": """"Discussion"""", """"category"""": """"efficiency"""", """"description"""": """"Hybrid model reported about 40% more GPU memory"""", """"metric_terms"""": [ """"gpu memory"""", """"memory"""", """"vram"""", ], """"target_values"""": [40.0], """"tolerance"""": 2.0, }, { """"claim_id"""": """"C45_SYNTHETIC_N_500"""", """"section"""": """"4.3"""","",False | C47_MEMORY_20_30_PERCENT,4.3,efficiency,Lightweight GPU-memory reduction reported as 20-30%,25.0,25.0,25.0,New_Code\01_audit_existing_results.py,01_audit_existing_results.py,""t_values"""": [20.0, 25.0, 30.0], """"tolerance"""": 2.0, }, { """"claim_id"""": """"C47_HYBRID_MEMORY_40_PERCENT"""", """"section"""": """"Discussion"""", """"category"""": """"efficiency"""", """"description"""": """"Hybrid model reported about 40% more GPU memory"""", """"metric_terms"""": [ """"gpu memory"""", """"memory"""", """"vram"""", ], """"target_values"""": [40.0], """"tolerance"""": 2.0, }, { """"claim_id"""": """"C45_SYNTHETIC_N_500"""", """"section"""": """"4.3"""","",False | C47_MEMORY_20_30_PERCENT,4.3,efficiency,Lightweight GPU-memory reduction reported as 20-30%,30.0,30.0,30.0,New_Code\01_audit_existing_results.py,01_audit_existing_results.py,""t_values"""": [20.0, 25.0, 30.0], """"tolerance"""": 2.0, }, { """"claim_id"""": """"C47_HYBRID_MEMORY_40_PERCENT"""", """"section"""": """"Discussion"""", """"category"""": """"efficiency"""", """"description"""": """"Hybrid model reported about 40% more GPU memory"""", """"metric_terms"""": [ """"gpu memory"""", """"memory"""", """"vram"""", ], """"target_values"""": [40.0], """"tolerance"""": 2.0, }, { """"claim_id"""": """"C45_SYNTHETIC_N_500"""", """"section"""": """"4.3"""","",False | C47_MEMORY_20_30_PERCENT,4.3,efficiency,Lightweight GPU-memory reduction reported as 20-30%,25.0,25.0,25.0,New_Code\01_audit_existing_results.py,01_audit_existing_results.py,""""""metric_terms"""": [ """"runtime"""", """"training time"""", """"train_time"""", """"time"""", """"faster"""", ], """"target_values"""": [25.0], """"tolerance"""": 2.0, }, { """"claim_id"""": """"C47_MEMORY_20_30_PERCENT"""", """"section"""": """"4.3"""", """"category"""": """"efficiency"""", """"description"""": """"Lightweight GPU-memory reduction reported as 20-30%"""", """"metric_terms"""": [ """"gpu memory"""", """"memory"""", """"peak_mem"",False | C47_MEMORY_20_30_PERCENT,4.3,efficiency,Lightweight GPU-memory reduction reported as 20-30%,20.0,20.0,20,New_Code\01_audit_existing_results.py,01_audit_existing_results.py,""""""metric_terms"""": [ """"runtime"""", """"training time"""", """"train_time"""", """"time"""", """"faster"""", ], """"target_values"""": [25.0], """"tolerance"""": 2.0, }, { """"claim_id"""": """"C47_MEMORY_20_30_PERCENT"""", """"section"""": """"4.3"""", """"category"""": """"efficiency"""", """"description"""": """"Lightweight GPU-memory reduction reported as 20-30%"""", """"metric_terms"""": [ """"gpu memory"""", """"memory"""", """"peak_mem"",False"
outputs\revision_audit\claim_evidence_detailed.csv,434,0,"[""4.3"", ""20"", ""30"", ""25.0"", ""25.0"", ""25.0"", ""25.0"", ""2.0"", ""4.3"", ""20"", ""30""]","C47_MEMORY_20_30_PERCENT,4.3,efficiency,Lightweight GPU-memory reduction reported as 20-30%,25.0,25.0,25.0,New_Code\01_audit_existing_results.py,01_audit_existing_results.py,""""""metric_terms"""": [ """"runtime"""", """"training time"""", """"train_time"""", """"time"""", """"faster"""", ], """"target_values"""": [25.0], """"tolerance"""": 2.0, }, { """"claim_id"""": """"C47_MEMORY_20_30_PERCENT"""", """"section"""": """"4.3"""", """"category"""": """"efficiency"""", """"description"""": """"Lightweight GPU-memory reduction reported as 20-30%"""", """"metric_terms"""": [ """"gpu memory"""", """"memory"""", """"peak_mem"",False","C47_MEMORY_20_30_PERCENT,4.3,efficiency,Lightweight GPU-memory reduction reported as 20-30%,25.0,25.0,25.0,New_Code\01_audit_existing_results.py,01_audit_existing_results.py,""t_values"""": [20.0, 25.0, 30.0], """"tolerance"""": 2.0, }, { """"claim_id"""": """"C47_HYBRID_MEMORY_40_PERCENT"""", """"section"""": """"Discussion"""", """"category"""": """"efficiency"""", """"description"""": """"Hybrid model reported about 40% more GPU memory"""", """"metric_terms"""": [ """"gpu memory"""", """"memory"""", """"vram"""", ], """"target_values"""": [40.0], """"tolerance"""": 2.0, }, { """"claim_id"""": """"C45_SYNTHETIC_N_500"""", """"section"""": """"4.3"""","",False | C47_MEMORY_20_30_PERCENT,4.3,efficiency,Lightweight GPU-memory reduction reported as 20-30%,30.0,30.0,30.0,New_Code\01_audit_existing_results.py,01_audit_existing_results.py,""t_values"""": [20.0, 25.0, 30.0], """"tolerance"""": 2.0, }, { """"claim_id"""": """"C47_HYBRID_MEMORY_40_PERCENT"""", """"section"""": """"Discussion"""", """"category"""": """"efficiency"""", """"description"""": """"Hybrid model reported about 40% more GPU memory"""", """"metric_terms"""": [ """"gpu memory"""", """"memory"""", """"vram"""", ], """"target_values"""": [40.0], """"tolerance"""": 2.0, }, { """"claim_id"""": """"C45_SYNTHETIC_N_500"""", """"section"""": """"4.3"""","",False | C47_MEMORY_20_30_PERCENT,4.3,efficiency,Lightweight GPU-memory reduction reported as 20-30%,25.0,25.0,25.0,New_Code\01_audit_existing_results.py,01_audit_existing_results.py,""""""metric_terms"""": [ """"runtime"""", """"training time"""", """"train_time"""", """"time"""", """"faster"""", ], """"target_values"""": [25.0], """"tolerance"""": 2.0, }, { """"claim_id"""": """"C47_MEMORY_20_30_PERCENT"""", """"section"""": """"4.3"""", """"category"""": """"efficiency"""", """"description"""": """"Lightweight GPU-memory reduction reported as 20-30%"""", """"metric_terms"""": [ """"gpu memory"""", """"memory"""", """"peak_mem"",False | C47_MEMORY_20_30_PERCENT,4.3,efficiency,Lightweight GPU-memory reduction reported as 20-30%,20.0,20.0,20,New_Code\01_audit_existing_results.py,01_audit_existing_results.py,""""""metric_terms"""": [ """"runtime"""", """"training time"""", """"train_time"""", """"time"""", """"faster"""", ], """"target_values"""": [25.0], """"tolerance"""": 2.0, }, { """"claim_id"""": """"C47_MEMORY_20_30_PERCENT"""", """"section"""": """"4.3"""", """"category"""": """"efficiency"""", """"description"""": """"Lightweight GPU-memory reduction reported as 20-30%"""", """"metric_terms"""": [ """"gpu memory"""", """"memory"""", """"peak_mem"",False | C47_MEMORY_20_30_PERCENT,4.3,efficiency,Lightweight GPU-memory reduction reported as 20-30%,30.0,30.0,30%,New_Code\01_audit_existing_results.py,01_audit_existing_results.py,""""""metric_terms"""": [ """"runtime"""", """"training time"""", """"train_time"""", """"time"""", """"faster"""", ], """"target_values"""": [25.0], """"tolerance"""": 2.0, }, { """"claim_id"""": """"C47_MEMORY_20_30_PERCENT"""", """"section"""": """"4.3"""", """"category"""": """"efficiency"""", """"description"""": """"Lightweight GPU-memory reduction reported as 20-30%"""", """"metric_terms"""": [ """"gpu memory"""", """"memory"""", """"peak_mem"",True"
outputs\revision_audit\claim_evidence_detailed.csv,435,0,"[""4.3"", ""20"", ""30"", ""20.0"", ""20.0"", ""20"", ""25.0"", ""2.0"", ""4.3"", ""20"", ""30""]","C47_MEMORY_20_30_PERCENT,4.3,efficiency,Lightweight GPU-memory reduction reported as 20-30%,20.0,20.0,20,New_Code\01_audit_existing_results.py,01_audit_existing_results.py,""""""metric_terms"""": [ """"runtime"""", """"training time"""", """"train_time"""", """"time"""", """"faster"""", ], """"target_values"""": [25.0], """"tolerance"""": 2.0, }, { """"claim_id"""": """"C47_MEMORY_20_30_PERCENT"""", """"section"""": """"4.3"""", """"category"""": """"efficiency"""", """"description"""": """"Lightweight GPU-memory reduction reported as 20-30%"""", """"metric_terms"""": [ """"gpu memory"""", """"memory"""", """"peak_mem"",False","C47_MEMORY_20_30_PERCENT,4.3,efficiency,Lightweight GPU-memory reduction reported as 20-30%,30.0,30.0,30.0,New_Code\01_audit_existing_results.py,01_audit_existing_results.py,""t_values"""": [20.0, 25.0, 30.0], """"tolerance"""": 2.0, }, { """"claim_id"""": """"C47_HYBRID_MEMORY_40_PERCENT"""", """"section"""": """"Discussion"""", """"category"""": """"efficiency"""", """"description"""": """"Hybrid model reported about 40% more GPU memory"""", """"metric_terms"""": [ """"gpu memory"""", """"memory"""", """"vram"""", ], """"target_values"""": [40.0], """"tolerance"""": 2.0, }, { """"claim_id"""": """"C45_SYNTHETIC_N_500"""", """"section"""": """"4.3"""","",False | C47_MEMORY_20_30_PERCENT,4.3,efficiency,Lightweight GPU-memory reduction reported as 20-30%,25.0,25.0,25.0,New_Code\01_audit_existing_results.py,01_audit_existing_results.py,""""""metric_terms"""": [ """"runtime"""", """"training time"""", """"train_time"""", """"time"""", """"faster"""", ], """"target_values"""": [25.0], """"tolerance"""": 2.0, }, { """"claim_id"""": """"C47_MEMORY_20_30_PERCENT"""", """"section"""": """"4.3"""", """"category"""": """"efficiency"""", """"description"""": """"Lightweight GPU-memory reduction reported as 20-30%"""", """"metric_terms"""": [ """"gpu memory"""", """"memory"""", """"peak_mem"",False | C47_MEMORY_20_30_PERCENT,4.3,efficiency,Lightweight GPU-memory reduction reported as 20-30%,20.0,20.0,20,New_Code\01_audit_existing_results.py,01_audit_existing_results.py,""""""metric_terms"""": [ """"runtime"""", """"training time"""", """"train_time"""", """"time"""", """"faster"""", ], """"target_values"""": [25.0], """"tolerance"""": 2.0, }, { """"claim_id"""": """"C47_MEMORY_20_30_PERCENT"""", """"section"""": """"4.3"""", """"category"""": """"efficiency"""", """"description"""": """"Lightweight GPU-memory reduction reported as 20-30%"""", """"metric_terms"""": [ """"gpu memory"""", """"memory"""", """"peak_mem"",False | C47_MEMORY_20_30_PERCENT,4.3,efficiency,Lightweight GPU-memory reduction reported as 20-30%,30.0,30.0,30%,New_Code\01_audit_existing_results.py,01_audit_existing_results.py,""""""metric_terms"""": [ """"runtime"""", """"training time"""", """"train_time"""", """"time"""", """"faster"""", ], """"target_values"""": [25.0], """"tolerance"""": 2.0, }, { """"claim_id"""": """"C47_MEMORY_20_30_PERCENT"""", """"section"""": """"4.3"""", """"category"""": """"efficiency"""", """"description"""": """"Lightweight GPU-memory reduction reported as 20-30%"""", """"metric_terms"""": [ """"gpu memory"""", """"memory"""", """"peak_mem"",True | C47_MEMORY_20_30_PERCENT,4.3,efficiency,Lightweight GPU-memory reduction reported as 20-30%,25.0,25.0,25.0,New_Code\01_audit_existing_results.py,01_audit_existing_results.py,""""""faster"""", ], """"target_values"""": [25.0], """"tolerance"""": 2.0, }, { """"claim_id"""": """"C47_MEMORY_20_30_PERCENT"""", """"section"""": """"4.3"""", """"category"""": """"efficiency"""", """"description"""": """"Lightweight GPU-memory reduction reported as 20-30%"""", """"metric_terms"""": [ """"gpu memory"""", """"memory"""", """"peak_memory"""", """"vram"""", ], """"target_values"""": [20.0, 25.0, 30.0], """"tolerance"""": 2.0, }, {"",False"
outputs\revision_audit\claim_evidence_detailed.csv,436,0,"[""4.3"", ""20"", ""30"", ""30.0"", ""30.0"", ""30"", ""25.0"", ""2.0"", ""4.3"", ""20"", ""30""]","C47_MEMORY_20_30_PERCENT,4.3,efficiency,Lightweight GPU-memory reduction reported as 20-30%,30.0,30.0,30%,New_Code\01_audit_existing_results.py,01_audit_existing_results.py,""""""metric_terms"""": [ """"runtime"""", """"training time"""", """"train_time"""", """"time"""", """"faster"""", ], """"target_values"""": [25.0], """"tolerance"""": 2.0, }, { """"claim_id"""": """"C47_MEMORY_20_30_PERCENT"""", """"section"""": """"4.3"""", """"category"""": """"efficiency"""", """"description"""": """"Lightweight GPU-memory reduction reported as 20-30%"""", """"metric_terms"""": [ """"gpu memory"""", """"memory"""", """"peak_mem"",True","C47_MEMORY_20_30_PERCENT,4.3,efficiency,Lightweight GPU-memory reduction reported as 20-30%,25.0,25.0,25.0,New_Code\01_audit_existing_results.py,01_audit_existing_results.py,""""""metric_terms"""": [ """"runtime"""", """"training time"""", """"train_time"""", """"time"""", """"faster"""", ], """"target_values"""": [25.0], """"tolerance"""": 2.0, }, { """"claim_id"""": """"C47_MEMORY_20_30_PERCENT"""", """"section"""": """"4.3"""", """"category"""": """"efficiency"""", """"description"""": """"Lightweight GPU-memory reduction reported as 20-30%"""", """"metric_terms"""": [ """"gpu memory"""", """"memory"""", """"peak_mem"",False | C47_MEMORY_20_30_PERCENT,4.3,efficiency,Lightweight GPU-memory reduction reported as 20-30%,20.0,20.0,20,New_Code\01_audit_existing_results.py,01_audit_existing_results.py,""""""metric_terms"""": [ """"runtime"""", """"training time"""", """"train_time"""", """"time"""", """"faster"""", ], """"target_values"""": [25.0], """"tolerance"""": 2.0, }, { """"claim_id"""": """"C47_MEMORY_20_30_PERCENT"""", """"section"""": """"4.3"""", """"category"""": """"efficiency"""", """"description"""": """"Lightweight GPU-memory reduction reported as 20-30%"""", """"metric_terms"""": [ """"gpu memory"""", """"memory"""", """"peak_mem"",False | C47_MEMORY_20_30_PERCENT,4.3,efficiency,Lightweight GPU-memory reduction reported as 20-30%,30.0,30.0,30%,New_Code\01_audit_existing_results.py,01_audit_existing_results.py,""""""metric_terms"""": [ """"runtime"""", """"training time"""", """"train_time"""", """"time"""", """"faster"""", ], """"target_values"""": [25.0], """"tolerance"""": 2.0, }, { """"claim_id"""": """"C47_MEMORY_20_30_PERCENT"""", """"section"""": """"4.3"""", """"category"""": """"efficiency"""", """"description"""": """"Lightweight GPU-memory reduction reported as 20-30%"""", """"metric_terms"""": [ """"gpu memory"""", """"memory"""", """"peak_mem"",True | C47_MEMORY_20_30_PERCENT,4.3,efficiency,Lightweight GPU-memory reduction reported as 20-30%,25.0,25.0,25.0,New_Code\01_audit_existing_results.py,01_audit_existing_results.py,""""""faster"""", ], """"target_values"""": [25.0], """"tolerance"""": 2.0, }, { """"claim_id"""": """"C47_MEMORY_20_30_PERCENT"""", """"section"""": """"4.3"""", """"category"""": """"efficiency"""", """"description"""": """"Lightweight GPU-memory reduction reported as 20-30%"""", """"metric_terms"""": [ """"gpu memory"""", """"memory"""", """"peak_memory"""", """"vram"""", ], """"target_values"""": [20.0, 25.0, 30.0], """"tolerance"""": 2.0, }, {"",False | C47_MEMORY_20_30_PERCENT,4.3,efficiency,Lightweight GPU-memory reduction reported as 20-30%,20.0,20.0,20,New_Code\01_audit_existing_results.py,01_audit_existing_results.py,""""""faster"""", ], """"target_values"""": [25.0], """"tolerance"""": 2.0, }, { """"claim_id"""": """"C47_MEMORY_20_30_PERCENT"""", """"section"""": """"4.3"""", """"category"""": """"efficiency"""", """"description"""": """"Lightweight GPU-memory reduction reported as 20-30%"""", """"metric_terms"""": [ """"gpu memory"""", """"memory"""", """"peak_memory"""", """"vram"""", ], """"target_values"""": [20.0, 25.0, 30.0], """"tolerance"""": 2.0, }, {"",False"
outputs\revision_audit\claim_evidence_detailed.csv,437,0,"[""4.3"", ""20"", ""30"", ""25.0"", ""25.0"", ""25.0"", ""25.0"", ""2.0"", ""4.3"", ""20"", ""30"", ""20.0"", ""25.0"", ""30.0"", ""2.0""]","C47_MEMORY_20_30_PERCENT,4.3,efficiency,Lightweight GPU-memory reduction reported as 20-30%,25.0,25.0,25.0,New_Code\01_audit_existing_results.py,01_audit_existing_results.py,""""""faster"""", ], """"target_values"""": [25.0], """"tolerance"""": 2.0, }, { """"claim_id"""": """"C47_MEMORY_20_30_PERCENT"""", """"section"""": """"4.3"""", """"category"""": """"efficiency"""", """"description"""": """"Lightweight GPU-memory reduction reported as 20-30%"""", """"metric_terms"""": [ """"gpu memory"""", """"memory"""", """"peak_memory"""", """"vram"""", ], """"target_values"""": [20.0, 25.0, 30.0], """"tolerance"""": 2.0, }, {"",False","C47_MEMORY_20_30_PERCENT,4.3,efficiency,Lightweight GPU-memory reduction reported as 20-30%,20.0,20.0,20,New_Code\01_audit_existing_results.py,01_audit_existing_results.py,""""""metric_terms"""": [ """"runtime"""", """"training time"""", """"train_time"""", """"time"""", """"faster"""", ], """"target_values"""": [25.0], """"tolerance"""": 2.0, }, { """"claim_id"""": """"C47_MEMORY_20_30_PERCENT"""", """"section"""": """"4.3"""", """"category"""": """"efficiency"""", """"description"""": """"Lightweight GPU-memory reduction reported as 20-30%"""", """"metric_terms"""": [ """"gpu memory"""", """"memory"""", """"peak_mem"",False | C47_MEMORY_20_30_PERCENT,4.3,efficiency,Lightweight GPU-memory reduction reported as 20-30%,30.0,30.0,30%,New_Code\01_audit_existing_results.py,01_audit_existing_results.py,""""""metric_terms"""": [ """"runtime"""", """"training time"""", """"train_time"""", """"time"""", """"faster"""", ], """"target_values"""": [25.0], """"tolerance"""": 2.0, }, { """"claim_id"""": """"C47_MEMORY_20_30_PERCENT"""", """"section"""": """"4.3"""", """"category"""": """"efficiency"""", """"description"""": """"Lightweight GPU-memory reduction reported as 20-30%"""", """"metric_terms"""": [ """"gpu memory"""", """"memory"""", """"peak_mem"",True | C47_MEMORY_20_30_PERCENT,4.3,efficiency,Lightweight GPU-memory reduction reported as 20-30%,25.0,25.0,25.0,New_Code\01_audit_existing_results.py,01_audit_existing_results.py,""""""faster"""", ], """"target_values"""": [25.0], """"tolerance"""": 2.0, }, { """"claim_id"""": """"C47_MEMORY_20_30_PERCENT"""", """"section"""": """"4.3"""", """"category"""": """"efficiency"""", """"description"""": """"Lightweight GPU-memory reduction reported as 20-30%"""", """"metric_terms"""": [ """"gpu memory"""", """"memory"""", """"peak_memory"""", """"vram"""", ], """"target_values"""": [20.0, 25.0, 30.0], """"tolerance"""": 2.0, }, {"",False | C47_MEMORY_20_30_PERCENT,4.3,efficiency,Lightweight GPU-memory reduction reported as 20-30%,20.0,20.0,20,New_Code\01_audit_existing_results.py,01_audit_existing_results.py,""""""faster"""", ], """"target_values"""": [25.0], """"tolerance"""": 2.0, }, { """"claim_id"""": """"C47_MEMORY_20_30_PERCENT"""", """"section"""": """"4.3"""", """"category"""": """"efficiency"""", """"description"""": """"Lightweight GPU-memory reduction reported as 20-30%"""", """"metric_terms"""": [ """"gpu memory"""", """"memory"""", """"peak_memory"""", """"vram"""", ], """"target_values"""": [20.0, 25.0, 30.0], """"tolerance"""": 2.0, }, {"",False | C47_MEMORY_20_30_PERCENT,4.3,efficiency,Lightweight GPU-memory reduction reported as 20-30%,30.0,30.0,30%,New_Code\01_audit_existing_results.py,01_audit_existing_results.py,""""""faster"""", ], """"target_values"""": [25.0], """"tolerance"""": 2.0, }, { """"claim_id"""": """"C47_MEMORY_20_30_PERCENT"""", """"section"""": """"4.3"""", """"category"""": """"efficiency"""", """"description"""": """"Lightweight GPU-memory reduction reported as 20-30%"""", """"metric_terms"""": [ """"gpu memory"""", """"memory"""", """"peak_memory"""", """"vram"""", ], """"target_values"""": [20.0, 25.0, 30.0], """"tolerance"""": 2.0, }, {"",True"
outputs\revision_audit\claim_evidence_detailed.csv,438,0,"[""4.3"", ""20"", ""30"", ""20.0"", ""20.0"", ""20"", ""25.0"", ""2.0"", ""4.3"", ""20"", ""30"", ""20.0"", ""25.0"", ""30.0"", ""2.0""]","C47_MEMORY_20_30_PERCENT,4.3,efficiency,Lightweight GPU-memory reduction reported as 20-30%,20.0,20.0,20,New_Code\01_audit_existing_results.py,01_audit_existing_results.py,""""""faster"""", ], """"target_values"""": [25.0], """"tolerance"""": 2.0, }, { """"claim_id"""": """"C47_MEMORY_20_30_PERCENT"""", """"section"""": """"4.3"""", """"category"""": """"efficiency"""", """"description"""": """"Lightweight GPU-memory reduction reported as 20-30%"""", """"metric_terms"""": [ """"gpu memory"""", """"memory"""", """"peak_memory"""", """"vram"""", ], """"target_values"""": [20.0, 25.0, 30.0], """"tolerance"""": 2.0, }, {"",False","C47_MEMORY_20_30_PERCENT,4.3,efficiency,Lightweight GPU-memory reduction reported as 20-30%,30.0,30.0,30%,New_Code\01_audit_existing_results.py,01_audit_existing_results.py,""""""metric_terms"""": [ """"runtime"""", """"training time"""", """"train_time"""", """"time"""", """"faster"""", ], """"target_values"""": [25.0], """"tolerance"""": 2.0, }, { """"claim_id"""": """"C47_MEMORY_20_30_PERCENT"""", """"section"""": """"4.3"""", """"category"""": """"efficiency"""", """"description"""": """"Lightweight GPU-memory reduction reported as 20-30%"""", """"metric_terms"""": [ """"gpu memory"""", """"memory"""", """"peak_mem"",True | C47_MEMORY_20_30_PERCENT,4.3,efficiency,Lightweight GPU-memory reduction reported as 20-30%,25.0,25.0,25.0,New_Code\01_audit_existing_results.py,01_audit_existing_results.py,""""""faster"""", ], """"target_values"""": [25.0], """"tolerance"""": 2.0, }, { """"claim_id"""": """"C47_MEMORY_20_30_PERCENT"""", """"section"""": """"4.3"""", """"category"""": """"efficiency"""", """"description"""": """"Lightweight GPU-memory reduction reported as 20-30%"""", """"metric_terms"""": [ """"gpu memory"""", """"memory"""", """"peak_memory"""", """"vram"""", ], """"target_values"""": [20.0, 25.0, 30.0], """"tolerance"""": 2.0, }, {"",False | C47_MEMORY_20_30_PERCENT,4.3,efficiency,Lightweight GPU-memory reduction reported as 20-30%,20.0,20.0,20,New_Code\01_audit_existing_results.py,01_audit_existing_results.py,""""""faster"""", ], """"target_values"""": [25.0], """"tolerance"""": 2.0, }, { """"claim_id"""": """"C47_MEMORY_20_30_PERCENT"""", """"section"""": """"4.3"""", """"category"""": """"efficiency"""", """"description"""": """"Lightweight GPU-memory reduction reported as 20-30%"""", """"metric_terms"""": [ """"gpu memory"""", """"memory"""", """"peak_memory"""", """"vram"""", ], """"target_values"""": [20.0, 25.0, 30.0], """"tolerance"""": 2.0, }, {"",False | C47_MEMORY_20_30_PERCENT,4.3,efficiency,Lightweight GPU-memory reduction reported as 20-30%,30.0,30.0,30%,New_Code\01_audit_existing_results.py,01_audit_existing_results.py,""""""faster"""", ], """"target_values"""": [25.0], """"tolerance"""": 2.0, }, { """"claim_id"""": """"C47_MEMORY_20_30_PERCENT"""", """"section"""": """"4.3"""", """"category"""": """"efficiency"""", """"description"""": """"Lightweight GPU-memory reduction reported as 20-30%"""", """"metric_terms"""": [ """"gpu memory"""", """"memory"""", """"peak_memory"""", """"vram"""", ], """"target_values"""": [20.0, 25.0, 30.0], """"tolerance"""": 2.0, }, {"",True | C47_MEMORY_20_30_PERCENT,4.3,efficiency,Lightweight GPU-memory reduction reported as 20-30%,20.0,20.0,20.0,New_Code\01_audit_existing_results.py,01_audit_existing_results.py,""""""faster"""", ], """"target_values"""": [25.0], """"tolerance"""": 2.0, }, { """"claim_id"""": """"C47_MEMORY_20_30_PERCENT"""", """"section"""": """"4.3"""", """"category"""": """"efficiency"""", """"description"""": """"Lightweight GPU-memory reduction reported as 20-30%"""", """"metric_terms"""": [ """"gpu memory"""", """"memory"""", """"peak_memory"""", """"vram"""", ], """"target_values"""": [20.0, 25.0, 30.0], """"tolerance"""": 2.0, }, {"",False"
outputs\revision_audit\claim_evidence_detailed.csv,439,0,"[""4.3"", ""20"", ""30"", ""30.0"", ""30.0"", ""30"", ""25.0"", ""2.0"", ""4.3"", ""20"", ""30"", ""20.0"", ""25.0"", ""30.0"", ""2.0""]","C47_MEMORY_20_30_PERCENT,4.3,efficiency,Lightweight GPU-memory reduction reported as 20-30%,30.0,30.0,30%,New_Code\01_audit_existing_results.py,01_audit_existing_results.py,""""""faster"""", ], """"target_values"""": [25.0], """"tolerance"""": 2.0, }, { """"claim_id"""": """"C47_MEMORY_20_30_PERCENT"""", """"section"""": """"4.3"""", """"category"""": """"efficiency"""", """"description"""": """"Lightweight GPU-memory reduction reported as 20-30%"""", """"metric_terms"""": [ """"gpu memory"""", """"memory"""", """"peak_memory"""", """"vram"""", ], """"target_values"""": [20.0, 25.0, 30.0], """"tolerance"""": 2.0, }, {"",True","C47_MEMORY_20_30_PERCENT,4.3,efficiency,Lightweight GPU-memory reduction reported as 20-30%,25.0,25.0,25.0,New_Code\01_audit_existing_results.py,01_audit_existing_results.py,""""""faster"""", ], """"target_values"""": [25.0], """"tolerance"""": 2.0, }, { """"claim_id"""": """"C47_MEMORY_20_30_PERCENT"""", """"section"""": """"4.3"""", """"category"""": """"efficiency"""", """"description"""": """"Lightweight GPU-memory reduction reported as 20-30%"""", """"metric_terms"""": [ """"gpu memory"""", """"memory"""", """"peak_memory"""", """"vram"""", ], """"target_values"""": [20.0, 25.0, 30.0], """"tolerance"""": 2.0, }, {"",False | C47_MEMORY_20_30_PERCENT,4.3,efficiency,Lightweight GPU-memory reduction reported as 20-30%,20.0,20.0,20,New_Code\01_audit_existing_results.py,01_audit_existing_results.py,""""""faster"""", ], """"target_values"""": [25.0], """"tolerance"""": 2.0, }, { """"claim_id"""": """"C47_MEMORY_20_30_PERCENT"""", """"section"""": """"4.3"""", """"category"""": """"efficiency"""", """"description"""": """"Lightweight GPU-memory reduction reported as 20-30%"""", """"metric_terms"""": [ """"gpu memory"""", """"memory"""", """"peak_memory"""", """"vram"""", ], """"target_values"""": [20.0, 25.0, 30.0], """"tolerance"""": 2.0, }, {"",False | C47_MEMORY_20_30_PERCENT,4.3,efficiency,Lightweight GPU-memory reduction reported as 20-30%,30.0,30.0,30%,New_Code\01_audit_existing_results.py,01_audit_existing_results.py,""""""faster"""", ], """"target_values"""": [25.0], """"tolerance"""": 2.0, }, { """"claim_id"""": """"C47_MEMORY_20_30_PERCENT"""", """"section"""": """"4.3"""", """"category"""": """"efficiency"""", """"description"""": """"Lightweight GPU-memory reduction reported as 20-30%"""", """"metric_terms"""": [ """"gpu memory"""", """"memory"""", """"peak_memory"""", """"vram"""", ], """"target_values"""": [20.0, 25.0, 30.0], """"tolerance"""": 2.0, }, {"",True | C47_MEMORY_20_30_PERCENT,4.3,efficiency,Lightweight GPU-memory reduction reported as 20-30%,20.0,20.0,20.0,New_Code\01_audit_existing_results.py,01_audit_existing_results.py,""""""faster"""", ], """"target_values"""": [25.0], """"tolerance"""": 2.0, }, { """"claim_id"""": """"C47_MEMORY_20_30_PERCENT"""", """"section"""": """"4.3"""", """"category"""": """"efficiency"""", """"description"""": """"Lightweight GPU-memory reduction reported as 20-30%"""", """"metric_terms"""": [ """"gpu memory"""", """"memory"""", """"peak_memory"""", """"vram"""", ], """"target_values"""": [20.0, 25.0, 30.0], """"tolerance"""": 2.0, }, {"",False | C47_MEMORY_20_30_PERCENT,4.3,efficiency,Lightweight GPU-memory reduction reported as 20-30%,25.0,25.0,25.0,New_Code\01_audit_existing_results.py,01_audit_existing_results.py,""""""faster"""", ], """"target_values"""": [25.0], """"tolerance"""": 2.0, }, { """"claim_id"""": """"C47_MEMORY_20_30_PERCENT"""", """"section"""": """"4.3"""", """"category"""": """"efficiency"""", """"description"""": """"Lightweight GPU-memory reduction reported as 20-30%"""", """"metric_terms"""": [ """"gpu memory"""", """"memory"""", """"peak_memory"""", """"vram"""", ], """"target_values"""": [20.0, 25.0, 30.0], """"tolerance"""": 2.0, }, {"",False"
outputs\revision_audit\claim_evidence_detailed.csv,440,0,"[""4.3"", ""20"", ""30"", ""20.0"", ""20.0"", ""20.0"", ""25.0"", ""2.0"", ""4.3"", ""20"", ""30"", ""20.0"", ""25.0"", ""30.0"", ""2.0""]","C47_MEMORY_20_30_PERCENT,4.3,efficiency,Lightweight GPU-memory reduction reported as 20-30%,20.0,20.0,20.0,New_Code\01_audit_existing_results.py,01_audit_existing_results.py,""""""faster"""", ], """"target_values"""": [25.0], """"tolerance"""": 2.0, }, { """"claim_id"""": """"C47_MEMORY_20_30_PERCENT"""", """"section"""": """"4.3"""", """"category"""": """"efficiency"""", """"description"""": """"Lightweight GPU-memory reduction reported as 20-30%"""", """"metric_terms"""": [ """"gpu memory"""", """"memory"""", """"peak_memory"""", """"vram"""", ], """"target_values"""": [20.0, 25.0, 30.0], """"tolerance"""": 2.0, }, {"",False","C47_MEMORY_20_30_PERCENT,4.3,efficiency,Lightweight GPU-memory reduction reported as 20-30%,20.0,20.0,20,New_Code\01_audit_existing_results.py,01_audit_existing_results.py,""""""faster"""", ], """"target_values"""": [25.0], """"tolerance"""": 2.0, }, { """"claim_id"""": """"C47_MEMORY_20_30_PERCENT"""", """"section"""": """"4.3"""", """"category"""": """"efficiency"""", """"description"""": """"Lightweight GPU-memory reduction reported as 20-30%"""", """"metric_terms"""": [ """"gpu memory"""", """"memory"""", """"peak_memory"""", """"vram"""", ], """"target_values"""": [20.0, 25.0, 30.0], """"tolerance"""": 2.0, }, {"",False | C47_MEMORY_20_30_PERCENT,4.3,efficiency,Lightweight GPU-memory reduction reported as 20-30%,30.0,30.0,30%,New_Code\01_audit_existing_results.py,01_audit_existing_results.py,""""""faster"""", ], """"target_values"""": [25.0], """"tolerance"""": 2.0, }, { """"claim_id"""": """"C47_MEMORY_20_30_PERCENT"""", """"section"""": """"4.3"""", """"category"""": """"efficiency"""", """"description"""": """"Lightweight GPU-memory reduction reported as 20-30%"""", """"metric_terms"""": [ """"gpu memory"""", """"memory"""", """"peak_memory"""", """"vram"""", ], """"target_values"""": [20.0, 25.0, 30.0], """"tolerance"""": 2.0, }, {"",True | C47_MEMORY_20_30_PERCENT,4.3,efficiency,Lightweight GPU-memory reduction reported as 20-30%,20.0,20.0,20.0,New_Code\01_audit_existing_results.py,01_audit_existing_results.py,""""""faster"""", ], """"target_values"""": [25.0], """"tolerance"""": 2.0, }, { """"claim_id"""": """"C47_MEMORY_20_30_PERCENT"""", """"section"""": """"4.3"""", """"category"""": """"efficiency"""", """"description"""": """"Lightweight GPU-memory reduction reported as 20-30%"""", """"metric_terms"""": [ """"gpu memory"""", """"memory"""", """"peak_memory"""", """"vram"""", ], """"target_values"""": [20.0, 25.0, 30.0], """"tolerance"""": 2.0, }, {"",False | C47_MEMORY_20_30_PERCENT,4.3,efficiency,Lightweight GPU-memory reduction reported as 20-30%,25.0,25.0,25.0,New_Code\01_audit_existing_results.py,01_audit_existing_results.py,""""""faster"""", ], """"target_values"""": [25.0], """"tolerance"""": 2.0, }, { """"claim_id"""": """"C47_MEMORY_20_30_PERCENT"""", """"section"""": """"4.3"""", """"category"""": """"efficiency"""", """"description"""": """"Lightweight GPU-memory reduction reported as 20-30%"""", """"metric_terms"""": [ """"gpu memory"""", """"memory"""", """"peak_memory"""", """"vram"""", ], """"target_values"""": [20.0, 25.0, 30.0], """"tolerance"""": 2.0, }, {"",False | C47_MEMORY_20_30_PERCENT,4.3,efficiency,Lightweight GPU-memory reduction reported as 20-30%,30.0,30.0,30.0,New_Code\01_audit_existing_results.py,01_audit_existing_results.py,""""""faster"""", ], """"target_values"""": [25.0], """"tolerance"""": 2.0, }, { """"claim_id"""": """"C47_MEMORY_20_30_PERCENT"""", """"section"""": """"4.3"""", """"category"""": """"efficiency"""", """"description"""": """"Lightweight GPU-memory reduction reported as 20-30%"""", """"metric_terms"""": [ """"gpu memory"""", """"memory"""", """"peak_memory"""", """"vram"""", ], """"target_values"""": [20.0, 25.0, 30.0], """"tolerance"""": 2.0, }, {"",False"
outputs\revision_audit\claim_evidence_detailed.csv,441,0,"[""4.3"", ""20"", ""30"", ""25.0"", ""25.0"", ""25.0"", ""25.0"", ""2.0"", ""4.3"", ""20"", ""30"", ""20.0"", ""25.0"", ""30.0"", ""2.0""]","C47_MEMORY_20_30_PERCENT,4.3,efficiency,Lightweight GPU-memory reduction reported as 20-30%,25.0,25.0,25.0,New_Code\01_audit_existing_results.py,01_audit_existing_results.py,""""""faster"""", ], """"target_values"""": [25.0], """"tolerance"""": 2.0, }, { """"claim_id"""": """"C47_MEMORY_20_30_PERCENT"""", """"section"""": """"4.3"""", """"category"""": """"efficiency"""", """"description"""": """"Lightweight GPU-memory reduction reported as 20-30%"""", """"metric_terms"""": [ """"gpu memory"""", """"memory"""", """"peak_memory"""", """"vram"""", ], """"target_values"""": [20.0, 25.0, 30.0], """"tolerance"""": 2.0, }, {"",False","C47_MEMORY_20_30_PERCENT,4.3,efficiency,Lightweight GPU-memory reduction reported as 20-30%,30.0,30.0,30%,New_Code\01_audit_existing_results.py,01_audit_existing_results.py,""""""faster"""", ], """"target_values"""": [25.0], """"tolerance"""": 2.0, }, { """"claim_id"""": """"C47_MEMORY_20_30_PERCENT"""", """"section"""": """"4.3"""", """"category"""": """"efficiency"""", """"description"""": """"Lightweight GPU-memory reduction reported as 20-30%"""", """"metric_terms"""": [ """"gpu memory"""", """"memory"""", """"peak_memory"""", """"vram"""", ], """"target_values"""": [20.0, 25.0, 30.0], """"tolerance"""": 2.0, }, {"",True | C47_MEMORY_20_30_PERCENT,4.3,efficiency,Lightweight GPU-memory reduction reported as 20-30%,20.0,20.0,20.0,New_Code\01_audit_existing_results.py,01_audit_existing_results.py,""""""faster"""", ], """"target_values"""": [25.0], """"tolerance"""": 2.0, }, { """"claim_id"""": """"C47_MEMORY_20_30_PERCENT"""", """"section"""": """"4.3"""", """"category"""": """"efficiency"""", """"description"""": """"Lightweight GPU-memory reduction reported as 20-30%"""", """"metric_terms"""": [ """"gpu memory"""", """"memory"""", """"peak_memory"""", """"vram"""", ], """"target_values"""": [20.0, 25.0, 30.0], """"tolerance"""": 2.0, }, {"",False | C47_MEMORY_20_30_PERCENT,4.3,efficiency,Lightweight GPU-memory reduction reported as 20-30%,25.0,25.0,25.0,New_Code\01_audit_existing_results.py,01_audit_existing_results.py,""""""faster"""", ], """"target_values"""": [25.0], """"tolerance"""": 2.0, }, { """"claim_id"""": """"C47_MEMORY_20_30_PERCENT"""", """"section"""": """"4.3"""", """"category"""": """"efficiency"""", """"description"""": """"Lightweight GPU-memory reduction reported as 20-30%"""", """"metric_terms"""": [ """"gpu memory"""", """"memory"""", """"peak_memory"""", """"vram"""", ], """"target_values"""": [20.0, 25.0, 30.0], """"tolerance"""": 2.0, }, {"",False | C47_MEMORY_20_30_PERCENT,4.3,efficiency,Lightweight GPU-memory reduction reported as 20-30%,30.0,30.0,30.0,New_Code\01_audit_existing_results.py,01_audit_existing_results.py,""""""faster"""", ], """"target_values"""": [25.0], """"tolerance"""": 2.0, }, { """"claim_id"""": """"C47_MEMORY_20_30_PERCENT"""", """"section"""": """"4.3"""", """"category"""": """"efficiency"""", """"description"""": """"Lightweight GPU-memory reduction reported as 20-30%"""", """"metric_terms"""": [ """"gpu memory"""", """"memory"""", """"peak_memory"""", """"vram"""", ], """"target_values"""": [20.0, 25.0, 30.0], """"tolerance"""": 2.0, }, {"",False | C47_MEMORY_20_30_PERCENT,4.3,efficiency,Lightweight GPU-memory reduction reported as 20-30%,20.0,20.0,20,New_Code\01_audit_existing_results.py,01_audit_existing_results.py,"""""": 2.0, }, { """"claim_id"""": """"C47_MEMORY_20_30_PERCENT"""", """"section"""": """"4.3"""", """"category"""": """"efficiency"""", """"description"""": """"Lightweight GPU-memory reduction reported as 20-30%"""", """"metric_terms"""": [ """"gpu memory"""", """"memory"""", """"peak_memory"""", """"vram"""", ], """"target_values"""": [20.0, 25.0, 30.0], """"tolerance"""": 2.0, }, { """"claim_id"""": """"C47_HYBRID_MEMORY_40_PERCENT"""", """"section"""": """"Discussion"""""",False"
outputs\revision_audit\claim_evidence_detailed.csv,442,0,"[""4.3"", ""20"", ""30"", ""30.0"", ""30.0"", ""30.0"", ""25.0"", ""2.0"", ""4.3"", ""20"", ""30"", ""20.0"", ""25.0"", ""30.0"", ""2.0""]","C47_MEMORY_20_30_PERCENT,4.3,efficiency,Lightweight GPU-memory reduction reported as 20-30%,30.0,30.0,30.0,New_Code\01_audit_existing_results.py,01_audit_existing_results.py,""""""faster"""", ], """"target_values"""": [25.0], """"tolerance"""": 2.0, }, { """"claim_id"""": """"C47_MEMORY_20_30_PERCENT"""", """"section"""": """"4.3"""", """"category"""": """"efficiency"""", """"description"""": """"Lightweight GPU-memory reduction reported as 20-30%"""", """"metric_terms"""": [ """"gpu memory"""", """"memory"""", """"peak_memory"""", """"vram"""", ], """"target_values"""": [20.0, 25.0, 30.0], """"tolerance"""": 2.0, }, {"",False","C47_MEMORY_20_30_PERCENT,4.3,efficiency,Lightweight GPU-memory reduction reported as 20-30%,20.0,20.0,20.0,New_Code\01_audit_existing_results.py,01_audit_existing_results.py,""""""faster"""", ], """"target_values"""": [25.0], """"tolerance"""": 2.0, }, { """"claim_id"""": """"C47_MEMORY_20_30_PERCENT"""", """"section"""": """"4.3"""", """"category"""": """"efficiency"""", """"description"""": """"Lightweight GPU-memory reduction reported as 20-30%"""", """"metric_terms"""": [ """"gpu memory"""", """"memory"""", """"peak_memory"""", """"vram"""", ], """"target_values"""": [20.0, 25.0, 30.0], """"tolerance"""": 2.0, }, {"",False | C47_MEMORY_20_30_PERCENT,4.3,efficiency,Lightweight GPU-memory reduction reported as 20-30%,25.0,25.0,25.0,New_Code\01_audit_existing_results.py,01_audit_existing_results.py,""""""faster"""", ], """"target_values"""": [25.0], """"tolerance"""": 2.0, }, { """"claim_id"""": """"C47_MEMORY_20_30_PERCENT"""", """"section"""": """"4.3"""", """"category"""": """"efficiency"""", """"description"""": """"Lightweight GPU-memory reduction reported as 20-30%"""", """"metric_terms"""": [ """"gpu memory"""", """"memory"""", """"peak_memory"""", """"vram"""", ], """"target_values"""": [20.0, 25.0, 30.0], """"tolerance"""": 2.0, }, {"",False | C47_MEMORY_20_30_PERCENT,4.3,efficiency,Lightweight GPU-memory reduction reported as 20-30%,30.0,30.0,30.0,New_Code\01_audit_existing_results.py,01_audit_existing_results.py,""""""faster"""", ], """"target_values"""": [25.0], """"tolerance"""": 2.0, }, { """"claim_id"""": """"C47_MEMORY_20_30_PERCENT"""", """"section"""": """"4.3"""", """"category"""": """"efficiency"""", """"description"""": """"Lightweight GPU-memory reduction reported as 20-30%"""", """"metric_terms"""": [ """"gpu memory"""", """"memory"""", """"peak_memory"""", """"vram"""", ], """"target_values"""": [20.0, 25.0, 30.0], """"tolerance"""": 2.0, }, {"",False | C47_MEMORY_20_30_PERCENT,4.3,efficiency,Lightweight GPU-memory reduction reported as 20-30%,20.0,20.0,20,New_Code\01_audit_existing_results.py,01_audit_existing_results.py,"""""": 2.0, }, { """"claim_id"""": """"C47_MEMORY_20_30_PERCENT"""", """"section"""": """"4.3"""", """"category"""": """"efficiency"""", """"description"""": """"Lightweight GPU-memory reduction reported as 20-30%"""", """"metric_terms"""": [ """"gpu memory"""", """"memory"""", """"peak_memory"""", """"vram"""", ], """"target_values"""": [20.0, 25.0, 30.0], """"tolerance"""": 2.0, }, { """"claim_id"""": """"C47_HYBRID_MEMORY_40_PERCENT"""", """"section"""": """"Discussion"""""",False | C47_MEMORY_20_30_PERCENT,4.3,efficiency,Lightweight GPU-memory reduction reported as 20-30%,30.0,30.0,30%,New_Code\01_audit_existing_results.py,01_audit_existing_results.py,"""""": 2.0, }, { """"claim_id"""": """"C47_MEMORY_20_30_PERCENT"""", """"section"""": """"4.3"""", """"category"""": """"efficiency"""", """"description"""": """"Lightweight GPU-memory reduction reported as 20-30%"""", """"metric_terms"""": [ """"gpu memory"""", """"memory"""", """"peak_memory"""", """"vram"""", ], """"target_values"""": [20.0, 25.0, 30.0], """"tolerance"""": 2.0, }, { """"claim_id"""": """"C47_HYBRID_MEMORY_40_PERCENT"""", """"section"""": """"Discussion"""""",True"
outputs\revision_audit\claim_evidence_detailed.csv,443,0,"[""4.3"", ""20"", ""30"", ""20.0"", ""20.0"", ""20"", ""2.0"", ""4.3"", ""20"", ""30"", ""20.0"", ""25.0"", ""30.0"", ""2.0""]","C47_MEMORY_20_30_PERCENT,4.3,efficiency,Lightweight GPU-memory reduction reported as 20-30%,20.0,20.0,20,New_Code\01_audit_existing_results.py,01_audit_existing_results.py,"""""": 2.0, }, { """"claim_id"""": """"C47_MEMORY_20_30_PERCENT"""", """"section"""": """"4.3"""", """"category"""": """"efficiency"""", """"description"""": """"Lightweight GPU-memory reduction reported as 20-30%"""", """"metric_terms"""": [ """"gpu memory"""", """"memory"""", """"peak_memory"""", """"vram"""", ], """"target_values"""": [20.0, 25.0, 30.0], """"tolerance"""": 2.0, }, { """"claim_id"""": """"C47_HYBRID_MEMORY_40_PERCENT"""", """"section"""": """"Discussion"""""",False","C47_MEMORY_20_30_PERCENT,4.3,efficiency,Lightweight GPU-memory reduction reported as 20-30%,25.0,25.0,25.0,New_Code\01_audit_existing_results.py,01_audit_existing_results.py,""""""faster"""", ], """"target_values"""": [25.0], """"tolerance"""": 2.0, }, { """"claim_id"""": """"C47_MEMORY_20_30_PERCENT"""", """"section"""": """"4.3"""", """"category"""": """"efficiency"""", """"description"""": """"Lightweight GPU-memory reduction reported as 20-30%"""", """"metric_terms"""": [ """"gpu memory"""", """"memory"""", """"peak_memory"""", """"vram"""", ], """"target_values"""": [20.0, 25.0, 30.0], """"tolerance"""": 2.0, }, {"",False | C47_MEMORY_20_30_PERCENT,4.3,efficiency,Lightweight GPU-memory reduction reported as 20-30%,30.0,30.0,30.0,New_Code\01_audit_existing_results.py,01_audit_existing_results.py,""""""faster"""", ], """"target_values"""": [25.0], """"tolerance"""": 2.0, }, { """"claim_id"""": """"C47_MEMORY_20_30_PERCENT"""", """"section"""": """"4.3"""", """"category"""": """"efficiency"""", """"description"""": """"Lightweight GPU-memory reduction reported as 20-30%"""", """"metric_terms"""": [ """"gpu memory"""", """"memory"""", """"peak_memory"""", """"vram"""", ], """"target_values"""": [20.0, 25.0, 30.0], """"tolerance"""": 2.0, }, {"",False | C47_MEMORY_20_30_PERCENT,4.3,efficiency,Lightweight GPU-memory reduction reported as 20-30%,20.0,20.0,20,New_Code\01_audit_existing_results.py,01_audit_existing_results.py,"""""": 2.0, }, { """"claim_id"""": """"C47_MEMORY_20_30_PERCENT"""", """"section"""": """"4.3"""", """"category"""": """"efficiency"""", """"description"""": """"Lightweight GPU-memory reduction reported as 20-30%"""", """"metric_terms"""": [ """"gpu memory"""", """"memory"""", """"peak_memory"""", """"vram"""", ], """"target_values"""": [20.0, 25.0, 30.0], """"tolerance"""": 2.0, }, { """"claim_id"""": """"C47_HYBRID_MEMORY_40_PERCENT"""", """"section"""": """"Discussion"""""",False | C47_MEMORY_20_30_PERCENT,4.3,efficiency,Lightweight GPU-memory reduction reported as 20-30%,30.0,30.0,30%,New_Code\01_audit_existing_results.py,01_audit_existing_results.py,"""""": 2.0, }, { """"claim_id"""": """"C47_MEMORY_20_30_PERCENT"""", """"section"""": """"4.3"""", """"category"""": """"efficiency"""", """"description"""": """"Lightweight GPU-memory reduction reported as 20-30%"""", """"metric_terms"""": [ """"gpu memory"""", """"memory"""", """"peak_memory"""", """"vram"""", ], """"target_values"""": [20.0, 25.0, 30.0], """"tolerance"""": 2.0, }, { """"claim_id"""": """"C47_HYBRID_MEMORY_40_PERCENT"""", """"section"""": """"Discussion"""""",True | C47_MEMORY_20_30_PERCENT,4.3,efficiency,Lightweight GPU-memory reduction reported as 20-30%,20.0,20.0,20.0,New_Code\01_audit_existing_results.py,01_audit_existing_results.py,"""""": 2.0, }, { """"claim_id"""": """"C47_MEMORY_20_30_PERCENT"""", """"section"""": """"4.3"""", """"category"""": """"efficiency"""", """"description"""": """"Lightweight GPU-memory reduction reported as 20-30%"""", """"metric_terms"""": [ """"gpu memory"""", """"memory"""", """"peak_memory"""", """"vram"""", ], """"target_values"""": [20.0, 25.0, 30.0], """"tolerance"""": 2.0, }, { """"claim_id"""": """"C47_HYBRID_MEMORY_40_PERCENT"""", """"section"""": """"Discussion"""""",False"
outputs\revision_audit\claim_evidence_detailed.csv,444,0,"[""4.3"", ""20"", ""30"", ""30.0"", ""30.0"", ""30"", ""2.0"", ""4.3"", ""20"", ""30"", ""20.0"", ""25.0"", ""30.0"", ""2.0""]","C47_MEMORY_20_30_PERCENT,4.3,efficiency,Lightweight GPU-memory reduction reported as 20-30%,30.0,30.0,30%,New_Code\01_audit_existing_results.py,01_audit_existing_results.py,"""""": 2.0, }, { """"claim_id"""": """"C47_MEMORY_20_30_PERCENT"""", """"section"""": """"4.3"""", """"category"""": """"efficiency"""", """"description"""": """"Lightweight GPU-memory reduction reported as 20-30%"""", """"metric_terms"""": [ """"gpu memory"""", """"memory"""", """"peak_memory"""", """"vram"""", ], """"target_values"""": [20.0, 25.0, 30.0], """"tolerance"""": 2.0, }, { """"claim_id"""": """"C47_HYBRID_MEMORY_40_PERCENT"""", """"section"""": """"Discussion"""""",True","C47_MEMORY_20_30_PERCENT,4.3,efficiency,Lightweight GPU-memory reduction reported as 20-30%,30.0,30.0,30.0,New_Code\01_audit_existing_results.py,01_audit_existing_results.py,""""""faster"""", ], """"target_values"""": [25.0], """"tolerance"""": 2.0, }, { """"claim_id"""": """"C47_MEMORY_20_30_PERCENT"""", """"section"""": """"4.3"""", """"category"""": """"efficiency"""", """"description"""": """"Lightweight GPU-memory reduction reported as 20-30%"""", """"metric_terms"""": [ """"gpu memory"""", """"memory"""", """"peak_memory"""", """"vram"""", ], """"target_values"""": [20.0, 25.0, 30.0], """"tolerance"""": 2.0, }, {"",False | C47_MEMORY_20_30_PERCENT,4.3,efficiency,Lightweight GPU-memory reduction reported as 20-30%,20.0,20.0,20,New_Code\01_audit_existing_results.py,01_audit_existing_results.py,"""""": 2.0, }, { """"claim_id"""": """"C47_MEMORY_20_30_PERCENT"""", """"section"""": """"4.3"""", """"category"""": """"efficiency"""", """"description"""": """"Lightweight GPU-memory reduction reported as 20-30%"""", """"metric_terms"""": [ """"gpu memory"""", """"memory"""", """"peak_memory"""", """"vram"""", ], """"target_values"""": [20.0, 25.0, 30.0], """"tolerance"""": 2.0, }, { """"claim_id"""": """"C47_HYBRID_MEMORY_40_PERCENT"""", """"section"""": """"Discussion"""""",False | C47_MEMORY_20_30_PERCENT,4.3,efficiency,Lightweight GPU-memory reduction reported as 20-30%,30.0,30.0,30%,New_Code\01_audit_existing_results.py,01_audit_existing_results.py,"""""": 2.0, }, { """"claim_id"""": """"C47_MEMORY_20_30_PERCENT"""", """"section"""": """"4.3"""", """"category"""": """"efficiency"""", """"description"""": """"Lightweight GPU-memory reduction reported as 20-30%"""", """"metric_terms"""": [ """"gpu memory"""", """"memory"""", """"peak_memory"""", """"vram"""", ], """"target_values"""": [20.0, 25.0, 30.0], """"tolerance"""": 2.0, }, { """"claim_id"""": """"C47_HYBRID_MEMORY_40_PERCENT"""", """"section"""": """"Discussion"""""",True | C47_MEMORY_20_30_PERCENT,4.3,efficiency,Lightweight GPU-memory reduction reported as 20-30%,20.0,20.0,20.0,New_Code\01_audit_existing_results.py,01_audit_existing_results.py,"""""": 2.0, }, { """"claim_id"""": """"C47_MEMORY_20_30_PERCENT"""", """"section"""": """"4.3"""", """"category"""": """"efficiency"""", """"description"""": """"Lightweight GPU-memory reduction reported as 20-30%"""", """"metric_terms"""": [ """"gpu memory"""", """"memory"""", """"peak_memory"""", """"vram"""", ], """"target_values"""": [20.0, 25.0, 30.0], """"tolerance"""": 2.0, }, { """"claim_id"""": """"C47_HYBRID_MEMORY_40_PERCENT"""", """"section"""": """"Discussion"""""",False | C47_MEMORY_20_30_PERCENT,4.3,efficiency,Lightweight GPU-memory reduction reported as 20-30%,25.0,25.0,25.0,New_Code\01_audit_existing_results.py,01_audit_existing_results.py,"""""": 2.0, }, { """"claim_id"""": """"C47_MEMORY_20_30_PERCENT"""", """"section"""": """"4.3"""", """"category"""": """"efficiency"""", """"description"""": """"Lightweight GPU-memory reduction reported as 20-30%"""", """"metric_terms"""": [ """"gpu memory"""", """"memory"""", """"peak_memory"""", """"vram"""", ], """"target_values"""": [20.0, 25.0, 30.0], """"tolerance"""": 2.0, }, { """"claim_id"""": """"C47_HYBRID_MEMORY_40_PERCENT"""", """"section"""": """"Discussion"""""",False"
outputs\revision_audit\claim_evidence_detailed.csv,445,0,"[""4.3"", ""20"", ""30"", ""20.0"", ""20.0"", ""20.0"", ""2.0"", ""4.3"", ""20"", ""30"", ""20.0"", ""25.0"", ""30.0"", ""2.0""]","C47_MEMORY_20_30_PERCENT,4.3,efficiency,Lightweight GPU-memory reduction reported as 20-30%,20.0,20.0,20.0,New_Code\01_audit_existing_results.py,01_audit_existing_results.py,"""""": 2.0, }, { """"claim_id"""": """"C47_MEMORY_20_30_PERCENT"""", """"section"""": """"4.3"""", """"category"""": """"efficiency"""", """"description"""": """"Lightweight GPU-memory reduction reported as 20-30%"""", """"metric_terms"""": [ """"gpu memory"""", """"memory"""", """"peak_memory"""", """"vram"""", ], """"target_values"""": [20.0, 25.0, 30.0], """"tolerance"""": 2.0, }, { """"claim_id"""": """"C47_HYBRID_MEMORY_40_PERCENT"""", """"section"""": """"Discussion"""""",False","C47_MEMORY_20_30_PERCENT,4.3,efficiency,Lightweight GPU-memory reduction reported as 20-30%,20.0,20.0,20,New_Code\01_audit_existing_results.py,01_audit_existing_results.py,"""""": 2.0, }, { """"claim_id"""": """"C47_MEMORY_20_30_PERCENT"""", """"section"""": """"4.3"""", """"category"""": """"efficiency"""", """"description"""": """"Lightweight GPU-memory reduction reported as 20-30%"""", """"metric_terms"""": [ """"gpu memory"""", """"memory"""", """"peak_memory"""", """"vram"""", ], """"target_values"""": [20.0, 25.0, 30.0], """"tolerance"""": 2.0, }, { """"claim_id"""": """"C47_HYBRID_MEMORY_40_PERCENT"""", """"section"""": """"Discussion"""""",False | C47_MEMORY_20_30_PERCENT,4.3,efficiency,Lightweight GPU-memory reduction reported as 20-30%,30.0,30.0,30%,New_Code\01_audit_existing_results.py,01_audit_existing_results.py,"""""": 2.0, }, { """"claim_id"""": """"C47_MEMORY_20_30_PERCENT"""", """"section"""": """"4.3"""", """"category"""": """"efficiency"""", """"description"""": """"Lightweight GPU-memory reduction reported as 20-30%"""", """"metric_terms"""": [ """"gpu memory"""", """"memory"""", """"peak_memory"""", """"vram"""", ], """"target_values"""": [20.0, 25.0, 30.0], """"tolerance"""": 2.0, }, { """"claim_id"""": """"C47_HYBRID_MEMORY_40_PERCENT"""", """"section"""": """"Discussion"""""",True | C47_MEMORY_20_30_PERCENT,4.3,efficiency,Lightweight GPU-memory reduction reported as 20-30%,20.0,20.0,20.0,New_Code\01_audit_existing_results.py,01_audit_existing_results.py,"""""": 2.0, }, { """"claim_id"""": """"C47_MEMORY_20_30_PERCENT"""", """"section"""": """"4.3"""", """"category"""": """"efficiency"""", """"description"""": """"Lightweight GPU-memory reduction reported as 20-30%"""", """"metric_terms"""": [ """"gpu memory"""", """"memory"""", """"peak_memory"""", """"vram"""", ], """"target_values"""": [20.0, 25.0, 30.0], """"tolerance"""": 2.0, }, { """"claim_id"""": """"C47_HYBRID_MEMORY_40_PERCENT"""", """"section"""": """"Discussion"""""",False | C47_MEMORY_20_30_PERCENT,4.3,efficiency,Lightweight GPU-memory reduction reported as 20-30%,25.0,25.0,25.0,New_Code\01_audit_existing_results.py,01_audit_existing_results.py,"""""": 2.0, }, { """"claim_id"""": """"C47_MEMORY_20_30_PERCENT"""", """"section"""": """"4.3"""", """"category"""": """"efficiency"""", """"description"""": """"Lightweight GPU-memory reduction reported as 20-30%"""", """"metric_terms"""": [ """"gpu memory"""", """"memory"""", """"peak_memory"""", """"vram"""", ], """"target_values"""": [20.0, 25.0, 30.0], """"tolerance"""": 2.0, }, { """"claim_id"""": """"C47_HYBRID_MEMORY_40_PERCENT"""", """"section"""": """"Discussion"""""",False | C47_MEMORY_20_30_PERCENT,4.3,efficiency,Lightweight GPU-memory reduction reported as 20-30%,30.0,30.0,30.0,New_Code\01_audit_existing_results.py,01_audit_existing_results.py,"""""": 2.0, }, { """"claim_id"""": """"C47_MEMORY_20_30_PERCENT"""", """"section"""": """"4.3"""", """"category"""": """"efficiency"""", """"description"""": """"Lightweight GPU-memory reduction reported as 20-30%"""", """"metric_terms"""": [ """"gpu memory"""", """"memory"""", """"peak_memory"""", """"vram"""", ], """"target_values"""": [20.0, 25.0, 30.0], """"tolerance"""": 2.0, }, { """"claim_id"""": """"C47_HYBRID_MEMORY_40_PERCENT"""", """"section"""": """"Discussion"""""",False"
outputs\revision_audit\claim_evidence_detailed.csv,446,0,"[""4.3"", ""20"", ""30"", ""25.0"", ""25.0"", ""25.0"", ""2.0"", ""4.3"", ""20"", ""30"", ""20.0"", ""25.0"", ""30.0"", ""2.0""]","C47_MEMORY_20_30_PERCENT,4.3,efficiency,Lightweight GPU-memory reduction reported as 20-30%,25.0,25.0,25.0,New_Code\01_audit_existing_results.py,01_audit_existing_results.py,"""""": 2.0, }, { """"claim_id"""": """"C47_MEMORY_20_30_PERCENT"""", """"section"""": """"4.3"""", """"category"""": """"efficiency"""", """"description"""": """"Lightweight GPU-memory reduction reported as 20-30%"""", """"metric_terms"""": [ """"gpu memory"""", """"memory"""", """"peak_memory"""", """"vram"""", ], """"target_values"""": [20.0, 25.0, 30.0], """"tolerance"""": 2.0, }, { """"claim_id"""": """"C47_HYBRID_MEMORY_40_PERCENT"""", """"section"""": """"Discussion"""""",False","C47_MEMORY_20_30_PERCENT,4.3,efficiency,Lightweight GPU-memory reduction reported as 20-30%,30.0,30.0,30%,New_Code\01_audit_existing_results.py,01_audit_existing_results.py,"""""": 2.0, }, { """"claim_id"""": """"C47_MEMORY_20_30_PERCENT"""", """"section"""": """"4.3"""", """"category"""": """"efficiency"""", """"description"""": """"Lightweight GPU-memory reduction reported as 20-30%"""", """"metric_terms"""": [ """"gpu memory"""", """"memory"""", """"peak_memory"""", """"vram"""", ], """"target_values"""": [20.0, 25.0, 30.0], """"tolerance"""": 2.0, }, { """"claim_id"""": """"C47_HYBRID_MEMORY_40_PERCENT"""", """"section"""": """"Discussion"""""",True | C47_MEMORY_20_30_PERCENT,4.3,efficiency,Lightweight GPU-memory reduction reported as 20-30%,20.0,20.0,20.0,New_Code\01_audit_existing_results.py,01_audit_existing_results.py,"""""": 2.0, }, { """"claim_id"""": """"C47_MEMORY_20_30_PERCENT"""", """"section"""": """"4.3"""", """"category"""": """"efficiency"""", """"description"""": """"Lightweight GPU-memory reduction reported as 20-30%"""", """"metric_terms"""": [ """"gpu memory"""", """"memory"""", """"peak_memory"""", """"vram"""", ], """"target_values"""": [20.0, 25.0, 30.0], """"tolerance"""": 2.0, }, { """"claim_id"""": """"C47_HYBRID_MEMORY_40_PERCENT"""", """"section"""": """"Discussion"""""",False | C47_MEMORY_20_30_PERCENT,4.3,efficiency,Lightweight GPU-memory reduction reported as 20-30%,25.0,25.0,25.0,New_Code\01_audit_existing_results.py,01_audit_existing_results.py,"""""": 2.0, }, { """"claim_id"""": """"C47_MEMORY_20_30_PERCENT"""", """"section"""": """"4.3"""", """"category"""": """"efficiency"""", """"description"""": """"Lightweight GPU-memory reduction reported as 20-30%"""", """"metric_terms"""": [ """"gpu memory"""", """"memory"""", """"peak_memory"""", """"vram"""", ], """"target_values"""": [20.0, 25.0, 30.0], """"tolerance"""": 2.0, }, { """"claim_id"""": """"C47_HYBRID_MEMORY_40_PERCENT"""", """"section"""": """"Discussion"""""",False | C47_MEMORY_20_30_PERCENT,4.3,efficiency,Lightweight GPU-memory reduction reported as 20-30%,30.0,30.0,30.0,New_Code\01_audit_existing_results.py,01_audit_existing_results.py,"""""": 2.0, }, { """"claim_id"""": """"C47_MEMORY_20_30_PERCENT"""", """"section"""": """"4.3"""", """"category"""": """"efficiency"""", """"description"""": """"Lightweight GPU-memory reduction reported as 20-30%"""", """"metric_terms"""": [ """"gpu memory"""", """"memory"""", """"peak_memory"""", """"vram"""", ], """"target_values"""": [20.0, 25.0, 30.0], """"tolerance"""": 2.0, }, { """"claim_id"""": """"C47_HYBRID_MEMORY_40_PERCENT"""", """"section"""": """"Discussion"""""",False | C47_MEMORY_20_30_PERCENT,4.3,efficiency,Lightweight GPU-memory reduction reported as 20-30%,20.0,20.0,20,New_Code\01_audit_existing_results.py,01_audit_existing_results.py,""""""claim_id"""": """"C47_MEMORY_20_30_PERCENT"""", """"section"""": """"4.3"""", """"category"""": """"efficiency"""", """"description"""": """"Lightweight GPU-memory reduction reported as 20-30%"""", """"metric_terms"""": [ """"gpu memory"""", """"memory"""", """"peak_memory"""", """"vram"""", ], """"target_values"""": [20.0, 25.0, 30.0], """"tolerance"""": 2.0, }, { """"claim_id"""": """"C47_HYBRID_MEMORY_40_PERCENT"""", """"section"""": """"Discussion"""", """"category"""":"",False"
outputs\revision_audit\claim_evidence_detailed.csv,447,0,"[""4.3"", ""20"", ""30"", ""30.0"", ""30.0"", ""30.0"", ""2.0"", ""4.3"", ""20"", ""30"", ""20.0"", ""25.0"", ""30.0"", ""2.0""]","C47_MEMORY_20_30_PERCENT,4.3,efficiency,Lightweight GPU-memory reduction reported as 20-30%,30.0,30.0,30.0,New_Code\01_audit_existing_results.py,01_audit_existing_results.py,"""""": 2.0, }, { """"claim_id"""": """"C47_MEMORY_20_30_PERCENT"""", """"section"""": """"4.3"""", """"category"""": """"efficiency"""", """"description"""": """"Lightweight GPU-memory reduction reported as 20-30%"""", """"metric_terms"""": [ """"gpu memory"""", """"memory"""", """"peak_memory"""", """"vram"""", ], """"target_values"""": [20.0, 25.0, 30.0], """"tolerance"""": 2.0, }, { """"claim_id"""": """"C47_HYBRID_MEMORY_40_PERCENT"""", """"section"""": """"Discussion"""""",False","C47_MEMORY_20_30_PERCENT,4.3,efficiency,Lightweight GPU-memory reduction reported as 20-30%,20.0,20.0,20.0,New_Code\01_audit_existing_results.py,01_audit_existing_results.py,"""""": 2.0, }, { """"claim_id"""": """"C47_MEMORY_20_30_PERCENT"""", """"section"""": """"4.3"""", """"category"""": """"efficiency"""", """"description"""": """"Lightweight GPU-memory reduction reported as 20-30%"""", """"metric_terms"""": [ """"gpu memory"""", """"memory"""", """"peak_memory"""", """"vram"""", ], """"target_values"""": [20.0, 25.0, 30.0], """"tolerance"""": 2.0, }, { """"claim_id"""": """"C47_HYBRID_MEMORY_40_PERCENT"""", """"section"""": """"Discussion"""""",False | C47_MEMORY_20_30_PERCENT,4.3,efficiency,Lightweight GPU-memory reduction reported as 20-30%,25.0,25.0,25.0,New_Code\01_audit_existing_results.py,01_audit_existing_results.py,"""""": 2.0, }, { """"claim_id"""": """"C47_MEMORY_20_30_PERCENT"""", """"section"""": """"4.3"""", """"category"""": """"efficiency"""", """"description"""": """"Lightweight GPU-memory reduction reported as 20-30%"""", """"metric_terms"""": [ """"gpu memory"""", """"memory"""", """"peak_memory"""", """"vram"""", ], """"target_values"""": [20.0, 25.0, 30.0], """"tolerance"""": 2.0, }, { """"claim_id"""": """"C47_HYBRID_MEMORY_40_PERCENT"""", """"section"""": """"Discussion"""""",False | C47_MEMORY_20_30_PERCENT,4.3,efficiency,Lightweight GPU-memory reduction reported as 20-30%,30.0,30.0,30.0,New_Code\01_audit_existing_results.py,01_audit_existing_results.py,"""""": 2.0, }, { """"claim_id"""": """"C47_MEMORY_20_30_PERCENT"""", """"section"""": """"4.3"""", """"category"""": """"efficiency"""", """"description"""": """"Lightweight GPU-memory reduction reported as 20-30%"""", """"metric_terms"""": [ """"gpu memory"""", """"memory"""", """"peak_memory"""", """"vram"""", ], """"target_values"""": [20.0, 25.0, 30.0], """"tolerance"""": 2.0, }, { """"claim_id"""": """"C47_HYBRID_MEMORY_40_PERCENT"""", """"section"""": """"Discussion"""""",False | C47_MEMORY_20_30_PERCENT,4.3,efficiency,Lightweight GPU-memory reduction reported as 20-30%,20.0,20.0,20,New_Code\01_audit_existing_results.py,01_audit_existing_results.py,""""""claim_id"""": """"C47_MEMORY_20_30_PERCENT"""", """"section"""": """"4.3"""", """"category"""": """"efficiency"""", """"description"""": """"Lightweight GPU-memory reduction reported as 20-30%"""", """"metric_terms"""": [ """"gpu memory"""", """"memory"""", """"peak_memory"""", """"vram"""", ], """"target_values"""": [20.0, 25.0, 30.0], """"tolerance"""": 2.0, }, { """"claim_id"""": """"C47_HYBRID_MEMORY_40_PERCENT"""", """"section"""": """"Discussion"""", """"category"""":"",False | C47_MEMORY_20_30_PERCENT,4.3,efficiency,Lightweight GPU-memory reduction reported as 20-30%,30.0,30.0,30%,New_Code\01_audit_existing_results.py,01_audit_existing_results.py,""""""claim_id"""": """"C47_MEMORY_20_30_PERCENT"""", """"section"""": """"4.3"""", """"category"""": """"efficiency"""", """"description"""": """"Lightweight GPU-memory reduction reported as 20-30%"""", """"metric_terms"""": [ """"gpu memory"""", """"memory"""", """"peak_memory"""", """"vram"""", ], """"target_values"""": [20.0, 25.0, 30.0], """"tolerance"""": 2.0, }, { """"claim_id"""": """"C47_HYBRID_MEMORY_40_PERCENT"""", """"section"""": """"Discussion"""", """"category"""":"",True"
outputs\revision_audit\claim_evidence_detailed.csv,448,0,"[""4.3"", ""20"", ""30"", ""20.0"", ""20.0"", ""20"", ""4.3"", ""20"", ""30"", ""20.0"", ""25.0"", ""30.0"", ""2.0""]","C47_MEMORY_20_30_PERCENT,4.3,efficiency,Lightweight GPU-memory reduction reported as 20-30%,20.0,20.0,20,New_Code\01_audit_existing_results.py,01_audit_existing_results.py,""""""claim_id"""": """"C47_MEMORY_20_30_PERCENT"""", """"section"""": """"4.3"""", """"category"""": """"efficiency"""", """"description"""": """"Lightweight GPU-memory reduction reported as 20-30%"""", """"metric_terms"""": [ """"gpu memory"""", """"memory"""", """"peak_memory"""", """"vram"""", ], """"target_values"""": [20.0, 25.0, 30.0], """"tolerance"""": 2.0, }, { """"claim_id"""": """"C47_HYBRID_MEMORY_40_PERCENT"""", """"section"""": """"Discussion"""", """"category"""":"",False","C47_MEMORY_20_30_PERCENT,4.3,efficiency,Lightweight GPU-memory reduction reported as 20-30%,25.0,25.0,25.0,New_Code\01_audit_existing_results.py,01_audit_existing_results.py,"""""": 2.0, }, { """"claim_id"""": """"C47_MEMORY_20_30_PERCENT"""", """"section"""": """"4.3"""", """"category"""": """"efficiency"""", """"description"""": """"Lightweight GPU-memory reduction reported as 20-30%"""", """"metric_terms"""": [ """"gpu memory"""", """"memory"""", """"peak_memory"""", """"vram"""", ], """"target_values"""": [20.0, 25.0, 30.0], """"tolerance"""": 2.0, }, { """"claim_id"""": """"C47_HYBRID_MEMORY_40_PERCENT"""", """"section"""": """"Discussion"""""",False | C47_MEMORY_20_30_PERCENT,4.3,efficiency,Lightweight GPU-memory reduction reported as 20-30%,30.0,30.0,30.0,New_Code\01_audit_existing_results.py,01_audit_existing_results.py,"""""": 2.0, }, { """"claim_id"""": """"C47_MEMORY_20_30_PERCENT"""", """"section"""": """"4.3"""", """"category"""": """"efficiency"""", """"description"""": """"Lightweight GPU-memory reduction reported as 20-30%"""", """"metric_terms"""": [ """"gpu memory"""", """"memory"""", """"peak_memory"""", """"vram"""", ], """"target_values"""": [20.0, 25.0, 30.0], """"tolerance"""": 2.0, }, { """"claim_id"""": """"C47_HYBRID_MEMORY_40_PERCENT"""", """"section"""": """"Discussion"""""",False | C47_MEMORY_20_30_PERCENT,4.3,efficiency,Lightweight GPU-memory reduction reported as 20-30%,20.0,20.0,20,New_Code\01_audit_existing_results.py,01_audit_existing_results.py,""""""claim_id"""": """"C47_MEMORY_20_30_PERCENT"""", """"section"""": """"4.3"""", """"category"""": """"efficiency"""", """"description"""": """"Lightweight GPU-memory reduction reported as 20-30%"""", """"metric_terms"""": [ """"gpu memory"""", """"memory"""", """"peak_memory"""", """"vram"""", ], """"target_values"""": [20.0, 25.0, 30.0], """"tolerance"""": 2.0, }, { """"claim_id"""": """"C47_HYBRID_MEMORY_40_PERCENT"""", """"section"""": """"Discussion"""", """"category"""":"",False | C47_MEMORY_20_30_PERCENT,4.3,efficiency,Lightweight GPU-memory reduction reported as 20-30%,30.0,30.0,30%,New_Code\01_audit_existing_results.py,01_audit_existing_results.py,""""""claim_id"""": """"C47_MEMORY_20_30_PERCENT"""", """"section"""": """"4.3"""", """"category"""": """"efficiency"""", """"description"""": """"Lightweight GPU-memory reduction reported as 20-30%"""", """"metric_terms"""": [ """"gpu memory"""", """"memory"""", """"peak_memory"""", """"vram"""", ], """"target_values"""": [20.0, 25.0, 30.0], """"tolerance"""": 2.0, }, { """"claim_id"""": """"C47_HYBRID_MEMORY_40_PERCENT"""", """"section"""": """"Discussion"""", """"category"""":"",True | C47_MEMORY_20_30_PERCENT,4.3,efficiency,Lightweight GPU-memory reduction reported as 20-30%,20.0,20.0,20.0,New_Code\01_audit_existing_results.py,01_audit_existing_results.py,""""""claim_id"""": """"C47_MEMORY_20_30_PERCENT"""", """"section"""": """"4.3"""", """"category"""": """"efficiency"""", """"description"""": """"Lightweight GPU-memory reduction reported as 20-30%"""", """"metric_terms"""": [ """"gpu memory"""", """"memory"""", """"peak_memory"""", """"vram"""", ], """"target_values"""": [20.0, 25.0, 30.0], """"tolerance"""": 2.0, }, { """"claim_id"""": """"C47_HYBRID_MEMORY_40_PERCENT"""", """"section"""": """"Discussion"""", """"category"""":"",False"
outputs\revision_audit\claim_evidence_detailed.csv,449,0,"[""4.3"", ""20"", ""30"", ""30.0"", ""30.0"", ""30"", ""4.3"", ""20"", ""30"", ""20.0"", ""25.0"", ""30.0"", ""2.0""]","C47_MEMORY_20_30_PERCENT,4.3,efficiency,Lightweight GPU-memory reduction reported as 20-30%,30.0,30.0,30%,New_Code\01_audit_existing_results.py,01_audit_existing_results.py,""""""claim_id"""": """"C47_MEMORY_20_30_PERCENT"""", """"section"""": """"4.3"""", """"category"""": """"efficiency"""", """"description"""": """"Lightweight GPU-memory reduction reported as 20-30%"""", """"metric_terms"""": [ """"gpu memory"""", """"memory"""", """"peak_memory"""", """"vram"""", ], """"target_values"""": [20.0, 25.0, 30.0], """"tolerance"""": 2.0, }, { """"claim_id"""": """"C47_HYBRID_MEMORY_40_PERCENT"""", """"section"""": """"Discussion"""", """"category"""":"",True","C47_MEMORY_20_30_PERCENT,4.3,efficiency,Lightweight GPU-memory reduction reported as 20-30%,30.0,30.0,30.0,New_Code\01_audit_existing_results.py,01_audit_existing_results.py,"""""": 2.0, }, { """"claim_id"""": """"C47_MEMORY_20_30_PERCENT"""", """"section"""": """"4.3"""", """"category"""": """"efficiency"""", """"description"""": """"Lightweight GPU-memory reduction reported as 20-30%"""", """"metric_terms"""": [ """"gpu memory"""", """"memory"""", """"peak_memory"""", """"vram"""", ], """"target_values"""": [20.0, 25.0, 30.0], """"tolerance"""": 2.0, }, { """"claim_id"""": """"C47_HYBRID_MEMORY_40_PERCENT"""", """"section"""": """"Discussion"""""",False | C47_MEMORY_20_30_PERCENT,4.3,efficiency,Lightweight GPU-memory reduction reported as 20-30%,20.0,20.0,20,New_Code\01_audit_existing_results.py,01_audit_existing_results.py,""""""claim_id"""": """"C47_MEMORY_20_30_PERCENT"""", """"section"""": """"4.3"""", """"category"""": """"efficiency"""", """"description"""": """"Lightweight GPU-memory reduction reported as 20-30%"""", """"metric_terms"""": [ """"gpu memory"""", """"memory"""", """"peak_memory"""", """"vram"""", ], """"target_values"""": [20.0, 25.0, 30.0], """"tolerance"""": 2.0, }, { """"claim_id"""": """"C47_HYBRID_MEMORY_40_PERCENT"""", """"section"""": """"Discussion"""", """"category"""":"",False | C47_MEMORY_20_30_PERCENT,4.3,efficiency,Lightweight GPU-memory reduction reported as 20-30%,30.0,30.0,30%,New_Code\01_audit_existing_results.py,01_audit_existing_results.py,""""""claim_id"""": """"C47_MEMORY_20_30_PERCENT"""", """"section"""": """"4.3"""", """"category"""": """"efficiency"""", """"description"""": """"Lightweight GPU-memory reduction reported as 20-30%"""", """"metric_terms"""": [ """"gpu memory"""", """"memory"""", """"peak_memory"""", """"vram"""", ], """"target_values"""": [20.0, 25.0, 30.0], """"tolerance"""": 2.0, }, { """"claim_id"""": """"C47_HYBRID_MEMORY_40_PERCENT"""", """"section"""": """"Discussion"""", """"category"""":"",True | C47_MEMORY_20_30_PERCENT,4.3,efficiency,Lightweight GPU-memory reduction reported as 20-30%,20.0,20.0,20.0,New_Code\01_audit_existing_results.py,01_audit_existing_results.py,""""""claim_id"""": """"C47_MEMORY_20_30_PERCENT"""", """"section"""": """"4.3"""", """"category"""": """"efficiency"""", """"description"""": """"Lightweight GPU-memory reduction reported as 20-30%"""", """"metric_terms"""": [ """"gpu memory"""", """"memory"""", """"peak_memory"""", """"vram"""", ], """"target_values"""": [20.0, 25.0, 30.0], """"tolerance"""": 2.0, }, { """"claim_id"""": """"C47_HYBRID_MEMORY_40_PERCENT"""", """"section"""": """"Discussion"""", """"category"""":"",False | C47_MEMORY_20_30_PERCENT,4.3,efficiency,Lightweight GPU-memory reduction reported as 20-30%,25.0,25.0,25.0,New_Code\01_audit_existing_results.py,01_audit_existing_results.py,""""""claim_id"""": """"C47_MEMORY_20_30_PERCENT"""", """"section"""": """"4.3"""", """"category"""": """"efficiency"""", """"description"""": """"Lightweight GPU-memory reduction reported as 20-30%"""", """"metric_terms"""": [ """"gpu memory"""", """"memory"""", """"peak_memory"""", """"vram"""", ], """"target_values"""": [20.0, 25.0, 30.0], """"tolerance"""": 2.0, }, { """"claim_id"""": """"C47_HYBRID_MEMORY_40_PERCENT"""", """"section"""": """"Discussion"""", """"category"""":"",False"
outputs\revision_audit\claim_evidence_detailed.csv,450,0,"[""4.3"", ""20"", ""30"", ""20.0"", ""20.0"", ""20.0"", ""4.3"", ""20"", ""30"", ""20.0"", ""25.0"", ""30.0"", ""2.0""]","C47_MEMORY_20_30_PERCENT,4.3,efficiency,Lightweight GPU-memory reduction reported as 20-30%,20.0,20.0,20.0,New_Code\01_audit_existing_results.py,01_audit_existing_results.py,""""""claim_id"""": """"C47_MEMORY_20_30_PERCENT"""", """"section"""": """"4.3"""", """"category"""": """"efficiency"""", """"description"""": """"Lightweight GPU-memory reduction reported as 20-30%"""", """"metric_terms"""": [ """"gpu memory"""", """"memory"""", """"peak_memory"""", """"vram"""", ], """"target_values"""": [20.0, 25.0, 30.0], """"tolerance"""": 2.0, }, { """"claim_id"""": """"C47_HYBRID_MEMORY_40_PERCENT"""", """"section"""": """"Discussion"""", """"category"""":"",False","C47_MEMORY_20_30_PERCENT,4.3,efficiency,Lightweight GPU-memory reduction reported as 20-30%,20.0,20.0,20,New_Code\01_audit_existing_results.py,01_audit_existing_results.py,""""""claim_id"""": """"C47_MEMORY_20_30_PERCENT"""", """"section"""": """"4.3"""", """"category"""": """"efficiency"""", """"description"""": """"Lightweight GPU-memory reduction reported as 20-30%"""", """"metric_terms"""": [ """"gpu memory"""", """"memory"""", """"peak_memory"""", """"vram"""", ], """"target_values"""": [20.0, 25.0, 30.0], """"tolerance"""": 2.0, }, { """"claim_id"""": """"C47_HYBRID_MEMORY_40_PERCENT"""", """"section"""": """"Discussion"""", """"category"""":"",False | C47_MEMORY_20_30_PERCENT,4.3,efficiency,Lightweight GPU-memory reduction reported as 20-30%,30.0,30.0,30%,New_Code\01_audit_existing_results.py,01_audit_existing_results.py,""""""claim_id"""": """"C47_MEMORY_20_30_PERCENT"""", """"section"""": """"4.3"""", """"category"""": """"efficiency"""", """"description"""": """"Lightweight GPU-memory reduction reported as 20-30%"""", """"metric_terms"""": [ """"gpu memory"""", """"memory"""", """"peak_memory"""", """"vram"""", ], """"target_values"""": [20.0, 25.0, 30.0], """"tolerance"""": 2.0, }, { """"claim_id"""": """"C47_HYBRID_MEMORY_40_PERCENT"""", """"section"""": """"Discussion"""", """"category"""":"",True | C47_MEMORY_20_30_PERCENT,4.3,efficiency,Lightweight GPU-memory reduction reported as 20-30%,20.0,20.0,20.0,New_Code\01_audit_existing_results.py,01_audit_existing_results.py,""""""claim_id"""": """"C47_MEMORY_20_30_PERCENT"""", """"section"""": """"4.3"""", """"category"""": """"efficiency"""", """"description"""": """"Lightweight GPU-memory reduction reported as 20-30%"""", """"metric_terms"""": [ """"gpu memory"""", """"memory"""", """"peak_memory"""", """"vram"""", ], """"target_values"""": [20.0, 25.0, 30.0], """"tolerance"""": 2.0, }, { """"claim_id"""": """"C47_HYBRID_MEMORY_40_PERCENT"""", """"section"""": """"Discussion"""", """"category"""":"",False | C47_MEMORY_20_30_PERCENT,4.3,efficiency,Lightweight GPU-memory reduction reported as 20-30%,25.0,25.0,25.0,New_Code\01_audit_existing_results.py,01_audit_existing_results.py,""""""claim_id"""": """"C47_MEMORY_20_30_PERCENT"""", """"section"""": """"4.3"""", """"category"""": """"efficiency"""", """"description"""": """"Lightweight GPU-memory reduction reported as 20-30%"""", """"metric_terms"""": [ """"gpu memory"""", """"memory"""", """"peak_memory"""", """"vram"""", ], """"target_values"""": [20.0, 25.0, 30.0], """"tolerance"""": 2.0, }, { """"claim_id"""": """"C47_HYBRID_MEMORY_40_PERCENT"""", """"section"""": """"Discussion"""", """"category"""":"",False | C47_MEMORY_20_30_PERCENT,4.3,efficiency,Lightweight GPU-memory reduction reported as 20-30%,30.0,30.0,30.0,New_Code\01_audit_existing_results.py,01_audit_existing_results.py,""""""claim_id"""": """"C47_MEMORY_20_30_PERCENT"""", """"section"""": """"4.3"""", """"category"""": """"efficiency"""", """"description"""": """"Lightweight GPU-memory reduction reported as 20-30%"""", """"metric_terms"""": [ """"gpu memory"""", """"memory"""", """"peak_memory"""", """"vram"""", ], """"target_values"""": [20.0, 25.0, 30.0], """"tolerance"""": 2.0, }, { """"claim_id"""": """"C47_HYBRID_MEMORY_40_PERCENT"""", """"section"""": """"Discussion"""", """"category"""":"",False"
outputs\revision_audit\claim_evidence_detailed.csv,451,0,"[""4.3"", ""20"", ""30"", ""25.0"", ""25.0"", ""25.0"", ""4.3"", ""20"", ""30"", ""20.0"", ""25.0"", ""30.0"", ""2.0""]","C47_MEMORY_20_30_PERCENT,4.3,efficiency,Lightweight GPU-memory reduction reported as 20-30%,25.0,25.0,25.0,New_Code\01_audit_existing_results.py,01_audit_existing_results.py,""""""claim_id"""": """"C47_MEMORY_20_30_PERCENT"""", """"section"""": """"4.3"""", """"category"""": """"efficiency"""", """"description"""": """"Lightweight GPU-memory reduction reported as 20-30%"""", """"metric_terms"""": [ """"gpu memory"""", """"memory"""", """"peak_memory"""", """"vram"""", ], """"target_values"""": [20.0, 25.0, 30.0], """"tolerance"""": 2.0, }, { """"claim_id"""": """"C47_HYBRID_MEMORY_40_PERCENT"""", """"section"""": """"Discussion"""", """"category"""":"",False","C47_MEMORY_20_30_PERCENT,4.3,efficiency,Lightweight GPU-memory reduction reported as 20-30%,30.0,30.0,30%,New_Code\01_audit_existing_results.py,01_audit_existing_results.py,""""""claim_id"""": """"C47_MEMORY_20_30_PERCENT"""", """"section"""": """"4.3"""", """"category"""": """"efficiency"""", """"description"""": """"Lightweight GPU-memory reduction reported as 20-30%"""", """"metric_terms"""": [ """"gpu memory"""", """"memory"""", """"peak_memory"""", """"vram"""", ], """"target_values"""": [20.0, 25.0, 30.0], """"tolerance"""": 2.0, }, { """"claim_id"""": """"C47_HYBRID_MEMORY_40_PERCENT"""", """"section"""": """"Discussion"""", """"category"""":"",True | C47_MEMORY_20_30_PERCENT,4.3,efficiency,Lightweight GPU-memory reduction reported as 20-30%,20.0,20.0,20.0,New_Code\01_audit_existing_results.py,01_audit_existing_results.py,""""""claim_id"""": """"C47_MEMORY_20_30_PERCENT"""", """"section"""": """"4.3"""", """"category"""": """"efficiency"""", """"description"""": """"Lightweight GPU-memory reduction reported as 20-30%"""", """"metric_terms"""": [ """"gpu memory"""", """"memory"""", """"peak_memory"""", """"vram"""", ], """"target_values"""": [20.0, 25.0, 30.0], """"tolerance"""": 2.0, }, { """"claim_id"""": """"C47_HYBRID_MEMORY_40_PERCENT"""", """"section"""": """"Discussion"""", """"category"""":"",False | C47_MEMORY_20_30_PERCENT,4.3,efficiency,Lightweight GPU-memory reduction reported as 20-30%,25.0,25.0,25.0,New_Code\01_audit_existing_results.py,01_audit_existing_results.py,""""""claim_id"""": """"C47_MEMORY_20_30_PERCENT"""", """"section"""": """"4.3"""", """"category"""": """"efficiency"""", """"description"""": """"Lightweight GPU-memory reduction reported as 20-30%"""", """"metric_terms"""": [ """"gpu memory"""", """"memory"""", """"peak_memory"""", """"vram"""", ], """"target_values"""": [20.0, 25.0, 30.0], """"tolerance"""": 2.0, }, { """"claim_id"""": """"C47_HYBRID_MEMORY_40_PERCENT"""", """"section"""": """"Discussion"""", """"category"""":"",False | C47_MEMORY_20_30_PERCENT,4.3,efficiency,Lightweight GPU-memory reduction reported as 20-30%,30.0,30.0,30.0,New_Code\01_audit_existing_results.py,01_audit_existing_results.py,""""""claim_id"""": """"C47_MEMORY_20_30_PERCENT"""", """"section"""": """"4.3"""", """"category"""": """"efficiency"""", """"description"""": """"Lightweight GPU-memory reduction reported as 20-30%"""", """"metric_terms"""": [ """"gpu memory"""", """"memory"""", """"peak_memory"""", """"vram"""", ], """"target_values"""": [20.0, 25.0, 30.0], """"tolerance"""": 2.0, }, { """"claim_id"""": """"C47_HYBRID_MEMORY_40_PERCENT"""", """"section"""": """"Discussion"""", """"category"""":"",False | C47_MEMORY_20_30_PERCENT,4.3,efficiency,Lightweight GPU-memory reduction reported as 20-30%,20.0,20.0,20,New_Code\01_audit_existing_results.py,01_audit_existing_results.py,""ORY_20_30_PERCENT"""", """"section"""": """"4.3"""", """"category"""": """"efficiency"""", """"description"""": """"Lightweight GPU-memory reduction reported as 20-30%"""", """"metric_terms"""": [ """"gpu memory"""", """"memory"""", """"peak_memory"""", """"vram"""", ], """"target_values"""": [20.0, 25.0, 30.0], """"tolerance"""": 2.0, }, { """"claim_id"""": """"C47_HYBRID_MEMORY_40_PERCENT"""", """"section"""": """"Discussion"""", """"category"""": """"efficiency"""", """"desc"",False"
outputs\revision_audit\claim_evidence_detailed.csv,452,0,"[""4.3"", ""20"", ""30"", ""30.0"", ""30.0"", ""30.0"", ""4.3"", ""20"", ""30"", ""20.0"", ""25.0"", ""30.0"", ""2.0""]","C47_MEMORY_20_30_PERCENT,4.3,efficiency,Lightweight GPU-memory reduction reported as 20-30%,30.0,30.0,30.0,New_Code\01_audit_existing_results.py,01_audit_existing_results.py,""""""claim_id"""": """"C47_MEMORY_20_30_PERCENT"""", """"section"""": """"4.3"""", """"category"""": """"efficiency"""", """"description"""": """"Lightweight GPU-memory reduction reported as 20-30%"""", """"metric_terms"""": [ """"gpu memory"""", """"memory"""", """"peak_memory"""", """"vram"""", ], """"target_values"""": [20.0, 25.0, 30.0], """"tolerance"""": 2.0, }, { """"claim_id"""": """"C47_HYBRID_MEMORY_40_PERCENT"""", """"section"""": """"Discussion"""", """"category"""":"",False","C47_MEMORY_20_30_PERCENT,4.3,efficiency,Lightweight GPU-memory reduction reported as 20-30%,20.0,20.0,20.0,New_Code\01_audit_existing_results.py,01_audit_existing_results.py,""""""claim_id"""": """"C47_MEMORY_20_30_PERCENT"""", """"section"""": """"4.3"""", """"category"""": """"efficiency"""", """"description"""": """"Lightweight GPU-memory reduction reported as 20-30%"""", """"metric_terms"""": [ """"gpu memory"""", """"memory"""", """"peak_memory"""", """"vram"""", ], """"target_values"""": [20.0, 25.0, 30.0], """"tolerance"""": 2.0, }, { """"claim_id"""": """"C47_HYBRID_MEMORY_40_PERCENT"""", """"section"""": """"Discussion"""", """"category"""":"",False | C47_MEMORY_20_30_PERCENT,4.3,efficiency,Lightweight GPU-memory reduction reported as 20-30%,25.0,25.0,25.0,New_Code\01_audit_existing_results.py,01_audit_existing_results.py,""""""claim_id"""": """"C47_MEMORY_20_30_PERCENT"""", """"section"""": """"4.3"""", """"category"""": """"efficiency"""", """"description"""": """"Lightweight GPU-memory reduction reported as 20-30%"""", """"metric_terms"""": [ """"gpu memory"""", """"memory"""", """"peak_memory"""", """"vram"""", ], """"target_values"""": [20.0, 25.0, 30.0], """"tolerance"""": 2.0, }, { """"claim_id"""": """"C47_HYBRID_MEMORY_40_PERCENT"""", """"section"""": """"Discussion"""", """"category"""":"",False | C47_MEMORY_20_30_PERCENT,4.3,efficiency,Lightweight GPU-memory reduction reported as 20-30%,30.0,30.0,30.0,New_Code\01_audit_existing_results.py,01_audit_existing_results.py,""""""claim_id"""": """"C47_MEMORY_20_30_PERCENT"""", """"section"""": """"4.3"""", """"category"""": """"efficiency"""", """"description"""": """"Lightweight GPU-memory reduction reported as 20-30%"""", """"metric_terms"""": [ """"gpu memory"""", """"memory"""", """"peak_memory"""", """"vram"""", ], """"target_values"""": [20.0, 25.0, 30.0], """"tolerance"""": 2.0, }, { """"claim_id"""": """"C47_HYBRID_MEMORY_40_PERCENT"""", """"section"""": """"Discussion"""", """"category"""":"",False | C47_MEMORY_20_30_PERCENT,4.3,efficiency,Lightweight GPU-memory reduction reported as 20-30%,20.0,20.0,20,New_Code\01_audit_existing_results.py,01_audit_existing_results.py,""ORY_20_30_PERCENT"""", """"section"""": """"4.3"""", """"category"""": """"efficiency"""", """"description"""": """"Lightweight GPU-memory reduction reported as 20-30%"""", """"metric_terms"""": [ """"gpu memory"""", """"memory"""", """"peak_memory"""", """"vram"""", ], """"target_values"""": [20.0, 25.0, 30.0], """"tolerance"""": 2.0, }, { """"claim_id"""": """"C47_HYBRID_MEMORY_40_PERCENT"""", """"section"""": """"Discussion"""", """"category"""": """"efficiency"""", """"desc"",False | C47_MEMORY_20_30_PERCENT,4.3,efficiency,Lightweight GPU-memory reduction reported as 20-30%,30.0,30.0,30%,New_Code\01_audit_existing_results.py,01_audit_existing_results.py,""ORY_20_30_PERCENT"""", """"section"""": """"4.3"""", """"category"""": """"efficiency"""", """"description"""": """"Lightweight GPU-memory reduction reported as 20-30%"""", """"metric_terms"""": [ """"gpu memory"""", """"memory"""", """"peak_memory"""", """"vram"""", ], """"target_values"""": [20.0, 25.0, 30.0], """"tolerance"""": 2.0, }, { """"claim_id"""": """"C47_HYBRID_MEMORY_40_PERCENT"""", """"section"""": """"Discussion"""", """"category"""": """"efficiency"""", """"desc"",True"
outputs\revision_audit\claim_evidence_detailed.csv,453,0,"[""4.3"", ""20"", ""30"", ""20.0"", ""20.0"", ""20"", ""4.3"", ""20"", ""30"", ""20.0"", ""25.0"", ""30.0"", ""2.0""]","C47_MEMORY_20_30_PERCENT,4.3,efficiency,Lightweight GPU-memory reduction reported as 20-30%,20.0,20.0,20,New_Code\01_audit_existing_results.py,01_audit_existing_results.py,""ORY_20_30_PERCENT"""", """"section"""": """"4.3"""", """"category"""": """"efficiency"""", """"description"""": """"Lightweight GPU-memory reduction reported as 20-30%"""", """"metric_terms"""": [ """"gpu memory"""", """"memory"""", """"peak_memory"""", """"vram"""", ], """"target_values"""": [20.0, 25.0, 30.0], """"tolerance"""": 2.0, }, { """"claim_id"""": """"C47_HYBRID_MEMORY_40_PERCENT"""", """"section"""": """"Discussion"""", """"category"""": """"efficiency"""", """"desc"",False","C47_MEMORY_20_30_PERCENT,4.3,efficiency,Lightweight GPU-memory reduction reported as 20-30%,25.0,25.0,25.0,New_Code\01_audit_existing_results.py,01_audit_existing_results.py,""""""claim_id"""": """"C47_MEMORY_20_30_PERCENT"""", """"section"""": """"4.3"""", """"category"""": """"efficiency"""", """"description"""": """"Lightweight GPU-memory reduction reported as 20-30%"""", """"metric_terms"""": [ """"gpu memory"""", """"memory"""", """"peak_memory"""", """"vram"""", ], """"target_values"""": [20.0, 25.0, 30.0], """"tolerance"""": 2.0, }, { """"claim_id"""": """"C47_HYBRID_MEMORY_40_PERCENT"""", """"section"""": """"Discussion"""", """"category"""":"",False | C47_MEMORY_20_30_PERCENT,4.3,efficiency,Lightweight GPU-memory reduction reported as 20-30%,30.0,30.0,30.0,New_Code\01_audit_existing_results.py,01_audit_existing_results.py,""""""claim_id"""": """"C47_MEMORY_20_30_PERCENT"""", """"section"""": """"4.3"""", """"category"""": """"efficiency"""", """"description"""": """"Lightweight GPU-memory reduction reported as 20-30%"""", """"metric_terms"""": [ """"gpu memory"""", """"memory"""", """"peak_memory"""", """"vram"""", ], """"target_values"""": [20.0, 25.0, 30.0], """"tolerance"""": 2.0, }, { """"claim_id"""": """"C47_HYBRID_MEMORY_40_PERCENT"""", """"section"""": """"Discussion"""", """"category"""":"",False | C47_MEMORY_20_30_PERCENT,4.3,efficiency,Lightweight GPU-memory reduction reported as 20-30%,20.0,20.0,20,New_Code\01_audit_existing_results.py,01_audit_existing_results.py,""ORY_20_30_PERCENT"""", """"section"""": """"4.3"""", """"category"""": """"efficiency"""", """"description"""": """"Lightweight GPU-memory reduction reported as 20-30%"""", """"metric_terms"""": [ """"gpu memory"""", """"memory"""", """"peak_memory"""", """"vram"""", ], """"target_values"""": [20.0, 25.0, 30.0], """"tolerance"""": 2.0, }, { """"claim_id"""": """"C47_HYBRID_MEMORY_40_PERCENT"""", """"section"""": """"Discussion"""", """"category"""": """"efficiency"""", """"desc"",False | C47_MEMORY_20_30_PERCENT,4.3,efficiency,Lightweight GPU-memory reduction reported as 20-30%,30.0,30.0,30%,New_Code\01_audit_existing_results.py,01_audit_existing_results.py,""ORY_20_30_PERCENT"""", """"section"""": """"4.3"""", """"category"""": """"efficiency"""", """"description"""": """"Lightweight GPU-memory reduction reported as 20-30%"""", """"metric_terms"""": [ """"gpu memory"""", """"memory"""", """"peak_memory"""", """"vram"""", ], """"target_values"""": [20.0, 25.0, 30.0], """"tolerance"""": 2.0, }, { """"claim_id"""": """"C47_HYBRID_MEMORY_40_PERCENT"""", """"section"""": """"Discussion"""", """"category"""": """"efficiency"""", """"desc"",True | C47_MEMORY_20_30_PERCENT,4.3,efficiency,Lightweight GPU-memory reduction reported as 20-30%,20.0,20.0,20.0,New_Code\01_audit_existing_results.py,01_audit_existing_results.py,""ORY_20_30_PERCENT"""", """"section"""": """"4.3"""", """"category"""": """"efficiency"""", """"description"""": """"Lightweight GPU-memory reduction reported as 20-30%"""", """"metric_terms"""": [ """"gpu memory"""", """"memory"""", """"peak_memory"""", """"vram"""", ], """"target_values"""": [20.0, 25.0, 30.0], """"tolerance"""": 2.0, }, { """"claim_id"""": """"C47_HYBRID_MEMORY_40_PERCENT"""", """"section"""": """"Discussion"""", """"category"""": """"efficiency"""", """"desc"",False"
outputs\revision_audit\claim_evidence_detailed.csv,454,0,"[""4.3"", ""20"", ""30"", ""30.0"", ""30.0"", ""30"", ""4.3"", ""20"", ""30"", ""20.0"", ""25.0"", ""30.0"", ""2.0""]","C47_MEMORY_20_30_PERCENT,4.3,efficiency,Lightweight GPU-memory reduction reported as 20-30%,30.0,30.0,30%,New_Code\01_audit_existing_results.py,01_audit_existing_results.py,""ORY_20_30_PERCENT"""", """"section"""": """"4.3"""", """"category"""": """"efficiency"""", """"description"""": """"Lightweight GPU-memory reduction reported as 20-30%"""", """"metric_terms"""": [ """"gpu memory"""", """"memory"""", """"peak_memory"""", """"vram"""", ], """"target_values"""": [20.0, 25.0, 30.0], """"tolerance"""": 2.0, }, { """"claim_id"""": """"C47_HYBRID_MEMORY_40_PERCENT"""", """"section"""": """"Discussion"""", """"category"""": """"efficiency"""", """"desc"",True","C47_MEMORY_20_30_PERCENT,4.3,efficiency,Lightweight GPU-memory reduction reported as 20-30%,30.0,30.0,30.0,New_Code\01_audit_existing_results.py,01_audit_existing_results.py,""""""claim_id"""": """"C47_MEMORY_20_30_PERCENT"""", """"section"""": """"4.3"""", """"category"""": """"efficiency"""", """"description"""": """"Lightweight GPU-memory reduction reported as 20-30%"""", """"metric_terms"""": [ """"gpu memory"""", """"memory"""", """"peak_memory"""", """"vram"""", ], """"target_values"""": [20.0, 25.0, 30.0], """"tolerance"""": 2.0, }, { """"claim_id"""": """"C47_HYBRID_MEMORY_40_PERCENT"""", """"section"""": """"Discussion"""", """"category"""":"",False | C47_MEMORY_20_30_PERCENT,4.3,efficiency,Lightweight GPU-memory reduction reported as 20-30%,20.0,20.0,20,New_Code\01_audit_existing_results.py,01_audit_existing_results.py,""ORY_20_30_PERCENT"""", """"section"""": """"4.3"""", """"category"""": """"efficiency"""", """"description"""": """"Lightweight GPU-memory reduction reported as 20-30%"""", """"metric_terms"""": [ """"gpu memory"""", """"memory"""", """"peak_memory"""", """"vram"""", ], """"target_values"""": [20.0, 25.0, 30.0], """"tolerance"""": 2.0, }, { """"claim_id"""": """"C47_HYBRID_MEMORY_40_PERCENT"""", """"section"""": """"Discussion"""", """"category"""": """"efficiency"""", """"desc"",False | C47_MEMORY_20_30_PERCENT,4.3,efficiency,Lightweight GPU-memory reduction reported as 20-30%,30.0,30.0,30%,New_Code\01_audit_existing_results.py,01_audit_existing_results.py,""ORY_20_30_PERCENT"""", """"section"""": """"4.3"""", """"category"""": """"efficiency"""", """"description"""": """"Lightweight GPU-memory reduction reported as 20-30%"""", """"metric_terms"""": [ """"gpu memory"""", """"memory"""", """"peak_memory"""", """"vram"""", ], """"target_values"""": [20.0, 25.0, 30.0], """"tolerance"""": 2.0, }, { """"claim_id"""": """"C47_HYBRID_MEMORY_40_PERCENT"""", """"section"""": """"Discussion"""", """"category"""": """"efficiency"""", """"desc"",True | C47_MEMORY_20_30_PERCENT,4.3,efficiency,Lightweight GPU-memory reduction reported as 20-30%,20.0,20.0,20.0,New_Code\01_audit_existing_results.py,01_audit_existing_results.py,""ORY_20_30_PERCENT"""", """"section"""": """"4.3"""", """"category"""": """"efficiency"""", """"description"""": """"Lightweight GPU-memory reduction reported as 20-30%"""", """"metric_terms"""": [ """"gpu memory"""", """"memory"""", """"peak_memory"""", """"vram"""", ], """"target_values"""": [20.0, 25.0, 30.0], """"tolerance"""": 2.0, }, { """"claim_id"""": """"C47_HYBRID_MEMORY_40_PERCENT"""", """"section"""": """"Discussion"""", """"category"""": """"efficiency"""", """"desc"",False | C47_MEMORY_20_30_PERCENT,4.3,efficiency,Lightweight GPU-memory reduction reported as 20-30%,25.0,25.0,25.0,New_Code\01_audit_existing_results.py,01_audit_existing_results.py,""ORY_20_30_PERCENT"""", """"section"""": """"4.3"""", """"category"""": """"efficiency"""", """"description"""": """"Lightweight GPU-memory reduction reported as 20-30%"""", """"metric_terms"""": [ """"gpu memory"""", """"memory"""", """"peak_memory"""", """"vram"""", ], """"target_values"""": [20.0, 25.0, 30.0], """"tolerance"""": 2.0, }, { """"claim_id"""": """"C47_HYBRID_MEMORY_40_PERCENT"""", """"section"""": """"Discussion"""", """"category"""": """"efficiency"""", """"desc"",False"
outputs\revision_audit\claim_evidence_detailed.csv,455,0,"[""4.3"", ""20"", ""30"", ""20.0"", ""20.0"", ""20.0"", ""4.3"", ""20"", ""30"", ""20.0"", ""25.0"", ""30.0"", ""2.0""]","C47_MEMORY_20_30_PERCENT,4.3,efficiency,Lightweight GPU-memory reduction reported as 20-30%,20.0,20.0,20.0,New_Code\01_audit_existing_results.py,01_audit_existing_results.py,""ORY_20_30_PERCENT"""", """"section"""": """"4.3"""", """"category"""": """"efficiency"""", """"description"""": """"Lightweight GPU-memory reduction reported as 20-30%"""", """"metric_terms"""": [ """"gpu memory"""", """"memory"""", """"peak_memory"""", """"vram"""", ], """"target_values"""": [20.0, 25.0, 30.0], """"tolerance"""": 2.0, }, { """"claim_id"""": """"C47_HYBRID_MEMORY_40_PERCENT"""", """"section"""": """"Discussion"""", """"category"""": """"efficiency"""", """"desc"",False","C47_MEMORY_20_30_PERCENT,4.3,efficiency,Lightweight GPU-memory reduction reported as 20-30%,20.0,20.0,20,New_Code\01_audit_existing_results.py,01_audit_existing_results.py,""ORY_20_30_PERCENT"""", """"section"""": """"4.3"""", """"category"""": """"efficiency"""", """"description"""": """"Lightweight GPU-memory reduction reported as 20-30%"""", """"metric_terms"""": [ """"gpu memory"""", """"memory"""", """"peak_memory"""", """"vram"""", ], """"target_values"""": [20.0, 25.0, 30.0], """"tolerance"""": 2.0, }, { """"claim_id"""": """"C47_HYBRID_MEMORY_40_PERCENT"""", """"section"""": """"Discussion"""", """"category"""": """"efficiency"""", """"desc"",False | C47_MEMORY_20_30_PERCENT,4.3,efficiency,Lightweight GPU-memory reduction reported as 20-30%,30.0,30.0,30%,New_Code\01_audit_existing_results.py,01_audit_existing_results.py,""ORY_20_30_PERCENT"""", """"section"""": """"4.3"""", """"category"""": """"efficiency"""", """"description"""": """"Lightweight GPU-memory reduction reported as 20-30%"""", """"metric_terms"""": [ """"gpu memory"""", """"memory"""", """"peak_memory"""", """"vram"""", ], """"target_values"""": [20.0, 25.0, 30.0], """"tolerance"""": 2.0, }, { """"claim_id"""": """"C47_HYBRID_MEMORY_40_PERCENT"""", """"section"""": """"Discussion"""", """"category"""": """"efficiency"""", """"desc"",True | C47_MEMORY_20_30_PERCENT,4.3,efficiency,Lightweight GPU-memory reduction reported as 20-30%,20.0,20.0,20.0,New_Code\01_audit_existing_results.py,01_audit_existing_results.py,""ORY_20_30_PERCENT"""", """"section"""": """"4.3"""", """"category"""": """"efficiency"""", """"description"""": """"Lightweight GPU-memory reduction reported as 20-30%"""", """"metric_terms"""": [ """"gpu memory"""", """"memory"""", """"peak_memory"""", """"vram"""", ], """"target_values"""": [20.0, 25.0, 30.0], """"tolerance"""": 2.0, }, { """"claim_id"""": """"C47_HYBRID_MEMORY_40_PERCENT"""", """"section"""": """"Discussion"""", """"category"""": """"efficiency"""", """"desc"",False | C47_MEMORY_20_30_PERCENT,4.3,efficiency,Lightweight GPU-memory reduction reported as 20-30%,25.0,25.0,25.0,New_Code\01_audit_existing_results.py,01_audit_existing_results.py,""ORY_20_30_PERCENT"""", """"section"""": """"4.3"""", """"category"""": """"efficiency"""", """"description"""": """"Lightweight GPU-memory reduction reported as 20-30%"""", """"metric_terms"""": [ """"gpu memory"""", """"memory"""", """"peak_memory"""", """"vram"""", ], """"target_values"""": [20.0, 25.0, 30.0], """"tolerance"""": 2.0, }, { """"claim_id"""": """"C47_HYBRID_MEMORY_40_PERCENT"""", """"section"""": """"Discussion"""", """"category"""": """"efficiency"""", """"desc"",False | C47_MEMORY_20_30_PERCENT,4.3,efficiency,Lightweight GPU-memory reduction reported as 20-30%,30.0,30.0,30.0,New_Code\01_audit_existing_results.py,01_audit_existing_results.py,""ORY_20_30_PERCENT"""", """"section"""": """"4.3"""", """"category"""": """"efficiency"""", """"description"""": """"Lightweight GPU-memory reduction reported as 20-30%"""", """"metric_terms"""": [ """"gpu memory"""", """"memory"""", """"peak_memory"""", """"vram"""", ], """"target_values"""": [20.0, 25.0, 30.0], """"tolerance"""": 2.0, }, { """"claim_id"""": """"C47_HYBRID_MEMORY_40_PERCENT"""", """"section"""": """"Discussion"""", """"category"""": """"efficiency"""", """"desc"",False"
outputs\revision_audit\claim_evidence_detailed.csv,456,0,"[""4.3"", ""20"", ""30"", ""25.0"", ""25.0"", ""25.0"", ""4.3"", ""20"", ""30"", ""20.0"", ""25.0"", ""30.0"", ""2.0""]","C47_MEMORY_20_30_PERCENT,4.3,efficiency,Lightweight GPU-memory reduction reported as 20-30%,25.0,25.0,25.0,New_Code\01_audit_existing_results.py,01_audit_existing_results.py,""ORY_20_30_PERCENT"""", """"section"""": """"4.3"""", """"category"""": """"efficiency"""", """"description"""": """"Lightweight GPU-memory reduction reported as 20-30%"""", """"metric_terms"""": [ """"gpu memory"""", """"memory"""", """"peak_memory"""", """"vram"""", ], """"target_values"""": [20.0, 25.0, 30.0], """"tolerance"""": 2.0, }, { """"claim_id"""": """"C47_HYBRID_MEMORY_40_PERCENT"""", """"section"""": """"Discussion"""", """"category"""": """"efficiency"""", """"desc"",False","C47_MEMORY_20_30_PERCENT,4.3,efficiency,Lightweight GPU-memory reduction reported as 20-30%,30.0,30.0,30%,New_Code\01_audit_existing_results.py,01_audit_existing_results.py,""ORY_20_30_PERCENT"""", """"section"""": """"4.3"""", """"category"""": """"efficiency"""", """"description"""": """"Lightweight GPU-memory reduction reported as 20-30%"""", """"metric_terms"""": [ """"gpu memory"""", """"memory"""", """"peak_memory"""", """"vram"""", ], """"target_values"""": [20.0, 25.0, 30.0], """"tolerance"""": 2.0, }, { """"claim_id"""": """"C47_HYBRID_MEMORY_40_PERCENT"""", """"section"""": """"Discussion"""", """"category"""": """"efficiency"""", """"desc"",True | C47_MEMORY_20_30_PERCENT,4.3,efficiency,Lightweight GPU-memory reduction reported as 20-30%,20.0,20.0,20.0,New_Code\01_audit_existing_results.py,01_audit_existing_results.py,""ORY_20_30_PERCENT"""", """"section"""": """"4.3"""", """"category"""": """"efficiency"""", """"description"""": """"Lightweight GPU-memory reduction reported as 20-30%"""", """"metric_terms"""": [ """"gpu memory"""", """"memory"""", """"peak_memory"""", """"vram"""", ], """"target_values"""": [20.0, 25.0, 30.0], """"tolerance"""": 2.0, }, { """"claim_id"""": """"C47_HYBRID_MEMORY_40_PERCENT"""", """"section"""": """"Discussion"""", """"category"""": """"efficiency"""", """"desc"",False | C47_MEMORY_20_30_PERCENT,4.3,efficiency,Lightweight GPU-memory reduction reported as 20-30%,25.0,25.0,25.0,New_Code\01_audit_existing_results.py,01_audit_existing_results.py,""ORY_20_30_PERCENT"""", """"section"""": """"4.3"""", """"category"""": """"efficiency"""", """"description"""": """"Lightweight GPU-memory reduction reported as 20-30%"""", """"metric_terms"""": [ """"gpu memory"""", """"memory"""", """"peak_memory"""", """"vram"""", ], """"target_values"""": [20.0, 25.0, 30.0], """"tolerance"""": 2.0, }, { """"claim_id"""": """"C47_HYBRID_MEMORY_40_PERCENT"""", """"section"""": """"Discussion"""", """"category"""": """"efficiency"""", """"desc"",False | C47_MEMORY_20_30_PERCENT,4.3,efficiency,Lightweight GPU-memory reduction reported as 20-30%,30.0,30.0,30.0,New_Code\01_audit_existing_results.py,01_audit_existing_results.py,""ORY_20_30_PERCENT"""", """"section"""": """"4.3"""", """"category"""": """"efficiency"""", """"description"""": """"Lightweight GPU-memory reduction reported as 20-30%"""", """"metric_terms"""": [ """"gpu memory"""", """"memory"""", """"peak_memory"""", """"vram"""", ], """"target_values"""": [20.0, 25.0, 30.0], """"tolerance"""": 2.0, }, { """"claim_id"""": """"C47_HYBRID_MEMORY_40_PERCENT"""", """"section"""": """"Discussion"""", """"category"""": """"efficiency"""", """"desc"",False | C47_MEMORY_20_30_PERCENT,4.3,efficiency,Lightweight GPU-memory reduction reported as 20-30%,20.0,20.0,20.0,New_Code\01_audit_existing_results.py,01_audit_existing_results.py,"", """"metric_terms"""": [ """"gpu memory"""", """"memory"""", """"peak_memory"""", """"vram"""", ], """"target_values"""": [20.0, 25.0, 30.0], """"tolerance"""": 2.0, }, { """"claim_id"""": """"C47_HYBRID_MEMORY_40_PERCENT"""", """"section"""": """"Discussion"""", """"category"""": """"efficiency"""", """"description"""": """"Hybrid model reported about 40% more GPU memory"""", """"metric_terms"""": [ """"gpu memory"""", """"memory"""", """"vram"""","",False"
outputs\revision_audit\claim_evidence_detailed.csv,457,0,"[""4.3"", ""20"", ""30"", ""30.0"", ""30.0"", ""30.0"", ""4.3"", ""20"", ""30"", ""20.0"", ""25.0"", ""30.0"", ""2.0""]","C47_MEMORY_20_30_PERCENT,4.3,efficiency,Lightweight GPU-memory reduction reported as 20-30%,30.0,30.0,30.0,New_Code\01_audit_existing_results.py,01_audit_existing_results.py,""ORY_20_30_PERCENT"""", """"section"""": """"4.3"""", """"category"""": """"efficiency"""", """"description"""": """"Lightweight GPU-memory reduction reported as 20-30%"""", """"metric_terms"""": [ """"gpu memory"""", """"memory"""", """"peak_memory"""", """"vram"""", ], """"target_values"""": [20.0, 25.0, 30.0], """"tolerance"""": 2.0, }, { """"claim_id"""": """"C47_HYBRID_MEMORY_40_PERCENT"""", """"section"""": """"Discussion"""", """"category"""": """"efficiency"""", """"desc"",False","C47_MEMORY_20_30_PERCENT,4.3,efficiency,Lightweight GPU-memory reduction reported as 20-30%,20.0,20.0,20.0,New_Code\01_audit_existing_results.py,01_audit_existing_results.py,""ORY_20_30_PERCENT"""", """"section"""": """"4.3"""", """"category"""": """"efficiency"""", """"description"""": """"Lightweight GPU-memory reduction reported as 20-30%"""", """"metric_terms"""": [ """"gpu memory"""", """"memory"""", """"peak_memory"""", """"vram"""", ], """"target_values"""": [20.0, 25.0, 30.0], """"tolerance"""": 2.0, }, { """"claim_id"""": """"C47_HYBRID_MEMORY_40_PERCENT"""", """"section"""": """"Discussion"""", """"category"""": """"efficiency"""", """"desc"",False | C47_MEMORY_20_30_PERCENT,4.3,efficiency,Lightweight GPU-memory reduction reported as 20-30%,25.0,25.0,25.0,New_Code\01_audit_existing_results.py,01_audit_existing_results.py,""ORY_20_30_PERCENT"""", """"section"""": """"4.3"""", """"category"""": """"efficiency"""", """"description"""": """"Lightweight GPU-memory reduction reported as 20-30%"""", """"metric_terms"""": [ """"gpu memory"""", """"memory"""", """"peak_memory"""", """"vram"""", ], """"target_values"""": [20.0, 25.0, 30.0], """"tolerance"""": 2.0, }, { """"claim_id"""": """"C47_HYBRID_MEMORY_40_PERCENT"""", """"section"""": """"Discussion"""", """"category"""": """"efficiency"""", """"desc"",False | C47_MEMORY_20_30_PERCENT,4.3,efficiency,Lightweight GPU-memory reduction reported as 20-30%,30.0,30.0,30.0,New_Code\01_audit_existing_results.py,01_audit_existing_results.py,""ORY_20_30_PERCENT"""", """"section"""": """"4.3"""", """"category"""": """"efficiency"""", """"description"""": """"Lightweight GPU-memory reduction reported as 20-30%"""", """"metric_terms"""": [ """"gpu memory"""", """"memory"""", """"peak_memory"""", """"vram"""", ], """"target_values"""": [20.0, 25.0, 30.0], """"tolerance"""": 2.0, }, { """"claim_id"""": """"C47_HYBRID_MEMORY_40_PERCENT"""", """"section"""": """"Discussion"""", """"category"""": """"efficiency"""", """"desc"",False | C47_MEMORY_20_30_PERCENT,4.3,efficiency,Lightweight GPU-memory reduction reported as 20-30%,20.0,20.0,20.0,New_Code\01_audit_existing_results.py,01_audit_existing_results.py,"", """"metric_terms"""": [ """"gpu memory"""", """"memory"""", """"peak_memory"""", """"vram"""", ], """"target_values"""": [20.0, 25.0, 30.0], """"tolerance"""": 2.0, }, { """"claim_id"""": """"C47_HYBRID_MEMORY_40_PERCENT"""", """"section"""": """"Discussion"""", """"category"""": """"efficiency"""", """"description"""": """"Hybrid model reported about 40% more GPU memory"""", """"metric_terms"""": [ """"gpu memory"""", """"memory"""", """"vram"""","",False | C47_MEMORY_20_30_PERCENT,4.3,efficiency,Lightweight GPU-memory reduction reported as 20-30%,25.0,25.0,25.0,New_Code\01_audit_existing_results.py,01_audit_existing_results.py,"", """"metric_terms"""": [ """"gpu memory"""", """"memory"""", """"peak_memory"""", """"vram"""", ], """"target_values"""": [20.0, 25.0, 30.0], """"tolerance"""": 2.0, }, { """"claim_id"""": """"C47_HYBRID_MEMORY_40_PERCENT"""", """"section"""": """"Discussion"""", """"category"""": """"efficiency"""", """"description"""": """"Hybrid model reported about 40% more GPU memory"""", """"metric_terms"""": [ """"gpu memory"""", """"memory"""", """"vram"""","",False"
outputs\revision_audit\claim_evidence_detailed.csv,458,0,"[""4.3"", ""20"", ""30"", ""20.0"", ""20.0"", ""20.0"", ""20.0"", ""25.0"", ""30.0"", ""2.0"", ""40""]","C47_MEMORY_20_30_PERCENT,4.3,efficiency,Lightweight GPU-memory reduction reported as 20-30%,20.0,20.0,20.0,New_Code\01_audit_existing_results.py,01_audit_existing_results.py,"", """"metric_terms"""": [ """"gpu memory"""", """"memory"""", """"peak_memory"""", """"vram"""", ], """"target_values"""": [20.0, 25.0, 30.0], """"tolerance"""": 2.0, }, { """"claim_id"""": """"C47_HYBRID_MEMORY_40_PERCENT"""", """"section"""": """"Discussion"""", """"category"""": """"efficiency"""", """"description"""": """"Hybrid model reported about 40% more GPU memory"""", """"metric_terms"""": [ """"gpu memory"""", """"memory"""", """"vram"""","",False","C47_MEMORY_20_30_PERCENT,4.3,efficiency,Lightweight GPU-memory reduction reported as 20-30%,25.0,25.0,25.0,New_Code\01_audit_existing_results.py,01_audit_existing_results.py,""ORY_20_30_PERCENT"""", """"section"""": """"4.3"""", """"category"""": """"efficiency"""", """"description"""": """"Lightweight GPU-memory reduction reported as 20-30%"""", """"metric_terms"""": [ """"gpu memory"""", """"memory"""", """"peak_memory"""", """"vram"""", ], """"target_values"""": [20.0, 25.0, 30.0], """"tolerance"""": 2.0, }, { """"claim_id"""": """"C47_HYBRID_MEMORY_40_PERCENT"""", """"section"""": """"Discussion"""", """"category"""": """"efficiency"""", """"desc"",False | C47_MEMORY_20_30_PERCENT,4.3,efficiency,Lightweight GPU-memory reduction reported as 20-30%,30.0,30.0,30.0,New_Code\01_audit_existing_results.py,01_audit_existing_results.py,""ORY_20_30_PERCENT"""", """"section"""": """"4.3"""", """"category"""": """"efficiency"""", """"description"""": """"Lightweight GPU-memory reduction reported as 20-30%"""", """"metric_terms"""": [ """"gpu memory"""", """"memory"""", """"peak_memory"""", """"vram"""", ], """"target_values"""": [20.0, 25.0, 30.0], """"tolerance"""": 2.0, }, { """"claim_id"""": """"C47_HYBRID_MEMORY_40_PERCENT"""", """"section"""": """"Discussion"""", """"category"""": """"efficiency"""", """"desc"",False | C47_MEMORY_20_30_PERCENT,4.3,efficiency,Lightweight GPU-memory reduction reported as 20-30%,20.0,20.0,20.0,New_Code\01_audit_existing_results.py,01_audit_existing_results.py,"", """"metric_terms"""": [ """"gpu memory"""", """"memory"""", """"peak_memory"""", """"vram"""", ], """"target_values"""": [20.0, 25.0, 30.0], """"tolerance"""": 2.0, }, { """"claim_id"""": """"C47_HYBRID_MEMORY_40_PERCENT"""", """"section"""": """"Discussion"""", """"category"""": """"efficiency"""", """"description"""": """"Hybrid model reported about 40% more GPU memory"""", """"metric_terms"""": [ """"gpu memory"""", """"memory"""", """"vram"""","",False | C47_MEMORY_20_30_PERCENT,4.3,efficiency,Lightweight GPU-memory reduction reported as 20-30%,25.0,25.0,25.0,New_Code\01_audit_existing_results.py,01_audit_existing_results.py,"", """"metric_terms"""": [ """"gpu memory"""", """"memory"""", """"peak_memory"""", """"vram"""", ], """"target_values"""": [20.0, 25.0, 30.0], """"tolerance"""": 2.0, }, { """"claim_id"""": """"C47_HYBRID_MEMORY_40_PERCENT"""", """"section"""": """"Discussion"""", """"category"""": """"efficiency"""", """"description"""": """"Hybrid model reported about 40% more GPU memory"""", """"metric_terms"""": [ """"gpu memory"""", """"memory"""", """"vram"""","",False | C47_MEMORY_20_30_PERCENT,4.3,efficiency,Lightweight GPU-memory reduction reported as 20-30%,30.0,30.0,30.0,New_Code\01_audit_existing_results.py,01_audit_existing_results.py,"", """"metric_terms"""": [ """"gpu memory"""", """"memory"""", """"peak_memory"""", """"vram"""", ], """"target_values"""": [20.0, 25.0, 30.0], """"tolerance"""": 2.0, }, { """"claim_id"""": """"C47_HYBRID_MEMORY_40_PERCENT"""", """"section"""": """"Discussion"""", """"category"""": """"efficiency"""", """"description"""": """"Hybrid model reported about 40% more GPU memory"""", """"metric_terms"""": [ """"gpu memory"""", """"memory"""", """"vram"""","",False"
outputs\revision_audit\claim_evidence_detailed.csv,459,0,"[""4.3"", ""20"", ""30"", ""25.0"", ""25.0"", ""25.0"", ""20.0"", ""25.0"", ""30.0"", ""2.0"", ""40""]","C47_MEMORY_20_30_PERCENT,4.3,efficiency,Lightweight GPU-memory reduction reported as 20-30%,25.0,25.0,25.0,New_Code\01_audit_existing_results.py,01_audit_existing_results.py,"", """"metric_terms"""": [ """"gpu memory"""", """"memory"""", """"peak_memory"""", """"vram"""", ], """"target_values"""": [20.0, 25.0, 30.0], """"tolerance"""": 2.0, }, { """"claim_id"""": """"C47_HYBRID_MEMORY_40_PERCENT"""", """"section"""": """"Discussion"""", """"category"""": """"efficiency"""", """"description"""": """"Hybrid model reported about 40% more GPU memory"""", """"metric_terms"""": [ """"gpu memory"""", """"memory"""", """"vram"""","",False","C47_MEMORY_20_30_PERCENT,4.3,efficiency,Lightweight GPU-memory reduction reported as 20-30%,30.0,30.0,30.0,New_Code\01_audit_existing_results.py,01_audit_existing_results.py,""ORY_20_30_PERCENT"""", """"section"""": """"4.3"""", """"category"""": """"efficiency"""", """"description"""": """"Lightweight GPU-memory reduction reported as 20-30%"""", """"metric_terms"""": [ """"gpu memory"""", """"memory"""", """"peak_memory"""", """"vram"""", ], """"target_values"""": [20.0, 25.0, 30.0], """"tolerance"""": 2.0, }, { """"claim_id"""": """"C47_HYBRID_MEMORY_40_PERCENT"""", """"section"""": """"Discussion"""", """"category"""": """"efficiency"""", """"desc"",False | C47_MEMORY_20_30_PERCENT,4.3,efficiency,Lightweight GPU-memory reduction reported as 20-30%,20.0,20.0,20.0,New_Code\01_audit_existing_results.py,01_audit_existing_results.py,"", """"metric_terms"""": [ """"gpu memory"""", """"memory"""", """"peak_memory"""", """"vram"""", ], """"target_values"""": [20.0, 25.0, 30.0], """"tolerance"""": 2.0, }, { """"claim_id"""": """"C47_HYBRID_MEMORY_40_PERCENT"""", """"section"""": """"Discussion"""", """"category"""": """"efficiency"""", """"description"""": """"Hybrid model reported about 40% more GPU memory"""", """"metric_terms"""": [ """"gpu memory"""", """"memory"""", """"vram"""","",False | C47_MEMORY_20_30_PERCENT,4.3,efficiency,Lightweight GPU-memory reduction reported as 20-30%,25.0,25.0,25.0,New_Code\01_audit_existing_results.py,01_audit_existing_results.py,"", """"metric_terms"""": [ """"gpu memory"""", """"memory"""", """"peak_memory"""", """"vram"""", ], """"target_values"""": [20.0, 25.0, 30.0], """"tolerance"""": 2.0, }, { """"claim_id"""": """"C47_HYBRID_MEMORY_40_PERCENT"""", """"section"""": """"Discussion"""", """"category"""": """"efficiency"""", """"description"""": """"Hybrid model reported about 40% more GPU memory"""", """"metric_terms"""": [ """"gpu memory"""", """"memory"""", """"vram"""","",False | C47_MEMORY_20_30_PERCENT,4.3,efficiency,Lightweight GPU-memory reduction reported as 20-30%,30.0,30.0,30.0,New_Code\01_audit_existing_results.py,01_audit_existing_results.py,"", """"metric_terms"""": [ """"gpu memory"""", """"memory"""", """"peak_memory"""", """"vram"""", ], """"target_values"""": [20.0, 25.0, 30.0], """"tolerance"""": 2.0, }, { """"claim_id"""": """"C47_HYBRID_MEMORY_40_PERCENT"""", """"section"""": """"Discussion"""", """"category"""": """"efficiency"""", """"description"""": """"Hybrid model reported about 40% more GPU memory"""", """"metric_terms"""": [ """"gpu memory"""", """"memory"""", """"vram"""","",False | C47_MEMORY_20_30_PERCENT,4.3,efficiency,Lightweight GPU-memory reduction reported as 20-30%,20.0,20.0,20.0,New_Code\01_audit_existing_results.py,01_audit_existing_results.py,""lues"""": [20.0, 25.0, 30.0], """"tolerance"""": 2.0, }, { """"claim_id"""": """"C47_HYBRID_MEMORY_40_PERCENT"""", """"section"""": """"Discussion"""", """"category"""": """"efficiency"""", """"description"""": """"Hybrid model reported about 40% more GPU memory"""", """"metric_terms"""": [ """"gpu memory"""", """"memory"""", """"vram"""", ], """"target_values"""": [40.0], """"tolerance"""": 2.0, }, { """"claim_id"""": """"C45_SYNTHETIC_N_500"""", """"section"""": """"4.3"""","",False"
outputs\revision_audit\claim_evidence_detailed.csv,460,0,"[""4.3"", ""20"", ""30"", ""30.0"", ""30.0"", ""30.0"", ""20.0"", ""25.0"", ""30.0"", ""2.0"", ""40""]","C47_MEMORY_20_30_PERCENT,4.3,efficiency,Lightweight GPU-memory reduction reported as 20-30%,30.0,30.0,30.0,New_Code\01_audit_existing_results.py,01_audit_existing_results.py,"", """"metric_terms"""": [ """"gpu memory"""", """"memory"""", """"peak_memory"""", """"vram"""", ], """"target_values"""": [20.0, 25.0, 30.0], """"tolerance"""": 2.0, }, { """"claim_id"""": """"C47_HYBRID_MEMORY_40_PERCENT"""", """"section"""": """"Discussion"""", """"category"""": """"efficiency"""", """"description"""": """"Hybrid model reported about 40% more GPU memory"""", """"metric_terms"""": [ """"gpu memory"""", """"memory"""", """"vram"""","",False","C47_MEMORY_20_30_PERCENT,4.3,efficiency,Lightweight GPU-memory reduction reported as 20-30%,20.0,20.0,20.0,New_Code\01_audit_existing_results.py,01_audit_existing_results.py,"", """"metric_terms"""": [ """"gpu memory"""", """"memory"""", """"peak_memory"""", """"vram"""", ], """"target_values"""": [20.0, 25.0, 30.0], """"tolerance"""": 2.0, }, { """"claim_id"""": """"C47_HYBRID_MEMORY_40_PERCENT"""", """"section"""": """"Discussion"""", """"category"""": """"efficiency"""", """"description"""": """"Hybrid model reported about 40% more GPU memory"""", """"metric_terms"""": [ """"gpu memory"""", """"memory"""", """"vram"""","",False | C47_MEMORY_20_30_PERCENT,4.3,efficiency,Lightweight GPU-memory reduction reported as 20-30%,25.0,25.0,25.0,New_Code\01_audit_existing_results.py,01_audit_existing_results.py,"", """"metric_terms"""": [ """"gpu memory"""", """"memory"""", """"peak_memory"""", """"vram"""", ], """"target_values"""": [20.0, 25.0, 30.0], """"tolerance"""": 2.0, }, { """"claim_id"""": """"C47_HYBRID_MEMORY_40_PERCENT"""", """"section"""": """"Discussion"""", """"category"""": """"efficiency"""", """"description"""": """"Hybrid model reported about 40% more GPU memory"""", """"metric_terms"""": [ """"gpu memory"""", """"memory"""", """"vram"""","",False | C47_MEMORY_20_30_PERCENT,4.3,efficiency,Lightweight GPU-memory reduction reported as 20-30%,30.0,30.0,30.0,New_Code\01_audit_existing_results.py,01_audit_existing_results.py,"", """"metric_terms"""": [ """"gpu memory"""", """"memory"""", """"peak_memory"""", """"vram"""", ], """"target_values"""": [20.0, 25.0, 30.0], """"tolerance"""": 2.0, }, { """"claim_id"""": """"C47_HYBRID_MEMORY_40_PERCENT"""", """"section"""": """"Discussion"""", """"category"""": """"efficiency"""", """"description"""": """"Hybrid model reported about 40% more GPU memory"""", """"metric_terms"""": [ """"gpu memory"""", """"memory"""", """"vram"""","",False | C47_MEMORY_20_30_PERCENT,4.3,efficiency,Lightweight GPU-memory reduction reported as 20-30%,20.0,20.0,20.0,New_Code\01_audit_existing_results.py,01_audit_existing_results.py,""lues"""": [20.0, 25.0, 30.0], """"tolerance"""": 2.0, }, { """"claim_id"""": """"C47_HYBRID_MEMORY_40_PERCENT"""", """"section"""": """"Discussion"""", """"category"""": """"efficiency"""", """"description"""": """"Hybrid model reported about 40% more GPU memory"""", """"metric_terms"""": [ """"gpu memory"""", """"memory"""", """"vram"""", ], """"target_values"""": [40.0], """"tolerance"""": 2.0, }, { """"claim_id"""": """"C45_SYNTHETIC_N_500"""", """"section"""": """"4.3"""","",False | C47_MEMORY_20_30_PERCENT,4.3,efficiency,Lightweight GPU-memory reduction reported as 20-30%,25.0,25.0,25.0,New_Code\01_audit_existing_results.py,01_audit_existing_results.py,""lues"""": [20.0, 25.0, 30.0], """"tolerance"""": 2.0, }, { """"claim_id"""": """"C47_HYBRID_MEMORY_40_PERCENT"""", """"section"""": """"Discussion"""", """"category"""": """"efficiency"""", """"description"""": """"Hybrid model reported about 40% more GPU memory"""", """"metric_terms"""": [ """"gpu memory"""", """"memory"""", """"vram"""", ], """"target_values"""": [40.0], """"tolerance"""": 2.0, }, { """"claim_id"""": """"C45_SYNTHETIC_N_500"""", """"section"""": """"4.3"""","",False"
outputs\revision_audit\claim_evidence_detailed.csv,461,0,"[""4.3"", ""20"", ""30"", ""20.0"", ""20.0"", ""20.0"", ""20.0"", ""25.0"", ""30.0"", ""2.0"", ""40"", ""40.0"", ""2.0"", ""4.3""]","C47_MEMORY_20_30_PERCENT,4.3,efficiency,Lightweight GPU-memory reduction reported as 20-30%,20.0,20.0,20.0,New_Code\01_audit_existing_results.py,01_audit_existing_results.py,""lues"""": [20.0, 25.0, 30.0], """"tolerance"""": 2.0, }, { """"claim_id"""": """"C47_HYBRID_MEMORY_40_PERCENT"""", """"section"""": """"Discussion"""", """"category"""": """"efficiency"""", """"description"""": """"Hybrid model reported about 40% more GPU memory"""", """"metric_terms"""": [ """"gpu memory"""", """"memory"""", """"vram"""", ], """"target_values"""": [40.0], """"tolerance"""": 2.0, }, { """"claim_id"""": """"C45_SYNTHETIC_N_500"""", """"section"""": """"4.3"""","",False","C47_MEMORY_20_30_PERCENT,4.3,efficiency,Lightweight GPU-memory reduction reported as 20-30%,25.0,25.0,25.0,New_Code\01_audit_existing_results.py,01_audit_existing_results.py,"", """"metric_terms"""": [ """"gpu memory"""", """"memory"""", """"peak_memory"""", """"vram"""", ], """"target_values"""": [20.0, 25.0, 30.0], """"tolerance"""": 2.0, }, { """"claim_id"""": """"C47_HYBRID_MEMORY_40_PERCENT"""", """"section"""": """"Discussion"""", """"category"""": """"efficiency"""", """"description"""": """"Hybrid model reported about 40% more GPU memory"""", """"metric_terms"""": [ """"gpu memory"""", """"memory"""", """"vram"""","",False | C47_MEMORY_20_30_PERCENT,4.3,efficiency,Lightweight GPU-memory reduction reported as 20-30%,30.0,30.0,30.0,New_Code\01_audit_existing_results.py,01_audit_existing_results.py,"", """"metric_terms"""": [ """"gpu memory"""", """"memory"""", """"peak_memory"""", """"vram"""", ], """"target_values"""": [20.0, 25.0, 30.0], """"tolerance"""": 2.0, }, { """"claim_id"""": """"C47_HYBRID_MEMORY_40_PERCENT"""", """"section"""": """"Discussion"""", """"category"""": """"efficiency"""", """"description"""": """"Hybrid model reported about 40% more GPU memory"""", """"metric_terms"""": [ """"gpu memory"""", """"memory"""", """"vram"""","",False | C47_MEMORY_20_30_PERCENT,4.3,efficiency,Lightweight GPU-memory reduction reported as 20-30%,20.0,20.0,20.0,New_Code\01_audit_existing_results.py,01_audit_existing_results.py,""lues"""": [20.0, 25.0, 30.0], """"tolerance"""": 2.0, }, { """"claim_id"""": """"C47_HYBRID_MEMORY_40_PERCENT"""", """"section"""": """"Discussion"""", """"category"""": """"efficiency"""", """"description"""": """"Hybrid model reported about 40% more GPU memory"""", """"metric_terms"""": [ """"gpu memory"""", """"memory"""", """"vram"""", ], """"target_values"""": [40.0], """"tolerance"""": 2.0, }, { """"claim_id"""": """"C45_SYNTHETIC_N_500"""", """"section"""": """"4.3"""","",False | C47_MEMORY_20_30_PERCENT,4.3,efficiency,Lightweight GPU-memory reduction reported as 20-30%,25.0,25.0,25.0,New_Code\01_audit_existing_results.py,01_audit_existing_results.py,""lues"""": [20.0, 25.0, 30.0], """"tolerance"""": 2.0, }, { """"claim_id"""": """"C47_HYBRID_MEMORY_40_PERCENT"""", """"section"""": """"Discussion"""", """"category"""": """"efficiency"""", """"description"""": """"Hybrid model reported about 40% more GPU memory"""", """"metric_terms"""": [ """"gpu memory"""", """"memory"""", """"vram"""", ], """"target_values"""": [40.0], """"tolerance"""": 2.0, }, { """"claim_id"""": """"C45_SYNTHETIC_N_500"""", """"section"""": """"4.3"""","",False | C47_MEMORY_20_30_PERCENT,4.3,efficiency,Lightweight GPU-memory reduction reported as 20-30%,30.0,30.0,30.0,New_Code\01_audit_existing_results.py,01_audit_existing_results.py,""lues"""": [20.0, 25.0, 30.0], """"tolerance"""": 2.0, }, { """"claim_id"""": """"C47_HYBRID_MEMORY_40_PERCENT"""", """"section"""": """"Discussion"""", """"category"""": """"efficiency"""", """"description"""": """"Hybrid model reported about 40% more GPU memory"""", """"metric_terms"""": [ """"gpu memory"""", """"memory"""", """"vram"""", ], """"target_values"""": [40.0], """"tolerance"""": 2.0, }, { """"claim_id"""": """"C45_SYNTHETIC_N_500"""", """"section"""": """"4.3"""","",False"
outputs\revision_audit\claim_evidence_detailed.csv,462,0,"[""4.3"", ""20"", ""30"", ""25.0"", ""25.0"", ""25.0"", ""20.0"", ""25.0"", ""30.0"", ""2.0"", ""40"", ""40.0"", ""2.0"", ""4.3""]","C47_MEMORY_20_30_PERCENT,4.3,efficiency,Lightweight GPU-memory reduction reported as 20-30%,25.0,25.0,25.0,New_Code\01_audit_existing_results.py,01_audit_existing_results.py,""lues"""": [20.0, 25.0, 30.0], """"tolerance"""": 2.0, }, { """"claim_id"""": """"C47_HYBRID_MEMORY_40_PERCENT"""", """"section"""": """"Discussion"""", """"category"""": """"efficiency"""", """"description"""": """"Hybrid model reported about 40% more GPU memory"""", """"metric_terms"""": [ """"gpu memory"""", """"memory"""", """"vram"""", ], """"target_values"""": [40.0], """"tolerance"""": 2.0, }, { """"claim_id"""": """"C45_SYNTHETIC_N_500"""", """"section"""": """"4.3"""","",False","C47_MEMORY_20_30_PERCENT,4.3,efficiency,Lightweight GPU-memory reduction reported as 20-30%,30.0,30.0,30.0,New_Code\01_audit_existing_results.py,01_audit_existing_results.py,"", """"metric_terms"""": [ """"gpu memory"""", """"memory"""", """"peak_memory"""", """"vram"""", ], """"target_values"""": [20.0, 25.0, 30.0], """"tolerance"""": 2.0, }, { """"claim_id"""": """"C47_HYBRID_MEMORY_40_PERCENT"""", """"section"""": """"Discussion"""", """"category"""": """"efficiency"""", """"description"""": """"Hybrid model reported about 40% more GPU memory"""", """"metric_terms"""": [ """"gpu memory"""", """"memory"""", """"vram"""","",False | C47_MEMORY_20_30_PERCENT,4.3,efficiency,Lightweight GPU-memory reduction reported as 20-30%,20.0,20.0,20.0,New_Code\01_audit_existing_results.py,01_audit_existing_results.py,""lues"""": [20.0, 25.0, 30.0], """"tolerance"""": 2.0, }, { """"claim_id"""": """"C47_HYBRID_MEMORY_40_PERCENT"""", """"section"""": """"Discussion"""", """"category"""": """"efficiency"""", """"description"""": """"Hybrid model reported about 40% more GPU memory"""", """"metric_terms"""": [ """"gpu memory"""", """"memory"""", """"vram"""", ], """"target_values"""": [40.0], """"tolerance"""": 2.0, }, { """"claim_id"""": """"C45_SYNTHETIC_N_500"""", """"section"""": """"4.3"""","",False | C47_MEMORY_20_30_PERCENT,4.3,efficiency,Lightweight GPU-memory reduction reported as 20-30%,25.0,25.0,25.0,New_Code\01_audit_existing_results.py,01_audit_existing_results.py,""lues"""": [20.0, 25.0, 30.0], """"tolerance"""": 2.0, }, { """"claim_id"""": """"C47_HYBRID_MEMORY_40_PERCENT"""", """"section"""": """"Discussion"""", """"category"""": """"efficiency"""", """"description"""": """"Hybrid model reported about 40% more GPU memory"""", """"metric_terms"""": [ """"gpu memory"""", """"memory"""", """"vram"""", ], """"target_values"""": [40.0], """"tolerance"""": 2.0, }, { """"claim_id"""": """"C45_SYNTHETIC_N_500"""", """"section"""": """"4.3"""","",False | C47_MEMORY_20_30_PERCENT,4.3,efficiency,Lightweight GPU-memory reduction reported as 20-30%,30.0,30.0,30.0,New_Code\01_audit_existing_results.py,01_audit_existing_results.py,""lues"""": [20.0, 25.0, 30.0], """"tolerance"""": 2.0, }, { """"claim_id"""": """"C47_HYBRID_MEMORY_40_PERCENT"""", """"section"""": """"Discussion"""", """"category"""": """"efficiency"""", """"description"""": """"Hybrid model reported about 40% more GPU memory"""", """"metric_terms"""": [ """"gpu memory"""", """"memory"""", """"vram"""", ], """"target_values"""": [40.0], """"tolerance"""": 2.0, }, { """"claim_id"""": """"C45_SYNTHETIC_N_500"""", """"section"""": """"4.3"""","",False | C47_MEMORY_20_30_PERCENT,4.3,efficiency,Lightweight GPU-memory reduction reported as 20-30%,20.0,20.0,20,New_Code\01_audit_existing_results.py,01_audit_existing_results.py,""7_MEMORY_20_30_PERCENT"""", """"section"""": """"4.3"""", """"category"""": """"efficiency"""", """"description"""": """"Lightweight GPU-memory reduction reported as 20-30%"""", """"metric_terms"""": [ """"gpu memory"""", """"memory"""", """"peak_memory"""", """"vram"""", ], """"target_values"""": [20.0, 25.0, 30.0], """"tolerance"""": 2.0, }, { """"claim_id"""": """"C47_HYBRID_MEMORY_40_PERCENT"""", """"section"""": """"Discussion"""", """"category"""": """"efficiency"""", """"desc"",False"
outputs\revision_audit\claim_evidence_detailed.csv,463,0,"[""4.3"", ""20"", ""30"", ""30.0"", ""30.0"", ""30.0"", ""20.0"", ""25.0"", ""30.0"", ""2.0"", ""40"", ""40.0"", ""2.0"", ""4.3""]","C47_MEMORY_20_30_PERCENT,4.3,efficiency,Lightweight GPU-memory reduction reported as 20-30%,30.0,30.0,30.0,New_Code\01_audit_existing_results.py,01_audit_existing_results.py,""lues"""": [20.0, 25.0, 30.0], """"tolerance"""": 2.0, }, { """"claim_id"""": """"C47_HYBRID_MEMORY_40_PERCENT"""", """"section"""": """"Discussion"""", """"category"""": """"efficiency"""", """"description"""": """"Hybrid model reported about 40% more GPU memory"""", """"metric_terms"""": [ """"gpu memory"""", """"memory"""", """"vram"""", ], """"target_values"""": [40.0], """"tolerance"""": 2.0, }, { """"claim_id"""": """"C45_SYNTHETIC_N_500"""", """"section"""": """"4.3"""","",False","C47_MEMORY_20_30_PERCENT,4.3,efficiency,Lightweight GPU-memory reduction reported as 20-30%,20.0,20.0,20.0,New_Code\01_audit_existing_results.py,01_audit_existing_results.py,""lues"""": [20.0, 25.0, 30.0], """"tolerance"""": 2.0, }, { """"claim_id"""": """"C47_HYBRID_MEMORY_40_PERCENT"""", """"section"""": """"Discussion"""", """"category"""": """"efficiency"""", """"description"""": """"Hybrid model reported about 40% more GPU memory"""", """"metric_terms"""": [ """"gpu memory"""", """"memory"""", """"vram"""", ], """"target_values"""": [40.0], """"tolerance"""": 2.0, }, { """"claim_id"""": """"C45_SYNTHETIC_N_500"""", """"section"""": """"4.3"""","",False | C47_MEMORY_20_30_PERCENT,4.3,efficiency,Lightweight GPU-memory reduction reported as 20-30%,25.0,25.0,25.0,New_Code\01_audit_existing_results.py,01_audit_existing_results.py,""lues"""": [20.0, 25.0, 30.0], """"tolerance"""": 2.0, }, { """"claim_id"""": """"C47_HYBRID_MEMORY_40_PERCENT"""", """"section"""": """"Discussion"""", """"category"""": """"efficiency"""", """"description"""": """"Hybrid model reported about 40% more GPU memory"""", """"metric_terms"""": [ """"gpu memory"""", """"memory"""", """"vram"""", ], """"target_values"""": [40.0], """"tolerance"""": 2.0, }, { """"claim_id"""": """"C45_SYNTHETIC_N_500"""", """"section"""": """"4.3"""","",False | C47_MEMORY_20_30_PERCENT,4.3,efficiency,Lightweight GPU-memory reduction reported as 20-30%,30.0,30.0,30.0,New_Code\01_audit_existing_results.py,01_audit_existing_results.py,""lues"""": [20.0, 25.0, 30.0], """"tolerance"""": 2.0, }, { """"claim_id"""": """"C47_HYBRID_MEMORY_40_PERCENT"""", """"section"""": """"Discussion"""", """"category"""": """"efficiency"""", """"description"""": """"Hybrid model reported about 40% more GPU memory"""", """"metric_terms"""": [ """"gpu memory"""", """"memory"""", """"vram"""", ], """"target_values"""": [40.0], """"tolerance"""": 2.0, }, { """"claim_id"""": """"C45_SYNTHETIC_N_500"""", """"section"""": """"4.3"""","",False | C47_MEMORY_20_30_PERCENT,4.3,efficiency,Lightweight GPU-memory reduction reported as 20-30%,20.0,20.0,20,New_Code\01_audit_existing_results.py,01_audit_existing_results.py,""7_MEMORY_20_30_PERCENT"""", """"section"""": """"4.3"""", """"category"""": """"efficiency"""", """"description"""": """"Lightweight GPU-memory reduction reported as 20-30%"""", """"metric_terms"""": [ """"gpu memory"""", """"memory"""", """"peak_memory"""", """"vram"""", ], """"target_values"""": [20.0, 25.0, 30.0], """"tolerance"""": 2.0, }, { """"claim_id"""": """"C47_HYBRID_MEMORY_40_PERCENT"""", """"section"""": """"Discussion"""", """"category"""": """"efficiency"""", """"desc"",False | C47_MEMORY_20_30_PERCENT,4.3,efficiency,Lightweight GPU-memory reduction reported as 20-30%,30.0,30.0,30%,New_Code\01_audit_existing_results.py,01_audit_existing_results.py,""7_MEMORY_20_30_PERCENT"""", """"section"""": """"4.3"""", """"category"""": """"efficiency"""", """"description"""": """"Lightweight GPU-memory reduction reported as 20-30%"""", """"metric_terms"""": [ """"gpu memory"""", """"memory"""", """"peak_memory"""", """"vram"""", ], """"target_values"""": [20.0, 25.0, 30.0], """"tolerance"""": 2.0, }, { """"claim_id"""": """"C47_HYBRID_MEMORY_40_PERCENT"""", """"section"""": """"Discussion"""", """"category"""": """"efficiency"""", """"desc"",True"
outputs\revision_audit\claim_evidence_detailed.csv,464,0,"[""4.3"", ""20"", ""30"", ""20.0"", ""20.0"", ""20"", ""4.3"", ""20"", ""30"", ""20.0"", ""25.0"", ""30.0"", ""2.0""]","C47_MEMORY_20_30_PERCENT,4.3,efficiency,Lightweight GPU-memory reduction reported as 20-30%,20.0,20.0,20,New_Code\01_audit_existing_results.py,01_audit_existing_results.py,""7_MEMORY_20_30_PERCENT"""", """"section"""": """"4.3"""", """"category"""": """"efficiency"""", """"description"""": """"Lightweight GPU-memory reduction reported as 20-30%"""", """"metric_terms"""": [ """"gpu memory"""", """"memory"""", """"peak_memory"""", """"vram"""", ], """"target_values"""": [20.0, 25.0, 30.0], """"tolerance"""": 2.0, }, { """"claim_id"""": """"C47_HYBRID_MEMORY_40_PERCENT"""", """"section"""": """"Discussion"""", """"category"""": """"efficiency"""", """"desc"",False","C47_MEMORY_20_30_PERCENT,4.3,efficiency,Lightweight GPU-memory reduction reported as 20-30%,25.0,25.0,25.0,New_Code\01_audit_existing_results.py,01_audit_existing_results.py,""lues"""": [20.0, 25.0, 30.0], """"tolerance"""": 2.0, }, { """"claim_id"""": """"C47_HYBRID_MEMORY_40_PERCENT"""", """"section"""": """"Discussion"""", """"category"""": """"efficiency"""", """"description"""": """"Hybrid model reported about 40% more GPU memory"""", """"metric_terms"""": [ """"gpu memory"""", """"memory"""", """"vram"""", ], """"target_values"""": [40.0], """"tolerance"""": 2.0, }, { """"claim_id"""": """"C45_SYNTHETIC_N_500"""", """"section"""": """"4.3"""","",False | C47_MEMORY_20_30_PERCENT,4.3,efficiency,Lightweight GPU-memory reduction reported as 20-30%,30.0,30.0,30.0,New_Code\01_audit_existing_results.py,01_audit_existing_results.py,""lues"""": [20.0, 25.0, 30.0], """"tolerance"""": 2.0, }, { """"claim_id"""": """"C47_HYBRID_MEMORY_40_PERCENT"""", """"section"""": """"Discussion"""", """"category"""": """"efficiency"""", """"description"""": """"Hybrid model reported about 40% more GPU memory"""", """"metric_terms"""": [ """"gpu memory"""", """"memory"""", """"vram"""", ], """"target_values"""": [40.0], """"tolerance"""": 2.0, }, { """"claim_id"""": """"C45_SYNTHETIC_N_500"""", """"section"""": """"4.3"""","",False | C47_MEMORY_20_30_PERCENT,4.3,efficiency,Lightweight GPU-memory reduction reported as 20-30%,20.0,20.0,20,New_Code\01_audit_existing_results.py,01_audit_existing_results.py,""7_MEMORY_20_30_PERCENT"""", """"section"""": """"4.3"""", """"category"""": """"efficiency"""", """"description"""": """"Lightweight GPU-memory reduction reported as 20-30%"""", """"metric_terms"""": [ """"gpu memory"""", """"memory"""", """"peak_memory"""", """"vram"""", ], """"target_values"""": [20.0, 25.0, 30.0], """"tolerance"""": 2.0, }, { """"claim_id"""": """"C47_HYBRID_MEMORY_40_PERCENT"""", """"section"""": """"Discussion"""", """"category"""": """"efficiency"""", """"desc"",False | C47_MEMORY_20_30_PERCENT,4.3,efficiency,Lightweight GPU-memory reduction reported as 20-30%,30.0,30.0,30%,New_Code\01_audit_existing_results.py,01_audit_existing_results.py,""7_MEMORY_20_30_PERCENT"""", """"section"""": """"4.3"""", """"category"""": """"efficiency"""", """"description"""": """"Lightweight GPU-memory reduction reported as 20-30%"""", """"metric_terms"""": [ """"gpu memory"""", """"memory"""", """"peak_memory"""", """"vram"""", ], """"target_values"""": [20.0, 25.0, 30.0], """"tolerance"""": 2.0, }, { """"claim_id"""": """"C47_HYBRID_MEMORY_40_PERCENT"""", """"section"""": """"Discussion"""", """"category"""": """"efficiency"""", """"desc"",True | C47_MEMORY_20_30_PERCENT,4.3,efficiency,Lightweight GPU-memory reduction reported as 20-30%,20.0,20.0,20.0,New_Code\01_audit_existing_results.py,01_audit_existing_results.py,""7_MEMORY_20_30_PERCENT"""", """"section"""": """"4.3"""", """"category"""": """"efficiency"""", """"description"""": """"Lightweight GPU-memory reduction reported as 20-30%"""", """"metric_terms"""": [ """"gpu memory"""", """"memory"""", """"peak_memory"""", """"vram"""", ], """"target_values"""": [20.0, 25.0, 30.0], """"tolerance"""": 2.0, }, { """"claim_id"""": """"C47_HYBRID_MEMORY_40_PERCENT"""", """"section"""": """"Discussion"""", """"category"""": """"efficiency"""", """"desc"",False"
outputs\revision_audit\claim_evidence_detailed.csv,465,0,"[""4.3"", ""20"", ""30"", ""30.0"", ""30.0"", ""30"", ""4.3"", ""20"", ""30"", ""20.0"", ""25.0"", ""30.0"", ""2.0""]","C47_MEMORY_20_30_PERCENT,4.3,efficiency,Lightweight GPU-memory reduction reported as 20-30%,30.0,30.0,30%,New_Code\01_audit_existing_results.py,01_audit_existing_results.py,""7_MEMORY_20_30_PERCENT"""", """"section"""": """"4.3"""", """"category"""": """"efficiency"""", """"description"""": """"Lightweight GPU-memory reduction reported as 20-30%"""", """"metric_terms"""": [ """"gpu memory"""", """"memory"""", """"peak_memory"""", """"vram"""", ], """"target_values"""": [20.0, 25.0, 30.0], """"tolerance"""": 2.0, }, { """"claim_id"""": """"C47_HYBRID_MEMORY_40_PERCENT"""", """"section"""": """"Discussion"""", """"category"""": """"efficiency"""", """"desc"",True","C47_MEMORY_20_30_PERCENT,4.3,efficiency,Lightweight GPU-memory reduction reported as 20-30%,30.0,30.0,30.0,New_Code\01_audit_existing_results.py,01_audit_existing_results.py,""lues"""": [20.0, 25.0, 30.0], """"tolerance"""": 2.0, }, { """"claim_id"""": """"C47_HYBRID_MEMORY_40_PERCENT"""", """"section"""": """"Discussion"""", """"category"""": """"efficiency"""", """"description"""": """"Hybrid model reported about 40% more GPU memory"""", """"metric_terms"""": [ """"gpu memory"""", """"memory"""", """"vram"""", ], """"target_values"""": [40.0], """"tolerance"""": 2.0, }, { """"claim_id"""": """"C45_SYNTHETIC_N_500"""", """"section"""": """"4.3"""","",False | C47_MEMORY_20_30_PERCENT,4.3,efficiency,Lightweight GPU-memory reduction reported as 20-30%,20.0,20.0,20,New_Code\01_audit_existing_results.py,01_audit_existing_results.py,""7_MEMORY_20_30_PERCENT"""", """"section"""": """"4.3"""", """"category"""": """"efficiency"""", """"description"""": """"Lightweight GPU-memory reduction reported as 20-30%"""", """"metric_terms"""": [ """"gpu memory"""", """"memory"""", """"peak_memory"""", """"vram"""", ], """"target_values"""": [20.0, 25.0, 30.0], """"tolerance"""": 2.0, }, { """"claim_id"""": """"C47_HYBRID_MEMORY_40_PERCENT"""", """"section"""": """"Discussion"""", """"category"""": """"efficiency"""", """"desc"",False | C47_MEMORY_20_30_PERCENT,4.3,efficiency,Lightweight GPU-memory reduction reported as 20-30%,30.0,30.0,30%,New_Code\01_audit_existing_results.py,01_audit_existing_results.py,""7_MEMORY_20_30_PERCENT"""", """"section"""": """"4.3"""", """"category"""": """"efficiency"""", """"description"""": """"Lightweight GPU-memory reduction reported as 20-30%"""", """"metric_terms"""": [ """"gpu memory"""", """"memory"""", """"peak_memory"""", """"vram"""", ], """"target_values"""": [20.0, 25.0, 30.0], """"tolerance"""": 2.0, }, { """"claim_id"""": """"C47_HYBRID_MEMORY_40_PERCENT"""", """"section"""": """"Discussion"""", """"category"""": """"efficiency"""", """"desc"",True | C47_MEMORY_20_30_PERCENT,4.3,efficiency,Lightweight GPU-memory reduction reported as 20-30%,20.0,20.0,20.0,New_Code\01_audit_existing_results.py,01_audit_existing_results.py,""7_MEMORY_20_30_PERCENT"""", """"section"""": """"4.3"""", """"category"""": """"efficiency"""", """"description"""": """"Lightweight GPU-memory reduction reported as 20-30%"""", """"metric_terms"""": [ """"gpu memory"""", """"memory"""", """"peak_memory"""", """"vram"""", ], """"target_values"""": [20.0, 25.0, 30.0], """"tolerance"""": 2.0, }, { """"claim_id"""": """"C47_HYBRID_MEMORY_40_PERCENT"""", """"section"""": """"Discussion"""", """"category"""": """"efficiency"""", """"desc"",False | C47_MEMORY_20_30_PERCENT,4.3,efficiency,Lightweight GPU-memory reduction reported as 20-30%,25.0,25.0,25.0,New_Code\01_audit_existing_results.py,01_audit_existing_results.py,""7_MEMORY_20_30_PERCENT"""", """"section"""": """"4.3"""", """"category"""": """"efficiency"""", """"description"""": """"Lightweight GPU-memory reduction reported as 20-30%"""", """"metric_terms"""": [ """"gpu memory"""", """"memory"""", """"peak_memory"""", """"vram"""", ], """"target_values"""": [20.0, 25.0, 30.0], """"tolerance"""": 2.0, }, { """"claim_id"""": """"C47_HYBRID_MEMORY_40_PERCENT"""", """"section"""": """"Discussion"""", """"category"""": """"efficiency"""", """"desc"",False"
outputs\revision_audit\claim_evidence_detailed.csv,466,0,"[""4.3"", ""20"", ""30"", ""20.0"", ""20.0"", ""20.0"", ""4.3"", ""20"", ""30"", ""20.0"", ""25.0"", ""30.0"", ""2.0""]","C47_MEMORY_20_30_PERCENT,4.3,efficiency,Lightweight GPU-memory reduction reported as 20-30%,20.0,20.0,20.0,New_Code\01_audit_existing_results.py,01_audit_existing_results.py,""7_MEMORY_20_30_PERCENT"""", """"section"""": """"4.3"""", """"category"""": """"efficiency"""", """"description"""": """"Lightweight GPU-memory reduction reported as 20-30%"""", """"metric_terms"""": [ """"gpu memory"""", """"memory"""", """"peak_memory"""", """"vram"""", ], """"target_values"""": [20.0, 25.0, 30.0], """"tolerance"""": 2.0, }, { """"claim_id"""": """"C47_HYBRID_MEMORY_40_PERCENT"""", """"section"""": """"Discussion"""", """"category"""": """"efficiency"""", """"desc"",False","C47_MEMORY_20_30_PERCENT,4.3,efficiency,Lightweight GPU-memory reduction reported as 20-30%,20.0,20.0,20,New_Code\01_audit_existing_results.py,01_audit_existing_results.py,""7_MEMORY_20_30_PERCENT"""", """"section"""": """"4.3"""", """"category"""": """"efficiency"""", """"description"""": """"Lightweight GPU-memory reduction reported as 20-30%"""", """"metric_terms"""": [ """"gpu memory"""", """"memory"""", """"peak_memory"""", """"vram"""", ], """"target_values"""": [20.0, 25.0, 30.0], """"tolerance"""": 2.0, }, { """"claim_id"""": """"C47_HYBRID_MEMORY_40_PERCENT"""", """"section"""": """"Discussion"""", """"category"""": """"efficiency"""", """"desc"",False | C47_MEMORY_20_30_PERCENT,4.3,efficiency,Lightweight GPU-memory reduction reported as 20-30%,30.0,30.0,30%,New_Code\01_audit_existing_results.py,01_audit_existing_results.py,""7_MEMORY_20_30_PERCENT"""", """"section"""": """"4.3"""", """"category"""": """"efficiency"""", """"description"""": """"Lightweight GPU-memory reduction reported as 20-30%"""", """"metric_terms"""": [ """"gpu memory"""", """"memory"""", """"peak_memory"""", """"vram"""", ], """"target_values"""": [20.0, 25.0, 30.0], """"tolerance"""": 2.0, }, { """"claim_id"""": """"C47_HYBRID_MEMORY_40_PERCENT"""", """"section"""": """"Discussion"""", """"category"""": """"efficiency"""", """"desc"",True | C47_MEMORY_20_30_PERCENT,4.3,efficiency,Lightweight GPU-memory reduction reported as 20-30%,20.0,20.0,20.0,New_Code\01_audit_existing_results.py,01_audit_existing_results.py,""7_MEMORY_20_30_PERCENT"""", """"section"""": """"4.3"""", """"category"""": """"efficiency"""", """"description"""": """"Lightweight GPU-memory reduction reported as 20-30%"""", """"metric_terms"""": [ """"gpu memory"""", """"memory"""", """"peak_memory"""", """"vram"""", ], """"target_values"""": [20.0, 25.0, 30.0], """"tolerance"""": 2.0, }, { """"claim_id"""": """"C47_HYBRID_MEMORY_40_PERCENT"""", """"section"""": """"Discussion"""", """"category"""": """"efficiency"""", """"desc"",False | C47_MEMORY_20_30_PERCENT,4.3,efficiency,Lightweight GPU-memory reduction reported as 20-30%,25.0,25.0,25.0,New_Code\01_audit_existing_results.py,01_audit_existing_results.py,""7_MEMORY_20_30_PERCENT"""", """"section"""": """"4.3"""", """"category"""": """"efficiency"""", """"description"""": """"Lightweight GPU-memory reduction reported as 20-30%"""", """"metric_terms"""": [ """"gpu memory"""", """"memory"""", """"peak_memory"""", """"vram"""", ], """"target_values"""": [20.0, 25.0, 30.0], """"tolerance"""": 2.0, }, { """"claim_id"""": """"C47_HYBRID_MEMORY_40_PERCENT"""", """"section"""": """"Discussion"""", """"category"""": """"efficiency"""", """"desc"",False | C47_MEMORY_20_30_PERCENT,4.3,efficiency,Lightweight GPU-memory reduction reported as 20-30%,30.0,30.0,30.0,New_Code\01_audit_existing_results.py,01_audit_existing_results.py,""7_MEMORY_20_30_PERCENT"""", """"section"""": """"4.3"""", """"category"""": """"efficiency"""", """"description"""": """"Lightweight GPU-memory reduction reported as 20-30%"""", """"metric_terms"""": [ """"gpu memory"""", """"memory"""", """"peak_memory"""", """"vram"""", ], """"target_values"""": [20.0, 25.0, 30.0], """"tolerance"""": 2.0, }, { """"claim_id"""": """"C47_HYBRID_MEMORY_40_PERCENT"""", """"section"""": """"Discussion"""", """"category"""": """"efficiency"""", """"desc"",False"
outputs\revision_audit\claim_evidence_detailed.csv,467,0,"[""4.3"", ""20"", ""30"", ""25.0"", ""25.0"", ""25.0"", ""4.3"", ""20"", ""30"", ""20.0"", ""25.0"", ""30.0"", ""2.0""]","C47_MEMORY_20_30_PERCENT,4.3,efficiency,Lightweight GPU-memory reduction reported as 20-30%,25.0,25.0,25.0,New_Code\01_audit_existing_results.py,01_audit_existing_results.py,""7_MEMORY_20_30_PERCENT"""", """"section"""": """"4.3"""", """"category"""": """"efficiency"""", """"description"""": """"Lightweight GPU-memory reduction reported as 20-30%"""", """"metric_terms"""": [ """"gpu memory"""", """"memory"""", """"peak_memory"""", """"vram"""", ], """"target_values"""": [20.0, 25.0, 30.0], """"tolerance"""": 2.0, }, { """"claim_id"""": """"C47_HYBRID_MEMORY_40_PERCENT"""", """"section"""": """"Discussion"""", """"category"""": """"efficiency"""", """"desc"",False","C47_MEMORY_20_30_PERCENT,4.3,efficiency,Lightweight GPU-memory reduction reported as 20-30%,30.0,30.0,30%,New_Code\01_audit_existing_results.py,01_audit_existing_results.py,""7_MEMORY_20_30_PERCENT"""", """"section"""": """"4.3"""", """"category"""": """"efficiency"""", """"description"""": """"Lightweight GPU-memory reduction reported as 20-30%"""", """"metric_terms"""": [ """"gpu memory"""", """"memory"""", """"peak_memory"""", """"vram"""", ], """"target_values"""": [20.0, 25.0, 30.0], """"tolerance"""": 2.0, }, { """"claim_id"""": """"C47_HYBRID_MEMORY_40_PERCENT"""", """"section"""": """"Discussion"""", """"category"""": """"efficiency"""", """"desc"",True | C47_MEMORY_20_30_PERCENT,4.3,efficiency,Lightweight GPU-memory reduction reported as 20-30%,20.0,20.0,20.0,New_Code\01_audit_existing_results.py,01_audit_existing_results.py,""7_MEMORY_20_30_PERCENT"""", """"section"""": """"4.3"""", """"category"""": """"efficiency"""", """"description"""": """"Lightweight GPU-memory reduction reported as 20-30%"""", """"metric_terms"""": [ """"gpu memory"""", """"memory"""", """"peak_memory"""", """"vram"""", ], """"target_values"""": [20.0, 25.0, 30.0], """"tolerance"""": 2.0, }, { """"claim_id"""": """"C47_HYBRID_MEMORY_40_PERCENT"""", """"section"""": """"Discussion"""", """"category"""": """"efficiency"""", """"desc"",False | C47_MEMORY_20_30_PERCENT,4.3,efficiency,Lightweight GPU-memory reduction reported as 20-30%,25.0,25.0,25.0,New_Code\01_audit_existing_results.py,01_audit_existing_results.py,""7_MEMORY_20_30_PERCENT"""", """"section"""": """"4.3"""", """"category"""": """"efficiency"""", """"description"""": """"Lightweight GPU-memory reduction reported as 20-30%"""", """"metric_terms"""": [ """"gpu memory"""", """"memory"""", """"peak_memory"""", """"vram"""", ], """"target_values"""": [20.0, 25.0, 30.0], """"tolerance"""": 2.0, }, { """"claim_id"""": """"C47_HYBRID_MEMORY_40_PERCENT"""", """"section"""": """"Discussion"""", """"category"""": """"efficiency"""", """"desc"",False | C47_MEMORY_20_30_PERCENT,4.3,efficiency,Lightweight GPU-memory reduction reported as 20-30%,30.0,30.0,30.0,New_Code\01_audit_existing_results.py,01_audit_existing_results.py,""7_MEMORY_20_30_PERCENT"""", """"section"""": """"4.3"""", """"category"""": """"efficiency"""", """"description"""": """"Lightweight GPU-memory reduction reported as 20-30%"""", """"metric_terms"""": [ """"gpu memory"""", """"memory"""", """"peak_memory"""", """"vram"""", ], """"target_values"""": [20.0, 25.0, 30.0], """"tolerance"""": 2.0, }, { """"claim_id"""": """"C47_HYBRID_MEMORY_40_PERCENT"""", """"section"""": """"Discussion"""", """"category"""": """"efficiency"""", """"desc"",False | C47_MEMORY_20_30_PERCENT,4.3,efficiency,Lightweight GPU-memory reduction reported as 20-30%,20.0,20.0,20,New_Code\01_audit_existing_results.py,01_audit_existing_results.py,""""""section"""": """"4.3"""", """"category"""": """"efficiency"""", """"description"""": """"Lightweight GPU-memory reduction reported as 20-30%"""", """"metric_terms"""": [ """"gpu memory"""", """"memory"""", """"peak_memory"""", """"vram"""", ], """"target_values"""": [20.0, 25.0, 30.0], """"tolerance"""": 2.0, }, { """"claim_id"""": """"C47_HYBRID_MEMORY_40_PERCENT"""", """"section"""": """"Discussion"""", """"category"""": """"efficiency"""", """"description"""": """"Hybrid mo"",False"
outputs\revision_audit\claim_evidence_detailed.csv,468,0,"[""4.3"", ""20"", ""30"", ""30.0"", ""30.0"", ""30.0"", ""4.3"", ""20"", ""30"", ""20.0"", ""25.0"", ""30.0"", ""2.0""]","C47_MEMORY_20_30_PERCENT,4.3,efficiency,Lightweight GPU-memory reduction reported as 20-30%,30.0,30.0,30.0,New_Code\01_audit_existing_results.py,01_audit_existing_results.py,""7_MEMORY_20_30_PERCENT"""", """"section"""": """"4.3"""", """"category"""": """"efficiency"""", """"description"""": """"Lightweight GPU-memory reduction reported as 20-30%"""", """"metric_terms"""": [ """"gpu memory"""", """"memory"""", """"peak_memory"""", """"vram"""", ], """"target_values"""": [20.0, 25.0, 30.0], """"tolerance"""": 2.0, }, { """"claim_id"""": """"C47_HYBRID_MEMORY_40_PERCENT"""", """"section"""": """"Discussion"""", """"category"""": """"efficiency"""", """"desc"",False","C47_MEMORY_20_30_PERCENT,4.3,efficiency,Lightweight GPU-memory reduction reported as 20-30%,20.0,20.0,20.0,New_Code\01_audit_existing_results.py,01_audit_existing_results.py,""7_MEMORY_20_30_PERCENT"""", """"section"""": """"4.3"""", """"category"""": """"efficiency"""", """"description"""": """"Lightweight GPU-memory reduction reported as 20-30%"""", """"metric_terms"""": [ """"gpu memory"""", """"memory"""", """"peak_memory"""", """"vram"""", ], """"target_values"""": [20.0, 25.0, 30.0], """"tolerance"""": 2.0, }, { """"claim_id"""": """"C47_HYBRID_MEMORY_40_PERCENT"""", """"section"""": """"Discussion"""", """"category"""": """"efficiency"""", """"desc"",False | C47_MEMORY_20_30_PERCENT,4.3,efficiency,Lightweight GPU-memory reduction reported as 20-30%,25.0,25.0,25.0,New_Code\01_audit_existing_results.py,01_audit_existing_results.py,""7_MEMORY_20_30_PERCENT"""", """"section"""": """"4.3"""", """"category"""": """"efficiency"""", """"description"""": """"Lightweight GPU-memory reduction reported as 20-30%"""", """"metric_terms"""": [ """"gpu memory"""", """"memory"""", """"peak_memory"""", """"vram"""", ], """"target_values"""": [20.0, 25.0, 30.0], """"tolerance"""": 2.0, }, { """"claim_id"""": """"C47_HYBRID_MEMORY_40_PERCENT"""", """"section"""": """"Discussion"""", """"category"""": """"efficiency"""", """"desc"",False | C47_MEMORY_20_30_PERCENT,4.3,efficiency,Lightweight GPU-memory reduction reported as 20-30%,30.0,30.0,30.0,New_Code\01_audit_existing_results.py,01_audit_existing_results.py,""7_MEMORY_20_30_PERCENT"""", """"section"""": """"4.3"""", """"category"""": """"efficiency"""", """"description"""": """"Lightweight GPU-memory reduction reported as 20-30%"""", """"metric_terms"""": [ """"gpu memory"""", """"memory"""", """"peak_memory"""", """"vram"""", ], """"target_values"""": [20.0, 25.0, 30.0], """"tolerance"""": 2.0, }, { """"claim_id"""": """"C47_HYBRID_MEMORY_40_PERCENT"""", """"section"""": """"Discussion"""", """"category"""": """"efficiency"""", """"desc"",False | C47_MEMORY_20_30_PERCENT,4.3,efficiency,Lightweight GPU-memory reduction reported as 20-30%,20.0,20.0,20,New_Code\01_audit_existing_results.py,01_audit_existing_results.py,""""""section"""": """"4.3"""", """"category"""": """"efficiency"""", """"description"""": """"Lightweight GPU-memory reduction reported as 20-30%"""", """"metric_terms"""": [ """"gpu memory"""", """"memory"""", """"peak_memory"""", """"vram"""", ], """"target_values"""": [20.0, 25.0, 30.0], """"tolerance"""": 2.0, }, { """"claim_id"""": """"C47_HYBRID_MEMORY_40_PERCENT"""", """"section"""": """"Discussion"""", """"category"""": """"efficiency"""", """"description"""": """"Hybrid mo"",False | C47_MEMORY_20_30_PERCENT,4.3,efficiency,Lightweight GPU-memory reduction reported as 20-30%,30.0,30.0,30%,New_Code\01_audit_existing_results.py,01_audit_existing_results.py,""""""section"""": """"4.3"""", """"category"""": """"efficiency"""", """"description"""": """"Lightweight GPU-memory reduction reported as 20-30%"""", """"metric_terms"""": [ """"gpu memory"""", """"memory"""", """"peak_memory"""", """"vram"""", ], """"target_values"""": [20.0, 25.0, 30.0], """"tolerance"""": 2.0, }, { """"claim_id"""": """"C47_HYBRID_MEMORY_40_PERCENT"""", """"section"""": """"Discussion"""", """"category"""": """"efficiency"""", """"description"""": """"Hybrid mo"",True"
outputs\revision_audit\claim_evidence_detailed.csv,469,0,"[""4.3"", ""20"", ""30"", ""20.0"", ""20.0"", ""20"", ""4.3"", ""20"", ""30"", ""20.0"", ""25.0"", ""30.0"", ""2.0""]","C47_MEMORY_20_30_PERCENT,4.3,efficiency,Lightweight GPU-memory reduction reported as 20-30%,20.0,20.0,20,New_Code\01_audit_existing_results.py,01_audit_existing_results.py,""""""section"""": """"4.3"""", """"category"""": """"efficiency"""", """"description"""": """"Lightweight GPU-memory reduction reported as 20-30%"""", """"metric_terms"""": [ """"gpu memory"""", """"memory"""", """"peak_memory"""", """"vram"""", ], """"target_values"""": [20.0, 25.0, 30.0], """"tolerance"""": 2.0, }, { """"claim_id"""": """"C47_HYBRID_MEMORY_40_PERCENT"""", """"section"""": """"Discussion"""", """"category"""": """"efficiency"""", """"description"""": """"Hybrid mo"",False","C47_MEMORY_20_30_PERCENT,4.3,efficiency,Lightweight GPU-memory reduction reported as 20-30%,25.0,25.0,25.0,New_Code\01_audit_existing_results.py,01_audit_existing_results.py,""7_MEMORY_20_30_PERCENT"""", """"section"""": """"4.3"""", """"category"""": """"efficiency"""", """"description"""": """"Lightweight GPU-memory reduction reported as 20-30%"""", """"metric_terms"""": [ """"gpu memory"""", """"memory"""", """"peak_memory"""", """"vram"""", ], """"target_values"""": [20.0, 25.0, 30.0], """"tolerance"""": 2.0, }, { """"claim_id"""": """"C47_HYBRID_MEMORY_40_PERCENT"""", """"section"""": """"Discussion"""", """"category"""": """"efficiency"""", """"desc"",False | C47_MEMORY_20_30_PERCENT,4.3,efficiency,Lightweight GPU-memory reduction reported as 20-30%,30.0,30.0,30.0,New_Code\01_audit_existing_results.py,01_audit_existing_results.py,""7_MEMORY_20_30_PERCENT"""", """"section"""": """"4.3"""", """"category"""": """"efficiency"""", """"description"""": """"Lightweight GPU-memory reduction reported as 20-30%"""", """"metric_terms"""": [ """"gpu memory"""", """"memory"""", """"peak_memory"""", """"vram"""", ], """"target_values"""": [20.0, 25.0, 30.0], """"tolerance"""": 2.0, }, { """"claim_id"""": """"C47_HYBRID_MEMORY_40_PERCENT"""", """"section"""": """"Discussion"""", """"category"""": """"efficiency"""", """"desc"",False | C47_MEMORY_20_30_PERCENT,4.3,efficiency,Lightweight GPU-memory reduction reported as 20-30%,20.0,20.0,20,New_Code\01_audit_existing_results.py,01_audit_existing_results.py,""""""section"""": """"4.3"""", """"category"""": """"efficiency"""", """"description"""": """"Lightweight GPU-memory reduction reported as 20-30%"""", """"metric_terms"""": [ """"gpu memory"""", """"memory"""", """"peak_memory"""", """"vram"""", ], """"target_values"""": [20.0, 25.0, 30.0], """"tolerance"""": 2.0, }, { """"claim_id"""": """"C47_HYBRID_MEMORY_40_PERCENT"""", """"section"""": """"Discussion"""", """"category"""": """"efficiency"""", """"description"""": """"Hybrid mo"",False | C47_MEMORY_20_30_PERCENT,4.3,efficiency,Lightweight GPU-memory reduction reported as 20-30%,30.0,30.0,30%,New_Code\01_audit_existing_results.py,01_audit_existing_results.py,""""""section"""": """"4.3"""", """"category"""": """"efficiency"""", """"description"""": """"Lightweight GPU-memory reduction reported as 20-30%"""", """"metric_terms"""": [ """"gpu memory"""", """"memory"""", """"peak_memory"""", """"vram"""", ], """"target_values"""": [20.0, 25.0, 30.0], """"tolerance"""": 2.0, }, { """"claim_id"""": """"C47_HYBRID_MEMORY_40_PERCENT"""", """"section"""": """"Discussion"""", """"category"""": """"efficiency"""", """"description"""": """"Hybrid mo"",True | C47_MEMORY_20_30_PERCENT,4.3,efficiency,Lightweight GPU-memory reduction reported as 20-30%,20.0,20.0,20.0,New_Code\01_audit_existing_results.py,01_audit_existing_results.py,""""""section"""": """"4.3"""", """"category"""": """"efficiency"""", """"description"""": """"Lightweight GPU-memory reduction reported as 20-30%"""", """"metric_terms"""": [ """"gpu memory"""", """"memory"""", """"peak_memory"""", """"vram"""", ], """"target_values"""": [20.0, 25.0, 30.0], """"tolerance"""": 2.0, }, { """"claim_id"""": """"C47_HYBRID_MEMORY_40_PERCENT"""", """"section"""": """"Discussion"""", """"category"""": """"efficiency"""", """"description"""": """"Hybrid mo"",False"
outputs\revision_audit\claim_evidence_detailed.csv,470,0,"[""4.3"", ""20"", ""30"", ""30.0"", ""30.0"", ""30"", ""4.3"", ""20"", ""30"", ""20.0"", ""25.0"", ""30.0"", ""2.0""]","C47_MEMORY_20_30_PERCENT,4.3,efficiency,Lightweight GPU-memory reduction reported as 20-30%,30.0,30.0,30%,New_Code\01_audit_existing_results.py,01_audit_existing_results.py,""""""section"""": """"4.3"""", """"category"""": """"efficiency"""", """"description"""": """"Lightweight GPU-memory reduction reported as 20-30%"""", """"metric_terms"""": [ """"gpu memory"""", """"memory"""", """"peak_memory"""", """"vram"""", ], """"target_values"""": [20.0, 25.0, 30.0], """"tolerance"""": 2.0, }, { """"claim_id"""": """"C47_HYBRID_MEMORY_40_PERCENT"""", """"section"""": """"Discussion"""", """"category"""": """"efficiency"""", """"description"""": """"Hybrid mo"",True","C47_MEMORY_20_30_PERCENT,4.3,efficiency,Lightweight GPU-memory reduction reported as 20-30%,30.0,30.0,30.0,New_Code\01_audit_existing_results.py,01_audit_existing_results.py,""7_MEMORY_20_30_PERCENT"""", """"section"""": """"4.3"""", """"category"""": """"efficiency"""", """"description"""": """"Lightweight GPU-memory reduction reported as 20-30%"""", """"metric_terms"""": [ """"gpu memory"""", """"memory"""", """"peak_memory"""", """"vram"""", ], """"target_values"""": [20.0, 25.0, 30.0], """"tolerance"""": 2.0, }, { """"claim_id"""": """"C47_HYBRID_MEMORY_40_PERCENT"""", """"section"""": """"Discussion"""", """"category"""": """"efficiency"""", """"desc"",False | C47_MEMORY_20_30_PERCENT,4.3,efficiency,Lightweight GPU-memory reduction reported as 20-30%,20.0,20.0,20,New_Code\01_audit_existing_results.py,01_audit_existing_results.py,""""""section"""": """"4.3"""", """"category"""": """"efficiency"""", """"description"""": """"Lightweight GPU-memory reduction reported as 20-30%"""", """"metric_terms"""": [ """"gpu memory"""", """"memory"""", """"peak_memory"""", """"vram"""", ], """"target_values"""": [20.0, 25.0, 30.0], """"tolerance"""": 2.0, }, { """"claim_id"""": """"C47_HYBRID_MEMORY_40_PERCENT"""", """"section"""": """"Discussion"""", """"category"""": """"efficiency"""", """"description"""": """"Hybrid mo"",False | C47_MEMORY_20_30_PERCENT,4.3,efficiency,Lightweight GPU-memory reduction reported as 20-30%,30.0,30.0,30%,New_Code\01_audit_existing_results.py,01_audit_existing_results.py,""""""section"""": """"4.3"""", """"category"""": """"efficiency"""", """"description"""": """"Lightweight GPU-memory reduction reported as 20-30%"""", """"metric_terms"""": [ """"gpu memory"""", """"memory"""", """"peak_memory"""", """"vram"""", ], """"target_values"""": [20.0, 25.0, 30.0], """"tolerance"""": 2.0, }, { """"claim_id"""": """"C47_HYBRID_MEMORY_40_PERCENT"""", """"section"""": """"Discussion"""", """"category"""": """"efficiency"""", """"description"""": """"Hybrid mo"",True | C47_MEMORY_20_30_PERCENT,4.3,efficiency,Lightweight GPU-memory reduction reported as 20-30%,20.0,20.0,20.0,New_Code\01_audit_existing_results.py,01_audit_existing_results.py,""""""section"""": """"4.3"""", """"category"""": """"efficiency"""", """"description"""": """"Lightweight GPU-memory reduction reported as 20-30%"""", """"metric_terms"""": [ """"gpu memory"""", """"memory"""", """"peak_memory"""", """"vram"""", ], """"target_values"""": [20.0, 25.0, 30.0], """"tolerance"""": 2.0, }, { """"claim_id"""": """"C47_HYBRID_MEMORY_40_PERCENT"""", """"section"""": """"Discussion"""", """"category"""": """"efficiency"""", """"description"""": """"Hybrid mo"",False | C47_MEMORY_20_30_PERCENT,4.3,efficiency,Lightweight GPU-memory reduction reported as 20-30%,25.0,25.0,25.0,New_Code\01_audit_existing_results.py,01_audit_existing_results.py,""""""section"""": """"4.3"""", """"category"""": """"efficiency"""", """"description"""": """"Lightweight GPU-memory reduction reported as 20-30%"""", """"metric_terms"""": [ """"gpu memory"""", """"memory"""", """"peak_memory"""", """"vram"""", ], """"target_values"""": [20.0, 25.0, 30.0], """"tolerance"""": 2.0, }, { """"claim_id"""": """"C47_HYBRID_MEMORY_40_PERCENT"""", """"section"""": """"Discussion"""", """"category"""": """"efficiency"""", """"description"""": """"Hybrid mo"",False"
outputs\revision_audit\claim_evidence_detailed.csv,471,0,"[""4.3"", ""20"", ""30"", ""20.0"", ""20.0"", ""20.0"", ""4.3"", ""20"", ""30"", ""20.0"", ""25.0"", ""30.0"", ""2.0""]","C47_MEMORY_20_30_PERCENT,4.3,efficiency,Lightweight GPU-memory reduction reported as 20-30%,20.0,20.0,20.0,New_Code\01_audit_existing_results.py,01_audit_existing_results.py,""""""section"""": """"4.3"""", """"category"""": """"efficiency"""", """"description"""": """"Lightweight GPU-memory reduction reported as 20-30%"""", """"metric_terms"""": [ """"gpu memory"""", """"memory"""", """"peak_memory"""", """"vram"""", ], """"target_values"""": [20.0, 25.0, 30.0], """"tolerance"""": 2.0, }, { """"claim_id"""": """"C47_HYBRID_MEMORY_40_PERCENT"""", """"section"""": """"Discussion"""", """"category"""": """"efficiency"""", """"description"""": """"Hybrid mo"",False","C47_MEMORY_20_30_PERCENT,4.3,efficiency,Lightweight GPU-memory reduction reported as 20-30%,20.0,20.0,20,New_Code\01_audit_existing_results.py,01_audit_existing_results.py,""""""section"""": """"4.3"""", """"category"""": """"efficiency"""", """"description"""": """"Lightweight GPU-memory reduction reported as 20-30%"""", """"metric_terms"""": [ """"gpu memory"""", """"memory"""", """"peak_memory"""", """"vram"""", ], """"target_values"""": [20.0, 25.0, 30.0], """"tolerance"""": 2.0, }, { """"claim_id"""": """"C47_HYBRID_MEMORY_40_PERCENT"""", """"section"""": """"Discussion"""", """"category"""": """"efficiency"""", """"description"""": """"Hybrid mo"",False | C47_MEMORY_20_30_PERCENT,4.3,efficiency,Lightweight GPU-memory reduction reported as 20-30%,30.0,30.0,30%,New_Code\01_audit_existing_results.py,01_audit_existing_results.py,""""""section"""": """"4.3"""", """"category"""": """"efficiency"""", """"description"""": """"Lightweight GPU-memory reduction reported as 20-30%"""", """"metric_terms"""": [ """"gpu memory"""", """"memory"""", """"peak_memory"""", """"vram"""", ], """"target_values"""": [20.0, 25.0, 30.0], """"tolerance"""": 2.0, }, { """"claim_id"""": """"C47_HYBRID_MEMORY_40_PERCENT"""", """"section"""": """"Discussion"""", """"category"""": """"efficiency"""", """"description"""": """"Hybrid mo"",True | C47_MEMORY_20_30_PERCENT,4.3,efficiency,Lightweight GPU-memory reduction reported as 20-30%,20.0,20.0,20.0,New_Code\01_audit_existing_results.py,01_audit_existing_results.py,""""""section"""": """"4.3"""", """"category"""": """"efficiency"""", """"description"""": """"Lightweight GPU-memory reduction reported as 20-30%"""", """"metric_terms"""": [ """"gpu memory"""", """"memory"""", """"peak_memory"""", """"vram"""", ], """"target_values"""": [20.0, 25.0, 30.0], """"tolerance"""": 2.0, }, { """"claim_id"""": """"C47_HYBRID_MEMORY_40_PERCENT"""", """"section"""": """"Discussion"""", """"category"""": """"efficiency"""", """"description"""": """"Hybrid mo"",False | C47_MEMORY_20_30_PERCENT,4.3,efficiency,Lightweight GPU-memory reduction reported as 20-30%,25.0,25.0,25.0,New_Code\01_audit_existing_results.py,01_audit_existing_results.py,""""""section"""": """"4.3"""", """"category"""": """"efficiency"""", """"description"""": """"Lightweight GPU-memory reduction reported as 20-30%"""", """"metric_terms"""": [ """"gpu memory"""", """"memory"""", """"peak_memory"""", """"vram"""", ], """"target_values"""": [20.0, 25.0, 30.0], """"tolerance"""": 2.0, }, { """"claim_id"""": """"C47_HYBRID_MEMORY_40_PERCENT"""", """"section"""": """"Discussion"""", """"category"""": """"efficiency"""", """"description"""": """"Hybrid mo"",False | C47_MEMORY_20_30_PERCENT,4.3,efficiency,Lightweight GPU-memory reduction reported as 20-30%,30.0,30.0,30.0,New_Code\01_audit_existing_results.py,01_audit_existing_results.py,""""""section"""": """"4.3"""", """"category"""": """"efficiency"""", """"description"""": """"Lightweight GPU-memory reduction reported as 20-30%"""", """"metric_terms"""": [ """"gpu memory"""", """"memory"""", """"peak_memory"""", """"vram"""", ], """"target_values"""": [20.0, 25.0, 30.0], """"tolerance"""": 2.0, }, { """"claim_id"""": """"C47_HYBRID_MEMORY_40_PERCENT"""", """"section"""": """"Discussion"""", """"category"""": """"efficiency"""", """"description"""": """"Hybrid mo"",False"
outputs\revision_audit\claim_evidence_detailed.csv,472,0,"[""4.3"", ""20"", ""30"", ""25.0"", ""25.0"", ""25.0"", ""4.3"", ""20"", ""30"", ""20.0"", ""25.0"", ""30.0"", ""2.0""]","C47_MEMORY_20_30_PERCENT,4.3,efficiency,Lightweight GPU-memory reduction reported as 20-30%,25.0,25.0,25.0,New_Code\01_audit_existing_results.py,01_audit_existing_results.py,""""""section"""": """"4.3"""", """"category"""": """"efficiency"""", """"description"""": """"Lightweight GPU-memory reduction reported as 20-30%"""", """"metric_terms"""": [ """"gpu memory"""", """"memory"""", """"peak_memory"""", """"vram"""", ], """"target_values"""": [20.0, 25.0, 30.0], """"tolerance"""": 2.0, }, { """"claim_id"""": """"C47_HYBRID_MEMORY_40_PERCENT"""", """"section"""": """"Discussion"""", """"category"""": """"efficiency"""", """"description"""": """"Hybrid mo"",False","C47_MEMORY_20_30_PERCENT,4.3,efficiency,Lightweight GPU-memory reduction reported as 20-30%,30.0,30.0,30%,New_Code\01_audit_existing_results.py,01_audit_existing_results.py,""""""section"""": """"4.3"""", """"category"""": """"efficiency"""", """"description"""": """"Lightweight GPU-memory reduction reported as 20-30%"""", """"metric_terms"""": [ """"gpu memory"""", """"memory"""", """"peak_memory"""", """"vram"""", ], """"target_values"""": [20.0, 25.0, 30.0], """"tolerance"""": 2.0, }, { """"claim_id"""": """"C47_HYBRID_MEMORY_40_PERCENT"""", """"section"""": """"Discussion"""", """"category"""": """"efficiency"""", """"description"""": """"Hybrid mo"",True | C47_MEMORY_20_30_PERCENT,4.3,efficiency,Lightweight GPU-memory reduction reported as 20-30%,20.0,20.0,20.0,New_Code\01_audit_existing_results.py,01_audit_existing_results.py,""""""section"""": """"4.3"""", """"category"""": """"efficiency"""", """"description"""": """"Lightweight GPU-memory reduction reported as 20-30%"""", """"metric_terms"""": [ """"gpu memory"""", """"memory"""", """"peak_memory"""", """"vram"""", ], """"target_values"""": [20.0, 25.0, 30.0], """"tolerance"""": 2.0, }, { """"claim_id"""": """"C47_HYBRID_MEMORY_40_PERCENT"""", """"section"""": """"Discussion"""", """"category"""": """"efficiency"""", """"description"""": """"Hybrid mo"",False | C47_MEMORY_20_30_PERCENT,4.3,efficiency,Lightweight GPU-memory reduction reported as 20-30%,25.0,25.0,25.0,New_Code\01_audit_existing_results.py,01_audit_existing_results.py,""""""section"""": """"4.3"""", """"category"""": """"efficiency"""", """"description"""": """"Lightweight GPU-memory reduction reported as 20-30%"""", """"metric_terms"""": [ """"gpu memory"""", """"memory"""", """"peak_memory"""", """"vram"""", ], """"target_values"""": [20.0, 25.0, 30.0], """"tolerance"""": 2.0, }, { """"claim_id"""": """"C47_HYBRID_MEMORY_40_PERCENT"""", """"section"""": """"Discussion"""", """"category"""": """"efficiency"""", """"description"""": """"Hybrid mo"",False | C47_MEMORY_20_30_PERCENT,4.3,efficiency,Lightweight GPU-memory reduction reported as 20-30%,30.0,30.0,30.0,New_Code\01_audit_existing_results.py,01_audit_existing_results.py,""""""section"""": """"4.3"""", """"category"""": """"efficiency"""", """"description"""": """"Lightweight GPU-memory reduction reported as 20-30%"""", """"metric_terms"""": [ """"gpu memory"""", """"memory"""", """"peak_memory"""", """"vram"""", ], """"target_values"""": [20.0, 25.0, 30.0], """"tolerance"""": 2.0, }, { """"claim_id"""": """"C47_HYBRID_MEMORY_40_PERCENT"""", """"section"""": """"Discussion"""", """"category"""": """"efficiency"""", """"description"""": """"Hybrid mo"",False | C47_HYBRID_MEMORY_40_PERCENT,Discussion,efficiency,Hybrid model reported about 40% more GPU memory,40.0,40.0,40%,New_Code\01_audit_existing_results.py,01_audit_existing_results.py,""t_values"""": [20.0, 25.0, 30.0], """"tolerance"""": 2.0, }, { """"claim_id"""": """"C47_HYBRID_MEMORY_40_PERCENT"""", """"section"""": """"Discussion"""", """"category"""": """"efficiency"""", """"description"""": """"Hybrid model reported about 40% more GPU memory"""", """"metric_terms"""": [ """"gpu memory"""", """"memory"""", """"vram"""", ], """"target_values"""": [40.0], """"tolerance"""": 2.0, }, { """"claim_id"""": """"C45_SYNTHETIC_N_500"""", """"section"""": """"4.3"""","",True"
outputs\revision_audit\claim_evidence_detailed.csv,473,0,"[""4.3"", ""20"", ""30"", ""30.0"", ""30.0"", ""30.0"", ""4.3"", ""20"", ""30"", ""20.0"", ""25.0"", ""30.0"", ""2.0""]","C47_MEMORY_20_30_PERCENT,4.3,efficiency,Lightweight GPU-memory reduction reported as 20-30%,30.0,30.0,30.0,New_Code\01_audit_existing_results.py,01_audit_existing_results.py,""""""section"""": """"4.3"""", """"category"""": """"efficiency"""", """"description"""": """"Lightweight GPU-memory reduction reported as 20-30%"""", """"metric_terms"""": [ """"gpu memory"""", """"memory"""", """"peak_memory"""", """"vram"""", ], """"target_values"""": [20.0, 25.0, 30.0], """"tolerance"""": 2.0, }, { """"claim_id"""": """"C47_HYBRID_MEMORY_40_PERCENT"""", """"section"""": """"Discussion"""", """"category"""": """"efficiency"""", """"description"""": """"Hybrid mo"",False","C47_MEMORY_20_30_PERCENT,4.3,efficiency,Lightweight GPU-memory reduction reported as 20-30%,20.0,20.0,20.0,New_Code\01_audit_existing_results.py,01_audit_existing_results.py,""""""section"""": """"4.3"""", """"category"""": """"efficiency"""", """"description"""": """"Lightweight GPU-memory reduction reported as 20-30%"""", """"metric_terms"""": [ """"gpu memory"""", """"memory"""", """"peak_memory"""", """"vram"""", ], """"target_values"""": [20.0, 25.0, 30.0], """"tolerance"""": 2.0, }, { """"claim_id"""": """"C47_HYBRID_MEMORY_40_PERCENT"""", """"section"""": """"Discussion"""", """"category"""": """"efficiency"""", """"description"""": """"Hybrid mo"",False | C47_MEMORY_20_30_PERCENT,4.3,efficiency,Lightweight GPU-memory reduction reported as 20-30%,25.0,25.0,25.0,New_Code\01_audit_existing_results.py,01_audit_existing_results.py,""""""section"""": """"4.3"""", """"category"""": """"efficiency"""", """"description"""": """"Lightweight GPU-memory reduction reported as 20-30%"""", """"metric_terms"""": [ """"gpu memory"""", """"memory"""", """"peak_memory"""", """"vram"""", ], """"target_values"""": [20.0, 25.0, 30.0], """"tolerance"""": 2.0, }, { """"claim_id"""": """"C47_HYBRID_MEMORY_40_PERCENT"""", """"section"""": """"Discussion"""", """"category"""": """"efficiency"""", """"description"""": """"Hybrid mo"",False | C47_MEMORY_20_30_PERCENT,4.3,efficiency,Lightweight GPU-memory reduction reported as 20-30%,30.0,30.0,30.0,New_Code\01_audit_existing_results.py,01_audit_existing_results.py,""""""section"""": """"4.3"""", """"category"""": """"efficiency"""", """"description"""": """"Lightweight GPU-memory reduction reported as 20-30%"""", """"metric_terms"""": [ """"gpu memory"""", """"memory"""", """"peak_memory"""", """"vram"""", ], """"target_values"""": [20.0, 25.0, 30.0], """"tolerance"""": 2.0, }, { """"claim_id"""": """"C47_HYBRID_MEMORY_40_PERCENT"""", """"section"""": """"Discussion"""", """"category"""": """"efficiency"""", """"description"""": """"Hybrid mo"",False | C47_HYBRID_MEMORY_40_PERCENT,Discussion,efficiency,Hybrid model reported about 40% more GPU memory,40.0,40.0,40%,New_Code\01_audit_existing_results.py,01_audit_existing_results.py,""t_values"""": [20.0, 25.0, 30.0], """"tolerance"""": 2.0, }, { """"claim_id"""": """"C47_HYBRID_MEMORY_40_PERCENT"""", """"section"""": """"Discussion"""", """"category"""": """"efficiency"""", """"description"""": """"Hybrid model reported about 40% more GPU memory"""", """"metric_terms"""": [ """"gpu memory"""", """"memory"""", """"vram"""", ], """"target_values"""": [40.0], """"tolerance"""": 2.0, }, { """"claim_id"""": """"C45_SYNTHETIC_N_500"""", """"section"""": """"4.3"""","",True | C47_HYBRID_MEMORY_40_PERCENT,Discussion,efficiency,Hybrid model reported about 40% more GPU memory,40.0,40.0,40.0,New_Code\01_audit_existing_results.py,01_audit_existing_results.py,""t_values"""": [20.0, 25.0, 30.0], """"tolerance"""": 2.0, }, { """"claim_id"""": """"C47_HYBRID_MEMORY_40_PERCENT"""", """"section"""": """"Discussion"""", """"category"""": """"efficiency"""", """"description"""": """"Hybrid model reported about 40% more GPU memory"""", """"metric_terms"""": [ """"gpu memory"""", """"memory"""", """"vram"""", ], """"target_values"""": [40.0], """"tolerance"""": 2.0, }, { """"claim_id"""": """"C45_SYNTHETIC_N_500"""", """"section"""": """"4.3"""","",False"
outputs\revision_audit\claim_evidence_detailed.csv,474,0,"[""40"", ""40.0"", ""40.0"", ""40"", ""20.0"", ""25.0"", ""30.0"", ""2.0"", ""40"", ""40.0"", ""2.0"", ""4.3""]","C47_HYBRID_MEMORY_40_PERCENT,Discussion,efficiency,Hybrid model reported about 40% more GPU memory,40.0,40.0,40%,New_Code\01_audit_existing_results.py,01_audit_existing_results.py,""t_values"""": [20.0, 25.0, 30.0], """"tolerance"""": 2.0, }, { """"claim_id"""": """"C47_HYBRID_MEMORY_40_PERCENT"""", """"section"""": """"Discussion"""", """"category"""": """"efficiency"""", """"description"""": """"Hybrid model reported about 40% more GPU memory"""", """"metric_terms"""": [ """"gpu memory"""", """"memory"""", """"vram"""", ], """"target_values"""": [40.0], """"tolerance"""": 2.0, }, { """"claim_id"""": """"C45_SYNTHETIC_N_500"""", """"section"""": """"4.3"""","",True","C47_MEMORY_20_30_PERCENT,4.3,efficiency,Lightweight GPU-memory reduction reported as 20-30%,25.0,25.0,25.0,New_Code\01_audit_existing_results.py,01_audit_existing_results.py,""""""section"""": """"4.3"""", """"category"""": """"efficiency"""", """"description"""": """"Lightweight GPU-memory reduction reported as 20-30%"""", """"metric_terms"""": [ """"gpu memory"""", """"memory"""", """"peak_memory"""", """"vram"""", ], """"target_values"""": [20.0, 25.0, 30.0], """"tolerance"""": 2.0, }, { """"claim_id"""": """"C47_HYBRID_MEMORY_40_PERCENT"""", """"section"""": """"Discussion"""", """"category"""": """"efficiency"""", """"description"""": """"Hybrid mo"",False | C47_MEMORY_20_30_PERCENT,4.3,efficiency,Lightweight GPU-memory reduction reported as 20-30%,30.0,30.0,30.0,New_Code\01_audit_existing_results.py,01_audit_existing_results.py,""""""section"""": """"4.3"""", """"category"""": """"efficiency"""", """"description"""": """"Lightweight GPU-memory reduction reported as 20-30%"""", """"metric_terms"""": [ """"gpu memory"""", """"memory"""", """"peak_memory"""", """"vram"""", ], """"target_values"""": [20.0, 25.0, 30.0], """"tolerance"""": 2.0, }, { """"claim_id"""": """"C47_HYBRID_MEMORY_40_PERCENT"""", """"section"""": """"Discussion"""", """"category"""": """"efficiency"""", """"description"""": """"Hybrid mo"",False | C47_HYBRID_MEMORY_40_PERCENT,Discussion,efficiency,Hybrid model reported about 40% more GPU memory,40.0,40.0,40%,New_Code\01_audit_existing_results.py,01_audit_existing_results.py,""t_values"""": [20.0, 25.0, 30.0], """"tolerance"""": 2.0, }, { """"claim_id"""": """"C47_HYBRID_MEMORY_40_PERCENT"""", """"section"""": """"Discussion"""", """"category"""": """"efficiency"""", """"description"""": """"Hybrid model reported about 40% more GPU memory"""", """"metric_terms"""": [ """"gpu memory"""", """"memory"""", """"vram"""", ], """"target_values"""": [40.0], """"tolerance"""": 2.0, }, { """"claim_id"""": """"C45_SYNTHETIC_N_500"""", """"section"""": """"4.3"""","",True | C47_HYBRID_MEMORY_40_PERCENT,Discussion,efficiency,Hybrid model reported about 40% more GPU memory,40.0,40.0,40.0,New_Code\01_audit_existing_results.py,01_audit_existing_results.py,""t_values"""": [20.0, 25.0, 30.0], """"tolerance"""": 2.0, }, { """"claim_id"""": """"C47_HYBRID_MEMORY_40_PERCENT"""", """"section"""": """"Discussion"""", """"category"""": """"efficiency"""", """"description"""": """"Hybrid model reported about 40% more GPU memory"""", """"metric_terms"""": [ """"gpu memory"""", """"memory"""", """"vram"""", ], """"target_values"""": [40.0], """"tolerance"""": 2.0, }, { """"claim_id"""": """"C45_SYNTHETIC_N_500"""", """"section"""": """"4.3"""","",False | C47_HYBRID_MEMORY_40_PERCENT,Discussion,efficiency,Hybrid model reported about 40% more GPU memory,40.0,40.0,40%,New_Code\01_audit_existing_results.py,01_audit_existing_results.py,""2.0, }, { """"claim_id"""": """"C47_HYBRID_MEMORY_40_PERCENT"""", """"section"""": """"Discussion"""", """"category"""": """"efficiency"""", """"description"""": """"Hybrid model reported about 40% more GPU memory"""", """"metric_terms"""": [ """"gpu memory"""", """"memory"""", """"vram"""", ], """"target_values"""": [40.0], """"tolerance"""": 2.0, }, { """"claim_id"""": """"C45_SYNTHETIC_N_500"""", """"section"""": """"4.3"""", """"category"""": """"scalability"""", """"descript"",True"
outputs\revision_audit\claim_evidence_detailed.csv,475,0,"[""40"", ""40.0"", ""40.0"", ""40.0"", ""20.0"", ""25.0"", ""30.0"", ""2.0"", ""40"", ""40.0"", ""2.0"", ""4.3""]","C47_HYBRID_MEMORY_40_PERCENT,Discussion,efficiency,Hybrid model reported about 40% more GPU memory,40.0,40.0,40.0,New_Code\01_audit_existing_results.py,01_audit_existing_results.py,""t_values"""": [20.0, 25.0, 30.0], """"tolerance"""": 2.0, }, { """"claim_id"""": """"C47_HYBRID_MEMORY_40_PERCENT"""", """"section"""": """"Discussion"""", """"category"""": """"efficiency"""", """"description"""": """"Hybrid model reported about 40% more GPU memory"""", """"metric_terms"""": [ """"gpu memory"""", """"memory"""", """"vram"""", ], """"target_values"""": [40.0], """"tolerance"""": 2.0, }, { """"claim_id"""": """"C45_SYNTHETIC_N_500"""", """"section"""": """"4.3"""","",False","C47_MEMORY_20_30_PERCENT,4.3,efficiency,Lightweight GPU-memory reduction reported as 20-30%,30.0,30.0,30.0,New_Code\01_audit_existing_results.py,01_audit_existing_results.py,""""""section"""": """"4.3"""", """"category"""": """"efficiency"""", """"description"""": """"Lightweight GPU-memory reduction reported as 20-30%"""", """"metric_terms"""": [ """"gpu memory"""", """"memory"""", """"peak_memory"""", """"vram"""", ], """"target_values"""": [20.0, 25.0, 30.0], """"tolerance"""": 2.0, }, { """"claim_id"""": """"C47_HYBRID_MEMORY_40_PERCENT"""", """"section"""": """"Discussion"""", """"category"""": """"efficiency"""", """"description"""": """"Hybrid mo"",False | C47_HYBRID_MEMORY_40_PERCENT,Discussion,efficiency,Hybrid model reported about 40% more GPU memory,40.0,40.0,40%,New_Code\01_audit_existing_results.py,01_audit_existing_results.py,""t_values"""": [20.0, 25.0, 30.0], """"tolerance"""": 2.0, }, { """"claim_id"""": """"C47_HYBRID_MEMORY_40_PERCENT"""", """"section"""": """"Discussion"""", """"category"""": """"efficiency"""", """"description"""": """"Hybrid model reported about 40% more GPU memory"""", """"metric_terms"""": [ """"gpu memory"""", """"memory"""", """"vram"""", ], """"target_values"""": [40.0], """"tolerance"""": 2.0, }, { """"claim_id"""": """"C45_SYNTHETIC_N_500"""", """"section"""": """"4.3"""","",True | C47_HYBRID_MEMORY_40_PERCENT,Discussion,efficiency,Hybrid model reported about 40% more GPU memory,40.0,40.0,40.0,New_Code\01_audit_existing_results.py,01_audit_existing_results.py,""t_values"""": [20.0, 25.0, 30.0], """"tolerance"""": 2.0, }, { """"claim_id"""": """"C47_HYBRID_MEMORY_40_PERCENT"""", """"section"""": """"Discussion"""", """"category"""": """"efficiency"""", """"description"""": """"Hybrid model reported about 40% more GPU memory"""", """"metric_terms"""": [ """"gpu memory"""", """"memory"""", """"vram"""", ], """"target_values"""": [40.0], """"tolerance"""": 2.0, }, { """"claim_id"""": """"C45_SYNTHETIC_N_500"""", """"section"""": """"4.3"""","",False | C47_HYBRID_MEMORY_40_PERCENT,Discussion,efficiency,Hybrid model reported about 40% more GPU memory,40.0,40.0,40%,New_Code\01_audit_existing_results.py,01_audit_existing_results.py,""2.0, }, { """"claim_id"""": """"C47_HYBRID_MEMORY_40_PERCENT"""", """"section"""": """"Discussion"""", """"category"""": """"efficiency"""", """"description"""": """"Hybrid model reported about 40% more GPU memory"""", """"metric_terms"""": [ """"gpu memory"""", """"memory"""", """"vram"""", ], """"target_values"""": [40.0], """"tolerance"""": 2.0, }, { """"claim_id"""": """"C45_SYNTHETIC_N_500"""", """"section"""": """"4.3"""", """"category"""": """"scalability"""", """"descript"",True | C47_HYBRID_MEMORY_40_PERCENT,Discussion,efficiency,Hybrid model reported about 40% more GPU memory,40.0,40.0,40.0,New_Code\01_audit_existing_results.py,01_audit_existing_results.py,""2.0, }, { """"claim_id"""": """"C47_HYBRID_MEMORY_40_PERCENT"""", """"section"""": """"Discussion"""", """"category"""": """"efficiency"""", """"description"""": """"Hybrid model reported about 40% more GPU memory"""", """"metric_terms"""": [ """"gpu memory"""", """"memory"""", """"vram"""", ], """"target_values"""": [40.0], """"tolerance"""": 2.0, }, { """"claim_id"""": """"C45_SYNTHETIC_N_500"""", """"section"""": """"4.3"""", """"category"""": """"scalability"""", """"descript"",False"
outputs\revision_audit\claim_evidence_detailed.csv,476,0,"[""40"", ""40.0"", ""40.0"", ""40"", ""2.0"", ""40"", ""40.0"", ""2.0"", ""4.3""]","C47_HYBRID_MEMORY_40_PERCENT,Discussion,efficiency,Hybrid model reported about 40% more GPU memory,40.0,40.0,40%,New_Code\01_audit_existing_results.py,01_audit_existing_results.py,""2.0, }, { """"claim_id"""": """"C47_HYBRID_MEMORY_40_PERCENT"""", """"section"""": """"Discussion"""", """"category"""": """"efficiency"""", """"description"""": """"Hybrid model reported about 40% more GPU memory"""", """"metric_terms"""": [ """"gpu memory"""", """"memory"""", """"vram"""", ], """"target_values"""": [40.0], """"tolerance"""": 2.0, }, { """"claim_id"""": """"C45_SYNTHETIC_N_500"""", """"section"""": """"4.3"""", """"category"""": """"scalability"""", """"descript"",True","C47_HYBRID_MEMORY_40_PERCENT,Discussion,efficiency,Hybrid model reported about 40% more GPU memory,40.0,40.0,40%,New_Code\01_audit_existing_results.py,01_audit_existing_results.py,""t_values"""": [20.0, 25.0, 30.0], """"tolerance"""": 2.0, }, { """"claim_id"""": """"C47_HYBRID_MEMORY_40_PERCENT"""", """"section"""": """"Discussion"""", """"category"""": """"efficiency"""", """"description"""": """"Hybrid model reported about 40% more GPU memory"""", """"metric_terms"""": [ """"gpu memory"""", """"memory"""", """"vram"""", ], """"target_values"""": [40.0], """"tolerance"""": 2.0, }, { """"claim_id"""": """"C45_SYNTHETIC_N_500"""", """"section"""": """"4.3"""","",True | C47_HYBRID_MEMORY_40_PERCENT,Discussion,efficiency,Hybrid model reported about 40% more GPU memory,40.0,40.0,40.0,New_Code\01_audit_existing_results.py,01_audit_existing_results.py,""t_values"""": [20.0, 25.0, 30.0], """"tolerance"""": 2.0, }, { """"claim_id"""": """"C47_HYBRID_MEMORY_40_PERCENT"""", """"section"""": """"Discussion"""", """"category"""": """"efficiency"""", """"description"""": """"Hybrid model reported about 40% more GPU memory"""", """"metric_terms"""": [ """"gpu memory"""", """"memory"""", """"vram"""", ], """"target_values"""": [40.0], """"tolerance"""": 2.0, }, { """"claim_id"""": """"C45_SYNTHETIC_N_500"""", """"section"""": """"4.3"""","",False | C47_HYBRID_MEMORY_40_PERCENT,Discussion,efficiency,Hybrid model reported about 40% more GPU memory,40.0,40.0,40%,New_Code\01_audit_existing_results.py,01_audit_existing_results.py,""2.0, }, { """"claim_id"""": """"C47_HYBRID_MEMORY_40_PERCENT"""", """"section"""": """"Discussion"""", """"category"""": """"efficiency"""", """"description"""": """"Hybrid model reported about 40% more GPU memory"""", """"metric_terms"""": [ """"gpu memory"""", """"memory"""", """"vram"""", ], """"target_values"""": [40.0], """"tolerance"""": 2.0, }, { """"claim_id"""": """"C45_SYNTHETIC_N_500"""", """"section"""": """"4.3"""", """"category"""": """"scalability"""", """"descript"",True | C47_HYBRID_MEMORY_40_PERCENT,Discussion,efficiency,Hybrid model reported about 40% more GPU memory,40.0,40.0,40.0,New_Code\01_audit_existing_results.py,01_audit_existing_results.py,""2.0, }, { """"claim_id"""": """"C47_HYBRID_MEMORY_40_PERCENT"""", """"section"""": """"Discussion"""", """"category"""": """"efficiency"""", """"description"""": """"Hybrid model reported about 40% more GPU memory"""", """"metric_terms"""": [ """"gpu memory"""", """"memory"""", """"vram"""", ], """"target_values"""": [40.0], """"tolerance"""": 2.0, }, { """"claim_id"""": """"C45_SYNTHETIC_N_500"""", """"section"""": """"4.3"""", """"category"""": """"scalability"""", """"descript"",False | C47_HYBRID_MEMORY_40_PERCENT,Discussion,efficiency,Hybrid model reported about 40% more GPU memory,40.0,40.0,40%,New_Code\01_audit_existing_results.py,01_audit_existing_results.py,"", """"metric_terms"""": [ """"gpu memory"""", """"memory"""", """"peak_memory"""", """"vram"""", ], """"target_values"""": [20.0, 25.0, 30.0], """"tolerance"""": 2.0, }, { """"claim_id"""": """"C47_HYBRID_MEMORY_40_PERCENT"""", """"section"""": """"Discussion"""", """"category"""": """"efficiency"""", """"description"""": """"Hybrid model reported about 40% more GPU memory"""", """"metric_terms"""": [ """"gpu memory"""", """"memory"""", """"vram"""","",True"
outputs\revision_audit\claim_evidence_detailed.csv,477,0,"[""40"", ""40.0"", ""40.0"", ""40.0"", ""2.0"", ""40"", ""40.0"", ""2.0"", ""4.3""]","C47_HYBRID_MEMORY_40_PERCENT,Discussion,efficiency,Hybrid model reported about 40% more GPU memory,40.0,40.0,40.0,New_Code\01_audit_existing_results.py,01_audit_existing_results.py,""2.0, }, { """"claim_id"""": """"C47_HYBRID_MEMORY_40_PERCENT"""", """"section"""": """"Discussion"""", """"category"""": """"efficiency"""", """"description"""": """"Hybrid model reported about 40% more GPU memory"""", """"metric_terms"""": [ """"gpu memory"""", """"memory"""", """"vram"""", ], """"target_values"""": [40.0], """"tolerance"""": 2.0, }, { """"claim_id"""": """"C45_SYNTHETIC_N_500"""", """"section"""": """"4.3"""", """"category"""": """"scalability"""", """"descript"",False","C47_HYBRID_MEMORY_40_PERCENT,Discussion,efficiency,Hybrid model reported about 40% more GPU memory,40.0,40.0,40.0,New_Code\01_audit_existing_results.py,01_audit_existing_results.py,""t_values"""": [20.0, 25.0, 30.0], """"tolerance"""": 2.0, }, { """"claim_id"""": """"C47_HYBRID_MEMORY_40_PERCENT"""", """"section"""": """"Discussion"""", """"category"""": """"efficiency"""", """"description"""": """"Hybrid model reported about 40% more GPU memory"""", """"metric_terms"""": [ """"gpu memory"""", """"memory"""", """"vram"""", ], """"target_values"""": [40.0], """"tolerance"""": 2.0, }, { """"claim_id"""": """"C45_SYNTHETIC_N_500"""", """"section"""": """"4.3"""","",False | C47_HYBRID_MEMORY_40_PERCENT,Discussion,efficiency,Hybrid model reported about 40% more GPU memory,40.0,40.0,40%,New_Code\01_audit_existing_results.py,01_audit_existing_results.py,""2.0, }, { """"claim_id"""": """"C47_HYBRID_MEMORY_40_PERCENT"""", """"section"""": """"Discussion"""", """"category"""": """"efficiency"""", """"description"""": """"Hybrid model reported about 40% more GPU memory"""", """"metric_terms"""": [ """"gpu memory"""", """"memory"""", """"vram"""", ], """"target_values"""": [40.0], """"tolerance"""": 2.0, }, { """"claim_id"""": """"C45_SYNTHETIC_N_500"""", """"section"""": """"4.3"""", """"category"""": """"scalability"""", """"descript"",True | C47_HYBRID_MEMORY_40_PERCENT,Discussion,efficiency,Hybrid model reported about 40% more GPU memory,40.0,40.0,40.0,New_Code\01_audit_existing_results.py,01_audit_existing_results.py,""2.0, }, { """"claim_id"""": """"C47_HYBRID_MEMORY_40_PERCENT"""", """"section"""": """"Discussion"""", """"category"""": """"efficiency"""", """"description"""": """"Hybrid model reported about 40% more GPU memory"""", """"metric_terms"""": [ """"gpu memory"""", """"memory"""", """"vram"""", ], """"target_values"""": [40.0], """"tolerance"""": 2.0, }, { """"claim_id"""": """"C45_SYNTHETIC_N_500"""", """"section"""": """"4.3"""", """"category"""": """"scalability"""", """"descript"",False | C47_HYBRID_MEMORY_40_PERCENT,Discussion,efficiency,Hybrid model reported about 40% more GPU memory,40.0,40.0,40%,New_Code\01_audit_existing_results.py,01_audit_existing_results.py,"", """"metric_terms"""": [ """"gpu memory"""", """"memory"""", """"peak_memory"""", """"vram"""", ], """"target_values"""": [20.0, 25.0, 30.0], """"tolerance"""": 2.0, }, { """"claim_id"""": """"C47_HYBRID_MEMORY_40_PERCENT"""", """"section"""": """"Discussion"""", """"category"""": """"efficiency"""", """"description"""": """"Hybrid model reported about 40% more GPU memory"""", """"metric_terms"""": [ """"gpu memory"""", """"memory"""", """"vram"""","",True | C47_HYBRID_MEMORY_40_PERCENT,Discussion,efficiency,Hybrid model reported about 40% more GPU memory,40.0,40.0,40%,New_Code\01_audit_existing_results.py,01_audit_existing_results.py,""lues"""": [20.0, 25.0, 30.0], """"tolerance"""": 2.0, }, { """"claim_id"""": """"C47_HYBRID_MEMORY_40_PERCENT"""", """"section"""": """"Discussion"""", """"category"""": """"efficiency"""", """"description"""": """"Hybrid model reported about 40% more GPU memory"""", """"metric_terms"""": [ """"gpu memory"""", """"memory"""", """"vram"""", ], """"target_values"""": [40.0], """"tolerance"""": 2.0, }, { """"claim_id"""": """"C45_SYNTHETIC_N_500"""", """"section"""": """"4.3"""","",True"
outputs\revision_audit\claim_evidence_detailed.csv,478,0,"[""40"", ""40.0"", ""40.0"", ""40"", ""20.0"", ""25.0"", ""30.0"", ""2.0"", ""40""]","C47_HYBRID_MEMORY_40_PERCENT,Discussion,efficiency,Hybrid model reported about 40% more GPU memory,40.0,40.0,40%,New_Code\01_audit_existing_results.py,01_audit_existing_results.py,"", """"metric_terms"""": [ """"gpu memory"""", """"memory"""", """"peak_memory"""", """"vram"""", ], """"target_values"""": [20.0, 25.0, 30.0], """"tolerance"""": 2.0, }, { """"claim_id"""": """"C47_HYBRID_MEMORY_40_PERCENT"""", """"section"""": """"Discussion"""", """"category"""": """"efficiency"""", """"description"""": """"Hybrid model reported about 40% more GPU memory"""", """"metric_terms"""": [ """"gpu memory"""", """"memory"""", """"vram"""","",True","C47_HYBRID_MEMORY_40_PERCENT,Discussion,efficiency,Hybrid model reported about 40% more GPU memory,40.0,40.0,40%,New_Code\01_audit_existing_results.py,01_audit_existing_results.py,""2.0, }, { """"claim_id"""": """"C47_HYBRID_MEMORY_40_PERCENT"""", """"section"""": """"Discussion"""", """"category"""": """"efficiency"""", """"description"""": """"Hybrid model reported about 40% more GPU memory"""", """"metric_terms"""": [ """"gpu memory"""", """"memory"""", """"vram"""", ], """"target_values"""": [40.0], """"tolerance"""": 2.0, }, { """"claim_id"""": """"C45_SYNTHETIC_N_500"""", """"section"""": """"4.3"""", """"category"""": """"scalability"""", """"descript"",True | C47_HYBRID_MEMORY_40_PERCENT,Discussion,efficiency,Hybrid model reported about 40% more GPU memory,40.0,40.0,40.0,New_Code\01_audit_existing_results.py,01_audit_existing_results.py,""2.0, }, { """"claim_id"""": """"C47_HYBRID_MEMORY_40_PERCENT"""", """"section"""": """"Discussion"""", """"category"""": """"efficiency"""", """"description"""": """"Hybrid model reported about 40% more GPU memory"""", """"metric_terms"""": [ """"gpu memory"""", """"memory"""", """"vram"""", ], """"target_values"""": [40.0], """"tolerance"""": 2.0, }, { """"claim_id"""": """"C45_SYNTHETIC_N_500"""", """"section"""": """"4.3"""", """"category"""": """"scalability"""", """"descript"",False | C47_HYBRID_MEMORY_40_PERCENT,Discussion,efficiency,Hybrid model reported about 40% more GPU memory,40.0,40.0,40%,New_Code\01_audit_existing_results.py,01_audit_existing_results.py,"", """"metric_terms"""": [ """"gpu memory"""", """"memory"""", """"peak_memory"""", """"vram"""", ], """"target_values"""": [20.0, 25.0, 30.0], """"tolerance"""": 2.0, }, { """"claim_id"""": """"C47_HYBRID_MEMORY_40_PERCENT"""", """"section"""": """"Discussion"""", """"category"""": """"efficiency"""", """"description"""": """"Hybrid model reported about 40% more GPU memory"""", """"metric_terms"""": [ """"gpu memory"""", """"memory"""", """"vram"""","",True | C47_HYBRID_MEMORY_40_PERCENT,Discussion,efficiency,Hybrid model reported about 40% more GPU memory,40.0,40.0,40%,New_Code\01_audit_existing_results.py,01_audit_existing_results.py,""lues"""": [20.0, 25.0, 30.0], """"tolerance"""": 2.0, }, { """"claim_id"""": """"C47_HYBRID_MEMORY_40_PERCENT"""", """"section"""": """"Discussion"""", """"category"""": """"efficiency"""", """"description"""": """"Hybrid model reported about 40% more GPU memory"""", """"metric_terms"""": [ """"gpu memory"""", """"memory"""", """"vram"""", ], """"target_values"""": [40.0], """"tolerance"""": 2.0, }, { """"claim_id"""": """"C45_SYNTHETIC_N_500"""", """"section"""": """"4.3"""","",True | C47_HYBRID_MEMORY_40_PERCENT,Discussion,efficiency,Hybrid model reported about 40% more GPU memory,40.0,40.0,40.0,New_Code\01_audit_existing_results.py,01_audit_existing_results.py,""lues"""": [20.0, 25.0, 30.0], """"tolerance"""": 2.0, }, { """"claim_id"""": """"C47_HYBRID_MEMORY_40_PERCENT"""", """"section"""": """"Discussion"""", """"category"""": """"efficiency"""", """"description"""": """"Hybrid model reported about 40% more GPU memory"""", """"metric_terms"""": [ """"gpu memory"""", """"memory"""", """"vram"""", ], """"target_values"""": [40.0], """"tolerance"""": 2.0, }, { """"claim_id"""": """"C45_SYNTHETIC_N_500"""", """"section"""": """"4.3"""","",False"
outputs\revision_audit\claim_evidence_detailed.csv,479,0,"[""40"", ""40.0"", ""40.0"", ""40"", ""20.0"", ""25.0"", ""30.0"", ""2.0"", ""40"", ""40.0"", ""2.0"", ""4.3""]","C47_HYBRID_MEMORY_40_PERCENT,Discussion,efficiency,Hybrid model reported about 40% more GPU memory,40.0,40.0,40%,New_Code\01_audit_existing_results.py,01_audit_existing_results.py,""lues"""": [20.0, 25.0, 30.0], """"tolerance"""": 2.0, }, { """"claim_id"""": """"C47_HYBRID_MEMORY_40_PERCENT"""", """"section"""": """"Discussion"""", """"category"""": """"efficiency"""", """"description"""": """"Hybrid model reported about 40% more GPU memory"""", """"metric_terms"""": [ """"gpu memory"""", """"memory"""", """"vram"""", ], """"target_values"""": [40.0], """"tolerance"""": 2.0, }, { """"claim_id"""": """"C45_SYNTHETIC_N_500"""", """"section"""": """"4.3"""","",True","C47_HYBRID_MEMORY_40_PERCENT,Discussion,efficiency,Hybrid model reported about 40% more GPU memory,40.0,40.0,40.0,New_Code\01_audit_existing_results.py,01_audit_existing_results.py,""2.0, }, { """"claim_id"""": """"C47_HYBRID_MEMORY_40_PERCENT"""", """"section"""": """"Discussion"""", """"category"""": """"efficiency"""", """"description"""": """"Hybrid model reported about 40% more GPU memory"""", """"metric_terms"""": [ """"gpu memory"""", """"memory"""", """"vram"""", ], """"target_values"""": [40.0], """"tolerance"""": 2.0, }, { """"claim_id"""": """"C45_SYNTHETIC_N_500"""", """"section"""": """"4.3"""", """"category"""": """"scalability"""", """"descript"",False | C47_HYBRID_MEMORY_40_PERCENT,Discussion,efficiency,Hybrid model reported about 40% more GPU memory,40.0,40.0,40%,New_Code\01_audit_existing_results.py,01_audit_existing_results.py,"", """"metric_terms"""": [ """"gpu memory"""", """"memory"""", """"peak_memory"""", """"vram"""", ], """"target_values"""": [20.0, 25.0, 30.0], """"tolerance"""": 2.0, }, { """"claim_id"""": """"C47_HYBRID_MEMORY_40_PERCENT"""", """"section"""": """"Discussion"""", """"category"""": """"efficiency"""", """"description"""": """"Hybrid model reported about 40% more GPU memory"""", """"metric_terms"""": [ """"gpu memory"""", """"memory"""", """"vram"""","",True | C47_HYBRID_MEMORY_40_PERCENT,Discussion,efficiency,Hybrid model reported about 40% more GPU memory,40.0,40.0,40%,New_Code\01_audit_existing_results.py,01_audit_existing_results.py,""lues"""": [20.0, 25.0, 30.0], """"tolerance"""": 2.0, }, { """"claim_id"""": """"C47_HYBRID_MEMORY_40_PERCENT"""", """"section"""": """"Discussion"""", """"category"""": """"efficiency"""", """"description"""": """"Hybrid model reported about 40% more GPU memory"""", """"metric_terms"""": [ """"gpu memory"""", """"memory"""", """"vram"""", ], """"target_values"""": [40.0], """"tolerance"""": 2.0, }, { """"claim_id"""": """"C45_SYNTHETIC_N_500"""", """"section"""": """"4.3"""","",True | C47_HYBRID_MEMORY_40_PERCENT,Discussion,efficiency,Hybrid model reported about 40% more GPU memory,40.0,40.0,40.0,New_Code\01_audit_existing_results.py,01_audit_existing_results.py,""lues"""": [20.0, 25.0, 30.0], """"tolerance"""": 2.0, }, { """"claim_id"""": """"C47_HYBRID_MEMORY_40_PERCENT"""", """"section"""": """"Discussion"""", """"category"""": """"efficiency"""", """"description"""": """"Hybrid model reported about 40% more GPU memory"""", """"metric_terms"""": [ """"gpu memory"""", """"memory"""", """"vram"""", ], """"target_values"""": [40.0], """"tolerance"""": 2.0, }, { """"claim_id"""": """"C45_SYNTHETIC_N_500"""", """"section"""": """"4.3"""","",False | C47_HYBRID_MEMORY_40_PERCENT,Discussion,efficiency,Hybrid model reported about 40% more GPU memory,40.0,40.0,40%,New_Code\01_audit_existing_results.py,01_audit_existing_results.py,""}, { """"claim_id"""": """"C47_HYBRID_MEMORY_40_PERCENT"""", """"section"""": """"Discussion"""", """"category"""": """"efficiency"""", """"description"""": """"Hybrid model reported about 40% more GPU memory"""", """"metric_terms"""": [ """"gpu memory"""", """"memory"""", """"vram"""", ], """"target_values"""": [40.0], """"tolerance"""": 2.0, }, { """"claim_id"""": """"C45_SYNTHETIC_N_500"""", """"section"""": """"4.3"""", """"category"""": """"scalability"""", """"descript"",True"
outputs\revision_audit\claim_evidence_detailed.csv,480,0,"[""40"", ""40.0"", ""40.0"", ""40.0"", ""20.0"", ""25.0"", ""30.0"", ""2.0"", ""40"", ""40.0"", ""2.0"", ""4.3""]","C47_HYBRID_MEMORY_40_PERCENT,Discussion,efficiency,Hybrid model reported about 40% more GPU memory,40.0,40.0,40.0,New_Code\01_audit_existing_results.py,01_audit_existing_results.py,""lues"""": [20.0, 25.0, 30.0], """"tolerance"""": 2.0, }, { """"claim_id"""": """"C47_HYBRID_MEMORY_40_PERCENT"""", """"section"""": """"Discussion"""", """"category"""": """"efficiency"""", """"description"""": """"Hybrid model reported about 40% more GPU memory"""", """"metric_terms"""": [ """"gpu memory"""", """"memory"""", """"vram"""", ], """"target_values"""": [40.0], """"tolerance"""": 2.0, }, { """"claim_id"""": """"C45_SYNTHETIC_N_500"""", """"section"""": """"4.3"""","",False","C47_HYBRID_MEMORY_40_PERCENT,Discussion,efficiency,Hybrid model reported about 40% more GPU memory,40.0,40.0,40%,New_Code\01_audit_existing_results.py,01_audit_existing_results.py,"", """"metric_terms"""": [ """"gpu memory"""", """"memory"""", """"peak_memory"""", """"vram"""", ], """"target_values"""": [20.0, 25.0, 30.0], """"tolerance"""": 2.0, }, { """"claim_id"""": """"C47_HYBRID_MEMORY_40_PERCENT"""", """"section"""": """"Discussion"""", """"category"""": """"efficiency"""", """"description"""": """"Hybrid model reported about 40% more GPU memory"""", """"metric_terms"""": [ """"gpu memory"""", """"memory"""", """"vram"""","",True | C47_HYBRID_MEMORY_40_PERCENT,Discussion,efficiency,Hybrid model reported about 40% more GPU memory,40.0,40.0,40%,New_Code\01_audit_existing_results.py,01_audit_existing_results.py,""lues"""": [20.0, 25.0, 30.0], """"tolerance"""": 2.0, }, { """"claim_id"""": """"C47_HYBRID_MEMORY_40_PERCENT"""", """"section"""": """"Discussion"""", """"category"""": """"efficiency"""", """"description"""": """"Hybrid model reported about 40% more GPU memory"""", """"metric_terms"""": [ """"gpu memory"""", """"memory"""", """"vram"""", ], """"target_values"""": [40.0], """"tolerance"""": 2.0, }, { """"claim_id"""": """"C45_SYNTHETIC_N_500"""", """"section"""": """"4.3"""","",True | C47_HYBRID_MEMORY_40_PERCENT,Discussion,efficiency,Hybrid model reported about 40% more GPU memory,40.0,40.0,40.0,New_Code\01_audit_existing_results.py,01_audit_existing_results.py,""lues"""": [20.0, 25.0, 30.0], """"tolerance"""": 2.0, }, { """"claim_id"""": """"C47_HYBRID_MEMORY_40_PERCENT"""", """"section"""": """"Discussion"""", """"category"""": """"efficiency"""", """"description"""": """"Hybrid model reported about 40% more GPU memory"""", """"metric_terms"""": [ """"gpu memory"""", """"memory"""", """"vram"""", ], """"target_values"""": [40.0], """"tolerance"""": 2.0, }, { """"claim_id"""": """"C45_SYNTHETIC_N_500"""", """"section"""": """"4.3"""","",False | C47_HYBRID_MEMORY_40_PERCENT,Discussion,efficiency,Hybrid model reported about 40% more GPU memory,40.0,40.0,40%,New_Code\01_audit_existing_results.py,01_audit_existing_results.py,""}, { """"claim_id"""": """"C47_HYBRID_MEMORY_40_PERCENT"""", """"section"""": """"Discussion"""", """"category"""": """"efficiency"""", """"description"""": """"Hybrid model reported about 40% more GPU memory"""", """"metric_terms"""": [ """"gpu memory"""", """"memory"""", """"vram"""", ], """"target_values"""": [40.0], """"tolerance"""": 2.0, }, { """"claim_id"""": """"C45_SYNTHETIC_N_500"""", """"section"""": """"4.3"""", """"category"""": """"scalability"""", """"descript"",True | C47_HYBRID_MEMORY_40_PERCENT,Discussion,efficiency,Hybrid model reported about 40% more GPU memory,40.0,40.0,40.0,New_Code\01_audit_existing_results.py,01_audit_existing_results.py,""}, { """"claim_id"""": """"C47_HYBRID_MEMORY_40_PERCENT"""", """"section"""": """"Discussion"""", """"category"""": """"efficiency"""", """"description"""": """"Hybrid model reported about 40% more GPU memory"""", """"metric_terms"""": [ """"gpu memory"""", """"memory"""", """"vram"""", ], """"target_values"""": [40.0], """"tolerance"""": 2.0, }, { """"claim_id"""": """"C45_SYNTHETIC_N_500"""", """"section"""": """"4.3"""", """"category"""": """"scalability"""", """"descript"",False"
outputs\revision_audit\claim_evidence_detailed.csv,481,0,"[""40"", ""40.0"", ""40.0"", ""40"", ""40"", ""40.0"", ""2.0"", ""4.3""]","C47_HYBRID_MEMORY_40_PERCENT,Discussion,efficiency,Hybrid model reported about 40% more GPU memory,40.0,40.0,40%,New_Code\01_audit_existing_results.py,01_audit_existing_results.py,""}, { """"claim_id"""": """"C47_HYBRID_MEMORY_40_PERCENT"""", """"section"""": """"Discussion"""", """"category"""": """"efficiency"""", """"description"""": """"Hybrid model reported about 40% more GPU memory"""", """"metric_terms"""": [ """"gpu memory"""", """"memory"""", """"vram"""", ], """"target_values"""": [40.0], """"tolerance"""": 2.0, }, { """"claim_id"""": """"C45_SYNTHETIC_N_500"""", """"section"""": """"4.3"""", """"category"""": """"scalability"""", """"descript"",True","C47_HYBRID_MEMORY_40_PERCENT,Discussion,efficiency,Hybrid model reported about 40% more GPU memory,40.0,40.0,40%,New_Code\01_audit_existing_results.py,01_audit_existing_results.py,""lues"""": [20.0, 25.0, 30.0], """"tolerance"""": 2.0, }, { """"claim_id"""": """"C47_HYBRID_MEMORY_40_PERCENT"""", """"section"""": """"Discussion"""", """"category"""": """"efficiency"""", """"description"""": """"Hybrid model reported about 40% more GPU memory"""", """"metric_terms"""": [ """"gpu memory"""", """"memory"""", """"vram"""", ], """"target_values"""": [40.0], """"tolerance"""": 2.0, }, { """"claim_id"""": """"C45_SYNTHETIC_N_500"""", """"section"""": """"4.3"""","",True | C47_HYBRID_MEMORY_40_PERCENT,Discussion,efficiency,Hybrid model reported about 40% more GPU memory,40.0,40.0,40.0,New_Code\01_audit_existing_results.py,01_audit_existing_results.py,""lues"""": [20.0, 25.0, 30.0], """"tolerance"""": 2.0, }, { """"claim_id"""": """"C47_HYBRID_MEMORY_40_PERCENT"""", """"section"""": """"Discussion"""", """"category"""": """"efficiency"""", """"description"""": """"Hybrid model reported about 40% more GPU memory"""", """"metric_terms"""": [ """"gpu memory"""", """"memory"""", """"vram"""", ], """"target_values"""": [40.0], """"tolerance"""": 2.0, }, { """"claim_id"""": """"C45_SYNTHETIC_N_500"""", """"section"""": """"4.3"""","",False | C47_HYBRID_MEMORY_40_PERCENT,Discussion,efficiency,Hybrid model reported about 40% more GPU memory,40.0,40.0,40%,New_Code\01_audit_existing_results.py,01_audit_existing_results.py,""}, { """"claim_id"""": """"C47_HYBRID_MEMORY_40_PERCENT"""", """"section"""": """"Discussion"""", """"category"""": """"efficiency"""", """"description"""": """"Hybrid model reported about 40% more GPU memory"""", """"metric_terms"""": [ """"gpu memory"""", """"memory"""", """"vram"""", ], """"target_values"""": [40.0], """"tolerance"""": 2.0, }, { """"claim_id"""": """"C45_SYNTHETIC_N_500"""", """"section"""": """"4.3"""", """"category"""": """"scalability"""", """"descript"",True | C47_HYBRID_MEMORY_40_PERCENT,Discussion,efficiency,Hybrid model reported about 40% more GPU memory,40.0,40.0,40.0,New_Code\01_audit_existing_results.py,01_audit_existing_results.py,""}, { """"claim_id"""": """"C47_HYBRID_MEMORY_40_PERCENT"""", """"section"""": """"Discussion"""", """"category"""": """"efficiency"""", """"description"""": """"Hybrid model reported about 40% more GPU memory"""", """"metric_terms"""": [ """"gpu memory"""", """"memory"""", """"vram"""", ], """"target_values"""": [40.0], """"tolerance"""": 2.0, }, { """"claim_id"""": """"C45_SYNTHETIC_N_500"""", """"section"""": """"4.3"""", """"category"""": """"scalability"""", """"descript"",False | C47_HYBRID_MEMORY_40_PERCENT,Discussion,efficiency,Hybrid model reported about 40% more GPU memory,40.0,40.0,40%,New_Code\01_audit_existing_results.py,01_audit_existing_results.py,""""""claim_id"""": """"C47_HYBRID_MEMORY_40_PERCENT"""", """"section"""": """"Discussion"""", """"category"""": """"efficiency"""", """"description"""": """"Hybrid model reported about 40% more GPU memory"""", """"metric_terms"""": [ """"gpu memory"""", """"memory"""", """"vram"""", ], """"target_values"""": [40.0], """"tolerance"""": 2.0, }, { """"claim_id"""": """"C45_SYNTHETIC_N_500"""", """"section"""": """"4.3"""", """"category"""": """"scalability"""", """"description"""": """"Synthetic scala"",True"
outputs\revision_audit\claim_evidence_detailed.csv,482,0,"[""40"", ""40.0"", ""40.0"", ""40.0"", ""40"", ""40.0"", ""2.0"", ""4.3""]","C47_HYBRID_MEMORY_40_PERCENT,Discussion,efficiency,Hybrid model reported about 40% more GPU memory,40.0,40.0,40.0,New_Code\01_audit_existing_results.py,01_audit_existing_results.py,""}, { """"claim_id"""": """"C47_HYBRID_MEMORY_40_PERCENT"""", """"section"""": """"Discussion"""", """"category"""": """"efficiency"""", """"description"""": """"Hybrid model reported about 40% more GPU memory"""", """"metric_terms"""": [ """"gpu memory"""", """"memory"""", """"vram"""", ], """"target_values"""": [40.0], """"tolerance"""": 2.0, }, { """"claim_id"""": """"C45_SYNTHETIC_N_500"""", """"section"""": """"4.3"""", """"category"""": """"scalability"""", """"descript"",False","C47_HYBRID_MEMORY_40_PERCENT,Discussion,efficiency,Hybrid model reported about 40% more GPU memory,40.0,40.0,40.0,New_Code\01_audit_existing_results.py,01_audit_existing_results.py,""lues"""": [20.0, 25.0, 30.0], """"tolerance"""": 2.0, }, { """"claim_id"""": """"C47_HYBRID_MEMORY_40_PERCENT"""", """"section"""": """"Discussion"""", """"category"""": """"efficiency"""", """"description"""": """"Hybrid model reported about 40% more GPU memory"""", """"metric_terms"""": [ """"gpu memory"""", """"memory"""", """"vram"""", ], """"target_values"""": [40.0], """"tolerance"""": 2.0, }, { """"claim_id"""": """"C45_SYNTHETIC_N_500"""", """"section"""": """"4.3"""","",False | C47_HYBRID_MEMORY_40_PERCENT,Discussion,efficiency,Hybrid model reported about 40% more GPU memory,40.0,40.0,40%,New_Code\01_audit_existing_results.py,01_audit_existing_results.py,""}, { """"claim_id"""": """"C47_HYBRID_MEMORY_40_PERCENT"""", """"section"""": """"Discussion"""", """"category"""": """"efficiency"""", """"description"""": """"Hybrid model reported about 40% more GPU memory"""", """"metric_terms"""": [ """"gpu memory"""", """"memory"""", """"vram"""", ], """"target_values"""": [40.0], """"tolerance"""": 2.0, }, { """"claim_id"""": """"C45_SYNTHETIC_N_500"""", """"section"""": """"4.3"""", """"category"""": """"scalability"""", """"descript"",True | C47_HYBRID_MEMORY_40_PERCENT,Discussion,efficiency,Hybrid model reported about 40% more GPU memory,40.0,40.0,40.0,New_Code\01_audit_existing_results.py,01_audit_existing_results.py,""}, { """"claim_id"""": """"C47_HYBRID_MEMORY_40_PERCENT"""", """"section"""": """"Discussion"""", """"category"""": """"efficiency"""", """"description"""": """"Hybrid model reported about 40% more GPU memory"""", """"metric_terms"""": [ """"gpu memory"""", """"memory"""", """"vram"""", ], """"target_values"""": [40.0], """"tolerance"""": 2.0, }, { """"claim_id"""": """"C45_SYNTHETIC_N_500"""", """"section"""": """"4.3"""", """"category"""": """"scalability"""", """"descript"",False | C47_HYBRID_MEMORY_40_PERCENT,Discussion,efficiency,Hybrid model reported about 40% more GPU memory,40.0,40.0,40%,New_Code\01_audit_existing_results.py,01_audit_existing_results.py,""""""claim_id"""": """"C47_HYBRID_MEMORY_40_PERCENT"""", """"section"""": """"Discussion"""", """"category"""": """"efficiency"""", """"description"""": """"Hybrid model reported about 40% more GPU memory"""", """"metric_terms"""": [ """"gpu memory"""", """"memory"""", """"vram"""", ], """"target_values"""": [40.0], """"tolerance"""": 2.0, }, { """"claim_id"""": """"C45_SYNTHETIC_N_500"""", """"section"""": """"4.3"""", """"category"""": """"scalability"""", """"description"""": """"Synthetic scala"",True | C47_HYBRID_MEMORY_40_PERCENT,Discussion,efficiency,Hybrid model reported about 40% more GPU memory,40.0,40.0,40.0,New_Code\01_audit_existing_results.py,01_audit_existing_results.py,""""""claim_id"""": """"C47_HYBRID_MEMORY_40_PERCENT"""", """"section"""": """"Discussion"""", """"category"""": """"efficiency"""", """"description"""": """"Hybrid model reported about 40% more GPU memory"""", """"metric_terms"""": [ """"gpu memory"""", """"memory"""", """"vram"""", ], """"target_values"""": [40.0], """"tolerance"""": 2.0, }, { """"claim_id"""": """"C45_SYNTHETIC_N_500"""", """"section"""": """"4.3"""", """"category"""": """"scalability"""", """"description"""": """"Synthetic scala"",False"
outputs\revision_audit\claim_evidence_detailed.csv,483,0,"[""40"", ""40.0"", ""40.0"", ""40"", ""40"", ""40.0"", ""2.0"", ""4.3""]","C47_HYBRID_MEMORY_40_PERCENT,Discussion,efficiency,Hybrid model reported about 40% more GPU memory,40.0,40.0,40%,New_Code\01_audit_existing_results.py,01_audit_existing_results.py,""""""claim_id"""": """"C47_HYBRID_MEMORY_40_PERCENT"""", """"section"""": """"Discussion"""", """"category"""": """"efficiency"""", """"description"""": """"Hybrid model reported about 40% more GPU memory"""", """"metric_terms"""": [ """"gpu memory"""", """"memory"""", """"vram"""", ], """"target_values"""": [40.0], """"tolerance"""": 2.0, }, { """"claim_id"""": """"C45_SYNTHETIC_N_500"""", """"section"""": """"4.3"""", """"category"""": """"scalability"""", """"description"""": """"Synthetic scala"",True","C47_HYBRID_MEMORY_40_PERCENT,Discussion,efficiency,Hybrid model reported about 40% more GPU memory,40.0,40.0,40%,New_Code\01_audit_existing_results.py,01_audit_existing_results.py,""}, { """"claim_id"""": """"C47_HYBRID_MEMORY_40_PERCENT"""", """"section"""": """"Discussion"""", """"category"""": """"efficiency"""", """"description"""": """"Hybrid model reported about 40% more GPU memory"""", """"metric_terms"""": [ """"gpu memory"""", """"memory"""", """"vram"""", ], """"target_values"""": [40.0], """"tolerance"""": 2.0, }, { """"claim_id"""": """"C45_SYNTHETIC_N_500"""", """"section"""": """"4.3"""", """"category"""": """"scalability"""", """"descript"",True | C47_HYBRID_MEMORY_40_PERCENT,Discussion,efficiency,Hybrid model reported about 40% more GPU memory,40.0,40.0,40.0,New_Code\01_audit_existing_results.py,01_audit_existing_results.py,""}, { """"claim_id"""": """"C47_HYBRID_MEMORY_40_PERCENT"""", """"section"""": """"Discussion"""", """"category"""": """"efficiency"""", """"description"""": """"Hybrid model reported about 40% more GPU memory"""", """"metric_terms"""": [ """"gpu memory"""", """"memory"""", """"vram"""", ], """"target_values"""": [40.0], """"tolerance"""": 2.0, }, { """"claim_id"""": """"C45_SYNTHETIC_N_500"""", """"section"""": """"4.3"""", """"category"""": """"scalability"""", """"descript"",False | C47_HYBRID_MEMORY_40_PERCENT,Discussion,efficiency,Hybrid model reported about 40% more GPU memory,40.0,40.0,40%,New_Code\01_audit_existing_results.py,01_audit_existing_results.py,""""""claim_id"""": """"C47_HYBRID_MEMORY_40_PERCENT"""", """"section"""": """"Discussion"""", """"category"""": """"efficiency"""", """"description"""": """"Hybrid model reported about 40% more GPU memory"""", """"metric_terms"""": [ """"gpu memory"""", """"memory"""", """"vram"""", ], """"target_values"""": [40.0], """"tolerance"""": 2.0, }, { """"claim_id"""": """"C45_SYNTHETIC_N_500"""", """"section"""": """"4.3"""", """"category"""": """"scalability"""", """"description"""": """"Synthetic scala"",True | C47_HYBRID_MEMORY_40_PERCENT,Discussion,efficiency,Hybrid model reported about 40% more GPU memory,40.0,40.0,40.0,New_Code\01_audit_existing_results.py,01_audit_existing_results.py,""""""claim_id"""": """"C47_HYBRID_MEMORY_40_PERCENT"""", """"section"""": """"Discussion"""", """"category"""": """"efficiency"""", """"description"""": """"Hybrid model reported about 40% more GPU memory"""", """"metric_terms"""": [ """"gpu memory"""", """"memory"""", """"vram"""", ], """"target_values"""": [40.0], """"tolerance"""": 2.0, }, { """"claim_id"""": """"C45_SYNTHETIC_N_500"""", """"section"""": """"4.3"""", """"category"""": """"scalability"""", """"description"""": """"Synthetic scala"",False | C47_HYBRID_MEMORY_40_PERCENT,Discussion,efficiency,Hybrid model reported about 40% more GPU memory,40.0,40.0,40%,New_Code\01_audit_existing_results.py,01_audit_existing_results.py,""D_MEMORY_40_PERCENT"""", """"section"""": """"Discussion"""", """"category"""": """"efficiency"""", """"description"""": """"Hybrid model reported about 40% more GPU memory"""", """"metric_terms"""": [ """"gpu memory"""", """"memory"""", """"vram"""", ], """"target_values"""": [40.0], """"tolerance"""": 2.0, }, { """"claim_id"""": """"C45_SYNTHETIC_N_500"""", """"section"""": """"4.3"""", """"category"""": """"scalability"""", """"description"""": """"Synthetic scalability workload incl"",True"
outputs\revision_audit\claim_evidence_detailed.csv,484,0,"[""40"", ""40.0"", ""40.0"", ""40.0"", ""40"", ""40.0"", ""2.0"", ""4.3""]","C47_HYBRID_MEMORY_40_PERCENT,Discussion,efficiency,Hybrid model reported about 40% more GPU memory,40.0,40.0,40.0,New_Code\01_audit_existing_results.py,01_audit_existing_results.py,""""""claim_id"""": """"C47_HYBRID_MEMORY_40_PERCENT"""", """"section"""": """"Discussion"""", """"category"""": """"efficiency"""", """"description"""": """"Hybrid model reported about 40% more GPU memory"""", """"metric_terms"""": [ """"gpu memory"""", """"memory"""", """"vram"""", ], """"target_values"""": [40.0], """"tolerance"""": 2.0, }, { """"claim_id"""": """"C45_SYNTHETIC_N_500"""", """"section"""": """"4.3"""", """"category"""": """"scalability"""", """"description"""": """"Synthetic scala"",False","C47_HYBRID_MEMORY_40_PERCENT,Discussion,efficiency,Hybrid model reported about 40% more GPU memory,40.0,40.0,40.0,New_Code\01_audit_existing_results.py,01_audit_existing_results.py,""}, { """"claim_id"""": """"C47_HYBRID_MEMORY_40_PERCENT"""", """"section"""": """"Discussion"""", """"category"""": """"efficiency"""", """"description"""": """"Hybrid model reported about 40% more GPU memory"""", """"metric_terms"""": [ """"gpu memory"""", """"memory"""", """"vram"""", ], """"target_values"""": [40.0], """"tolerance"""": 2.0, }, { """"claim_id"""": """"C45_SYNTHETIC_N_500"""", """"section"""": """"4.3"""", """"category"""": """"scalability"""", """"descript"",False | C47_HYBRID_MEMORY_40_PERCENT,Discussion,efficiency,Hybrid model reported about 40% more GPU memory,40.0,40.0,40%,New_Code\01_audit_existing_results.py,01_audit_existing_results.py,""""""claim_id"""": """"C47_HYBRID_MEMORY_40_PERCENT"""", """"section"""": """"Discussion"""", """"category"""": """"efficiency"""", """"description"""": """"Hybrid model reported about 40% more GPU memory"""", """"metric_terms"""": [ """"gpu memory"""", """"memory"""", """"vram"""", ], """"target_values"""": [40.0], """"tolerance"""": 2.0, }, { """"claim_id"""": """"C45_SYNTHETIC_N_500"""", """"section"""": """"4.3"""", """"category"""": """"scalability"""", """"description"""": """"Synthetic scala"",True | C47_HYBRID_MEMORY_40_PERCENT,Discussion,efficiency,Hybrid model reported about 40% more GPU memory,40.0,40.0,40.0,New_Code\01_audit_existing_results.py,01_audit_existing_results.py,""""""claim_id"""": """"C47_HYBRID_MEMORY_40_PERCENT"""", """"section"""": """"Discussion"""", """"category"""": """"efficiency"""", """"description"""": """"Hybrid model reported about 40% more GPU memory"""", """"metric_terms"""": [ """"gpu memory"""", """"memory"""", """"vram"""", ], """"target_values"""": [40.0], """"tolerance"""": 2.0, }, { """"claim_id"""": """"C45_SYNTHETIC_N_500"""", """"section"""": """"4.3"""", """"category"""": """"scalability"""", """"description"""": """"Synthetic scala"",False | C47_HYBRID_MEMORY_40_PERCENT,Discussion,efficiency,Hybrid model reported about 40% more GPU memory,40.0,40.0,40%,New_Code\01_audit_existing_results.py,01_audit_existing_results.py,""D_MEMORY_40_PERCENT"""", """"section"""": """"Discussion"""", """"category"""": """"efficiency"""", """"description"""": """"Hybrid model reported about 40% more GPU memory"""", """"metric_terms"""": [ """"gpu memory"""", """"memory"""", """"vram"""", ], """"target_values"""": [40.0], """"tolerance"""": 2.0, }, { """"claim_id"""": """"C45_SYNTHETIC_N_500"""", """"section"""": """"4.3"""", """"category"""": """"scalability"""", """"description"""": """"Synthetic scalability workload incl"",True | C47_HYBRID_MEMORY_40_PERCENT,Discussion,efficiency,Hybrid model reported about 40% more GPU memory,40.0,40.0,40.0,New_Code\01_audit_existing_results.py,01_audit_existing_results.py,""D_MEMORY_40_PERCENT"""", """"section"""": """"Discussion"""", """"category"""": """"efficiency"""", """"description"""": """"Hybrid model reported about 40% more GPU memory"""", """"metric_terms"""": [ """"gpu memory"""", """"memory"""", """"vram"""", ], """"target_values"""": [40.0], """"tolerance"""": 2.0, }, { """"claim_id"""": """"C45_SYNTHETIC_N_500"""", """"section"""": """"4.3"""", """"category"""": """"scalability"""", """"description"""": """"Synthetic scalability workload incl"",F"
outputs\revision_audit\claim_evidence_detailed.csv,485,0,"[""40"", ""40.0"", ""40.0"", ""40"", ""40"", ""40.0"", ""2.0"", ""4.3""]","C47_HYBRID_MEMORY_40_PERCENT,Discussion,efficiency,Hybrid model reported about 40% more GPU memory,40.0,40.0,40%,New_Code\01_audit_existing_results.py,01_audit_existing_results.py,""D_MEMORY_40_PERCENT"""", """"section"""": """"Discussion"""", """"category"""": """"efficiency"""", """"description"""": """"Hybrid model reported about 40% more GPU memory"""", """"metric_terms"""": [ """"gpu memory"""", """"memory"""", """"vram"""", ], """"target_values"""": [40.0], """"tolerance"""": 2.0, }, { """"claim_id"""": """"C45_SYNTHETIC_N_500"""", """"section"""": """"4.3"""", """"category"""": """"scalability"""", """"description"""": """"Synthetic scalability workload incl"",True","C47_HYBRID_MEMORY_40_PERCENT,Discussion,efficiency,Hybrid model reported about 40% more GPU memory,40.0,40.0,40%,New_Code\01_audit_existing_results.py,01_audit_existing_results.py,""""""claim_id"""": """"C47_HYBRID_MEMORY_40_PERCENT"""", """"section"""": """"Discussion"""", """"category"""": """"efficiency"""", """"description"""": """"Hybrid model reported about 40% more GPU memory"""", """"metric_terms"""": [ """"gpu memory"""", """"memory"""", """"vram"""", ], """"target_values"""": [40.0], """"tolerance"""": 2.0, }, { """"claim_id"""": """"C45_SYNTHETIC_N_500"""", """"section"""": """"4.3"""", """"category"""": """"scalability"""", """"description"""": """"Synthetic scala"",True | C47_HYBRID_MEMORY_40_PERCENT,Discussion,efficiency,Hybrid model reported about 40% more GPU memory,40.0,40.0,40.0,New_Code\01_audit_existing_results.py,01_audit_existing_results.py,""""""claim_id"""": """"C47_HYBRID_MEMORY_40_PERCENT"""", """"section"""": """"Discussion"""", """"category"""": """"efficiency"""", """"description"""": """"Hybrid model reported about 40% more GPU memory"""", """"metric_terms"""": [ """"gpu memory"""", """"memory"""", """"vram"""", ], """"target_values"""": [40.0], """"tolerance"""": 2.0, }, { """"claim_id"""": """"C45_SYNTHETIC_N_500"""", """"section"""": """"4.3"""", """"category"""": """"scalability"""", """"description"""": """"Synthetic scala"",False | C47_HYBRID_MEMORY_40_PERCENT,Discussion,efficiency,Hybrid model reported about 40% more GPU memory,40.0,40.0,40%,New_Code\01_audit_existing_results.py,01_audit_existing_results.py,""D_MEMORY_40_PERCENT"""", """"section"""": """"Discussion"""", """"category"""": """"efficiency"""", """"description"""": """"Hybrid model reported about 40% more GPU memory"""", """"metric_terms"""": [ """"gpu memory"""", """"memory"""", """"vram"""", ], """"target_values"""": [40.0], """"tolerance"""": 2.0, }, { """"claim_id"""": """"C45_SYNTHETIC_N_500"""", """"section"""": """"4.3"""", """"category"""": """"scalability"""", """"description"""": """"Synthetic scalability workload incl"",True | C47_HYBRID_MEMORY_40_PERCENT,Discussion,efficiency,Hybrid model reported about 40% more GPU memory,40.0,40.0,40.0,New_Code\01_audit_existing_results.py,01_audit_existing_results.py,""D_MEMORY_40_PERCENT"""", """"section"""": """"Discussion"""", """"category"""": """"efficiency"""", """"description"""": """"Hybrid model reported about 40% more GPU memory"""", """"metric_terms"""": [ """"gpu memory"""", """"memory"""", """"vram"""", ], """"target_values"""": [40.0], """"tolerance"""": 2.0, }, { """"claim_id"""": """"C45_SYNTHETIC_N_500"""", """"section"""": """"4.3"""", """"category"""": """"scalability"""", """"description"""": """"Synthetic scalability workload incl"",False | C45_SYNTHETIC_N_500,4.3,scalability,Synthetic scalability workload includes N=500,500,500.0,500,New_Code\01_audit_existing_results.py,01_audit_existing_results.py,""""""tolerance"""": 2.0, }, { """"claim_id"""": """"C45_SYNTHETIC_N_500"""", """"section"""": """"4.3"""", """"category"""": """"scalability"""", """"description"""": """"Synthetic scalability workload includes N=500"""", """"metric_terms"""": [ """"sample"""", """"samples"""", """"dataset size"""", """"n="""", """"n ="""", """"synthetic size"""", ], """"target_values"""": [500], """"tolerance"""": 0.0, }, { """"claim_id"""": """"C45_SYNTHETIC_N_100000"""","",False"
outputs\revision_audit\claim_evidence_detailed.csv,486,0,"[""40"", ""40.0"", ""40.0"", ""40.0"", ""40"", ""40.0"", ""2.0"", ""4.3""]","C47_HYBRID_MEMORY_40_PERCENT,Discussion,efficiency,Hybrid model reported about 40% more GPU memory,40.0,40.0,40.0,New_Code\01_audit_existing_results.py,01_audit_existing_results.py,""D_MEMORY_40_PERCENT"""", """"section"""": """"Discussion"""", """"category"""": """"efficiency"""", """"description"""": """"Hybrid model reported about 40% more GPU memory"""", """"metric_terms"""": [ """"gpu memory"""", """"memory"""", """"vram"""", ], """"target_values"""": [40.0], """"tolerance"""": 2.0, }, { """"claim_id"""": """"C45_SYNTHETIC_N_500"""", """"section"""": """"4.3"""", """"category"""": """"scalability"""", """"description"""": """"Synthetic scalability workload incl"",False","C47_HYBRID_MEMORY_40_PERCENT,Discussion,efficiency,Hybrid model reported about 40% more GPU memory,40.0,40.0,40.0,New_Code\01_audit_existing_results.py,01_audit_existing_results.py,""""""claim_id"""": """"C47_HYBRID_MEMORY_40_PERCENT"""", """"section"""": """"Discussion"""", """"category"""": """"efficiency"""", """"description"""": """"Hybrid model reported about 40% more GPU memory"""", """"metric_terms"""": [ """"gpu memory"""", """"memory"""", """"vram"""", ], """"target_values"""": [40.0], """"tolerance"""": 2.0, }, { """"claim_id"""": """"C45_SYNTHETIC_N_500"""", """"section"""": """"4.3"""", """"category"""": """"scalability"""", """"description"""": """"Synthetic scala"",False | C47_HYBRID_MEMORY_40_PERCENT,Discussion,efficiency,Hybrid model reported about 40% more GPU memory,40.0,40.0,40%,New_Code\01_audit_existing_results.py,01_audit_existing_results.py,""D_MEMORY_40_PERCENT"""", """"section"""": """"Discussion"""", """"category"""": """"efficiency"""", """"description"""": """"Hybrid model reported about 40% more GPU memory"""", """"metric_terms"""": [ """"gpu memory"""", """"memory"""", """"vram"""", ], """"target_values"""": [40.0], """"tolerance"""": 2.0, }, { """"claim_id"""": """"C45_SYNTHETIC_N_500"""", """"section"""": """"4.3"""", """"category"""": """"scalability"""", """"description"""": """"Synthetic scalability workload incl"",True | C47_HYBRID_MEMORY_40_PERCENT,Discussion,efficiency,Hybrid model reported about 40% more GPU memory,40.0,40.0,40.0,New_Code\01_audit_existing_results.py,01_audit_existing_results.py,""D_MEMORY_40_PERCENT"""", """"section"""": """"Discussion"""", """"category"""": """"efficiency"""", """"description"""": """"Hybrid model reported about 40% more GPU memory"""", """"metric_terms"""": [ """"gpu memory"""", """"memory"""", """"vram"""", ], """"target_values"""": [40.0], """"tolerance"""": 2.0, }, { """"claim_id"""": """"C45_SYNTHETIC_N_500"""", """"section"""": """"4.3"""", """"category"""": """"scalability"""", """"description"""": """"Synthetic scalability workload incl"",False | C45_SYNTHETIC_N_500,4.3,scalability,Synthetic scalability workload includes N=500,500,500.0,500,New_Code\01_audit_existing_results.py,01_audit_existing_results.py,""""""tolerance"""": 2.0, }, { """"claim_id"""": """"C45_SYNTHETIC_N_500"""", """"section"""": """"4.3"""", """"category"""": """"scalability"""", """"description"""": """"Synthetic scalability workload includes N=500"""", """"metric_terms"""": [ """"sample"""", """"samples"""", """"dataset size"""", """"n="""", """"n ="""", """"synthetic size"""", ], """"target_values"""": [500], """"tolerance"""": 0.0, }, { """"claim_id"""": """"C45_SYNTHETIC_N_100000"""","",False | C45_SYNTHETIC_N_500,4.3,scalability,Synthetic scalability workload includes N=500,500,500.0,500,New_Code\01_audit_existing_results.py,01_audit_existing_results.py,""""""tolerance"""": 2.0, }, { """"claim_id"""": """"C45_SYNTHETIC_N_500"""", """"section"""": """"4.3"""", """"category"""": """"scalability"""", """"description"""": """"Synthetic scalability workload includes N=500"""", """"metric_terms"""": [ """"sample"""", """"samples"""", """"dataset size"""", """"n="""", """"n ="""", """"synthetic size"""", ], """"target_values"""": [500], """"tolerance"""": 0.0, }, { """"claim_id"""": """"C45_SYNTHETIC_N_100000"""","",False"
outputs\revision_audit\manuscript_claim_mapping.csv,19,0,"[""4.3"", ""20"", ""30"", ""20.0"", ""25.0"", ""30.0"", ""48"", ""1"", ""20.0"", ""25.0"", ""30.0""]","C47_MEMORY_20_30_PERCENT,4.3,efficiency,Lightweight GPU-memory reduction reported as 20-30%,20.0; 25.0; 30.0,FOUND - SINGLE FILE,48,1,20.0; 25.0; 30.0,New_Code\01_audit_existing_results.py","C46_AUC_LIGHTWEIGHT_0801,Discussion,utility,Lightweight ROC-AUC reported around 0.801,0.801,FOUND - SINGLE FILE,18,1,0.801,New_Code\01_audit_existing_results.py | C47_RUNTIME_25_PERCENT,4.3,efficiency,Lightweight configuration reported about 25% faster,25.0,FOUND - MULTIPLE FILES,21,2,25.0; 27.0,New_Code\01_audit_existing_results.py; experiments\New_EXP3\run_config.json | C47_MEMORY_20_30_PERCENT,4.3,efficiency,Lightweight GPU-memory reduction reported as 20-30%,20.0; 25.0; 30.0,FOUND - SINGLE FILE,48,1,20.0; 25.0; 30.0,New_Code\01_audit_existing_results.py | C47_HYBRID_MEMORY_40_PERCENT,Discussion,efficiency,Hybrid model reported about 40% more GPU memory,40.0,FOUND - SINGLE FILE,13,1,40.0,New_Code\01_audit_existing_results.py | C45_SYNTHETIC_N_500,4.3,scalability,Synthetic scalability workload includes N=500,500,FOUND - SINGLE FILE,17,1,500.0,New_Code\01_audit_existing_results.py"
outputs\revision_audit\manuscript_claim_mapping.csv,20,0,"[""40"", ""40.0"", ""13"", ""1"", ""40.0""]","C47_HYBRID_MEMORY_40_PERCENT,Discussion,efficiency,Hybrid model reported about 40% more GPU memory,40.0,FOUND - SINGLE FILE,13,1,40.0,New_Code\01_audit_existing_results.py","C47_RUNTIME_25_PERCENT,4.3,efficiency,Lightweight configuration reported about 25% faster,25.0,FOUND - MULTIPLE FILES,21,2,25.0; 27.0,New_Code\01_audit_existing_results.py; experiments\New_EXP3\run_config.json | C47_MEMORY_20_30_PERCENT,4.3,efficiency,Lightweight GPU-memory reduction reported as 20-30%,20.0; 25.0; 30.0,FOUND - SINGLE FILE,48,1,20.0; 25.0; 30.0,New_Code\01_audit_existing_results.py | C47_HYBRID_MEMORY_40_PERCENT,Discussion,efficiency,Hybrid model reported about 40% more GPU memory,40.0,FOUND - SINGLE FILE,13,1,40.0,New_Code\01_audit_existing_results.py | C45_SYNTHETIC_N_500,4.3,scalability,Synthetic scalability workload includes N=500,500,FOUND - SINGLE FILE,17,1,500.0,New_Code\01_audit_existing_results.py | C45_SYNTHETIC_N_100000,4.3,scalability,Synthetic scalability workload includes N=100000,100000,FOUND - SINGLE FILE,16,1,100000.0,New_Code\01_audit_existing_results.py"
outputs\revision_audit\metric_value_hits.csv,33,0,"[""40.0"", ""40"", ""397"", ""40""]","memory,40.0,40%,True,New_Code\01_audit_existing_results.py,01_audit_existing_results.py,397,""""""description"""": """"Hybrid model reported about 40% more GPU memory"""",""","auc,0.996,0.996,False,New_Code\01_audit_existing_results.py,01_audit_existing_results.py,349,""""""description"""": """"Baseline ROC-AUC reported around 0.996"""","" | auc,0.801,0.801,False,New_Code\01_audit_existing_results.py,01_audit_existing_results.py,358,""""""description"""": """"Lightweight ROC-AUC reported around 0.801"""","" | memory,40.0,40%,True,New_Code\01_audit_existing_results.py,01_audit_existing_results.py,397,""""""description"""": """"Hybrid model reported about 40% more GPU memory"""","" | accuracy,0.4,.4,False,training\ensemble\train_hfagm.py,train_hfagm.py,70,""print(f""""Accuracy: {acc:.4f}, F1-score: {f1:.4f}, AUC: {auc:.4f}"""")"" | accuracy,0.4,.4,False,training\ensemble\train_hfagm.py,train_hfagm.py,70,""print(f""""Accuracy: {acc:.4f}, F1-score: {f1:.4f}, AUC: {auc:.4f}"""")"""
outputs\revision_audit_v2\audit_summary_v2.txt,21,0,"[""0""]",Runtime/memory code files: 0,Fairness code files: 2 | Fidelity/Frechet code files: 0 | Runtime/memory code files: 0 | Ablation code files: 0 | 
outputs\revision_audit_v2\audit_summary_v2.txt,74,0,"[""20"", ""30""]",MEMORY_20_30_PERCENT: GPU-memory reduction 20-30%,AUC_LIGHTWEIGHT_0801: Lightweight ROC-AUC around 0.801 | RUNTIME_25_PERCENT: Runtime improvement around 25% | MEMORY_20_30_PERCENT: GPU-memory reduction 20-30% | MEMORY_40_PERCENT: Hybrid memory increase around 40% | SYNTHETIC_N_500: Synthetic workload N=500
outputs\revision_audit_v2\audit_summary_v2.txt,75,0,"[""40""]",MEMORY_40_PERCENT: Hybrid memory increase around 40%,RUNTIME_25_PERCENT: Runtime improvement around 25% | MEMORY_20_30_PERCENT: GPU-memory reduction 20-30% | MEMORY_40_PERCENT: Hybrid memory increase around 40% | SYNTHETIC_N_500: Synthetic workload N=500 | SYNTHETIC_N_100000: Synthetic workload N=100000
outputs\revision_audit_v2\audit_summary_v2.txt,89,0,"[""9""]",9. runtime_memory_code_evidence.csv,7. fairness_code_evidence.csv | 8. fidelity_code_evidence.csv | 9. runtime_memory_code_evidence.csv | 10. ablation_code_evidence.csv | 11. multimodal_code_evidence.csv
outputs\revision_audit_v2\manuscript_claim_mapping_v2.csv,19,0,"[""20"", ""30"", ""0"", ""20.0"", ""25.0"", ""30.0""]",",efficiency,MEMORY_20_30_PERCENT,,GPU-memory reduction 20-30%,,,0,NOT_FOUND,20.0; 25.0; 30.0",",utility,AUC_LIGHTWEIGHT_0801,,Lightweight ROC-AUC around 0.801,,,0,NOT_FOUND,0.801 | ,efficiency,RUNTIME_25_PERCENT,,Runtime improvement around 25%,,,0,NOT_FOUND,25.0 | ,efficiency,MEMORY_20_30_PERCENT,,GPU-memory reduction 20-30%,,,0,NOT_FOUND,20.0; 25.0; 30.0 | ,efficiency,MEMORY_40_PERCENT,,Hybrid memory increase around 40%,,,0,NOT_FOUND,40.0 | ,scalability,SYNTHETIC_N_500,,Synthetic workload N=500,,,0,NOT_FOUND,500.0"
outputs\revision_audit_v2\manuscript_claim_mapping_v2.csv,20,0,"[""40"", ""0"", ""40.0""]",",efficiency,MEMORY_40_PERCENT,,Hybrid memory increase around 40%,,,0,NOT_FOUND,40.0",",efficiency,RUNTIME_25_PERCENT,,Runtime improvement around 25%,,,0,NOT_FOUND,25.0 | ,efficiency,MEMORY_20_30_PERCENT,,GPU-memory reduction 20-30%,,,0,NOT_FOUND,20.0; 25.0; 30.0 | ,efficiency,MEMORY_40_PERCENT,,Hybrid memory increase around 40%,,,0,NOT_FOUND,40.0 | ,scalability,SYNTHETIC_N_500,,Synthetic workload N=500,,,0,NOT_FOUND,500.0 | ,scalability,SYNTHETIC_N_100000,,Synthetic workload N=100000,,,0,NOT_FOUND,100000.0"
