extension,filename,is_ablation,is_confusion_matrix,is_fairness,is_figure,is_log,is_metric,is_multimodal,is_prediction,is_scalability,is_table,matched_keywords,modified_time,relative_path,sha256,size_bytes
.csv,fairness_metrics_summary.csv,0,0,1,,0,1,0,0,0,1,"{""metric"": ""metric; metrics; summary"", ""fairness"": ""fairness""}",2025-06-12T20:35:59,data\preprocessed\fairness_metrics_summary.csv,6f3fc60a847bf8d9df38a71c13d8e382d49951969325c56632ef286f18baeaa6,392
.png,fairness_plot_Gender.png,0,0,1,1,0,0,0,0,0,,"{""fairness"": ""fairness""}",2025-06-12T20:35:58,data\preprocessed\fairness_plot_Gender.png,d6ab93ba949f9159dc2083bea630622e067caac84e5e152939e864ae2af7b8a2,19566
.png,fairness_plot_Nationality.png,0,0,1,1,0,0,0,0,0,,"{""fairness"": ""fairness""}",2025-06-12T20:35:59,data\preprocessed\fairness_plot_Nationality.png,b181caa37abbeb30ad789b779753f23c9a62d794f0dc2e358423c95a10827af7,20690
.pdf,fairness_report.pdf,0,0,1,1,0,1,0,0,0,,"{""metric"": ""report"", ""fairness"": ""fairness""}",2025-06-12T20:35:59,data\preprocessed\fairness_report.pdf,a2c855da8d39ede45e2bb66a77c2f87af9d8992b0e7fd7e888bea19a29b69dcd,36394
.jpg,IMG_20210609_191719_jpg.rf.3e49bd36ef1f647fd5dee03e6b08c989.jpg,0,0,0,1,0,1,1,0,0,,"{""metric"": ""f1"", ""multimodal"": ""image; arsl""}",2022-02-06T21:10:02,data\raw\ArSL\test\images\IMG_20210609_191719_jpg.rf.3e49bd36ef1f647fd5dee03e6b08c989.jpg,72c9ccd01b7b60640c063201cdf5727c5e8f42890ae9afe4245fabc963df027e,6642
.jpg,IMG_20210610_210219_jpg.rf.b5d77240448756dcf15a08bd3b670f6d.jpg,0,0,0,1,0,1,1,0,0,,"{""metric"": ""f1"", ""multimodal"": ""image; arsl""}",2022-02-06T21:10:02,data\raw\ArSL\test\images\IMG_20210610_210219_jpg.rf.b5d77240448756dcf15a08bd3b670f6d.jpg,15dd7ce84942a6f346541d08db51e9a6e3b5d58c98c8bed9cba32a54aa5a34d0,20380
.jpg,IMG_20210611_043459_jpg.rf.92cef48e59f00312cdac5d374ef17a4f.jpg,0,0,0,1,0,1,1,0,0,,"{""metric"": ""f1"", ""multimodal"": ""image; arsl""}",2022-02-06T21:10:02,data\raw\ArSL\test\images\IMG_20210611_043459_jpg.rf.92cef48e59f00312cdac5d374ef17a4f.jpg,f25f13f620c44e8a3fcf99ef5431c9b2b9d3a201fcfa3bfa53ef7b24c41cd651,24270
.jpg,IMG_20210611_203845_jpg.rf.2a9bef7e61a06f8a67de9eb54bb3acf1.jpg,0,0,0,1,0,1,1,0,0,,"{""metric"": ""f1"", ""multimodal"": ""image; arsl""}",2022-02-06T21:10:02,data\raw\ArSL\test\images\IMG_20210611_203845_jpg.rf.2a9bef7e61a06f8a67de9eb54bb3acf1.jpg,116b6228ce3d9be2e10190aa4ccdf28f81d6d488d839fa3afa59c5ee7dd6154a,19236
.jpg,IMG_20210611_205058_jpg.rf.734be651605bfac52afaf1e9cf3ef734.jpg,0,0,0,1,0,1,1,0,0,,"{""metric"": ""f1"", ""multimodal"": ""image; arsl""}",2022-02-06T21:10:02,data\raw\ArSL\test\images\IMG_20210611_205058_jpg.rf.734be651605bfac52afaf1e9cf3ef734.jpg,a51bb22b768b9b39885596429e5c06f92c7ceb2ec6efbedcbed5cf9b7d5e8070,28403
.jpg,IMG_20210612_205817_jpg.rf.8671671df723997906f1ec3c9d1c37f1.jpg,0,0,0,1,0,1,1,0,0,,"{""metric"": ""f1"", ""multimodal"": ""image; arsl""}",2022-02-06T21:10:02,data\raw\ArSL\test\images\IMG_20210612_205817_jpg.rf.8671671df723997906f1ec3c9d1c37f1.jpg,16139aae14935cd42dbfe5850b86bf060b27dd684a5c72a3239fd8ce504dea4b,17908
.jpg,IMG_20210615_163700_jpg.rf.76e2a6ef1ba6960fd673bbc8671de080.jpg,0,0,0,1,0,1,1,0,0,,"{""metric"": ""f1"", ""multimodal"": ""image; arsl""}",2022-02-06T21:10:02,data\raw\ArSL\test\images\IMG_20210615_163700_jpg.rf.76e2a6ef1ba6960fd673bbc8671de080.jpg,d7f6bf2bb641f70820cc3f5833ecdb58eb2d9311988fd7752ad95f9ddd2812fd,19698
.jpg,IMG_20210615_211922_jpg.rf.df021f8eff1e8e1e5bf2e381b725b373.jpg,0,0,0,1,0,1,1,0,0,,"{""metric"": ""f1"", ""multimodal"": ""image; arsl""}",2022-02-06T21:10:02,data\raw\ArSL\test\images\IMG_20210615_211922_jpg.rf.df021f8eff1e8e1e5bf2e381b725b373.jpg,afc0788178558d1c948a0d34f806b6bf0cf18618c9f4b6cd59c0c2062f8ccb12,19248
.jpg,IMG_20210615_212014_jpg.rf.0c6fc86fd93c1dd152124f17e8cda5a9.jpg,0,0,0,1,0,1,1,0,0,,"{""metric"": ""f1"", ""multimodal"": ""image; arsl""}",2022-02-06T21:10:02,data\raw\ArSL\test\images\IMG_20210615_212014_jpg.rf.0c6fc86fd93c1dd152124f17e8cda5a9.jpg,8a84423db3247b3442c850ad3cdc4933ddb085de976964260cb7552c67fe192f,21805
.jpg,IMG_20210616_201326_jpg.rf.6df75e500f1b82cca6e7bb4ffe946358.jpg,0,0,0,1,0,1,1,0,0,,"{""metric"": ""f1"", ""multimodal"": ""image; arsl""}",2022-02-06T21:10:02,data\raw\ArSL\test\images\IMG_20210616_201326_jpg.rf.6df75e500f1b82cca6e7bb4ffe946358.jpg,2a6ae2304110e5db969fd56260a7a203498facb399851574ea0a92c3ec2663f9,24483
.jpg,IMG_20210619_002648_jpg.rf.65bc5eab0b8a4c7eb1c78d9f10f5c143.jpg,0,0,0,1,0,1,1,0,0,,"{""metric"": ""f1"", ""multimodal"": ""image; arsl""}",2022-02-06T21:10:02,data\raw\ArSL\test\images\IMG_20210619_002648_jpg.rf.65bc5eab0b8a4c7eb1c78d9f10f5c143.jpg,d72428c7b15fa8ee1ff3ab46e74c6bce088301c8a846b9a9433f7cca669cfc58,22197
.jpg,IMG_20210619_003925_jpg.rf.6f15d02e2d5e307e08ccb8715a9d59b2.jpg,0,0,0,1,0,1,1,0,0,,"{""metric"": ""f1"", ""multimodal"": ""image; arsl""}",2022-02-06T21:10:02,data\raw\ArSL\test\images\IMG_20210619_003925_jpg.rf.6f15d02e2d5e307e08ccb8715a9d59b2.jpg,b46073e94f3b55b176495e197f5102bb38e19341fe4d409610a32ff602a2b614,22504
.jpg,IMG_20210623_135614_jpg.rf.7466f15b0817c6a36d2e1df84a5d65c9.jpg,0,0,0,1,0,1,1,0,0,,"{""metric"": ""f1"", ""multimodal"": ""image; arsl""}",2022-02-06T21:10:02,data\raw\ArSL\test\images\IMG_20210623_135614_jpg.rf.7466f15b0817c6a36d2e1df84a5d65c9.jpg,d47708921e91477759e7f376197af521cab3ac63e20730e77b3e4586696d74a9,25437
.jpg,IMG_20210623_135802_jpg.rf.ca0f1c3fe81e6208150861e1a2acf717.jpg,0,0,0,1,0,1,1,0,0,,"{""metric"": ""f1"", ""multimodal"": ""image; arsl""}",2022-02-06T21:10:02,data\raw\ArSL\test\images\IMG_20210623_135802_jpg.rf.ca0f1c3fe81e6208150861e1a2acf717.jpg,e03f9e7c7a4c0feaa7080d5685553147fd8326aa79cb02e1e7acd005de6b0138,13739
.jpg,IMG_20210623_160155_jpg.rf.8185b87fe601ad05a04f151e20bbdcfb.jpg,0,0,0,1,0,1,1,0,0,,"{""metric"": ""f1"", ""multimodal"": ""image; arsl""}",2022-02-06T21:10:02,data\raw\ArSL\test\images\IMG_20210623_160155_jpg.rf.8185b87fe601ad05a04f151e20bbdcfb.jpg,bdc3ce03e4a47f40ec3391d51ba39291048abc35cfa26b6c1d9ae1193f1f5428,33145
.jpg,IMG_20210623_160342_jpg.rf.b0f1fe2a23f0a8bbfa5c0f2bc2c48972.jpg,0,0,0,1,0,1,1,0,0,,"{""metric"": ""f1"", ""multimodal"": ""image; arsl""}",2022-02-06T21:10:02,data\raw\ArSL\test\images\IMG_20210623_160342_jpg.rf.b0f1fe2a23f0a8bbfa5c0f2bc2c48972.jpg,3acd8d4433c7910da155b7fde29eb9876c2cc13de156b7136e3e844058507bb7,21875
.jpg,IMG_20210623_160710_jpg.rf.814ea746f116b9985c135d717864f791.jpg,0,0,0,1,0,1,1,0,0,,"{""metric"": ""f1"", ""multimodal"": ""image; arsl""}",2022-02-06T21:10:02,data\raw\ArSL\test\images\IMG_20210623_160710_jpg.rf.814ea746f116b9985c135d717864f791.jpg,54938ebe34148bc5f1dbcd83bac7c4d41e2bf85b411324657151398c42bddeeb,20315
.jpg,IMG_20210623_170128_jpg.rf.bbc7d6aa8069dd0bf549811f1a151f15.jpg,0,0,0,1,0,1,1,0,0,,"{""metric"": ""f1"", ""multimodal"": ""image; arsl""}",2022-02-06T21:10:02,data\raw\ArSL\test\images\IMG_20210623_170128_jpg.rf.bbc7d6aa8069dd0bf549811f1a151f15.jpg,3dfb8a7a56fe09e5247044bf77d37377857d9e7b8c24900a02316ddcc294662d,22420
.jpg,IMG_20210623_170210_jpg.rf.4cf117524b544344d5b6c45df780966b.jpg,0,0,0,1,0,1,1,0,0,,"{""metric"": ""f1"", ""multimodal"": ""image; arsl""}",2022-02-06T21:10:02,data\raw\ArSL\test\images\IMG_20210623_170210_jpg.rf.4cf117524b544344d5b6c45df780966b.jpg,083042bca58ea3474845dd2a2349036b5ea5defa0165b04066687e01ac824f3b,24736
.jpg,IMG_20210624_224650_jpg.rf.f7c4b9adbf42f106943a868df4e533e8.jpg,0,0,0,1,0,1,1,0,0,,"{""metric"": ""f1"", ""multimodal"": ""image; arsl""}",2022-02-06T21:10:02,data\raw\ArSL\test\images\IMG_20210624_224650_jpg.rf.f7c4b9adbf42f106943a868df4e533e8.jpg,db0a5359538e0ccbfe6cbdb46aaf617f39264d339f978c8dba30ac14323ad899,24335
.jpg,IMG_20210624_225115_jpg.rf.ec9b545215117deb849926424c9b0bf1.jpg,0,0,0,1,0,1,1,0,0,,"{""metric"": ""f1"", ""multimodal"": ""image; arsl""}",2022-02-06T21:10:02,data\raw\ArSL\test\images\IMG_20210624_225115_jpg.rf.ec9b545215117deb849926424c9b0bf1.jpg,55cc0b89530b4173bfa44524123cf0ae619af7335413bc7b9f270ccd3afe2df9,20360
.jpg,IMG_20210624_225222_jpg.rf.ad0bd3b12f1585b4be8bb3043cbb545c.jpg,0,0,0,1,0,1,1,0,0,,"{""metric"": ""f1"", ""multimodal"": ""image; arsl""}",2022-02-06T21:10:02,data\raw\ArSL\test\images\IMG_20210624_225222_jpg.rf.ad0bd3b12f1585b4be8bb3043cbb545c.jpg,6fddd14e6a4314a38c6f8ccbd7108ff2c5c40e8501427c6d927f77e16518c428,24139
.jpg,IMG_20210624_230652_jpg.rf.1f1fb618592147f71f978bd3cb58c2b2.jpg,0,0,0,1,0,1,1,0,0,,"{""metric"": ""f1"", ""multimodal"": ""image; arsl""}",2022-02-06T21:10:02,data\raw\ArSL\test\images\IMG_20210624_230652_jpg.rf.1f1fb618592147f71f978bd3cb58c2b2.jpg,4604de923009f6a843eec693830fb9775fb069ea8b0a5b743703e1823b5639ed,19498
.jpg,IMG_20210624_232137_jpg.rf.45c8579923d631aebbf1f6b882c82f26.jpg,0,0,0,1,0,1,1,0,0,,"{""metric"": ""f1"", ""multimodal"": ""image; arsl""}",2022-02-06T21:10:02,data\raw\ArSL\test\images\IMG_20210624_232137_jpg.rf.45c8579923d631aebbf1f6b882c82f26.jpg,cbbea7062b91e3126556cb99bb78622e13b94de891b00776066d0cc39c4cde1b,17728
.jpg,IMG_20210625_013429_jpg.rf.18be8190ff1395342a8f3f97de5ca97c.jpg,0,0,0,1,0,1,1,0,0,,"{""metric"": ""f1"", ""multimodal"": ""image; arsl""}",2022-02-06T21:10:02,data\raw\ArSL\test\images\IMG_20210625_013429_jpg.rf.18be8190ff1395342a8f3f97de5ca97c.jpg,4865b24005cebbe5ea76144bcbd76fb19b24c9847c3dd984d8dca1681e9eab02,9288
.jpg,IMG_20210625_013600_jpg.rf.7822e522ef238be9cedf1105d64e9720.jpg,0,0,0,1,0,1,1,0,0,,"{""metric"": ""f1"", ""multimodal"": ""image; arsl""}",2022-02-06T21:10:02,data\raw\ArSL\test\images\IMG_20210625_013600_jpg.rf.7822e522ef238be9cedf1105d64e9720.jpg,ca4e875e9a856b11255f20a7373c2d2626bea9f16353f78295ec00c29448909c,18049
.jpg,IMG_20210625_024619_jpg.rf.b31005fdacf1c1a514e5b1ac2b1b8a51.jpg,0,0,0,1,0,1,1,0,0,,"{""metric"": ""f1"", ""multimodal"": ""image; arsl""}",2022-02-06T21:10:02,data\raw\ArSL\test\images\IMG_20210625_024619_jpg.rf.b31005fdacf1c1a514e5b1ac2b1b8a51.jpg,80bcf5960e266286617e257ad15b7b32920d138a84790d9519d4f92e24548f0f,18330
.jpg,IMG_20210625_190236_jpg.rf.092d8c676d341b5a0feaf1bb3a4f64a9.jpg,0,0,0,1,0,1,1,0,0,,"{""metric"": ""f1"", ""multimodal"": ""image; arsl""}",2022-02-06T21:10:02,data\raw\ArSL\test\images\IMG_20210625_190236_jpg.rf.092d8c676d341b5a0feaf1bb3a4f64a9.jpg,8ac9ca414f855a47eb5196dbff173e02493af83857b6efd105990005e4a2af1b,18576
.jpg,IMG_20210625_195726_jpg.rf.75a8c71293df1d037a1d7216be52e903.jpg,0,0,0,1,0,1,1,0,0,,"{""metric"": ""f1"", ""multimodal"": ""image; arsl""}",2022-02-06T21:10:02,data\raw\ArSL\test\images\IMG_20210625_195726_jpg.rf.75a8c71293df1d037a1d7216be52e903.jpg,949ad04b86f7c9b53d0ca955390cc8a389d910e8e0ac55637a5f9209730f816e,25218
.jpg,IMG_20210625_202715_jpg.rf.e0cf4981dce62581402f10b219056dbe.jpg,0,0,0,1,0,1,1,0,0,,"{""metric"": ""f1"", ""multimodal"": ""image; arsl""}",2022-02-06T21:10:02,data\raw\ArSL\test\images\IMG_20210625_202715_jpg.rf.e0cf4981dce62581402f10b219056dbe.jpg,3f86a02dd68bd89c23addc3bdffcb5638afa40d9452bccbe7fd7e51c3852a7a0,21868
.txt,IMG_20210609_191719_jpg.rf.3e49bd36ef1f647fd5dee03e6b08c989.txt,0,0,0,,0,1,1,0,0,,"{""metric"": ""f1"", ""multimodal"": ""arsl""}",2022-02-06T21:10:02,data\raw\ArSL\test\labels\IMG_20210609_191719_jpg.rf.3e49bd36ef1f647fd5dee03e6b08c989.txt,42769d7f6cb4f8486e15c9b8f0489992e8795b1b8a7bbeb1ebcd41ccdfd34d02,79
.txt,IMG_20210610_210219_jpg.rf.b5d77240448756dcf15a08bd3b670f6d.txt,0,0,0,,0,1,1,0,0,,"{""metric"": ""f1"", ""multimodal"": ""arsl""}",2022-02-06T21:10:02,data\raw\ArSL\test\labels\IMG_20210610_210219_jpg.rf.b5d77240448756dcf15a08bd3b670f6d.txt,d71f45b24ebf0168394992dd71e42a01460975a2c395597b5927f9c009879896,78
.txt,IMG_20210611_043459_jpg.rf.92cef48e59f00312cdac5d374ef17a4f.txt,0,0,0,,0,1,1,0,0,,"{""metric"": ""f1"", ""multimodal"": ""arsl""}",2022-02-06T21:10:02,data\raw\ArSL\test\labels\IMG_20210611_043459_jpg.rf.92cef48e59f00312cdac5d374ef17a4f.txt,d3e10ca26ad87438f476e3ba9b6300a90312780419778752b42b1b009b08c8c7,77
.txt,IMG_20210611_203845_jpg.rf.2a9bef7e61a06f8a67de9eb54bb3acf1.txt,0,0,0,,0,1,1,0,0,,"{""metric"": ""f1"", ""multimodal"": ""arsl""}",2022-02-06T21:10:02,data\raw\ArSL\test\labels\IMG_20210611_203845_jpg.rf.2a9bef7e61a06f8a67de9eb54bb3acf1.txt,8a6a5103aebb9c8463db89f52261a41af56354dc3f3d8e060e75595bb3becb13,78
.txt,IMG_20210611_205058_jpg.rf.734be651605bfac52afaf1e9cf3ef734.txt,0,0,0,,0,1,1,0,0,,"{""metric"": ""f1"", ""multimodal"": ""arsl""}",2022-02-06T21:10:02,data\raw\ArSL\test\labels\IMG_20210611_205058_jpg.rf.734be651605bfac52afaf1e9cf3ef734.txt,1f2798bdfca3d5ad5061f642cf0f0b0cf436afea432975704fa092e8debc5ad6,78
.txt,IMG_20210612_205817_jpg.rf.8671671df723997906f1ec3c9d1c37f1.txt,0,0,0,,0,1,1,0,0,,"{""metric"": ""f1"", ""multimodal"": ""arsl""}",2022-02-06T21:10:02,data\raw\ArSL\test\labels\IMG_20210612_205817_jpg.rf.8671671df723997906f1ec3c9d1c37f1.txt,1bb1c2cc8905f1051d0329bcf1b66be6838adf28371524a7576fa8400808bac9,80
.txt,IMG_20210615_163700_jpg.rf.76e2a6ef1ba6960fd673bbc8671de080.txt,0,0,0,,0,1,1,0,0,,"{""metric"": ""f1"", ""multimodal"": ""arsl""}",2022-02-06T21:10:02,data\raw\ArSL\test\labels\IMG_20210615_163700_jpg.rf.76e2a6ef1ba6960fd673bbc8671de080.txt,9a09100b59588034c74273579d92ed7d4d6f6705c6cf433e7d6bcb778976ecc5,80
.txt,IMG_20210615_211922_jpg.rf.df021f8eff1e8e1e5bf2e381b725b373.txt,0,0,0,,0,1,1,0,0,,"{""metric"": ""f1"", ""multimodal"": ""arsl""}",2022-02-06T21:10:02,data\raw\ArSL\test\labels\IMG_20210615_211922_jpg.rf.df021f8eff1e8e1e5bf2e381b725b373.txt,79381291846f0be267730413e4f3b4bfe4a3b97e6b4dbb0fe3131455df2c3521,78
.txt,IMG_20210615_212014_jpg.rf.0c6fc86fd93c1dd152124f17e8cda5a9.txt,0,0,0,,0,1,1,0,0,,"{""metric"": ""f1"", ""multimodal"": ""arsl""}",2022-02-06T21:10:02,data\raw\ArSL\test\labels\IMG_20210615_212014_jpg.rf.0c6fc86fd93c1dd152124f17e8cda5a9.txt,54e6baf1f63035146e1208f2d578cc8ad5aea3545ce93550c4c586a5238e5bc5,79
.txt,IMG_20210616_201326_jpg.rf.6df75e500f1b82cca6e7bb4ffe946358.txt,0,0,0,,0,1,1,0,0,,"{""metric"": ""f1"", ""multimodal"": ""arsl""}",2022-02-06T21:10:02,data\raw\ArSL\test\labels\IMG_20210616_201326_jpg.rf.6df75e500f1b82cca6e7bb4ffe946358.txt,a57bb9193258d5922defb3bdca0f2d109f1e68129c8bccfa24cb280b784f7305,79
.txt,IMG_20210619_002648_jpg.rf.65bc5eab0b8a4c7eb1c78d9f10f5c143.txt,0,0,0,,0,1,1,0,0,,"{""metric"": ""f1"", ""multimodal"": ""arsl""}",2022-02-06T21:10:02,data\raw\ArSL\test\labels\IMG_20210619_002648_jpg.rf.65bc5eab0b8a4c7eb1c78d9f10f5c143.txt,db161f95a21585c871a07abb6e3b04d313c3578a8bed080e1f32935c98bc3885,77
.txt,IMG_20210619_003925_jpg.rf.6f15d02e2d5e307e08ccb8715a9d59b2.txt,0,0,0,,0,1,1,0,0,,"{""metric"": ""f1"", ""multimodal"": ""arsl""}",2022-02-06T21:10:02,data\raw\ArSL\test\labels\IMG_20210619_003925_jpg.rf.6f15d02e2d5e307e08ccb8715a9d59b2.txt,9bda80555a38a34532d501fc36dc7a606e6115117f72546da6e6b0428e572798,79
.txt,IMG_20210623_135614_jpg.rf.7466f15b0817c6a36d2e1df84a5d65c9.txt,0,0,0,,0,1,1,0,0,,"{""metric"": ""f1"", ""multimodal"": ""arsl""}",2022-02-06T21:10:02,data\raw\ArSL\test\labels\IMG_20210623_135614_jpg.rf.7466f15b0817c6a36d2e1df84a5d65c9.txt,8465b4a7fd8ac575c320861fbef40a640eba5bb056af8adee70d85d4cb3d5980,67
.txt,IMG_20210623_135802_jpg.rf.ca0f1c3fe81e6208150861e1a2acf717.txt,0,0,0,,0,1,1,0,0,,"{""metric"": ""f1"", ""multimodal"": ""arsl""}",2022-02-06T21:10:02,data\raw\ArSL\test\labels\IMG_20210623_135802_jpg.rf.ca0f1c3fe81e6208150861e1a2acf717.txt,455f1863a858d8b5714292134427cf3f0a103156546ebeb459424962583eb0d9,78
.txt,IMG_20210623_160155_jpg.rf.8185b87fe601ad05a04f151e20bbdcfb.txt,0,0,0,,0,1,1,0,0,,"{""metric"": ""f1"", ""multimodal"": ""arsl""}",2022-02-06T21:10:02,data\raw\ArSL\test\labels\IMG_20210623_160155_jpg.rf.8185b87fe601ad05a04f151e20bbdcfb.txt,cdff061fa4b5e260c82f8f8cacd5b4c91801c82b6a22d10ec80fed82e56a9381,77
.txt,IMG_20210623_160342_jpg.rf.b0f1fe2a23f0a8bbfa5c0f2bc2c48972.txt,0,0,0,,0,1,1,0,0,,"{""metric"": ""f1"", ""multimodal"": ""arsl""}",2022-02-06T21:10:02,data\raw\ArSL\test\labels\IMG_20210623_160342_jpg.rf.b0f1fe2a23f0a8bbfa5c0f2bc2c48972.txt,a2cdd9086afdafad5e715bc69be4a51fe3376e307b4df7b44502c91e737f7e28,78
.txt,IMG_20210623_160710_jpg.rf.814ea746f116b9985c135d717864f791.txt,0,0,0,,0,1,1,0,0,,"{""metric"": ""f1"", ""multimodal"": ""arsl""}",2022-02-06T21:10:02,data\raw\ArSL\test\labels\IMG_20210623_160710_jpg.rf.814ea746f116b9985c135d717864f791.txt,38b5755c617808c2c08be3e1bb33bb7e811ad4b880bbc26da8d3fdc5673d8426,77
.txt,IMG_20210623_170128_jpg.rf.bbc7d6aa8069dd0bf549811f1a151f15.txt,0,0,0,,0,1,1,0,0,,"{""metric"": ""f1"", ""multimodal"": ""arsl""}",2022-02-06T21:10:02,data\raw\ArSL\test\labels\IMG_20210623_170128_jpg.rf.bbc7d6aa8069dd0bf549811f1a151f15.txt,f7d066688b3d8adf2a1e72fc0c701659ea9138082ec92187e76832f731eec4f2,68
.txt,IMG_20210623_170210_jpg.rf.4cf117524b544344d5b6c45df780966b.txt,0,0,0,,0,1,1,0,0,,"{""metric"": ""f1"", ""multimodal"": ""arsl""}",2022-02-06T21:10:02,data\raw\ArSL\test\labels\IMG_20210623_170210_jpg.rf.4cf117524b544344d5b6c45df780966b.txt,5668af3294a2c1273d7cf9e5768ec554493aa10c499bb32e6004e3c32b7bced0,79
.txt,IMG_20210624_224650_jpg.rf.f7c4b9adbf42f106943a868df4e533e8.txt,0,0,0,,0,1,1,0,0,,"{""metric"": ""f1"", ""multimodal"": ""arsl""}",2022-02-06T21:10:02,data\raw\ArSL\test\labels\IMG_20210624_224650_jpg.rf.f7c4b9adbf42f106943a868df4e533e8.txt,e43bfd6800bb489efe7962b2dfd8f5088b0fac25ae66cf0c7f468f16e53028d4,70
.txt,IMG_20210624_225115_jpg.rf.ec9b545215117deb849926424c9b0bf1.txt,0,0,0,,0,1,1,0,0,,"{""metric"": ""f1"", ""multimodal"": ""arsl""}",2022-02-06T21:10:02,data\raw\ArSL\test\labels\IMG_20210624_225115_jpg.rf.ec9b545215117deb849926424c9b0bf1.txt,a4a753a59cd5dcd14d07e6b510caa9eac335ba4dfec04b7d3a16e87403403894,79
.txt,IMG_20210624_225222_jpg.rf.ad0bd3b12f1585b4be8bb3043cbb545c.txt,0,0,0,,0,1,1,0,0,,"{""metric"": ""f1"", ""multimodal"": ""arsl""}",2022-02-06T21:10:02,data\raw\ArSL\test\labels\IMG_20210624_225222_jpg.rf.ad0bd3b12f1585b4be8bb3043cbb545c.txt,3c188d6ca980b1e7a3bc64ae35ac576b95007027ffdd50ccb959120d999fc67c,79
.txt,IMG_20210624_230652_jpg.rf.1f1fb618592147f71f978bd3cb58c2b2.txt,0,0,0,,0,1,1,0,0,,"{""metric"": ""f1"", ""multimodal"": ""arsl""}",2022-02-06T21:10:02,data\raw\ArSL\test\labels\IMG_20210624_230652_jpg.rf.1f1fb618592147f71f978bd3cb58c2b2.txt,e94539e67b472ee361c06a80e9c901e7fc3430e93dc480aac3d393f3fce32321,81
.txt,IMG_20210624_232137_jpg.rf.45c8579923d631aebbf1f6b882c82f26.txt,0,0,0,,0,1,1,0,0,,"{""metric"": ""f1"", ""multimodal"": ""arsl""}",2022-02-06T21:10:02,data\raw\ArSL\test\labels\IMG_20210624_232137_jpg.rf.45c8579923d631aebbf1f6b882c82f26.txt,409a7dc3877fd303db161d250d1ed5637c2bc3db26fdfa95fd03abbe41564871,80
.txt,IMG_20210625_013429_jpg.rf.18be8190ff1395342a8f3f97de5ca97c.txt,0,0,0,,0,1,1,0,0,,"{""metric"": ""f1"", ""multimodal"": ""arsl""}",2022-02-06T21:10:02,data\raw\ArSL\test\labels\IMG_20210625_013429_jpg.rf.18be8190ff1395342a8f3f97de5ca97c.txt,2c74f08a083972a6453d8675ccf20e937a350446c8bec6444ca41b819880e42d,79
.txt,IMG_20210625_013600_jpg.rf.7822e522ef238be9cedf1105d64e9720.txt,0,0,0,,0,1,1,0,0,,"{""metric"": ""f1"", ""multimodal"": ""arsl""}",2022-02-06T21:10:02,data\raw\ArSL\test\labels\IMG_20210625_013600_jpg.rf.7822e522ef238be9cedf1105d64e9720.txt,65a272aa7f6b85dd527feb7279189235a2b47db74580ffe339f29a6890269f6b,80
.txt,IMG_20210625_024619_jpg.rf.b31005fdacf1c1a514e5b1ac2b1b8a51.txt,0,0,0,,0,1,1,0,0,,"{""metric"": ""f1"", ""multimodal"": ""arsl""}",2022-02-06T21:10:02,data\raw\ArSL\test\labels\IMG_20210625_024619_jpg.rf.b31005fdacf1c1a514e5b1ac2b1b8a51.txt,b8900001489a99b9c3b4a59d8e6c21a9b677834e50a1853df16e5dec2d105eb0,80
.txt,IMG_20210625_190236_jpg.rf.092d8c676d341b5a0feaf1bb3a4f64a9.txt,0,0,0,,0,1,1,0,0,,"{""metric"": ""f1"", ""multimodal"": ""arsl""}",2022-02-06T21:10:02,data\raw\ArSL\test\labels\IMG_20210625_190236_jpg.rf.092d8c676d341b5a0feaf1bb3a4f64a9.txt,2d8e61e48e62554faa93394217a46dac046e934df3c272cc76900e08c0d6fcf7,80
.txt,IMG_20210625_195726_jpg.rf.75a8c71293df1d037a1d7216be52e903.txt,0,0,0,,0,1,1,0,0,,"{""metric"": ""f1"", ""multimodal"": ""arsl""}",2022-02-06T21:10:04,data\raw\ArSL\test\labels\IMG_20210625_195726_jpg.rf.75a8c71293df1d037a1d7216be52e903.txt,546cb41c3700185f7ba89f47010e725bf5b798ca72795540de7a2c247f080c31,79
.txt,IMG_20210625_202715_jpg.rf.e0cf4981dce62581402f10b219056dbe.txt,0,0,0,,0,1,1,0,0,,"{""metric"": ""f1"", ""multimodal"": ""arsl""}",2022-02-06T21:10:04,data\raw\ArSL\test\labels\IMG_20210625_202715_jpg.rf.e0cf4981dce62581402f10b219056dbe.txt,71704e6c3408a3c599dc785bed3364633a3aa9dd3a64121e04b066e242164c7d,70
.jpg,IMG_20210609_185416_jpg.rf.1fbcb6b539156b0362df8c98db79f104.jpg,0,0,0,1,0,1,1,0,0,,"{""metric"": ""f1"", ""multimodal"": ""image; arsl""}",2022-02-06T21:10:04,data\raw\ArSL\train\images\IMG_20210609_185416_jpg.rf.1fbcb6b539156b0362df8c98db79f104.jpg,e9d6b460ab66d2d9f3ed5d97abe8649b130c34e03718c2fafe55f364af4908c4,18694
.jpg,IMG_20210609_185703_jpg.rf.de9153e24340c50019a07b7a7468f1cd.jpg,0,0,0,1,0,1,1,0,0,,"{""metric"": ""f1"", ""multimodal"": ""image; arsl""}",2022-02-06T21:10:04,data\raw\ArSL\train\images\IMG_20210609_185703_jpg.rf.de9153e24340c50019a07b7a7468f1cd.jpg,f7b7c9615db426a503e715d7def1bebbafa79d5feb1089c02e7808d136fbd964,16276
.jpg,IMG_20210609_190147_jpg.rf.ff720eec6ecb6410e8d54ef17e0ba6df.jpg,0,0,0,1,0,1,1,0,0,,"{""metric"": ""f1"", ""multimodal"": ""image; arsl""}",2022-02-06T21:10:04,data\raw\ArSL\train\images\IMG_20210609_190147_jpg.rf.ff720eec6ecb6410e8d54ef17e0ba6df.jpg,fb184c7164f1e0be1bb4c7f187ad29e19273a8b3d060d7b768d4034873506c02,21992
.jpg,IMG_20210609_190205_jpg.rf.df13cae54b3eaa02b44a1cf8d001a7fb.jpg,0,0,0,1,0,1,1,0,0,,"{""metric"": ""f1"", ""multimodal"": ""image; arsl""}",2022-02-06T21:10:04,data\raw\ArSL\train\images\IMG_20210609_190205_jpg.rf.df13cae54b3eaa02b44a1cf8d001a7fb.jpg,d635139ac9a425c92eb333879254efba405fbf7f477dbcd528663e06d2a9045c,31610
.jpg,IMG_20210609_190323_jpg.rf.4f573268531a6f1e48cef3ddbbe96ced.jpg,0,0,0,1,0,1,1,0,0,,"{""metric"": ""f1"", ""multimodal"": ""image; arsl""}",2022-02-06T21:10:04,data\raw\ArSL\train\images\IMG_20210609_190323_jpg.rf.4f573268531a6f1e48cef3ddbbe96ced.jpg,c3a2eb5357a3f4ff292408243c834c2430009b16a84196fc6540ab2dc1dd7206,26646
.jpg,IMG_20210609_190650_jpg.rf.b5394d7ba152f11a092321b0bf46311a.jpg,0,0,0,1,0,1,1,0,0,,"{""metric"": ""f1"", ""multimodal"": ""image; arsl""}",2022-02-06T21:10:04,data\raw\ArSL\train\images\IMG_20210609_190650_jpg.rf.b5394d7ba152f11a092321b0bf46311a.jpg,d424f51a7da65385eac0cade48d6b6081fcc4925299eae8707d17ae83493649c,25149
.jpg,IMG_20210609_192210_jpg.rf.64b3e439f18b2304fda79abef4d11fa9.jpg,0,0,0,1,0,1,1,0,0,,"{""metric"": ""f1"", ""multimodal"": ""image; arsl""}",2022-02-06T21:10:04,data\raw\ArSL\train\images\IMG_20210609_192210_jpg.rf.64b3e439f18b2304fda79abef4d11fa9.jpg,618ece24600cd1612cca6efb0a2cdc7fc22edf4645696e2c3dddc8c9b785feb1,17266
.jpg,IMG_20210610_173656_jpg.rf.ef14ca960a6d5595cd4893da689f6240.jpg,0,0,0,1,0,1,1,0,0,,"{""metric"": ""f1"", ""multimodal"": ""image; arsl""}",2022-02-06T21:10:04,data\raw\ArSL\train\images\IMG_20210610_173656_jpg.rf.ef14ca960a6d5595cd4893da689f6240.jpg,75c5c2b3d5e9ebeb78e119114c8665cfae47a4a056183371a41277245ed0a94b,15590
.jpg,IMG_20210610_174441_jpg.rf.88c0ccf608abb0841f764e8cf1a0c190.jpg,0,0,0,1,0,1,1,0,0,,"{""metric"": ""f1"", ""multimodal"": ""image; arsl""}",2022-02-06T21:10:04,data\raw\ArSL\train\images\IMG_20210610_174441_jpg.rf.88c0ccf608abb0841f764e8cf1a0c190.jpg,ea26a75ee25a4dfa3d1d9a11b99e73ec0bda4515bd09d35fa9fd3b60c8cb5b04,13292
.jpg,IMG_20210610_180718_jpg.rf.507bf65fd7fdbf27a27fd1af1a247865.jpg,0,0,0,1,0,1,1,0,0,,"{""metric"": ""f1"", ""multimodal"": ""image; arsl""}",2022-02-06T21:10:04,data\raw\ArSL\train\images\IMG_20210610_180718_jpg.rf.507bf65fd7fdbf27a27fd1af1a247865.jpg,8b3698a14585f0c50924a5cdb0663fdd4f0c7941480e3c71336f4c62f05ab8c4,48209
.jpg,IMG_20210610_180745_jpg.rf.6b45691436b8ec67d60f183b06006701.jpg,0,0,0,1,0,1,1,0,0,,"{""metric"": ""f1"", ""multimodal"": ""image; arsl""}",2022-02-06T21:10:04,data\raw\ArSL\train\images\IMG_20210610_180745_jpg.rf.6b45691436b8ec67d60f183b06006701.jpg,5356d357bc5d9c2668b47149c586c8a6c367813c92f757bc4123b01e589e8bf5,34348
.jpg,IMG_20210610_181121_jpg.rf.a2f2f769176464cad6b9dae2828b46f1.jpg,0,0,0,1,0,1,1,0,0,,"{""metric"": ""f1"", ""multimodal"": ""image; arsl""}",2022-02-06T21:10:04,data\raw\ArSL\train\images\IMG_20210610_181121_jpg.rf.a2f2f769176464cad6b9dae2828b46f1.jpg,3ae45432822a7d3b1015761ec4cc70e88615b8bdbd481def7fa5e99dafed864e,18111
.jpg,IMG_20210610_181632_jpg.rf.a6c7a0a2bce1f183e8c04b542a498f42.jpg,0,0,0,1,0,1,1,0,0,,"{""metric"": ""f1"", ""multimodal"": ""image; arsl""}",2022-02-06T21:10:04,data\raw\ArSL\train\images\IMG_20210610_181632_jpg.rf.a6c7a0a2bce1f183e8c04b542a498f42.jpg,20a3cf8b10003aac7e37bdd07c8c0c6d020ce630aefc81dd2c074d069561233e,20813
.jpg,IMG_20210610_181949_jpg.rf.f1638862f9cc035329b98c084b36b93d.jpg,0,0,0,1,0,1,1,0,0,,"{""metric"": ""f1"", ""multimodal"": ""image; arsl""}",2022-02-06T21:10:04,data\raw\ArSL\train\images\IMG_20210610_181949_jpg.rf.f1638862f9cc035329b98c084b36b93d.jpg,18c699cd286cc8e0351232ded6f4ed13cf9e8e01e5bec4f0fc7fdca720717bae,34983
.jpg,IMG_20210610_182208_jpg.rf.e82ed51e4009f165b0ea522d424b6664.jpg,0,0,0,1,0,1,1,0,0,,"{""metric"": ""f1"", ""multimodal"": ""image; arsl""}",2022-02-06T21:10:04,data\raw\ArSL\train\images\IMG_20210610_182208_jpg.rf.e82ed51e4009f165b0ea522d424b6664.jpg,c78ce447128af4cee1d205c83e9469e948469add837870655a512a2d26c2f595,24717
.jpg,IMG_20210610_203206_jpg.rf.2d7d3e2119f5d657aea652771f1fc714.jpg,0,0,0,1,0,1,1,0,0,,"{""metric"": ""f1"", ""multimodal"": ""image; arsl""}",2022-02-06T21:10:04,data\raw\ArSL\train\images\IMG_20210610_203206_jpg.rf.2d7d3e2119f5d657aea652771f1fc714.jpg,7ff7f81b297b68b67193d3b752b149064f499dae2c14410bb7514512106f1309,15734
.jpg,IMG_20210610_203239_jpg.rf.ce548bae84ed02bb4bcc4c8d7814f16c.jpg,0,0,0,1,0,1,1,0,0,,"{""metric"": ""f1"", ""multimodal"": ""image; arsl""}",2022-02-06T21:10:04,data\raw\ArSL\train\images\IMG_20210610_203239_jpg.rf.ce548bae84ed02bb4bcc4c8d7814f16c.jpg,a1473bca6a0e2cb7a16746774b03034d81fe4159f96c8a738803742ad59fd203,16538
.jpg,IMG_20210610_210042_jpg.rf.ac7cd4207af98b941ea983f1265becef.jpg,0,0,0,1,0,1,1,0,0,,"{""metric"": ""f1"", ""multimodal"": ""image; arsl""}",2022-02-06T21:10:04,data\raw\ArSL\train\images\IMG_20210610_210042_jpg.rf.ac7cd4207af98b941ea983f1265becef.jpg,f3acffc3f1384c42a0ccfc82331e8c8316f52ffbbd5f3a027925148eda62484f,18957
.jpg,IMG_20210610_210734_jpg.rf.c16f916bfbd3d50ce96ea9da39d9f128.jpg,0,0,0,1,0,1,1,0,0,,"{""metric"": ""f1"", ""multimodal"": ""image; arsl""}",2022-02-06T21:10:04,data\raw\ArSL\train\images\IMG_20210610_210734_jpg.rf.c16f916bfbd3d50ce96ea9da39d9f128.jpg,d6d582e389f5945b79ad6dd6f95a8cc03104b95c1c76ad174e8a776ce7a43ff4,22362
.jpg,IMG_20210610_211345_jpg.rf.e5b0af12afd7f227ab348525e470d139.jpg,0,0,0,1,0,1,1,0,0,,"{""metric"": ""f1"", ""multimodal"": ""image; arsl""}",2022-02-06T21:10:04,data\raw\ArSL\train\images\IMG_20210610_211345_jpg.rf.e5b0af12afd7f227ab348525e470d139.jpg,cb88fa323d644e815a72306d12fb2d913eacadb64fe589fd934b3d1d51b668bb,24186
.jpg,IMG_20210610_211350_jpg.rf.0b2f10ec8bde48c76b022d964d825c5d.jpg,0,0,0,1,0,1,1,0,0,,"{""metric"": ""f1"", ""multimodal"": ""image; arsl""}",2022-02-06T21:10:04,data\raw\ArSL\train\images\IMG_20210610_211350_jpg.rf.0b2f10ec8bde48c76b022d964d825c5d.jpg,d9e4248aab7194f1066a0572897dac05ad9cf4ab028cd8aabb463eb5f1f1c1bb,24598
.jpg,IMG_20210611_042914_jpg.rf.771af4d38c7df1e75b7816fd904bf4e7.jpg,0,0,0,1,0,1,1,0,0,,"{""metric"": ""f1"", ""multimodal"": ""image; arsl""}",2022-02-06T21:10:04,data\raw\ArSL\train\images\IMG_20210611_042914_jpg.rf.771af4d38c7df1e75b7816fd904bf4e7.jpg,1a22ba04cc8b5efd5052a6551eb433cb208d582d9bb2096a3798a6cee85dc2a5,25707
.jpg,IMG_20210611_043159_jpg.rf.b20ce8811bf9e07721670d5d00acb1f1.jpg,0,0,0,1,0,1,1,0,0,,"{""metric"": ""f1"", ""multimodal"": ""image; arsl""}",2022-02-06T21:10:04,data\raw\ArSL\train\images\IMG_20210611_043159_jpg.rf.b20ce8811bf9e07721670d5d00acb1f1.jpg,f125254532f4df2cd9bb3e645187e2cb4a11fd629398dfec5f416e6534e3bfad,10827
.jpg,IMG_20210611_043347_jpg.rf.3851e1eae354f1c54e1ee6c50cf1eb11.jpg,0,0,0,1,0,1,1,0,0,,"{""metric"": ""f1"", ""multimodal"": ""image; arsl""}",2022-02-06T21:10:04,data\raw\ArSL\train\images\IMG_20210611_043347_jpg.rf.3851e1eae354f1c54e1ee6c50cf1eb11.jpg,7112ca35269e93401c714ca164d36a6044936b73ff97ab416ca6745145f84f34,21480
.jpg,IMG_20210611_043642_jpg.rf.a32c8fee5c7587d268f1d9ce3155b648.jpg,0,0,0,1,0,1,1,0,0,,"{""metric"": ""f1"", ""multimodal"": ""image; arsl""}",2022-02-06T21:10:04,data\raw\ArSL\train\images\IMG_20210611_043642_jpg.rf.a32c8fee5c7587d268f1d9ce3155b648.jpg,3600bbdc0ab441c49e85bcc363d6a67b16ad732decdf94b73d95ea1dd2c36179,15449
.jpg,IMG_20210611_043927_jpg.rf.a9762e14688535e9bed880f138edfe10.jpg,0,0,0,1,0,1,1,0,0,,"{""metric"": ""f1"", ""multimodal"": ""image; arsl""}",2022-02-06T21:10:04,data\raw\ArSL\train\images\IMG_20210611_043927_jpg.rf.a9762e14688535e9bed880f138edfe10.jpg,54de25b7b6cd3324b46eade8de6ff32e65e88bb3b8e0622273e26c48c2158948,15489
.jpg,IMG_20210611_044428_jpg.rf.73060ca3e74cddad1db06e461bdf1e78.jpg,0,0,0,1,0,1,1,0,0,,"{""metric"": ""f1"", ""multimodal"": ""image; arsl""}",2022-02-06T21:10:04,data\raw\ArSL\train\images\IMG_20210611_044428_jpg.rf.73060ca3e74cddad1db06e461bdf1e78.jpg,a2c80f0de182f195ab56ecf8cf7e47842dbfaeac8950922fa66537348930848d,21421
.jpg,IMG_20210611_140245_jpg.rf.fef730c92960318e7e11f1f595e5d21e.jpg,0,0,0,1,0,1,1,0,0,,"{""metric"": ""f1"", ""multimodal"": ""image; arsl""}",2022-02-06T21:10:04,data\raw\ArSL\train\images\IMG_20210611_140245_jpg.rf.fef730c92960318e7e11f1f595e5d21e.jpg,7e01af4f6db14d88735cdcd808b1daf83a238dac4d9397399bb0d81dbe38d454,22130
.jpg,IMG_20210611_203101_jpg.rf.3559410fca15404fd2eaf18880580682.jpg,0,0,0,1,0,1,1,0,0,,"{""metric"": ""f1"", ""multimodal"": ""image; arsl""}",2022-02-06T21:10:04,data\raw\ArSL\train\images\IMG_20210611_203101_jpg.rf.3559410fca15404fd2eaf18880580682.jpg,07c8280a6745eeaaeaaa1e38760c83658b9318eedf04c9238d842927258d9bc9,17497
.jpg,IMG_20210611_203603_jpg.rf.f21f1aa98a59bb1a8c0577ffa4e1ee57.jpg,0,0,0,1,0,1,1,0,0,,"{""metric"": ""f1"", ""multimodal"": ""image; arsl""}",2022-02-06T21:10:04,data\raw\ArSL\train\images\IMG_20210611_203603_jpg.rf.f21f1aa98a59bb1a8c0577ffa4e1ee57.jpg,40503010ce459c6d6132f8055adf761c4535f8c74fde068f73baac62c36aa95d,20112
.jpg,IMG_20210611_203636_jpg.rf.8e4bfddc036853d9529bcaaf1804e3e2.jpg,0,0,0,1,0,1,1,0,0,,"{""metric"": ""f1"", ""multimodal"": ""image; arsl""}",2022-02-06T21:10:04,data\raw\ArSL\train\images\IMG_20210611_203636_jpg.rf.8e4bfddc036853d9529bcaaf1804e3e2.jpg,4db9384dce544627e076c4aa559d4a6513cd50789d48f215802ca8cd65983635,20124
.jpg,IMG_20210611_203659_jpg.rf.bbbf14a0eeb0726e341dc15feece8418.jpg,0,0,0,1,0,1,1,0,0,,"{""metric"": ""f1"", ""multimodal"": ""image; arsl""}",2022-02-06T21:10:04,data\raw\ArSL\train\images\IMG_20210611_203659_jpg.rf.bbbf14a0eeb0726e341dc15feece8418.jpg,d810ecb9113310b12ce8290296e1f7b1db66ac959cf812c583388b2379428a83,13257
.jpg,IMG_20210611_203851_jpg.rf.f3e513450a5a88574b3d50eaffcf101c.jpg,0,0,0,1,0,1,1,0,0,,"{""metric"": ""f1"", ""multimodal"": ""image; arsl""}",2022-02-06T21:10:04,data\raw\ArSL\train\images\IMG_20210611_203851_jpg.rf.f3e513450a5a88574b3d50eaffcf101c.jpg,3fed6f834cbf09413fb2abba6189fd67f69fbec52a44d94a68f72fd3d48b02b4,18409
.jpg,IMG_20210611_204451_jpg.rf.a34a7fbe0caaa9a367a1b5f1f030dca1.jpg,0,0,0,1,0,1,1,0,0,,"{""metric"": ""f1"", ""multimodal"": ""image; arsl""}",2022-02-06T21:10:04,data\raw\ArSL\train\images\IMG_20210611_204451_jpg.rf.a34a7fbe0caaa9a367a1b5f1f030dca1.jpg,f38bbe7df81b9bec5d3f3a79255eff93564f8d1e30c088e15d878931f44e7814,27050
.jpg,IMG_20210611_204707_jpg.rf.ac9a1ab8da4ea93f154b795ea0b36436.jpg,0,0,0,1,0,1,1,0,0,,"{""metric"": ""f1"", ""multimodal"": ""image; arsl""}",2022-02-06T21:10:04,data\raw\ArSL\train\images\IMG_20210611_204707_jpg.rf.ac9a1ab8da4ea93f154b795ea0b36436.jpg,ff2ce72d59a05a8859d1a817a205bb8776fdcd6464fafca770b8f6778801fe9f,18398
.jpg,IMG_20210611_204829_jpg.rf.adcaeff46cc8e260de8d88dca0f12cbd.jpg,0,0,0,1,0,1,1,0,0,,"{""metric"": ""f1"", ""multimodal"": ""image; arsl""}",2022-02-06T21:10:04,data\raw\ArSL\train\images\IMG_20210611_204829_jpg.rf.adcaeff46cc8e260de8d88dca0f12cbd.jpg,69c24542e11622830763a7452ff706ae202237626720474e303b1d8062fa7798,32233
.jpg,IMG_20210611_205250_jpg.rf.021a98f12dd9f1d7568105de43bb56e5.jpg,0,0,0,1,0,1,1,0,0,,"{""metric"": ""f1"", ""multimodal"": ""image; arsl""}",2022-02-06T21:10:04,data\raw\ArSL\train\images\IMG_20210611_205250_jpg.rf.021a98f12dd9f1d7568105de43bb56e5.jpg,12ef4e316dfac42dcd2a570c5c76bb343c4dbe86d9af7a98ca768809d6b17af8,22029
.jpg,IMG_20210611_205502_jpg.rf.b4a5363dee2ff38db5f1e2029b48aeff.jpg,0,0,0,1,0,1,1,0,0,,"{""metric"": ""f1"", ""multimodal"": ""image; arsl""}",2022-02-06T21:10:04,data\raw\ArSL\train\images\IMG_20210611_205502_jpg.rf.b4a5363dee2ff38db5f1e2029b48aeff.jpg,34deaf775ab4c721eceed11689d6af041b228b10fd4b22a806e19e3ad20cefff,17535
.jpg,IMG_20210611_205511_jpg.rf.84a92ec5552d6d3693e25a42bdf1afd3.jpg,0,0,0,1,0,1,1,0,0,,"{""metric"": ""f1"", ""multimodal"": ""image; arsl""}",2022-02-06T21:10:04,data\raw\ArSL\train\images\IMG_20210611_205511_jpg.rf.84a92ec5552d6d3693e25a42bdf1afd3.jpg,aed9f19f9372d449ee560d59ed05a5eaad45e7e0316a89c07e3a9e16f349bcbf,18279
.jpg,IMG_20210611_205633_jpg.rf.1744e96850cff3e1e2f1790fc7d95817.jpg,0,0,0,1,0,1,1,0,0,,"{""metric"": ""f1"", ""multimodal"": ""image; arsl""}",2022-02-06T21:10:04,data\raw\ArSL\train\images\IMG_20210611_205633_jpg.rf.1744e96850cff3e1e2f1790fc7d95817.jpg,41588d580b6f40aa9565f07845aeffaca4d0a45996f2a8bc8ca1fca66f67d41f,32419
.jpg,IMG_20210611_205724_jpg.rf.e7b1232426328f1658d42170e7a1e17c.jpg,0,0,0,1,0,1,1,0,0,,"{""metric"": ""f1"", ""multimodal"": ""image; arsl""}",2022-02-06T21:10:04,data\raw\ArSL\train\images\IMG_20210611_205724_jpg.rf.e7b1232426328f1658d42170e7a1e17c.jpg,ce270621945660b72cc0a01fa363436a8e678b0ba51dda7cc9801a622b6e1ff5,23545
.jpg,IMG_20210611_210006_jpg.rf.3373e71446a2112f1ee2a71189841a4c.jpg,0,0,0,1,0,1,1,0,0,,"{""metric"": ""f1"", ""multimodal"": ""image; arsl""}",2022-02-06T21:10:04,data\raw\ArSL\train\images\IMG_20210611_210006_jpg.rf.3373e71446a2112f1ee2a71189841a4c.jpg,a0a12519c21ce31f1f5b4a84b159a2247ae35ed07c622070fc7da7c82c00db15,24122
.jpg,IMG_20210611_210101_jpg.rf.de83d9f153e740358662443c83e09fe4.jpg,0,0,0,1,0,1,1,0,0,,"{""metric"": ""f1"", ""multimodal"": ""image; arsl""}",2022-02-06T21:10:04,data\raw\ArSL\train\images\IMG_20210611_210101_jpg.rf.de83d9f153e740358662443c83e09fe4.jpg,717fc0c4034ee1e755b6e25290d430938663cfa19ccfdd21cee7fc0e6c223740,31424
.jpg,IMG_20210611_210445_jpg.rf.3ad153c8ff13a58e12e8ca37356177b5.jpg,0,0,0,1,0,1,1,0,0,,"{""metric"": ""f1"", ""multimodal"": ""image; arsl""}",2022-02-06T21:10:04,data\raw\ArSL\train\images\IMG_20210611_210445_jpg.rf.3ad153c8ff13a58e12e8ca37356177b5.jpg,c7dcecb6725990ef5d08723ad2ea0b91c7ec7be34ffc3b9ba3e21826e32412e5,28332
.jpg,IMG_20210611_210547_jpg.rf.d97bef1461424358b62200f0380834c6.jpg,0,0,0,1,0,1,1,0,0,,"{""metric"": ""f1"", ""multimodal"": ""image; arsl""}",2022-02-06T21:10:04,data\raw\ArSL\train\images\IMG_20210611_210547_jpg.rf.d97bef1461424358b62200f0380834c6.jpg,81c181d158d5fff10255cc14b29960005a6149a90302e5439a25ad963915fe7a,20695
.jpg,IMG_20210611_210639_jpg.rf.06ac07a4059759f126a1d9283f1bd1b3.jpg,0,0,0,1,0,1,1,0,0,,"{""metric"": ""f1"", ""multimodal"": ""image; arsl""}",2022-02-06T21:10:04,data\raw\ArSL\train\images\IMG_20210611_210639_jpg.rf.06ac07a4059759f126a1d9283f1bd1b3.jpg,ae75760d16f4e05f74bd6d06a849bc716018637173ca6907d7b3636f34eca399,18852
.jpg,IMG_20210611_210649_jpg.rf.4ec1e259f1822d87016d3768ed49d726.jpg,0,0,0,1,0,1,1,0,0,,"{""metric"": ""f1"", ""multimodal"": ""image; arsl""}",2022-02-06T21:10:04,data\raw\ArSL\train\images\IMG_20210611_210649_jpg.rf.4ec1e259f1822d87016d3768ed49d726.jpg,4fb60ae2ccca70ed737a2d073bb42aa141f8a95d58f6388dda424cbfd4a1133c,14854
.jpg,IMG_20210611_210701_jpg.rf.1f9ffd751e40f2f82683a7e338f147e5.jpg,0,0,0,1,0,1,1,0,0,,"{""metric"": ""f1"", ""multimodal"": ""image; arsl""}",2022-02-06T21:10:04,data\raw\ArSL\train\images\IMG_20210611_210701_jpg.rf.1f9ffd751e40f2f82683a7e338f147e5.jpg,0fdd1613edbe1d646a57bbbf06d71ac3b638920e73b44ea5d7303c2d9f2e7f83,14287
.jpg,IMG_20210611_210737_jpg.rf.ec8189a6884e3bf40320f1ce31fe6cb5.jpg,0,0,0,1,0,1,1,0,0,,"{""metric"": ""f1"", ""multimodal"": ""image; arsl""}",2022-02-06T21:10:04,data\raw\ArSL\train\images\IMG_20210611_210737_jpg.rf.ec8189a6884e3bf40320f1ce31fe6cb5.jpg,6649ab968de64ded822080ee0b9c2443446c8de76e2b2b5235169c35fab46c95,20990
.jpg,IMG_20210611_210830_jpg.rf.911d5df18008c036fc47c8cc485870bb.jpg,0,0,0,1,0,1,1,0,0,,"{""metric"": ""f1"", ""multimodal"": ""image; arsl""}",2022-02-06T21:10:04,data\raw\ArSL\train\images\IMG_20210611_210830_jpg.rf.911d5df18008c036fc47c8cc485870bb.jpg,fe38259e1f9268912699d375490f0d6d9727ea2d846aec3d12c382491279130e,20860
.jpg,IMG_20210611_211441_jpg.rf.3dd90f01b5f15f406ca3201e55522baf.jpg,0,0,0,1,0,1,1,0,0,,"{""metric"": ""f1"", ""multimodal"": ""image; arsl""}",2022-02-06T21:10:04,data\raw\ArSL\train\images\IMG_20210611_211441_jpg.rf.3dd90f01b5f15f406ca3201e55522baf.jpg,3c1f1e30c04388d7b833d91b676cf5410f4a4be6195206498a45be0724fe40ec,28041
.jpg,IMG_20210611_211515_jpg.rf.6e4f1d84449fa11f2b149bfc4578811a.jpg,0,0,0,1,0,1,1,0,0,,"{""metric"": ""f1"", ""multimodal"": ""image; arsl""}",2022-02-06T21:10:04,data\raw\ArSL\train\images\IMG_20210611_211515_jpg.rf.6e4f1d84449fa11f2b149bfc4578811a.jpg,34df442afdd837845347efbafaa5ca75063dc94d02487dcf533d57e3a6fcb838,28532
.jpg,IMG_20210612_172514_jpg.rf.0fc79bb5823f1bf44f96dbfdd73b2250.jpg,0,0,0,1,0,1,1,0,0,,"{""metric"": ""f1"", ""multimodal"": ""image; arsl""}",2022-02-06T21:10:04,data\raw\ArSL\train\images\IMG_20210612_172514_jpg.rf.0fc79bb5823f1bf44f96dbfdd73b2250.jpg,f40046543338e0775d74d1a49f717fdaaccfcf8689ffef071ddbad192c311c45,16907
.jpg,IMG_20210612_172550_jpg.rf.b7c5d156d12f0894055fbf1f7af0b650.jpg,0,0,0,1,0,1,1,0,0,,"{""metric"": ""f1"", ""multimodal"": ""image; arsl""}",2022-02-06T21:10:04,data\raw\ArSL\train\images\IMG_20210612_172550_jpg.rf.b7c5d156d12f0894055fbf1f7af0b650.jpg,82d4ea9dcdc2491b9df7daeabe83bb236859c7d2e35c37541b6cff3292c50727,13737
.jpg,IMG_20210612_172725_jpg.rf.f01cc2822a6320fd47b41f135fc6a21f.jpg,0,0,0,1,0,1,1,0,0,,"{""metric"": ""f1"", ""multimodal"": ""image; arsl""}",2022-02-06T21:10:04,data\raw\ArSL\train\images\IMG_20210612_172725_jpg.rf.f01cc2822a6320fd47b41f135fc6a21f.jpg,43b109b8d35a32885bd232306f587bd4b996c0bb432bae878ebb0212d631ad49,11111
.jpg,IMG_20210612_172929_jpg.rf.15b0fa43f1c4ce4474964a01123382cf.jpg,0,0,0,1,0,1,1,0,0,,"{""metric"": ""f1"", ""multimodal"": ""image; arsl""}",2022-02-06T21:10:04,data\raw\ArSL\train\images\IMG_20210612_172929_jpg.rf.15b0fa43f1c4ce4474964a01123382cf.jpg,b8ab97df72cd84702b5014bb159aae1429c6d09b8afcb3eb2620b62435d6c208,15241
.jpg,IMG_20210612_172951_jpg.rf.7c8e1dfc99cf7f1efa4d0c647b126ca8.jpg,0,0,0,1,0,1,1,0,0,,"{""metric"": ""f1"", ""multimodal"": ""image; arsl""}",2022-02-06T21:10:04,data\raw\ArSL\train\images\IMG_20210612_172951_jpg.rf.7c8e1dfc99cf7f1efa4d0c647b126ca8.jpg,c11c2e162ecf83b156535dd4de9d7a30105afabf1e2ae66f051d286102384ef9,20429
.jpg,IMG_20210612_173035_jpg.rf.936f1e155f8f0519440ccca19ed81546.jpg,0,0,0,1,0,1,1,0,0,,"{""metric"": ""f1"", ""multimodal"": ""image; arsl""}",2022-02-06T21:10:04,data\raw\ArSL\train\images\IMG_20210612_173035_jpg.rf.936f1e155f8f0519440ccca19ed81546.jpg,6b8e68a570b690907c8768e01693d6383462c8d0809c3bc8b9c817699d8607ae,12999
.jpg,IMG_20210612_194243_jpg.rf.9daf10ad0a4fa0830d78b0c39491d5c6.jpg,0,0,0,1,0,1,1,0,0,,"{""metric"": ""f1"", ""multimodal"": ""image; arsl""}",2022-02-06T21:10:04,data\raw\ArSL\train\images\IMG_20210612_194243_jpg.rf.9daf10ad0a4fa0830d78b0c39491d5c6.jpg,b2fbed07f3f55195bceae43df3703e9a12f1c443b708ff6ab88e3a7c3f212b11,31439
.jpg,IMG_20210612_194321_jpg.rf.1f174fa2f6edd44273d32a85a53deed5.jpg,0,0,0,1,0,1,1,0,0,,"{""metric"": ""f1"", ""multimodal"": ""image; arsl""}",2022-02-06T21:10:04,data\raw\ArSL\train\images\IMG_20210612_194321_jpg.rf.1f174fa2f6edd44273d32a85a53deed5.jpg,0d00b9b940f4f0d232b4ab95e22775b6b5984b551fc0f805b232fd9a9737188d,13269
.jpg,IMG_20210612_194635_jpg.rf.a260ef3136b2d668411bf55c6f1954c5.jpg,0,0,0,1,0,1,1,0,0,,"{""metric"": ""f1"", ""multimodal"": ""image; arsl""}",2022-02-06T21:10:04,data\raw\ArSL\train\images\IMG_20210612_194635_jpg.rf.a260ef3136b2d668411bf55c6f1954c5.jpg,49cbcac4c1fb0243226405d5f26bd23cbb5120fa7f4de3e16c2dc1e8e124e91b,34429
.jpg,IMG_20210612_194809_jpg.rf.ce17d2a6f1e2f573389d416fb99ae046.jpg,0,0,0,1,0,1,1,0,0,,"{""metric"": ""f1"", ""multimodal"": ""image; arsl""}",2022-02-06T21:10:04,data\raw\ArSL\train\images\IMG_20210612_194809_jpg.rf.ce17d2a6f1e2f573389d416fb99ae046.jpg,b331c2b8e551dd140a936d007ccd048791f60caa13c62a2f484637d1b986cfd3,14253
.jpg,IMG_20210612_195034_jpg.rf.ca14e237551b4068453d2381aa913cf1.jpg,0,0,0,1,0,1,1,0,0,,"{""metric"": ""f1"", ""multimodal"": ""image; arsl""}",2022-02-06T21:10:04,data\raw\ArSL\train\images\IMG_20210612_195034_jpg.rf.ca14e237551b4068453d2381aa913cf1.jpg,a4471f163a0804889d6a2fe1e617ba53a81769d4684df07eba9b6ba99f9d3a83,11099
.jpg,IMG_20210612_195054_jpg.rf.7e2dc60db2e18f17aff8ae42cf5e541f.jpg,0,0,0,1,0,1,1,0,0,,"{""metric"": ""f1"", ""multimodal"": ""image; arsl""}",2022-02-06T21:10:04,data\raw\ArSL\train\images\IMG_20210612_195054_jpg.rf.7e2dc60db2e18f17aff8ae42cf5e541f.jpg,1071d2e181d7d654606cf767058f82c6b9a81bfee274d37f5b6c82ec65d7fe55,27080
.jpg,IMG_20210612_195138_jpg.rf.3f957386e1d4e9cf1427f8abca5a357c.jpg,0,0,0,1,0,1,1,0,0,,"{""metric"": ""f1"", ""multimodal"": ""image; arsl""}",2022-02-06T21:10:04,data\raw\ArSL\train\images\IMG_20210612_195138_jpg.rf.3f957386e1d4e9cf1427f8abca5a357c.jpg,85e8476921647cde28428c11835e4dd4b1f57c44e5586fd9463df765d8d99ce3,23471
.jpg,IMG_20210612_195223_jpg.rf.83eb3d9f714ba15bb3beb37aba528f1d.jpg,0,0,0,1,0,1,1,0,0,,"{""metric"": ""f1"", ""multimodal"": ""image; arsl""}",2022-02-06T21:10:04,data\raw\ArSL\train\images\IMG_20210612_195223_jpg.rf.83eb3d9f714ba15bb3beb37aba528f1d.jpg,b9cf9a74669b6ad5f6859d5a8da1da33c5018c6444569fb0ebecea4e7f346639,36802
.jpg,IMG_20210612_205530_jpg.rf.435953b94b448aae7c975770b86e16f1.jpg,0,0,0,1,0,1,1,0,0,,"{""metric"": ""f1"", ""multimodal"": ""image; arsl""}",2022-02-06T21:10:04,data\raw\ArSL\train\images\IMG_20210612_205530_jpg.rf.435953b94b448aae7c975770b86e16f1.jpg,a014e10e440bec65b8df3159d6401e3f7731a88cb4786d2ff049e5bd43c4566e,21994
.jpg,IMG_20210612_205546_jpg.rf.2265c1f173bdf7493428922e4179031a.jpg,0,0,0,1,0,1,1,0,0,,"{""metric"": ""f1"", ""multimodal"": ""image; arsl""}",2022-02-06T21:10:04,data\raw\ArSL\train\images\IMG_20210612_205546_jpg.rf.2265c1f173bdf7493428922e4179031a.jpg,4a449373e412e55f1080f61491ea65ff2b033862dbcae119ecac96fab68a0f82,13251
.jpg,IMG_20210612_205553_jpg.rf.6a04e9e8df33f140347a6148ad70ed33.jpg,0,0,0,1,0,1,1,0,0,,"{""metric"": ""f1"", ""multimodal"": ""image; arsl""}",2022-02-06T21:10:04,data\raw\ArSL\train\images\IMG_20210612_205553_jpg.rf.6a04e9e8df33f140347a6148ad70ed33.jpg,18a9e92d38a763c6eed0959efbc6f5c0eed15e8ddce99023bbfce29577b79672,16512
.jpg,IMG_20210612_205637_jpg.rf.56cbf385e25db2166108c5e7f1f08115.jpg,0,0,0,1,0,1,1,0,0,,"{""metric"": ""f1"", ""multimodal"": ""image; arsl""}",2022-02-06T21:10:04,data\raw\ArSL\train\images\IMG_20210612_205637_jpg.rf.56cbf385e25db2166108c5e7f1f08115.jpg,81c8b655f487a4076a39e5bebc6a08ab7a3821f8b6197f20ec878bc37c85a77e,20434
.jpg,IMG_20210612_205727_jpg.rf.1e2a2a9758f2f1c74e81e163591b9af8.jpg,0,0,0,1,0,1,1,0,0,,"{""metric"": ""f1"", ""multimodal"": ""image; arsl""}",2022-02-06T21:10:04,data\raw\ArSL\train\images\IMG_20210612_205727_jpg.rf.1e2a2a9758f2f1c74e81e163591b9af8.jpg,3febfe1f0146fc49c8009098f9e4713cb83099fd2327641bbf641dd5a731da9e,18552
.jpg,IMG_20210612_205836_jpg.rf.84fdc91a4f1f6f97fddb3c666d39f780.jpg,0,0,0,1,0,1,1,0,0,,"{""metric"": ""f1"", ""multimodal"": ""image; arsl""}",2022-02-06T21:10:04,data\raw\ArSL\train\images\IMG_20210612_205836_jpg.rf.84fdc91a4f1f6f97fddb3c666d39f780.jpg,e8828f4daca4d190a961d6ac2cf90b94d391d1bf145f48b8b070eeca8b79a99d,19546
.jpg,IMG_20210612_210032_jpg.rf.79cbaa6a41b16830915091a9767f1f2b.jpg,0,0,0,1,0,1,1,0,0,,"{""metric"": ""f1"", ""multimodal"": ""image; arsl""}",2022-02-06T21:10:04,data\raw\ArSL\train\images\IMG_20210612_210032_jpg.rf.79cbaa6a41b16830915091a9767f1f2b.jpg,0c2349918e5158c6ba81dd7cb4dc24a438773e818d58b9fcfd5e1827f296e91d,22757
.jpg,IMG_20210612_210124_jpg.rf.a1f1deef9907b5c04fe07cf95408e067.jpg,0,0,0,1,0,1,1,0,0,,"{""metric"": ""f1"", ""multimodal"": ""image; arsl""}",2022-02-06T21:10:06,data\raw\ArSL\train\images\IMG_20210612_210124_jpg.rf.a1f1deef9907b5c04fe07cf95408e067.jpg,740eb3916df8d7dcabb7fa6127d0e1cbfa0132fa5886ad53c7702f9b2819f2bc,27212
.jpg,IMG_20210612_210157_jpg.rf.f610c16abef1f99a742c7498f5885922.jpg,0,0,0,1,0,1,1,0,0,,"{""metric"": ""f1"", ""multimodal"": ""image; arsl""}",2022-02-06T21:10:06,data\raw\ArSL\train\images\IMG_20210612_210157_jpg.rf.f610c16abef1f99a742c7498f5885922.jpg,a756aea00f21b25031d9cd52b1b0253697774418c03889c8efe4f97d61f14d0d,18295
.jpg,IMG_20210612_210316_jpg.rf.9f18e6f4a0f522bd0cd2efe197ed3da1.jpg,0,0,0,1,0,1,1,0,0,,"{""metric"": ""f1"", ""multimodal"": ""image; arsl""}",2022-02-06T21:10:06,data\raw\ArSL\train\images\IMG_20210612_210316_jpg.rf.9f18e6f4a0f522bd0cd2efe197ed3da1.jpg,a0b71e53b7b0d933f848c4cbed388f007d2e49377708c269beadcd40c505e670,21247
.jpg,IMG_20210612_210417_jpg.rf.544460d42bdeaf1a663f84118f900e74.jpg,0,0,0,1,0,1,1,0,0,,"{""metric"": ""f1"", ""multimodal"": ""image; arsl""}",2022-02-06T21:10:06,data\raw\ArSL\train\images\IMG_20210612_210417_jpg.rf.544460d42bdeaf1a663f84118f900e74.jpg,86856a32e662d5f54a4316e525b33e652d82ca7de85b76ef29f5bdede290d259,21610
.jpg,IMG_20210612_210811_jpg.rf.abf87415290095d491331181f18d95e2.jpg,0,0,0,1,0,1,1,0,0,,"{""metric"": ""f1"", ""multimodal"": ""image; arsl""}",2022-02-06T21:10:06,data\raw\ArSL\train\images\IMG_20210612_210811_jpg.rf.abf87415290095d491331181f18d95e2.jpg,6ba5e884584ea37e0807dd77bf6dec4a37874ac177da8a6b8883b0cfcff651ea,24000
.jpg,IMG_20210612_210839_jpg.rf.1da553e8d4740f19326d330ace852425.jpg,0,0,0,1,0,1,1,0,0,,"{""metric"": ""f1"", ""multimodal"": ""image; arsl""}",2022-02-06T21:10:06,data\raw\ArSL\train\images\IMG_20210612_210839_jpg.rf.1da553e8d4740f19326d330ace852425.jpg,fc665f7f072cfeda98e414b5b2130403533f7be9706969d5d9d1c26217d3ff79,25376
.jpg,IMG_20210612_210842_jpg.rf.6c472a517ffcf1ef922f2a841da3f877.jpg,0,0,0,1,0,1,1,0,0,,"{""metric"": ""f1"", ""multimodal"": ""image; arsl""}",2022-02-06T21:10:06,data\raw\ArSL\train\images\IMG_20210612_210842_jpg.rf.6c472a517ffcf1ef922f2a841da3f877.jpg,f144e8e99fbe1a8a1935d0afc1fda66e685a4643fa7bb350bb76f12c4a2a0640,23810
.jpg,IMG_20210613_202527_jpg.rf.e6f001788efc4f531ec901198f2df118.jpg,0,0,0,1,0,1,1,0,0,,"{""metric"": ""f1"", ""multimodal"": ""image; arsl""}",2022-02-06T21:10:06,data\raw\ArSL\train\images\IMG_20210613_202527_jpg.rf.e6f001788efc4f531ec901198f2df118.jpg,38d6c8d6d276a532c82689958ca5e92e9a602b2c2a7731dbd468e7063c001f87,18713
.jpg,IMG_20210613_202752_jpg.rf.c8cda948f9a3c53b5b0ff4ae886f1dbf.jpg,0,0,0,1,0,1,1,0,0,,"{""metric"": ""f1"", ""multimodal"": ""image; arsl""}",2022-02-06T21:10:06,data\raw\ArSL\train\images\IMG_20210613_202752_jpg.rf.c8cda948f9a3c53b5b0ff4ae886f1dbf.jpg,c3ab1c0c72f6d3ee2919772982b92a5e594421753318e4c23eee1e20f629bb24,17737
.jpg,IMG_20210614_210414_jpg.rf.1823d5240af1aff697d1bc57a5fc131f.jpg,0,0,0,1,0,1,1,0,0,,"{""metric"": ""f1"", ""multimodal"": ""image; arsl""}",2022-02-06T21:10:06,data\raw\ArSL\train\images\IMG_20210614_210414_jpg.rf.1823d5240af1aff697d1bc57a5fc131f.jpg,43dcf750b1452975224d2fc1f80646a07acd7b12a326234752712555c6347eac,19354
.jpg,IMG_20210615_162912_jpg.rf.8da673db39b0e1859f1f4ae697b1e78f.jpg,0,0,0,1,0,1,1,0,0,,"{""metric"": ""f1"", ""multimodal"": ""image; arsl""}",2022-02-06T21:10:06,data\raw\ArSL\train\images\IMG_20210615_162912_jpg.rf.8da673db39b0e1859f1f4ae697b1e78f.jpg,0248923262c939a63b87884404e8d01aeeb83aeedc49bf59c3d67b2c1abdee8f,19533
.jpg,IMG_20210615_163617_jpg.rf.da76359e9949c1b29caa02bcf13093d5.jpg,0,0,0,1,0,1,1,0,0,,"{""metric"": ""f1"", ""multimodal"": ""image; arsl""}",2022-02-06T21:10:06,data\raw\ArSL\train\images\IMG_20210615_163617_jpg.rf.da76359e9949c1b29caa02bcf13093d5.jpg,f8549aef113408f77416f2df8172fc0569d7932cbf5f5801e6432a497eedfa5f,16294
.jpg,IMG_20210615_163908_jpg.rf.4d8126757159f1f993550782cd31d822.jpg,0,0,0,1,0,1,1,0,0,,"{""metric"": ""f1"", ""multimodal"": ""image; arsl""}",2022-02-06T21:10:06,data\raw\ArSL\train\images\IMG_20210615_163908_jpg.rf.4d8126757159f1f993550782cd31d822.jpg,4b050c0888332da794a26dfc7f44146c8d8018114718470d3260cc47438d3714,34835
.jpg,IMG_20210615_163916_jpg.rf.54bb340b8708df94040f1da0535f6d01.jpg,0,0,0,1,0,1,1,0,0,,"{""metric"": ""f1"", ""multimodal"": ""image; arsl""}",2022-02-06T21:10:06,data\raw\ArSL\train\images\IMG_20210615_163916_jpg.rf.54bb340b8708df94040f1da0535f6d01.jpg,1ac344ffb449d7e885454d4a3ded26804bba842aef97e907a50eb940abc91cac,23655
.jpg,IMG_20210615_164332_jpg.rf.96a3d9def19591014346eefe06796da2.jpg,0,0,0,1,0,1,1,0,0,,"{""metric"": ""f1"", ""multimodal"": ""image; arsl""}",2022-02-06T21:10:06,data\raw\ArSL\train\images\IMG_20210615_164332_jpg.rf.96a3d9def19591014346eefe06796da2.jpg,23e40064be0050e0ca147a1392b7e659b6b83ea17ba14def190c4de772353ed3,20231
.jpg,IMG_20210615_164432_jpg.rf.0d8b4243c86318ac169157bf1f69f116.jpg,0,0,0,1,0,1,1,0,0,,"{""metric"": ""f1"", ""multimodal"": ""image; arsl""}",2022-02-06T21:10:06,data\raw\ArSL\train\images\IMG_20210615_164432_jpg.rf.0d8b4243c86318ac169157bf1f69f116.jpg,d095ee78d3d5fd40cec6d56f9cf25afa6718d88c31e1cec46130e7a0eaa4559d,36267
.jpg,IMG_20210615_164504_jpg.rf.cff22a47d4aba37689e40a647757f132.jpg,0,0,0,1,0,1,1,0,0,,"{""metric"": ""f1"", ""multimodal"": ""image; arsl""}",2022-02-06T21:10:06,data\raw\ArSL\train\images\IMG_20210615_164504_jpg.rf.cff22a47d4aba37689e40a647757f132.jpg,9297ebd274b2c9bf9a569e79c452475034601fba986fbb1ec2af756f6f94dc52,8014
.jpg,IMG_20210615_165014_jpg.rf.3e4bef1cae08f73afd3d40c7908701cc.jpg,0,0,0,1,0,1,1,0,0,,"{""metric"": ""f1"", ""multimodal"": ""image; arsl""}",2022-02-06T21:10:06,data\raw\ArSL\train\images\IMG_20210615_165014_jpg.rf.3e4bef1cae08f73afd3d40c7908701cc.jpg,7224a8644c4a09f9261b961a41fd7a91e9796285463fb070e927720da6cb7459,29685
.jpg,IMG_20210615_200506_jpg.rf.2301cf121f39cc5f6020fb18fa02c5a7.jpg,0,0,0,1,0,1,1,0,0,,"{""metric"": ""f1"", ""multimodal"": ""image; arsl""}",2022-02-06T21:10:06,data\raw\ArSL\train\images\IMG_20210615_200506_jpg.rf.2301cf121f39cc5f6020fb18fa02c5a7.jpg,ec7ffe0c9a2dbc8ae193a8962091bacbd13440aef8f7761d63b1cfaed53271fe,27007
.jpg,IMG_20210615_200514_jpg.rf.f946884a506aeca033e4a2f119babf61.jpg,0,0,0,1,0,1,1,0,0,,"{""metric"": ""f1"", ""multimodal"": ""image; arsl""}",2022-02-06T21:10:06,data\raw\ArSL\train\images\IMG_20210615_200514_jpg.rf.f946884a506aeca033e4a2f119babf61.jpg,8a7ba3ea6f58044063bd003b39aac75ceb3a5e38bce0649c9c699a1e0f311a19,29590
.jpg,IMG_20210615_200622_jpg.rf.34d0e0628bbde7a5f17c8f2f88e12745.jpg,0,0,0,1,0,1,1,0,0,,"{""metric"": ""f1"", ""multimodal"": ""image; arsl""}",2022-02-06T21:10:06,data\raw\ArSL\train\images\IMG_20210615_200622_jpg.rf.34d0e0628bbde7a5f17c8f2f88e12745.jpg,3f0203aacde05ebb079c6759e2bf0fcabf2354bc9430eada39853585d097a418,22372
.jpg,IMG_20210615_200801_jpg.rf.ff159a10c7707349a0274945e6c1ee05.jpg,0,0,0,1,0,1,1,0,0,,"{""metric"": ""f1"", ""multimodal"": ""image; arsl""}",2022-02-06T21:10:06,data\raw\ArSL\train\images\IMG_20210615_200801_jpg.rf.ff159a10c7707349a0274945e6c1ee05.jpg,f509b9e40777ad31b12963e4aca37d2ed28fdcfc76fb551e87c387f4aeca85cc,29422
.jpg,IMG_20210615_201607_jpg.rf.e6072b3c0adc76ec6e395cf1c7624f4a.jpg,0,0,0,1,0,1,1,0,0,,"{""metric"": ""f1"", ""multimodal"": ""image; arsl""}",2022-02-06T21:10:06,data\raw\ArSL\train\images\IMG_20210615_201607_jpg.rf.e6072b3c0adc76ec6e395cf1c7624f4a.jpg,78cf857e331a87e86cf4116098b014b9a1ba074fb4e2e408b2f9a375a636e38c,33440
.jpg,IMG_20210615_201832_jpg.rf.a01e4d5f90682dc12f16c7d57078e170.jpg,0,0,0,1,0,1,1,0,0,,"{""metric"": ""f1"", ""multimodal"": ""image; arsl""}",2022-02-06T21:10:06,data\raw\ArSL\train\images\IMG_20210615_201832_jpg.rf.a01e4d5f90682dc12f16c7d57078e170.jpg,26c1422a0bedad9a65301504989988ce57493d5826f717897ede8e1f5b606272,29856
.jpg,IMG_20210615_202005_jpg.rf.16f6c1d55ba882b90f166f60d7db22bc.jpg,0,0,0,1,0,1,1,0,0,,"{""metric"": ""f1"", ""multimodal"": ""image; arsl""}",2022-02-06T21:10:06,data\raw\ArSL\train\images\IMG_20210615_202005_jpg.rf.16f6c1d55ba882b90f166f60d7db22bc.jpg,124bca6fa4d2cd727d72baec9e4d2c90ba2861c78477bba8ce2b4feb4c72fd7b,30819
.jpg,IMG_20210615_203253_jpg.rf.04b6ebf07f708a64e303e7003ef13924.jpg,0,0,0,1,0,1,1,0,0,,"{""metric"": ""f1"", ""multimodal"": ""image; arsl""}",2022-02-06T21:10:06,data\raw\ArSL\train\images\IMG_20210615_203253_jpg.rf.04b6ebf07f708a64e303e7003ef13924.jpg,03975613423957ce23755ce57867357d5fbd8282f05e8e44f8a4a31b68e93ba9,13289
.jpg,IMG_20210615_210136_jpg.rf.d98837f7672b88ffdc2f142f75f919e2.jpg,0,0,0,1,0,1,1,0,0,,"{""metric"": ""f1"", ""multimodal"": ""image; arsl""}",2022-02-06T21:10:06,data\raw\ArSL\train\images\IMG_20210615_210136_jpg.rf.d98837f7672b88ffdc2f142f75f919e2.jpg,872d869275f361629d71d263696f50e04059622b84a201e85b8ed391d0005d94,30544
.jpg,IMG_20210615_210457_jpg.rf.cf119d618129255f32a4beeb3dabb371.jpg,0,0,0,1,0,1,1,0,0,,"{""metric"": ""f1"", ""multimodal"": ""image; arsl""}",2022-02-06T21:10:06,data\raw\ArSL\train\images\IMG_20210615_210457_jpg.rf.cf119d618129255f32a4beeb3dabb371.jpg,776c788c0c717e534f29c9fe1d66cda1862ca1532dfbc62768902a196fd7ff21,26551
.jpg,IMG_20210615_210704_jpg.rf.76ce132271e37bf4274d03d7d3df11a6.jpg,0,0,0,1,0,1,1,0,0,,"{""metric"": ""f1"", ""multimodal"": ""image; arsl""}",2022-02-06T21:10:06,data\raw\ArSL\train\images\IMG_20210615_210704_jpg.rf.76ce132271e37bf4274d03d7d3df11a6.jpg,b62a829c6ccecfe093f63c8bf51fe2cd86c12e8bc602d728280bd3af13a07d41,20522
.jpg,IMG_20210615_211014_jpg.rf.87f7fafe7415f1a23812638582f69ec1.jpg,0,0,0,1,0,1,1,0,0,,"{""metric"": ""f1"", ""multimodal"": ""image; arsl""}",2022-02-06T21:10:06,data\raw\ArSL\train\images\IMG_20210615_211014_jpg.rf.87f7fafe7415f1a23812638582f69ec1.jpg,857f0e9468c00f012f694ecbc421a7520cf40e92f0642e3242bd9e4354f425a5,13029
.jpg,IMG_20210615_211039_jpg.rf.df6c553b6f6250d30f10078464b8896b.jpg,0,0,0,1,0,1,1,0,0,,"{""metric"": ""f1"", ""multimodal"": ""image; arsl""}",2022-02-06T21:10:06,data\raw\ArSL\train\images\IMG_20210615_211039_jpg.rf.df6c553b6f6250d30f10078464b8896b.jpg,b98fc802dda0c5a8afa35a36bb76519a583cc15538bce8fa0edda63f1d66fa0b,25256
.jpg,IMG_20210615_211058_jpg.rf.c1dbb3d8badc168498a905651f1deb56.jpg,0,0,0,1,0,1,1,0,0,,"{""metric"": ""f1"", ""multimodal"": ""image; arsl""}",2022-02-06T21:10:06,data\raw\ArSL\train\images\IMG_20210615_211058_jpg.rf.c1dbb3d8badc168498a905651f1deb56.jpg,471f4a3e94e8d4d4c620cca56271044fb14af5cf7d2da51387dd1b81d8ab7d59,16914
.jpg,IMG_20210615_211209_jpg.rf.ef2a7e1363f1fd035581c1f941bd5285.jpg,0,0,0,1,0,1,1,0,0,,"{""metric"": ""f1"", ""multimodal"": ""image; arsl""}",2022-02-06T21:10:06,data\raw\ArSL\train\images\IMG_20210615_211209_jpg.rf.ef2a7e1363f1fd035581c1f941bd5285.jpg,c1294354ee58721a99a6d62a26a1f62b0f3a037028f061f6dfbc4825696e686a,22732
.jpg,IMG_20210615_211259_jpg.rf.ed7e62a6de44c036cc14acfff1b89e8f.jpg,0,0,0,1,0,1,1,0,0,,"{""metric"": ""f1"", ""multimodal"": ""image; arsl""}",2022-02-06T21:10:06,data\raw\ArSL\train\images\IMG_20210615_211259_jpg.rf.ed7e62a6de44c036cc14acfff1b89e8f.jpg,33834e6343c8b51214fda13d951146a1cd257eb1785f6e492d9dbdff7ff7f355,20331
.jpg,IMG_20210615_211421_jpg.rf.d8d217db37cf19a424dc679a4ff5e993.jpg,0,0,0,1,0,1,1,0,0,,"{""metric"": ""f1"", ""multimodal"": ""image; arsl""}",2022-02-06T21:10:06,data\raw\ArSL\train\images\IMG_20210615_211421_jpg.rf.d8d217db37cf19a424dc679a4ff5e993.jpg,311cecd739e42775a0c9b37101fb6ba32a89ffb6b88b3b40582060b68c9043e3,17786
.jpg,IMG_20210615_211754_jpg.rf.5367f3fff1c6a3844c00976c7d0baa76.jpg,0,0,0,1,0,1,1,0,0,,"{""metric"": ""f1"", ""multimodal"": ""image; arsl""}",2022-02-06T21:10:06,data\raw\ArSL\train\images\IMG_20210615_211754_jpg.rf.5367f3fff1c6a3844c00976c7d0baa76.jpg,9234afde39e52d90079fb8eaab717a5c6fe4537e25ab18122c07de8198fd7175,17927
.jpg,IMG_20210615_211907_jpg.rf.cbe9c70fc5067a2ee34950fbb4bc2ef1.jpg,0,0,0,1,0,1,1,0,0,,"{""metric"": ""f1"", ""multimodal"": ""image; arsl""}",2022-02-06T21:10:06,data\raw\ArSL\train\images\IMG_20210615_211907_jpg.rf.cbe9c70fc5067a2ee34950fbb4bc2ef1.jpg,9671885dd5aa71c5eadba7b80f340b08c96b70b3b2580294d6c73520b35cbb39,18524
.jpg,IMG_20210615_212121_jpg.rf.402dd3b63b3f5f9ae285f3a3bbff6f13.jpg,0,0,0,1,0,1,1,0,0,,"{""metric"": ""f1"", ""multimodal"": ""image; arsl""}",2022-02-06T21:10:06,data\raw\ArSL\train\images\IMG_20210615_212121_jpg.rf.402dd3b63b3f5f9ae285f3a3bbff6f13.jpg,6d00e6723be2dc4bda1508451dcadf0e29192533131d379f9970f0a88045389c,33267
.jpg,IMG_20210615_212321_jpg.rf.f3f1f07d015ae8efed5f3288dd34124e.jpg,0,0,0,1,0,1,1,0,0,,"{""metric"": ""f1"", ""multimodal"": ""image; arsl""}",2022-02-06T21:10:06,data\raw\ArSL\train\images\IMG_20210615_212321_jpg.rf.f3f1f07d015ae8efed5f3288dd34124e.jpg,9211bbbd121b574e9caeb0ac1069fd621e561a932db9f4be2bfdb5da49fd5797,22237
.jpg,IMG_20210615_212854_jpg.rf.044f6d5ec61334b6a2039422ca5f1acc.jpg,0,0,0,1,0,1,1,0,0,,"{""metric"": ""f1"", ""multimodal"": ""image; arsl""}",2022-02-06T21:10:06,data\raw\ArSL\train\images\IMG_20210615_212854_jpg.rf.044f6d5ec61334b6a2039422ca5f1acc.jpg,5b24793f4fb22c294e03f2d10fd1d2c4bfbbe0ee0d5abfe4ecf97c407b929649,13414
.jpg,IMG_20210615_213026_jpg.rf.8f3f139305e80b7e7c37972f6beb383e.jpg,0,0,0,1,0,1,1,0,0,,"{""metric"": ""f1"", ""multimodal"": ""image; arsl""}",2022-02-06T21:10:06,data\raw\ArSL\train\images\IMG_20210615_213026_jpg.rf.8f3f139305e80b7e7c37972f6beb383e.jpg,ffe6a9d6a9a3ed4b087fe2064c5ff3546352ac97ffcfe7242ac936481a89aca4,23573
.jpg,IMG_20210616_001009_jpg.rf.eda19ee0c9cf191181ef347a52b6c941.jpg,0,0,0,1,0,1,1,0,0,,"{""metric"": ""f1"", ""multimodal"": ""image; arsl""}",2022-02-06T21:10:06,data\raw\ArSL\train\images\IMG_20210616_001009_jpg.rf.eda19ee0c9cf191181ef347a52b6c941.jpg,6de7891864ebdcbeb2694e367a18ab36ab74fbba7982b75547d40b82b0d081bb,20913
.jpg,IMG_20210616_001916_jpg.rf.a02432547669a8c35f18e0e87d1aab3e.jpg,0,0,0,1,0,1,1,0,0,,"{""metric"": ""f1"", ""multimodal"": ""image; arsl""}",2022-02-06T21:10:06,data\raw\ArSL\train\images\IMG_20210616_001916_jpg.rf.a02432547669a8c35f18e0e87d1aab3e.jpg,e8075a38210fb0bb5f848e7094ebe841542cf895fe534859f7ecfa963830b05a,28367
.jpg,IMG_20210616_001945_jpg.rf.f148892959079683ddf1e88549fd394e.jpg,0,0,0,1,0,1,1,0,0,,"{""metric"": ""f1"", ""multimodal"": ""image; arsl""}",2022-02-06T21:10:06,data\raw\ArSL\train\images\IMG_20210616_001945_jpg.rf.f148892959079683ddf1e88549fd394e.jpg,f20017f9dfbb83450a8f41d2259555420beaf7b8b94b039efeb79e7d9b795b0f,34001
.jpg,IMG_20210616_002127_jpg.rf.45b54f1d294d42034fb0794709ee69fd.jpg,0,0,0,1,0,1,1,0,0,,"{""metric"": ""f1"", ""multimodal"": ""image; arsl""}",2022-02-06T21:10:06,data\raw\ArSL\train\images\IMG_20210616_002127_jpg.rf.45b54f1d294d42034fb0794709ee69fd.jpg,eaae098fc4c7b2a27d887d5405e3f1c7729a25fe2c142417207e672a8a62b48b,25897
.jpg,IMG_20210616_002331_jpg.rf.06f13a38d4c21108272d8ef0c14f605f.jpg,0,0,0,1,0,1,1,0,0,,"{""metric"": ""f1"", ""multimodal"": ""image; arsl""}",2022-02-06T21:10:06,data\raw\ArSL\train\images\IMG_20210616_002331_jpg.rf.06f13a38d4c21108272d8ef0c14f605f.jpg,b48def9fe55414b51f77805454f8f5b31024345c17cddab4974ae47d0ee497eb,10410
.jpg,IMG_20210616_002340_jpg.rf.f18e8554b0f5b51b6f091e71aff7824e.jpg,0,0,0,1,0,1,1,0,0,,"{""metric"": ""f1"", ""multimodal"": ""image; arsl""}",2022-02-06T21:10:06,data\raw\ArSL\train\images\IMG_20210616_002340_jpg.rf.f18e8554b0f5b51b6f091e71aff7824e.jpg,9f7604292e902a62c92f1de77f5745b4d1eeb2b7f9bc57345fdd3b9a79ad3c84,20830
.jpg,IMG_20210616_002448_jpg.rf.26f148886a222c8593321a540a2c812d.jpg,0,0,0,1,0,1,1,0,0,,"{""metric"": ""f1"", ""multimodal"": ""image; arsl""}",2022-02-06T21:10:06,data\raw\ArSL\train\images\IMG_20210616_002448_jpg.rf.26f148886a222c8593321a540a2c812d.jpg,532c542799d11141cc2e64906038dd29e7f765f591c9d11967468605d51b2aa8,21793
.jpg,IMG_20210616_002820_jpg.rf.a88d7a7b4fe016811ab91f1e4fa5eb5a.jpg,0,0,0,1,0,1,1,0,0,,"{""metric"": ""f1"", ""multimodal"": ""image; arsl""}",2022-02-06T21:10:06,data\raw\ArSL\train\images\IMG_20210616_002820_jpg.rf.a88d7a7b4fe016811ab91f1e4fa5eb5a.jpg,ba8dd1dc710038274459f5423565f728f56b374aa79995cc787471d488f1caf6,20135
.jpg,IMG_20210616_200605_jpg.rf.712b2d30c3c8bf19807f50e07726faa1.jpg,0,0,0,1,0,1,1,0,0,,"{""metric"": ""f1"", ""multimodal"": ""image; arsl""}",2022-02-06T21:10:06,data\raw\ArSL\train\images\IMG_20210616_200605_jpg.rf.712b2d30c3c8bf19807f50e07726faa1.jpg,f428671faf2077a999e8bc00a610e1901a45b07fc433bf406b47acd742023d1f,30789
.jpg,IMG_20210616_201001_jpg.rf.d60e5714cab864f1c3ff7281ee715b3d.jpg,0,0,0,1,0,1,1,0,0,,"{""metric"": ""f1"", ""multimodal"": ""image; arsl""}",2022-02-06T21:10:06,data\raw\ArSL\train\images\IMG_20210616_201001_jpg.rf.d60e5714cab864f1c3ff7281ee715b3d.jpg,ae3749666b04bae8bdc0e2d05edcb85a6175986567568ff01f7984c1d8a27803,37038
.jpg,IMG_20210616_201155_jpg.rf.596f774e013ff154dbc24d6e62437842.jpg,0,0,0,1,0,1,1,0,0,,"{""metric"": ""f1"", ""multimodal"": ""image; arsl""}",2022-02-06T21:10:06,data\raw\ArSL\train\images\IMG_20210616_201155_jpg.rf.596f774e013ff154dbc24d6e62437842.jpg,5c1478cfc80965f559e8fe62bcd401c359178f5355acdc71b6cb9019db8b85fb,33318
.jpg,IMG_20210616_201623_jpg.rf.0e8262822f620286517123ff1541080d.jpg,0,0,0,1,0,1,1,0,0,,"{""metric"": ""f1"", ""multimodal"": ""image; arsl""}",2022-02-06T21:10:06,data\raw\ArSL\train\images\IMG_20210616_201623_jpg.rf.0e8262822f620286517123ff1541080d.jpg,9134a87ba4842e1bc29f0005de5bff74f38ebdeba8a15a308a51ed24aa6ed1fa,22644
.jpg,IMG_20210616_201904_jpg.rf.01577f10ad48891c89de53c80bdaa2da.jpg,0,0,0,1,0,1,1,0,0,,"{""metric"": ""f1"", ""multimodal"": ""image; arsl""}",2022-02-06T21:10:06,data\raw\ArSL\train\images\IMG_20210616_201904_jpg.rf.01577f10ad48891c89de53c80bdaa2da.jpg,53e8c2a50de441e4d0b75d0d8f4cccb7d122a54e64f2b5fe31ca520a72e36d02,25151
.jpg,IMG_20210616_202348_jpg.rf.4d498c76744abff1fc062b65f52fc251.jpg,0,0,0,1,0,1,1,0,0,,"{""metric"": ""f1"", ""multimodal"": ""image; arsl""}",2022-02-06T21:10:06,data\raw\ArSL\train\images\IMG_20210616_202348_jpg.rf.4d498c76744abff1fc062b65f52fc251.jpg,1baf4c7eb15dbc77d97b04a254cff488cb3dd9491c6bb933578cb3c1fbf8e505,38538
.jpg,IMG_20210619_000910_jpg.rf.cc2dc5f28307aa203ddff1822b52c6bc.jpg,0,0,0,1,0,1,1,0,0,,"{""metric"": ""f1"", ""multimodal"": ""image; arsl""}",2022-02-06T21:10:06,data\raw\ArSL\train\images\IMG_20210619_000910_jpg.rf.cc2dc5f28307aa203ddff1822b52c6bc.jpg,dbd9b700aff99e25e6fda041f046feee7796074fb0800e6f80ef7b6c3c605baf,21590
.jpg,IMG_20210619_002211_jpg.rf.ecb2b17f35e99527737365b76f187cd8.jpg,0,0,0,1,0,1,1,0,0,,"{""metric"": ""f1"", ""multimodal"": ""image; arsl""}",2022-02-06T21:10:08,data\raw\ArSL\train\images\IMG_20210619_002211_jpg.rf.ecb2b17f35e99527737365b76f187cd8.jpg,f23b732475d450525933e6ef3354d1cebb97e8602406fbf7a3c52ed964d4790e,14385
.jpg,IMG_20210619_002317_jpg.rf.b8e50beef1d279290ce65f958bfe40f5.jpg,0,0,0,1,0,1,1,0,0,,"{""metric"": ""f1"", ""multimodal"": ""image; arsl""}",2022-02-06T21:10:08,data\raw\ArSL\train\images\IMG_20210619_002317_jpg.rf.b8e50beef1d279290ce65f958bfe40f5.jpg,953ffadbe59e2b1db21177dd6744628c74a61af4c07d406a5c7ee6197fa0a6c6,17959
.jpg,IMG_20210619_002912_jpg.rf.4adf7b7d50ecc1ef1405e500690f172c.jpg,0,0,0,1,0,1,1,0,0,,"{""metric"": ""f1"", ""multimodal"": ""image; arsl""}",2022-02-06T21:10:08,data\raw\ArSL\train\images\IMG_20210619_002912_jpg.rf.4adf7b7d50ecc1ef1405e500690f172c.jpg,6532cf0328e146383b714651e955b4d223b7bd68c0a10b10e0c72aac11d8b7f8,13622
.jpg,IMG_20210619_002923_jpg.rf.0f11bfbe395764c672b5aa98ea9cc3b9.jpg,0,0,0,1,0,1,1,0,0,,"{""metric"": ""f1"", ""multimodal"": ""image; arsl""}",2022-02-06T21:10:08,data\raw\ArSL\train\images\IMG_20210619_002923_jpg.rf.0f11bfbe395764c672b5aa98ea9cc3b9.jpg,507d05475004abd411cd1ec0038631ee20ce0eee4f0e20e5709c408a83b6372d,28591
.jpg,IMG_20210619_003424_jpg.rf.237e82f1c5261a9f3eb020027520b3be.jpg,0,0,0,1,0,1,1,0,0,,"{""metric"": ""f1"", ""multimodal"": ""image; arsl""}",2022-02-06T21:10:08,data\raw\ArSL\train\images\IMG_20210619_003424_jpg.rf.237e82f1c5261a9f3eb020027520b3be.jpg,8fa1c5aa7b33383f8472f2111a2d2f202858d49c31576cd7b2a815b144961ed0,23274
.jpg,IMG_20210619_003617_jpg.rf.4f141ee134964b6ebb49efdf6e919a7c.jpg,0,0,0,1,0,1,1,0,0,,"{""metric"": ""f1"", ""multimodal"": ""image; arsl""}",2022-02-06T21:10:08,data\raw\ArSL\train\images\IMG_20210619_003617_jpg.rf.4f141ee134964b6ebb49efdf6e919a7c.jpg,875cd6fcabbc2e1efb1ff113064ded7f6a3c52005772da7c1b2013fb18cdc978,24110
.jpg,IMG_20210619_003658_jpg.rf.6d323f80846c2ae9beeede265b2ff198.jpg,0,0,0,1,0,1,1,0,0,,"{""metric"": ""f1"", ""multimodal"": ""image; arsl""}",2022-02-06T21:10:08,data\raw\ArSL\train\images\IMG_20210619_003658_jpg.rf.6d323f80846c2ae9beeede265b2ff198.jpg,1c0d68d1f6e4b6411ffa3f7994f7b7e0664a488b355f56d02a77e9a60489afbd,27754
.jpg,IMG_20210619_003751_jpg.rf.fa919e2ef19efe63d9bbed4374838e1d.jpg,0,0,0,1,0,1,1,0,0,,"{""metric"": ""f1"", ""multimodal"": ""image; arsl""}",2022-02-06T21:10:08,data\raw\ArSL\train\images\IMG_20210619_003751_jpg.rf.fa919e2ef19efe63d9bbed4374838e1d.jpg,50559390e5cbb30a4ba1fda0d2360f1de7eeb61b811f5aee901db4ea34bce5be,24102
.jpg,IMG_20210619_003856_jpg.rf.a39b0dadca85bf1e9d7baf5a26d835df.jpg,0,0,0,1,0,1,1,0,0,,"{""metric"": ""f1"", ""multimodal"": ""image; arsl""}",2022-02-06T21:10:08,data\raw\ArSL\train\images\IMG_20210619_003856_jpg.rf.a39b0dadca85bf1e9d7baf5a26d835df.jpg,033617d2b5b2cb0057ec046dadddde27185891a437f7469f40d37e86dab2b9bc,26727
.jpg,IMG_20210619_004003_jpg.rf.d61c2c14c0c14f1297fdab09b1df4369.jpg,0,0,0,1,0,1,1,0,0,,"{""metric"": ""f1"", ""multimodal"": ""image; arsl""}",2022-02-06T21:10:08,data\raw\ArSL\train\images\IMG_20210619_004003_jpg.rf.d61c2c14c0c14f1297fdab09b1df4369.jpg,57693d0f13f5d21d52eebc76aa44dbfde5f04b6038ca3fa5fe11296730ee7158,28043
.jpg,IMG_20210619_004123_jpg.rf.95444d0a9f1dbc48c1bee94cc4a19ff2.jpg,0,0,0,1,0,1,1,0,0,,"{""metric"": ""f1"", ""multimodal"": ""image; arsl""}",2022-02-06T21:10:08,data\raw\ArSL\train\images\IMG_20210619_004123_jpg.rf.95444d0a9f1dbc48c1bee94cc4a19ff2.jpg,23c7da7d5c74f7cd5578286cb787a480d4f8b2586c513b2a80caae51951f4f33,15336
.jpg,IMG_20210619_004708_jpg.rf.89d3d13180b598bf1ab1508bbf156163.jpg,0,0,0,1,0,1,1,0,0,,"{""metric"": ""f1"", ""multimodal"": ""image; arsl""}",2022-02-06T21:10:08,data\raw\ArSL\train\images\IMG_20210619_004708_jpg.rf.89d3d13180b598bf1ab1508bbf156163.jpg,17ca8ee1b7fadae6f98bf30aa63fa8c1e938731e4bf713d77ed69147d0c87084,35989
.jpg,IMG_20210619_004758_jpg.rf.ee29836f4d55bb321ff669f10458a66d.jpg,0,0,0,1,0,1,1,0,0,,"{""metric"": ""f1"", ""multimodal"": ""image; arsl""}",2022-02-06T21:10:08,data\raw\ArSL\train\images\IMG_20210619_004758_jpg.rf.ee29836f4d55bb321ff669f10458a66d.jpg,170adc4384c75108df19a979a2aa5c4edf798718ff7ff83ceddbc0e80ff9675f,25887
.jpg,IMG_20210619_004813_jpg.rf.80336e67a0f1d272f268113fd0cc9e1f.jpg,0,0,0,1,0,1,1,0,0,,"{""metric"": ""f1"", ""multimodal"": ""image; arsl""}",2022-02-06T21:10:08,data\raw\ArSL\train\images\IMG_20210619_004813_jpg.rf.80336e67a0f1d272f268113fd0cc9e1f.jpg,7e657fa0e1ed566f0987b903639f6c1de0eb53cbd56b4f2228ca0a2dfd101381,31196
.jpg,IMG_20210619_005835_jpg.rf.8d376a00eb8f4ca16e2a5c4d5f18cb9e.jpg,0,0,0,1,0,1,1,0,0,,"{""metric"": ""f1"", ""multimodal"": ""image; arsl""}",2022-02-06T21:10:08,data\raw\ArSL\train\images\IMG_20210619_005835_jpg.rf.8d376a00eb8f4ca16e2a5c4d5f18cb9e.jpg,aaee98c3e94478b8cb806ac60e9b84dbaf53866fe7a2c57388c641cd22f5452c,13865
.jpg,IMG_20210619_005913_jpg.rf.e3c4de382562121ff1c6ea8ce39c7e7a.jpg,0,0,0,1,0,1,1,0,0,,"{""metric"": ""f1"", ""multimodal"": ""image; arsl""}",2022-02-06T21:10:08,data\raw\ArSL\train\images\IMG_20210619_005913_jpg.rf.e3c4de382562121ff1c6ea8ce39c7e7a.jpg,6c263713b8a74992118b766834d61764168b96c6c582ce0efbaee176e98bf106,17086
.jpg,IMG_20210619_005919_jpg.rf.2d30a8f1d704007fde83517c8cee5be1.jpg,0,0,0,1,0,1,1,0,0,,"{""metric"": ""f1"", ""multimodal"": ""image; arsl""}",2022-02-06T21:10:08,data\raw\ArSL\train\images\IMG_20210619_005919_jpg.rf.2d30a8f1d704007fde83517c8cee5be1.jpg,9e772f4e9396369514cfea5e0a8e662ef44c7f506ca0eca34625800f8e9a4774,27215
.jpg,IMG_20210619_010351_jpg.rf.93654a0f153a678eb802f2a29d1f870b.jpg,0,0,0,1,0,1,1,0,0,,"{""metric"": ""f1"", ""multimodal"": ""image; arsl""}",2022-02-06T21:10:08,data\raw\ArSL\train\images\IMG_20210619_010351_jpg.rf.93654a0f153a678eb802f2a29d1f870b.jpg,65a7c152d819170369d3b7e713b8265d745b4611a4af5c783ef0b62a017a9af9,27847
.jpg,IMG_20210619_010543_jpg.rf.771aa23b294c3f19b38450e6aa60bf30.jpg,0,0,0,1,0,1,1,0,0,,"{""metric"": ""f1"", ""multimodal"": ""image; arsl""}",2022-02-06T21:10:08,data\raw\ArSL\train\images\IMG_20210619_010543_jpg.rf.771aa23b294c3f19b38450e6aa60bf30.jpg,b33854a3123ef1867ac5e33b491635d343e0c49d035a8e8ca48efcdb42981f74,15717
.jpg,IMG_20210619_010603_jpg.rf.e8543a2da9f2cee629583ef14fd3fe4c.jpg,0,0,0,1,0,1,1,0,0,,"{""metric"": ""f1"", ""multimodal"": ""image; arsl""}",2022-02-06T21:10:08,data\raw\ArSL\train\images\IMG_20210619_010603_jpg.rf.e8543a2da9f2cee629583ef14fd3fe4c.jpg,90f6b1d7f0d6943a1d41ccd7ae37c3a87331f4d00407e030bf96909bfd2d6424,17346
.jpg,IMG_20210619_011013_jpg.rf.1f1a5ddb681e8881c31ad703d28ef142.jpg,0,0,0,1,0,1,1,0,0,,"{""metric"": ""f1"", ""multimodal"": ""image; arsl""}",2022-02-06T21:10:08,data\raw\ArSL\train\images\IMG_20210619_011013_jpg.rf.1f1a5ddb681e8881c31ad703d28ef142.jpg,21035deeacc75a828c5bdb10e11d31cf337c39d37ca76485dab1a4a18fb03d30,17702
.jpg,IMG_20210619_011302_jpg.rf.7697eceb82f1027a22a0931b067d6eea.jpg,0,0,0,1,0,1,1,0,0,,"{""metric"": ""f1"", ""multimodal"": ""image; arsl""}",2022-02-06T21:10:08,data\raw\ArSL\train\images\IMG_20210619_011302_jpg.rf.7697eceb82f1027a22a0931b067d6eea.jpg,482124776bb360698e49c209cdecbff422e8b77ba2a8f1746da6838640a179c1,13628
.jpg,IMG_20210619_011403_jpg.rf.d2afeb7826e10e4adc2ff94966507ef1.jpg,0,0,0,1,0,1,1,0,0,,"{""metric"": ""f1"", ""multimodal"": ""image; arsl""}",2022-02-06T21:10:08,data\raw\ArSL\train\images\IMG_20210619_011403_jpg.rf.d2afeb7826e10e4adc2ff94966507ef1.jpg,26ce852ddc9acb283721ca2c31b9ae1bbca8abf1657132d4cac45c9bf50a0a94,26413
.jpg,IMG_20210619_011509_jpg.rf.3e60df1ef50fc4e18554885cb44c7731.jpg,0,0,0,1,0,1,1,0,0,,"{""metric"": ""f1"", ""multimodal"": ""image; arsl""}",2022-02-06T21:10:08,data\raw\ArSL\train\images\IMG_20210619_011509_jpg.rf.3e60df1ef50fc4e18554885cb44c7731.jpg,b28c29b6044a2b210520544779a82ef2dba67843ea2e07620f2f56321430da46,15835
.jpg,IMG_20210619_011710_jpg.rf.6f06adfdaec5d8ae478dc4718f12fbd2.jpg,0,0,0,1,0,1,1,0,0,,"{""metric"": ""f1"", ""multimodal"": ""image; arsl""}",2022-02-06T21:10:08,data\raw\ArSL\train\images\IMG_20210619_011710_jpg.rf.6f06adfdaec5d8ae478dc4718f12fbd2.jpg,90b255aa9e21861cce01846a4d26b4e43d802cd811687d3f8b39c9bf36bf021b,25984
.jpg,IMG_20210619_011738_jpg.rf.42c9f103f992d29d58679853a6f71427.jpg,0,0,0,1,0,1,1,0,0,,"{""metric"": ""f1"", ""multimodal"": ""image; arsl""}",2022-02-06T21:10:08,data\raw\ArSL\train\images\IMG_20210619_011738_jpg.rf.42c9f103f992d29d58679853a6f71427.jpg,be29125668f921f6c6fcf517b4747b8a545d0183d034c98b3afd185f7a800844,22045
.jpg,IMG_20210619_011817_jpg.rf.3fec7654a00f10ff46a59dbde0596b30.jpg,0,0,0,1,0,1,1,0,0,,"{""metric"": ""f1"", ""multimodal"": ""image; arsl""}",2022-02-06T21:10:08,data\raw\ArSL\train\images\IMG_20210619_011817_jpg.rf.3fec7654a00f10ff46a59dbde0596b30.jpg,2267ae5f1f54cf8ea8c41c9e9c9bc02aa757d8354748d52759ef8c663a618dcb,18830
.jpg,IMG_20210619_012105_jpg.rf.a9b09b08b31e2f8d07b8565a8081eaf1.jpg,0,0,0,1,0,1,1,0,0,,"{""metric"": ""f1"", ""multimodal"": ""image; arsl""}",2022-02-06T21:10:08,data\raw\ArSL\train\images\IMG_20210619_012105_jpg.rf.a9b09b08b31e2f8d07b8565a8081eaf1.jpg,da99495f799833d6b075f408df681fde9c71f3232e21f8cb3f9f357666678a1f,21054
.jpg,IMG_20210619_012248_jpg.rf.04b5771cfc8f1e618cd50f58047a277f.jpg,0,0,0,1,0,1,1,0,0,,"{""metric"": ""f1"", ""multimodal"": ""image; arsl""}",2022-02-06T21:10:08,data\raw\ArSL\train\images\IMG_20210619_012248_jpg.rf.04b5771cfc8f1e618cd50f58047a277f.jpg,8af58cefc92c62674fb0d3c35bb29692a9a4b924d934e2d4516c64467298ebc0,24748
.jpg,IMG_20210619_012335_jpg.rf.234d3f136fab98dd82c488b8b5f6ff99.jpg,0,0,0,1,0,1,1,0,0,,"{""metric"": ""f1"", ""multimodal"": ""image; arsl""}",2022-02-06T21:10:08,data\raw\ArSL\train\images\IMG_20210619_012335_jpg.rf.234d3f136fab98dd82c488b8b5f6ff99.jpg,6b9b866a8de0cea908a03405f014e2b424655ecd9fe488a307f39ddb76d7f5e4,17293
.jpg,IMG_20210619_012549_jpg.rf.31e25add6d1cf1212ce1a749efe81caa.jpg,0,0,0,1,0,1,1,0,0,,"{""metric"": ""f1"", ""multimodal"": ""image; arsl""}",2022-02-06T21:10:08,data\raw\ArSL\train\images\IMG_20210619_012549_jpg.rf.31e25add6d1cf1212ce1a749efe81caa.jpg,4494283eea18892e6a40ff1a5f020c5264b3451437cd33b142d5e1ff5b0978fe,22621
.jpg,IMG_20210619_012607_jpg.rf.8650fcfcbf1f1b840daa50c9987e24af.jpg,0,0,0,1,0,1,1,0,0,,"{""metric"": ""f1"", ""multimodal"": ""image; arsl""}",2022-02-06T21:10:08,data\raw\ArSL\train\images\IMG_20210619_012607_jpg.rf.8650fcfcbf1f1b840daa50c9987e24af.jpg,5dd891309ae94026e7f3d59ac268347c6588979c15e8808f731550a9323f2da2,17207
.jpg,IMG_20210619_012612_jpg.rf.26779c96b806eb045c8c6b50acf18f19.jpg,0,0,0,1,0,1,1,0,0,,"{""metric"": ""f1"", ""multimodal"": ""image; arsl""}",2022-02-06T21:10:08,data\raw\ArSL\train\images\IMG_20210619_012612_jpg.rf.26779c96b806eb045c8c6b50acf18f19.jpg,66b735621a5ee2cb5d48082b9ae331c577ecc524fcb8804b8d19dca36cd7021b,16460
.jpg,IMG_20210619_163436_jpg.rf.4b4fb5de01cfff1be52c4f0d278107dc.jpg,0,0,0,1,0,1,1,0,0,,"{""metric"": ""f1"", ""multimodal"": ""image; arsl""}",2022-02-06T21:10:08,data\raw\ArSL\train\images\IMG_20210619_163436_jpg.rf.4b4fb5de01cfff1be52c4f0d278107dc.jpg,cd269e41fff950d160c6dc7c305d88c2995646b3663a0e2275de2813d70b5fde,16946
.jpg,IMG_20210619_163457_jpg.rf.cdc2802163841a8bf14629451b790430.jpg,0,0,0,1,0,1,1,0,0,,"{""metric"": ""f1"", ""multimodal"": ""image; arsl""}",2022-02-06T21:10:08,data\raw\ArSL\train\images\IMG_20210619_163457_jpg.rf.cdc2802163841a8bf14629451b790430.jpg,e91b350826ee6fa6b926f3ed43830164ec1bdca0f2b6c5860591d3d9ce0dfd9a,14526
.jpg,IMG_20210619_163732_jpg.rf.c72451d007d8b0af1339b2b0bdbd6067.jpg,0,0,0,1,0,1,1,0,0,,"{""metric"": ""f1"", ""multimodal"": ""image; arsl""}",2022-02-06T21:10:08,data\raw\ArSL\train\images\IMG_20210619_163732_jpg.rf.c72451d007d8b0af1339b2b0bdbd6067.jpg,d349561660222cac2954a88ee9333626cf0a32a9fc787c1535ab99180c1065ae,21632
.jpg,IMG_20210619_163749_jpg.rf.2baf1479ad2bf9ee9a649275dc991f43.jpg,0,0,0,1,0,1,1,0,0,,"{""metric"": ""f1"", ""multimodal"": ""image; arsl""}",2022-02-06T21:10:08,data\raw\ArSL\train\images\IMG_20210619_163749_jpg.rf.2baf1479ad2bf9ee9a649275dc991f43.jpg,834d158e2f9ea6e5a7be62785c6924e82f3e0b0719e4aabc22050f3dc73d8803,23300
.jpg,IMG_20210619_163927_jpg.rf.d062d51ab50d7f1e799a3ccca50bfed1.jpg,0,0,0,1,0,1,1,0,0,,"{""metric"": ""f1"", ""multimodal"": ""image; arsl""}",2022-02-06T21:10:08,data\raw\ArSL\train\images\IMG_20210619_163927_jpg.rf.d062d51ab50d7f1e799a3ccca50bfed1.jpg,992deb1acb2209a5572881503f140ecd186159e2842aeba2070b0eaa0cf35c08,25166
.jpg,IMG_20210619_164107_jpg.rf.6e2ba0a2519170cc58f1262a490f59f3.jpg,0,0,0,1,0,1,1,0,0,,"{""metric"": ""f1"", ""multimodal"": ""image; arsl""}",2022-02-06T21:10:08,data\raw\ArSL\train\images\IMG_20210619_164107_jpg.rf.6e2ba0a2519170cc58f1262a490f59f3.jpg,36b0c4230022fbc5139092a12f1677eb76e1a41cbf0d2fafbfa39bf1f232e8b5,13775
.jpg,IMG_20210619_164119_jpg.rf.09939f933114b14548f11b2a610366f2.jpg,0,0,0,1,0,1,1,0,0,,"{""metric"": ""f1"", ""multimodal"": ""image; arsl""}",2022-02-06T21:10:08,data\raw\ArSL\train\images\IMG_20210619_164119_jpg.rf.09939f933114b14548f11b2a610366f2.jpg,44b767b03543d9a0c428897ba3a2b3280ab6fe675ee8e9d5d58663eb8002fb02,10637
.jpg,IMG_20210619_164536_jpg.rf.a1df4bf15406f97fb83c76c8cd9905e6.jpg,0,0,0,1,0,1,1,0,0,,"{""metric"": ""f1"", ""multimodal"": ""image; arsl""}",2022-02-06T21:10:08,data\raw\ArSL\train\images\IMG_20210619_164536_jpg.rf.a1df4bf15406f97fb83c76c8cd9905e6.jpg,2677aaf73b3ae71d617f5166d6dd1c252044dac4b046ca2ebf63e5e160276faa,15490
.jpg,IMG_20210619_164553_jpg.rf.f14d92a0591990e0033d002eff8be75f.jpg,0,0,0,1,0,1,1,0,0,,"{""metric"": ""f1"", ""multimodal"": ""image; arsl""}",2022-02-06T21:10:08,data\raw\ArSL\train\images\IMG_20210619_164553_jpg.rf.f14d92a0591990e0033d002eff8be75f.jpg,8c3bff56fc37340fabc59dcf6613b2f4fc3f80add964a34474049be77edbfd95,22732
.jpg,IMG_20210619_165429_jpg.rf.fcf1bc1ea21340f9b605b0d00eb39a03.jpg,0,0,0,1,0,1,1,0,0,,"{""metric"": ""f1"", ""multimodal"": ""image; arsl""}",2022-02-06T21:10:08,data\raw\ArSL\train\images\IMG_20210619_165429_jpg.rf.fcf1bc1ea21340f9b605b0d00eb39a03.jpg,d75a22895d66ce7ccd9b1b06a5d68f8a51e59d623d790d6fb940152da571354a,32305
.jpg,IMG_20210619_165438_jpg.rf.44ebef18d2628f3f497a27bff4fd7424.jpg,0,0,0,1,0,1,1,0,0,,"{""metric"": ""f1"", ""multimodal"": ""image; arsl""}",2022-02-06T21:10:08,data\raw\ArSL\train\images\IMG_20210619_165438_jpg.rf.44ebef18d2628f3f497a27bff4fd7424.jpg,921595d9ece03a319bedf61278f1f40410247865e714b3ca5076465f37e1eaa8,17931
.jpg,IMG_20210619_165955_jpg.rf.afdab5f5b22d3bf641b4a4de83493f1f.jpg,0,0,0,1,0,1,1,0,0,,"{""metric"": ""f1"", ""multimodal"": ""image; arsl""}",2022-02-06T21:10:08,data\raw\ArSL\train\images\IMG_20210619_165955_jpg.rf.afdab5f5b22d3bf641b4a4de83493f1f.jpg,076dc927aebfc0224637de5b0ad23e3d59822717fbdb681ba3e33d638bd05e01,27407
.jpg,IMG_20210619_170033_jpg.rf.37a9b64bd6647e73af19896fca319e33.jpg,0,0,0,1,0,1,1,0,0,,"{""metric"": ""f1"", ""multimodal"": ""image; arsl""}",2022-02-06T21:10:08,data\raw\ArSL\train\images\IMG_20210619_170033_jpg.rf.37a9b64bd6647e73af19896fca319e33.jpg,c9ac65def7d9b363de448e83764cebdb378d4650916f0fe01727350e13593440,16165
.jpg,IMG_20210619_170134_jpg.rf.d7fafc9b2c96ac90f1b448d85d3b72ca.jpg,0,0,0,1,0,1,1,0,0,,"{""metric"": ""f1"", ""multimodal"": ""image; arsl""}",2022-02-06T21:10:08,data\raw\ArSL\train\images\IMG_20210619_170134_jpg.rf.d7fafc9b2c96ac90f1b448d85d3b72ca.jpg,749a87da7a3bea2a90253218d0dae9b04f7e9bb2122020fba554bf0a195f7437,26235
.jpg,IMG_20210619_170326_jpg.rf.f4032f126542047f01fc546a57b7fc80.jpg,0,0,0,1,0,1,1,0,0,,"{""metric"": ""f1"", ""multimodal"": ""image; arsl""}",2022-02-06T21:10:08,data\raw\ArSL\train\images\IMG_20210619_170326_jpg.rf.f4032f126542047f01fc546a57b7fc80.jpg,4b05a2755c1d25d511fcb2bad125d3f03184c1a6ad234bde5326b7ccb1837f07,10100
.jpg,IMG_20210619_170433_jpg.rf.00373107f89c79190046c9f108844db5.jpg,0,0,0,1,0,1,1,0,0,,"{""metric"": ""f1"", ""multimodal"": ""image; arsl""}",2022-02-06T21:10:08,data\raw\ArSL\train\images\IMG_20210619_170433_jpg.rf.00373107f89c79190046c9f108844db5.jpg,0195f7ff3d16749fa866cbe1b30e286c83c3566d562841fbd0a5286307b079ef,25083
.jpg,IMG_20210619_170748_jpg.rf.dfed37e64861f148b9f7502333185620.jpg,0,0,0,1,0,1,1,0,0,,"{""metric"": ""f1"", ""multimodal"": ""image; arsl""}",2022-02-06T21:10:08,data\raw\ArSL\train\images\IMG_20210619_170748_jpg.rf.dfed37e64861f148b9f7502333185620.jpg,143d1507125bd074a478f561f2e8b3e8e602b1efe4708897f75554311b1cc3eb,25001
.jpg,IMG_20210622_094624_jpg.rf.e757601c0a9f19049a02a6b0e279e110.jpg,0,0,0,1,0,1,1,0,0,,"{""metric"": ""f1"", ""multimodal"": ""image; arsl""}",2022-02-06T21:10:08,data\raw\ArSL\train\images\IMG_20210622_094624_jpg.rf.e757601c0a9f19049a02a6b0e279e110.jpg,d3b74506705f0d51e449d60b9de50d2090104a1ddaaf88bbd5b5a94051b3b647,29749
.jpg,IMG_20210622_095048_jpg.rf.c0fef1be3499fd948aa1d47ebfb5d6c4.jpg,0,0,0,1,0,1,1,0,0,,"{""metric"": ""f1"", ""multimodal"": ""image; arsl""}",2022-02-06T21:10:08,data\raw\ArSL\train\images\IMG_20210622_095048_jpg.rf.c0fef1be3499fd948aa1d47ebfb5d6c4.jpg,bf77f41258d686229e2356db01fb3de65be13e40de1d2360c8b49ac17decba8c,22231
.jpg,IMG_20210622_095348_jpg.rf.6e05e5f1739e49f63d2517e6e1ea32b9.jpg,0,0,0,1,0,1,1,0,0,,"{""metric"": ""f1"", ""multimodal"": ""image; arsl""}",2022-02-06T21:10:08,data\raw\ArSL\train\images\IMG_20210622_095348_jpg.rf.6e05e5f1739e49f63d2517e6e1ea32b9.jpg,cb39dd19ec4a6f0ba05e22780227838f74628fa0075d6538806d38cb9aa04e52,13650
.jpg,IMG_20210622_100007_jpg.rf.028919173be9174b5c319f1911f1e53b.jpg,0,0,0,1,0,1,1,0,0,,"{""metric"": ""f1"", ""multimodal"": ""image; arsl""}",2022-02-06T21:10:08,data\raw\ArSL\train\images\IMG_20210622_100007_jpg.rf.028919173be9174b5c319f1911f1e53b.jpg,8bd5afdd3771e752adf476093fd609211a181ec0228f946ce65b9d3156e1ea7a,14951
.jpg,IMG_20210622_100023_jpg.rf.8360b10b23b52899d99e2907f1d66340.jpg,0,0,0,1,0,1,1,0,0,,"{""metric"": ""f1"", ""multimodal"": ""image; arsl""}",2022-02-06T21:10:08,data\raw\ArSL\train\images\IMG_20210622_100023_jpg.rf.8360b10b23b52899d99e2907f1d66340.jpg,1757e23e26c08c2b9ef7374e7ef1866f35ab0ca2dc00f2c689b53534f671469f,29896
.jpg,IMG_20210622_100453_jpg.rf.59c8e37f1fd037ce41eb15649d19f9ff.jpg,0,0,0,1,0,1,1,0,0,,"{""metric"": ""f1"", ""multimodal"": ""image; arsl""}",2022-02-06T21:10:08,data\raw\ArSL\train\images\IMG_20210622_100453_jpg.rf.59c8e37f1fd037ce41eb15649d19f9ff.jpg,40b6d4080f26f48ca6a04e92df7a09ac3b7341ad2debf355a400b26170524b05,24096
.jpg,IMG_20210622_100519_jpg.rf.30185133570b6154b7bf120b61125e3f.jpg,0,0,0,1,0,1,1,0,0,,"{""metric"": ""f1"", ""multimodal"": ""image; arsl""}",2022-02-06T21:10:08,data\raw\ArSL\train\images\IMG_20210622_100519_jpg.rf.30185133570b6154b7bf120b61125e3f.jpg,07c76af0f92a843b407e2f472722c9c32210438006a2a60647a1fba1560115a1,15528
.jpg,IMG_20210622_100632_jpg.rf.e2b833c255dbc8b847571dad46e1d6f1.jpg,0,0,0,1,0,1,1,0,0,,"{""metric"": ""f1"", ""multimodal"": ""image; arsl""}",2022-02-06T21:10:08,data\raw\ArSL\train\images\IMG_20210622_100632_jpg.rf.e2b833c255dbc8b847571dad46e1d6f1.jpg,5096e6b3d2c3f957c1ce702fc49d90b73b96db64b6714c1fd96412b33d320c3e,28089
.jpg,IMG_20210622_100739_jpg.rf.8ce9eae7f11fd7c47701884a64930359.jpg,0,0,0,1,0,1,1,0,0,,"{""metric"": ""f1"", ""multimodal"": ""image; arsl""}",2022-02-06T21:10:08,data\raw\ArSL\train\images\IMG_20210622_100739_jpg.rf.8ce9eae7f11fd7c47701884a64930359.jpg,d9b3e68a1b5d0004c5a647d6aca8cd46e81b5a47419fd84548a8a97f3ca2492c,30688
.jpg,IMG_20210622_100838_jpg.rf.eef97be507f1258baee7925d2215c37f.jpg,0,0,0,1,0,1,1,0,0,,"{""metric"": ""f1"", ""multimodal"": ""image; arsl""}",2022-02-06T21:10:08,data\raw\ArSL\train\images\IMG_20210622_100838_jpg.rf.eef97be507f1258baee7925d2215c37f.jpg,9acd088f9d9440f735f7c76b83e59c7261ef2b4f4b39be80fa73b32594db3cac,31714
.jpg,IMG_20210622_101809_jpg.rf.4a47f1005257e70c055e5f06fe9d986c.jpg,0,0,0,1,0,1,1,0,0,,"{""metric"": ""f1"", ""multimodal"": ""image; arsl""}",2022-02-06T21:10:08,data\raw\ArSL\train\images\IMG_20210622_101809_jpg.rf.4a47f1005257e70c055e5f06fe9d986c.jpg,1cb1398e9de54797c6ef2f782392e1ecc5fc5dc9f08966118cc5f2e85e60c8db,29606
.jpg,IMG_20210622_101853_jpg.rf.e2df141bfc19dc85a407c98a3005a9b0.jpg,0,0,0,1,0,1,1,0,0,,"{""metric"": ""f1"", ""multimodal"": ""image; arsl""}",2022-02-06T21:10:10,data\raw\ArSL\train\images\IMG_20210622_101853_jpg.rf.e2df141bfc19dc85a407c98a3005a9b0.jpg,15e5026195f2f2f1cd29ed6b66e50c902bc8c6fba80ac8bb53aff84e892ad4a4,16984
.jpg,IMG_20210622_101909_jpg.rf.3405eaaf60088f16480d830590b282bb.jpg,0,0,0,1,0,1,1,0,0,,"{""metric"": ""f1"", ""multimodal"": ""image; arsl""}",2022-02-06T21:10:10,data\raw\ArSL\train\images\IMG_20210622_101909_jpg.rf.3405eaaf60088f16480d830590b282bb.jpg,eea70ada93ed075238ff0360b60364842b7b8c42e09ce7fe97a75354e071ff92,23789
.jpg,IMG_20210622_101945_jpg.rf.3f0f25cdb566dd2342dd3660f1987c9b.jpg,0,0,0,1,0,1,1,0,0,,"{""metric"": ""f1"", ""multimodal"": ""image; arsl""}",2022-02-06T21:10:10,data\raw\ArSL\train\images\IMG_20210622_101945_jpg.rf.3f0f25cdb566dd2342dd3660f1987c9b.jpg,197809fb751086e520fe95f545b469eafe8e409e5638cbb7c4f91e8b431daaed,24509
.jpg,IMG_20210622_101953_jpg.rf.2bf255663a5773a9e2336a3f10c435dd.jpg,0,0,0,1,0,1,1,0,0,,"{""metric"": ""f1"", ""multimodal"": ""image; arsl""}",2022-02-06T21:10:10,data\raw\ArSL\train\images\IMG_20210622_101953_jpg.rf.2bf255663a5773a9e2336a3f10c435dd.jpg,7c731042f10afbb8b6b80465a7238c9edd39b0be7c6d866e90151b0b162dbe1b,35466
.jpg,IMG_20210622_102249_jpg.rf.97e8e139b2645964876f10df30409ccc.jpg,0,0,0,1,0,1,1,0,0,,"{""metric"": ""f1"", ""multimodal"": ""image; arsl""}",2022-02-06T21:10:10,data\raw\ArSL\train\images\IMG_20210622_102249_jpg.rf.97e8e139b2645964876f10df30409ccc.jpg,d057884c5b210da27e6ed16d2138df48358a0cd7f781cc74abf33197fa0c8cf6,25911
.jpg,IMG_20210622_102731_jpg.rf.79830cbddd8dceccd37f12648448f5f9.jpg,0,0,0,1,0,1,1,0,0,,"{""metric"": ""f1"", ""multimodal"": ""image; arsl""}",2022-02-06T21:10:10,data\raw\ArSL\train\images\IMG_20210622_102731_jpg.rf.79830cbddd8dceccd37f12648448f5f9.jpg,15dee8ffdbb04c56578f30c44e1cbdc9e9a7446d5ed113584cf2a6441689dbc1,28576
.jpg,IMG_20210622_102856_jpg.rf.fbfba82a8f776ca6b4bfaebf9f19c010.jpg,0,0,0,1,0,1,1,0,0,,"{""metric"": ""f1"", ""multimodal"": ""image; arsl""}",2022-02-06T21:10:10,data\raw\ArSL\train\images\IMG_20210622_102856_jpg.rf.fbfba82a8f776ca6b4bfaebf9f19c010.jpg,e5ab11fa920371cf8cdc9b76ddd25d9428f14c81019fd50e7047cdebbc3ed9a1,42495
.jpg,IMG_20210622_102900_jpg.rf.ba8db492afaf19c77bd9564c47da0b6e.jpg,0,0,0,1,0,1,1,0,0,,"{""metric"": ""f1"", ""multimodal"": ""image; arsl""}",2022-02-06T21:10:10,data\raw\ArSL\train\images\IMG_20210622_102900_jpg.rf.ba8db492afaf19c77bd9564c47da0b6e.jpg,cf4ee0d741d42ca054f016eeb2045a429c40e9830052b2363896806c7ac8a194,38999
.jpg,IMG_20210622_102941_jpg.rf.ba37175d17171ee6cbf1ca8604519f27.jpg,0,0,0,1,0,1,1,0,0,,"{""metric"": ""f1"", ""multimodal"": ""image; arsl""}",2022-02-06T21:10:10,data\raw\ArSL\train\images\IMG_20210622_102941_jpg.rf.ba37175d17171ee6cbf1ca8604519f27.jpg,6a6b7a5d962b088941aaea9f7a099b05ae08436721517a05eed1788cbd8ae770,20290
.jpg,IMG_20210622_103121_jpg.rf.a3d22894c85507439294f9e965a29f1a.jpg,0,0,0,1,0,1,1,0,0,,"{""metric"": ""f1"", ""multimodal"": ""image; arsl""}",2022-02-06T21:10:10,data\raw\ArSL\train\images\IMG_20210622_103121_jpg.rf.a3d22894c85507439294f9e965a29f1a.jpg,4621a4d53c4b8b64d0a8eb834ac7eabc1f652e72eccdf3a82337d1e219fe5abc,20682
.jpg,IMG_20210622_103128_jpg.rf.961c0aa85ee8ef489fcb66f1324a2bc0.jpg,0,0,0,1,0,1,1,0,0,,"{""metric"": ""f1"", ""multimodal"": ""image; arsl""}",2022-02-06T21:10:10,data\raw\ArSL\train\images\IMG_20210622_103128_jpg.rf.961c0aa85ee8ef489fcb66f1324a2bc0.jpg,66c2e00d6a5d0adecc48f7b22187b94b2ac00cc6469b5a64c0a8e34bd6b42129,31412
.jpg,IMG_20210622_103135_jpg.rf.f109b67c17a02a9b4cd210ae37ab15e9.jpg,0,0,0,1,0,1,1,0,0,,"{""metric"": ""f1"", ""multimodal"": ""image; arsl""}",2022-02-06T21:10:10,data\raw\ArSL\train\images\IMG_20210622_103135_jpg.rf.f109b67c17a02a9b4cd210ae37ab15e9.jpg,7c3dc6662dc3e1257c7072e115744e66a58dbd903826ba12d446bcc175c329a2,17746
.jpg,IMG_20210622_103501_jpg.rf.ebf11488058c9e3ba5113d9d09391585.jpg,0,0,0,1,0,1,1,0,0,,"{""metric"": ""f1"", ""multimodal"": ""image; arsl""}",2022-02-06T21:10:10,data\raw\ArSL\train\images\IMG_20210622_103501_jpg.rf.ebf11488058c9e3ba5113d9d09391585.jpg,3623e7ce065953701b87a33e78aa495240d3bd9aa23594a396a164bd55534884,19330
.jpg,IMG_20210622_103515_jpg.rf.34f1277228262bc09c2e96017686fe8b.jpg,0,0,0,1,0,1,1,0,0,,"{""metric"": ""f1"", ""multimodal"": ""image; arsl""}",2022-02-06T21:10:10,data\raw\ArSL\train\images\IMG_20210622_103515_jpg.rf.34f1277228262bc09c2e96017686fe8b.jpg,5e115da6476c71992f1bc33b384aac5d3f11a2941238d608d6045f398e0b606b,12750
.jpg,IMG_20210623_134450_jpg.rf.f1b7e7537b814c0a090016a4ecc194ec.jpg,0,0,0,1,0,1,1,0,0,,"{""metric"": ""f1"", ""multimodal"": ""image; arsl""}",2022-02-06T21:10:10,data\raw\ArSL\train\images\IMG_20210623_134450_jpg.rf.f1b7e7537b814c0a090016a4ecc194ec.jpg,cc16e6ca3675b9cd4a7b9098682ffaa13d18c1538efda175fca02b38ccfa4aea,26756
.jpg,IMG_20210623_134610_jpg.rf.bb4f21e83c8f1839633f159609ada0c9.jpg,0,0,0,1,0,1,1,0,0,,"{""metric"": ""f1"", ""multimodal"": ""image; arsl""}",2022-02-06T21:10:10,data\raw\ArSL\train\images\IMG_20210623_134610_jpg.rf.bb4f21e83c8f1839633f159609ada0c9.jpg,ad317b0a4fb8672c4e09b6d2f5cca37bea57e674416c260438fcb2e97f5e9d11,19083
.jpg,IMG_20210623_135002_jpg.rf.52fa777a6bada70fb28d88f148fa8b76.jpg,0,0,0,1,0,1,1,0,0,,"{""metric"": ""f1"", ""multimodal"": ""image; arsl""}",2022-02-06T21:10:10,data\raw\ArSL\train\images\IMG_20210623_135002_jpg.rf.52fa777a6bada70fb28d88f148fa8b76.jpg,1d2c930e4c8a0fc257379e3c730890303c085c4f3f4b70e942c9f69f2f3a8aba,15251
.jpg,IMG_20210623_135130_jpg.rf.b37234aedc6893abd254d61129f19f88.jpg,0,0,0,1,0,1,1,0,0,,"{""metric"": ""f1"", ""multimodal"": ""image; arsl""}",2022-02-06T21:10:10,data\raw\ArSL\train\images\IMG_20210623_135130_jpg.rf.b37234aedc6893abd254d61129f19f88.jpg,82c88926562010a65c1d682fea90c8812293aa9c9d2e3be9e7a8bbc46a079c51,32846
.jpg,IMG_20210623_135225_jpg.rf.f196bdcbd4b0aac2df2038c5dae0901b.jpg,0,0,0,1,0,1,1,0,0,,"{""metric"": ""f1"", ""multimodal"": ""image; arsl""}",2022-02-06T21:10:10,data\raw\ArSL\train\images\IMG_20210623_135225_jpg.rf.f196bdcbd4b0aac2df2038c5dae0901b.jpg,da2bb58f93c4caa52776378e0b4703a60cbb783ab8a4e41cca1fdb563026fe60,15287
.jpg,IMG_20210623_135244_jpg.rf.a5c2cce89fa22b339f1c3d982e2cbbe6.jpg,0,0,0,1,0,1,1,0,0,,"{""metric"": ""f1"", ""multimodal"": ""image; arsl""}",2022-02-06T21:10:10,data\raw\ArSL\train\images\IMG_20210623_135244_jpg.rf.a5c2cce89fa22b339f1c3d982e2cbbe6.jpg,bcf031a1d53b709fd00ab740a9ca168b58b585d81c8ddb52547e76d7b7b3ba3b,9443
.jpg,IMG_20210623_135653_jpg.rf.0a3a70f8cce7db144f1d81b7f8a64847.jpg,0,0,0,1,0,1,1,0,0,,"{""metric"": ""f1"", ""multimodal"": ""image; arsl""}",2022-02-06T21:10:10,data\raw\ArSL\train\images\IMG_20210623_135653_jpg.rf.0a3a70f8cce7db144f1d81b7f8a64847.jpg,09289ebfc2ed4b57afb635590ee5c77846587eb0b1ba8e654ef57be97884601e,13445
.jpg,IMG_20210623_135816_jpg.rf.646e5edeaaa2ae3ec85a82bc0f1e87ef.jpg,0,0,0,1,0,1,1,0,0,,"{""metric"": ""f1"", ""multimodal"": ""image; arsl""}",2022-02-06T21:10:10,data\raw\ArSL\train\images\IMG_20210623_135816_jpg.rf.646e5edeaaa2ae3ec85a82bc0f1e87ef.jpg,8adbcc036d43e0e5e74e3251a0a284674452a90e7db7de5bfd60ed0333c426a1,11236
.jpg,IMG_20210623_135822_jpg.rf.2cfb0cbc07719a7b3abef2b2afccf15b.jpg,0,0,0,1,0,1,1,0,0,,"{""metric"": ""f1"", ""multimodal"": ""image; arsl""}",2022-02-06T21:10:10,data\raw\ArSL\train\images\IMG_20210623_135822_jpg.rf.2cfb0cbc07719a7b3abef2b2afccf15b.jpg,bd498b81b076ec4f07bf9b8967961b85935d5bc237db24959aaaf36bc2acc6c1,22373
.jpg,IMG_20210623_140032_jpg.rf.67de441eca9964c13fc27b4f111d7018.jpg,0,0,0,1,0,1,1,0,0,,"{""metric"": ""f1"", ""multimodal"": ""image; arsl""}",2022-02-06T21:10:10,data\raw\ArSL\train\images\IMG_20210623_140032_jpg.rf.67de441eca9964c13fc27b4f111d7018.jpg,8b82c926efef0c71e6c5ff1afec7d2af0210552fbfde84c343f02cdd44599644,31829
.jpg,IMG_20210623_140126_jpg.rf.58ff6bdf4464a504bc87daf7a92af117.jpg,0,0,0,1,0,1,1,0,0,,"{""metric"": ""f1"", ""multimodal"": ""image; arsl""}",2022-02-06T21:10:10,data\raw\ArSL\train\images\IMG_20210623_140126_jpg.rf.58ff6bdf4464a504bc87daf7a92af117.jpg,8432e9dbe503da8c35cbb56dd2fb31e2b86632c5e742492c08969a74b08ada8a,22185
.jpg,IMG_20210623_140143_jpg.rf.ab4f1be65a05ce828a48a99a686d455d.jpg,0,0,0,1,0,1,1,0,0,,"{""metric"": ""f1"", ""multimodal"": ""image; arsl""}",2022-02-06T21:10:10,data\raw\ArSL\train\images\IMG_20210623_140143_jpg.rf.ab4f1be65a05ce828a48a99a686d455d.jpg,db0f019b0966cf0f96de2849e682a5a6a9c71540387c1459088550e179403f9a,22770
.jpg,IMG_20210623_140159_jpg.rf.6647f1184ad48a9030986b8a6aba01a0.jpg,0,0,0,1,0,1,1,0,0,,"{""metric"": ""f1"", ""multimodal"": ""image; arsl""}",2022-02-06T21:10:10,data\raw\ArSL\train\images\IMG_20210623_140159_jpg.rf.6647f1184ad48a9030986b8a6aba01a0.jpg,8b4ba305057b1e2ab3a9fc75a433c3da3771599a8154241667c3a860df0f46ba,47392
.jpg,IMG_20210623_140247_jpg.rf.8819f1b41d50a666872f21a4374e09e9.jpg,0,0,0,1,0,1,1,0,0,,"{""metric"": ""f1"", ""multimodal"": ""image; arsl""}",2022-02-06T21:10:10,data\raw\ArSL\train\images\IMG_20210623_140247_jpg.rf.8819f1b41d50a666872f21a4374e09e9.jpg,5d69934d3efb0203fe1442e45e6c68196fc715272f5424eab1dacbd9eb2d361d,36353
.jpg,IMG_20210623_160159_jpg.rf.eb10312a4f1bafb115ad4703250775de.jpg,0,0,0,1,0,1,1,0,0,,"{""metric"": ""f1"", ""multimodal"": ""image; arsl""}",2022-02-06T21:10:10,data\raw\ArSL\train\images\IMG_20210623_160159_jpg.rf.eb10312a4f1bafb115ad4703250775de.jpg,202091e9285ca8e04342b01e2fa2174e97dc549822d133bf57cffee34f57f569,36181
.jpg,IMG_20210623_160313_jpg.rf.28e97a868c2d6f15f1c9f8a5b5d213d3.jpg,0,0,0,1,0,1,1,0,0,,"{""metric"": ""f1"", ""multimodal"": ""image; arsl""}",2022-02-06T21:10:10,data\raw\ArSL\train\images\IMG_20210623_160313_jpg.rf.28e97a868c2d6f15f1c9f8a5b5d213d3.jpg,9791bef6f7e6a8377e00a61abf10a7552a4c71fe8be28974f5db3d6a67b6b95e,23628
.jpg,IMG_20210623_160335_jpg.rf.95368d3063aa9a931d76f146b06b9259.jpg,0,0,0,1,0,1,1,0,0,,"{""metric"": ""f1"", ""multimodal"": ""image; arsl""}",2022-02-06T21:10:10,data\raw\ArSL\train\images\IMG_20210623_160335_jpg.rf.95368d3063aa9a931d76f146b06b9259.jpg,37e07992a3a87b9fe0c7ef565c53867e76b660f749b615a82ef66b6014fa616f,21977
.jpg,IMG_20210623_160401_jpg.rf.ab5dfce418c4961c01db26319651f1fe.jpg,0,0,0,1,0,1,1,0,0,,"{""metric"": ""f1"", ""multimodal"": ""image; arsl""}",2022-02-06T21:10:10,data\raw\ArSL\train\images\IMG_20210623_160401_jpg.rf.ab5dfce418c4961c01db26319651f1fe.jpg,747d868ee01ae6af966b9080a2ad28359076885d8549b7a1974d5e01edf3fd19,26769
.jpg,IMG_20210623_160510_jpg.rf.bc05006f1a0525fda105eeb690b4486f.jpg,0,0,0,1,0,1,1,0,0,,"{""metric"": ""f1"", ""multimodal"": ""image; arsl""}",2022-02-06T21:10:10,data\raw\ArSL\train\images\IMG_20210623_160510_jpg.rf.bc05006f1a0525fda105eeb690b4486f.jpg,3943dc36e9f850becd498ff568dd305cdf980b05276562ffef2bf980aabbdd37,18623
.jpg,IMG_20210623_160537_jpg.rf.c100aaf834126a70d73206863f1c5cfa.jpg,0,0,0,1,0,1,1,0,0,,"{""metric"": ""f1"", ""multimodal"": ""image; arsl""}",2022-02-06T21:10:10,data\raw\ArSL\train\images\IMG_20210623_160537_jpg.rf.c100aaf834126a70d73206863f1c5cfa.jpg,6032afdd70002d90b6ef0794a6fd1dd413cfb2e11ab2bd35e183fa9a3960c776,16652
.jpg,IMG_20210623_160608_jpg.rf.79f17f23084f424c84b2c6424ef77a77.jpg,0,0,0,1,0,1,1,0,0,,"{""metric"": ""f1"", ""multimodal"": ""image; arsl""}",2022-02-06T21:10:10,data\raw\ArSL\train\images\IMG_20210623_160608_jpg.rf.79f17f23084f424c84b2c6424ef77a77.jpg,944454650bd4e3ef2ea68de1825cbcde9430430b4b40167451e8028c040b81a6,23130
.jpg,IMG_20210623_160637_jpg.rf.621f5f5e1b80ef12ad42d8217b8e2868.jpg,0,0,0,1,0,1,1,0,0,,"{""metric"": ""f1"", ""multimodal"": ""image; arsl""}",2022-02-06T21:10:10,data\raw\ArSL\train\images\IMG_20210623_160637_jpg.rf.621f5f5e1b80ef12ad42d8217b8e2868.jpg,5b46f13b0494c3cbf5c281b99094c4105eab0c751d6386d0d6dd869fb16af3b7,21959
.jpg,IMG_20210623_161114_jpg.rf.f10be3ab18039135a86406bf06cc73eb.jpg,0,0,0,1,0,1,1,0,0,,"{""metric"": ""f1"", ""multimodal"": ""image; arsl""}",2022-02-06T21:10:10,data\raw\ArSL\train\images\IMG_20210623_161114_jpg.rf.f10be3ab18039135a86406bf06cc73eb.jpg,5a0f4484a3e66ba2013f09811232b9960a999a8d533cda809a6311e17a477327,26492
.jpg,IMG_20210623_161141_jpg.rf.f1723dd31852acd5ff472988a22c10c9.jpg,0,0,0,1,0,1,1,0,0,,"{""metric"": ""f1"", ""multimodal"": ""image; arsl""}",2022-02-06T21:10:10,data\raw\ArSL\train\images\IMG_20210623_161141_jpg.rf.f1723dd31852acd5ff472988a22c10c9.jpg,99f8dc1fa09718e5814d00b5e67bc6e72ada9fd0bc914ac435f0f3c07b1356e3,30841
.jpg,IMG_20210623_161347_jpg.rf.75380a4843fbe26ba881af1a4c4cd358.jpg,0,0,0,1,0,1,1,0,0,,"{""metric"": ""f1"", ""multimodal"": ""image; arsl""}",2022-02-06T21:10:10,data\raw\ArSL\train\images\IMG_20210623_161347_jpg.rf.75380a4843fbe26ba881af1a4c4cd358.jpg,eee55a31317fc45b9ef6228a732347609265beca13fcf7971f2c9ca2cfee390f,27590
.jpg,IMG_20210623_161350_jpg.rf.0061183de01183d716f1faf0f03f5ffc.jpg,0,0,0,1,0,1,1,0,0,,"{""metric"": ""f1"", ""multimodal"": ""image; arsl""}",2022-02-06T21:10:10,data\raw\ArSL\train\images\IMG_20210623_161350_jpg.rf.0061183de01183d716f1faf0f03f5ffc.jpg,7ad8cb42141d2a0dab75f0363031a165299848159cf74281deafdcda38f25a26,30007
.jpg,IMG_20210623_161401_jpg.rf.f85b5d3c41df963df1e71fca7e307def.jpg,0,0,0,1,0,1,1,0,0,,"{""metric"": ""f1"", ""multimodal"": ""image; arsl""}",2022-02-06T21:10:10,data\raw\ArSL\train\images\IMG_20210623_161401_jpg.rf.f85b5d3c41df963df1e71fca7e307def.jpg,075b36f57564b6e2c2fdf59688e40aa86b053b4684de4695f7a66f4226b453cc,31844
.jpg,IMG_20210623_161503_jpg.rf.3f1ba0ab317e5f8a0450d9dacec30761.jpg,0,0,0,1,0,1,1,0,0,,"{""metric"": ""f1"", ""multimodal"": ""image; arsl""}",2022-02-06T21:10:10,data\raw\ArSL\train\images\IMG_20210623_161503_jpg.rf.3f1ba0ab317e5f8a0450d9dacec30761.jpg,579c0dbea1e5bc3a71713e4947ac55472e197b0903b156baa83d9f2913fb2798,31742
.jpg,IMG_20210623_161740_jpg.rf.9f26f1c8d81255fcf82b0fb52523af08.jpg,0,0,0,1,0,1,1,0,0,,"{""metric"": ""f1"", ""multimodal"": ""image; arsl""}",2022-02-06T21:10:10,data\raw\ArSL\train\images\IMG_20210623_161740_jpg.rf.9f26f1c8d81255fcf82b0fb52523af08.jpg,ef61c741d0ff0f513594d0264ead1c9865303a40e27ef9ed13df6dd407f39ab0,21820
.jpg,IMG_20210623_162040_jpg.rf.9de7ac0016f1056110913cc9c2f1ee51.jpg,0,0,0,1,0,1,1,0,0,,"{""metric"": ""f1"", ""multimodal"": ""image; arsl""}",2022-02-06T21:10:10,data\raw\ArSL\train\images\IMG_20210623_162040_jpg.rf.9de7ac0016f1056110913cc9c2f1ee51.jpg,9aeaa64baf0669542c663ecc7e67dd82fa0242011aa8c86e68412ed7a74ae1d2,17274
.jpg,IMG_20210623_162338_jpg.rf.31ee689e7d97489f2a5dbf4bb35bf195.jpg,0,0,0,1,0,1,1,0,0,,"{""metric"": ""f1"", ""multimodal"": ""image; arsl""}",2022-02-06T21:10:10,data\raw\ArSL\train\images\IMG_20210623_162338_jpg.rf.31ee689e7d97489f2a5dbf4bb35bf195.jpg,bd2b988b9aec12c3f718ed8a2b19095d930e88e0a8047f0fdb601c680e292d48,27356
.jpg,IMG_20210623_162558_jpg.rf.71b4492a99a7939346f15e47b1eeeac7.jpg,0,0,0,1,0,1,1,0,0,,"{""metric"": ""f1"", ""multimodal"": ""image; arsl""}",2022-02-06T21:10:10,data\raw\ArSL\train\images\IMG_20210623_162558_jpg.rf.71b4492a99a7939346f15e47b1eeeac7.jpg,2f65b373822bbb4b92def496225c723b11c0c7cc38671e0ed7279e51dd8ba5a9,23524
.jpg,IMG_20210623_162715_jpg.rf.1450127f1256d4017b7fd7a0eb5522e2.jpg,0,0,0,1,0,1,1,0,0,,"{""metric"": ""f1"", ""multimodal"": ""image; arsl""}",2022-02-06T21:10:10,data\raw\ArSL\train\images\IMG_20210623_162715_jpg.rf.1450127f1256d4017b7fd7a0eb5522e2.jpg,b1a071d4e61f3e4af64ebed031cd3530f67e7660313388b3adbe5860a5c67225,29341
.jpg,IMG_20210623_162944_jpg.rf.5360bde8cdd8943bd41fdcbd03f10b99.jpg,0,0,0,1,0,1,1,0,0,,"{""metric"": ""f1"", ""multimodal"": ""image; arsl""}",2022-02-06T21:10:10,data\raw\ArSL\train\images\IMG_20210623_162944_jpg.rf.5360bde8cdd8943bd41fdcbd03f10b99.jpg,d4bc29b7504d13a3be614fcd58ddd998f4aeb5603e75de68d8bd59818ba7835b,32000
.jpg,IMG_20210623_163050_jpg.rf.d9189b18cef1cef367ed7e19ca2446ce.jpg,0,0,0,1,0,1,1,0,0,,"{""metric"": ""f1"", ""multimodal"": ""image; arsl""}",2022-02-06T21:10:10,data\raw\ArSL\train\images\IMG_20210623_163050_jpg.rf.d9189b18cef1cef367ed7e19ca2446ce.jpg,8b07a3bc92fa7af9489d8e63df66ad9258c00690c438df68a3b447ac77639988,24296
.jpg,IMG_20210623_163102_jpg.rf.1fe166d73c66ddf1abb1c1110c288365.jpg,0,0,0,1,0,1,1,0,0,,"{""metric"": ""f1"", ""multimodal"": ""image; arsl""}",2022-02-06T21:10:10,data\raw\ArSL\train\images\IMG_20210623_163102_jpg.rf.1fe166d73c66ddf1abb1c1110c288365.jpg,9a17c5ebf9ea3be119d43a66279cf1c535ec18315a46d08f26803840f57cae5c,28050
.jpg,IMG_20210623_163142_jpg.rf.971b0fbf562a67234d12f108179a7c4a.jpg,0,0,0,1,0,1,1,0,0,,"{""metric"": ""f1"", ""multimodal"": ""image; arsl""}",2022-02-06T21:10:10,data\raw\ArSL\train\images\IMG_20210623_163142_jpg.rf.971b0fbf562a67234d12f108179a7c4a.jpg,b9ee523bdd8039e0758bdd4cb71079dcf980c028523b1938c4e049470abca84b,25585
.jpg,IMG_20210623_163213_jpg.rf.f19b139eff4557b3fb29794d20060e4f.jpg,0,0,0,1,0,1,1,0,0,,"{""metric"": ""f1"", ""multimodal"": ""image; arsl""}",2022-02-06T21:10:10,data\raw\ArSL\train\images\IMG_20210623_163213_jpg.rf.f19b139eff4557b3fb29794d20060e4f.jpg,43bcc5d418bd38a5bb441679538f7cf56fdea6dd858308ff5e5c6a0ef8435dae,22557
.jpg,IMG_20210623_163237_jpg.rf.f1e88637b348e3374ea3b5512ff20ff9.jpg,0,0,0,1,0,1,1,0,0,,"{""metric"": ""f1"", ""multimodal"": ""image; arsl""}",2022-02-06T21:10:10,data\raw\ArSL\train\images\IMG_20210623_163237_jpg.rf.f1e88637b348e3374ea3b5512ff20ff9.jpg,3300d2cffc920b5c2bcd0ea00dfd565e13cf99cae1266c0d724ae12e378ace21,14575
.jpg,IMG_20210623_163320_jpg.rf.55f8f8b854f0522ee4500b35cf10f5f6.jpg,0,0,0,1,0,1,1,0,0,,"{""metric"": ""f1"", ""multimodal"": ""image; arsl""}",2022-02-06T21:10:10,data\raw\ArSL\train\images\IMG_20210623_163320_jpg.rf.55f8f8b854f0522ee4500b35cf10f5f6.jpg,cf1f1fbd69978a862f3540a1d908ec50121f9d3eb1bec2e72c4932e49a00c1ea,22966
.jpg,IMG_20210623_163408_jpg.rf.7a83e463fe665fdf1cf121b137ae5347.jpg,0,0,0,1,0,1,1,0,0,,"{""metric"": ""f1"", ""multimodal"": ""image; arsl""}",2022-02-06T21:10:10,data\raw\ArSL\train\images\IMG_20210623_163408_jpg.rf.7a83e463fe665fdf1cf121b137ae5347.jpg,fd84732cf97a2a67b9adb320f848c6722dce6ef0c31433b65ddcd019386fd426,17263
.jpg,IMG_20210623_163436_jpg.rf.f9e62540a80a57fda87df1898d6e5dc4.jpg,0,0,0,1,0,1,1,0,0,,"{""metric"": ""f1"", ""multimodal"": ""image; arsl""}",2022-02-06T21:10:10,data\raw\ArSL\train\images\IMG_20210623_163436_jpg.rf.f9e62540a80a57fda87df1898d6e5dc4.jpg,d8e01704465077417cfd00de4cd9b9204784361445727696220e06089cef1589,15074
.jpg,IMG_20210623_164434_jpg.rf.8e7e0ded5026f9a0b130cc9f2e8f10e0.jpg,0,0,0,1,0,1,1,0,0,,"{""metric"": ""f1"", ""multimodal"": ""image; arsl""}",2022-02-06T21:10:10,data\raw\ArSL\train\images\IMG_20210623_164434_jpg.rf.8e7e0ded5026f9a0b130cc9f2e8f10e0.jpg,4dedab73944d219363b67b8feb3f6d5beee81804b1925c49c9a2487ff748b68e,27203
.jpg,IMG_20210623_164448_jpg.rf.550dbbb3d942cc3e573162b78a0f13c2.jpg,0,0,0,1,0,1,1,0,0,,"{""metric"": ""f1"", ""multimodal"": ""image; arsl""}",2022-02-06T21:10:10,data\raw\ArSL\train\images\IMG_20210623_164448_jpg.rf.550dbbb3d942cc3e573162b78a0f13c2.jpg,453dfcb389628d27fe571b665f281207be3fbb5d455a553635bae9df52b4c94c,26039
.jpg,IMG_20210623_164453_jpg.rf.7c039862f66e1fa4f110a5cf73a59c67.jpg,0,0,0,1,0,1,1,0,0,,"{""metric"": ""f1"", ""multimodal"": ""image; arsl""}",2022-02-06T21:10:10,data\raw\ArSL\train\images\IMG_20210623_164453_jpg.rf.7c039862f66e1fa4f110a5cf73a59c67.jpg,cfa93f3cb7c7221e5c32d5d204f9e3f08cd1089f3f79a9a49f8eb40037ac3cbb,27839
.jpg,IMG_20210623_164500_jpg.rf.8545c393535764f11b38df382ab4b80e.jpg,0,0,0,1,0,1,1,0,0,,"{""metric"": ""f1"", ""multimodal"": ""image; arsl""}",2022-02-06T21:10:10,data\raw\ArSL\train\images\IMG_20210623_164500_jpg.rf.8545c393535764f11b38df382ab4b80e.jpg,530ca82322ca935fce08f6247e4f98afd104dec1af8c89e073d506ae723b6273,22721
.jpg,IMG_20210623_164505_jpg.rf.0f1b6da37bc2f220c2ab62ac4399866b.jpg,0,0,0,1,0,1,1,0,0,,"{""metric"": ""f1"", ""multimodal"": ""image; arsl""}",2022-02-06T21:10:10,data\raw\ArSL\train\images\IMG_20210623_164505_jpg.rf.0f1b6da37bc2f220c2ab62ac4399866b.jpg,ea4d42cbc1d2a8d8759dc5efb8deb6f8b88eeeb12c5ca18ff181c63c54d306de,29033
.jpg,IMG_20210623_164517_jpg.rf.152fd50afd99c294c4f54e0ea37c6f12.jpg,0,0,0,1,0,1,1,0,0,,"{""metric"": ""f1"", ""multimodal"": ""image; arsl""}",2022-02-06T21:10:10,data\raw\ArSL\train\images\IMG_20210623_164517_jpg.rf.152fd50afd99c294c4f54e0ea37c6f12.jpg,7456f8497101fc43f5db14f3f43edcef0438afeb852c83356c84909949b760f8,14719
.jpg,IMG_20210623_164604_jpg.rf.13c599b86878f127e60cd93d49994337.jpg,0,0,0,1,0,1,1,0,0,,"{""metric"": ""f1"", ""multimodal"": ""image; arsl""}",2022-02-06T21:10:10,data\raw\ArSL\train\images\IMG_20210623_164604_jpg.rf.13c599b86878f127e60cd93d49994337.jpg,ec946f706488b990a5cdae5b1263f63d2dbfd7bec26eed68f9e87435f190e719,25811
.jpg,IMG_20210623_164627_jpg.rf.baeb3560e6a511141f65159cf1f29d9f.jpg,0,0,0,1,0,1,1,0,0,,"{""metric"": ""f1"", ""multimodal"": ""image; arsl""}",2022-02-06T21:10:10,data\raw\ArSL\train\images\IMG_20210623_164627_jpg.rf.baeb3560e6a511141f65159cf1f29d9f.jpg,5615eabbe1cd6dd34d2244732e09b8fd49d43538e9ea25c4aacd8610a9f09223,23678
.jpg,IMG_20210623_165013_jpg.rf.85918d4b5d4fcf1594ba417accf149a4.jpg,0,0,0,1,0,1,1,0,0,,"{""metric"": ""f1"", ""multimodal"": ""image; arsl""}",2022-02-06T21:10:10,data\raw\ArSL\train\images\IMG_20210623_165013_jpg.rf.85918d4b5d4fcf1594ba417accf149a4.jpg,8de8fc4a20da55136903ed8e239b5682c726c5f7806ca62e4d376a669b9e2669,16650
.jpg,IMG_20210623_165312_jpg.rf.00e52bc0b1f1b522e0aea43140a530c8.jpg,0,0,0,1,0,1,1,0,0,,"{""metric"": ""f1"", ""multimodal"": ""image; arsl""}",2022-02-06T21:10:10,data\raw\ArSL\train\images\IMG_20210623_165312_jpg.rf.00e52bc0b1f1b522e0aea43140a530c8.jpg,ddbb87921c2da0fd896f9944c174b5bd7c27ca38b349b0ec3737684e38bdbb2f,18416
.jpg,IMG_20210623_170043_jpg.rf.1d62abb03f54f24d0fc66af0a29f1294.jpg,0,0,0,1,0,1,1,0,0,,"{""metric"": ""f1"", ""multimodal"": ""image; arsl""}",2022-02-06T21:10:10,data\raw\ArSL\train\images\IMG_20210623_170043_jpg.rf.1d62abb03f54f24d0fc66af0a29f1294.jpg,4497c2088dff6c58cc60ea9a5fbf5b98f1018f87cdea494ece60d9b061be90fb,27221
.jpg,IMG_20210623_170117_jpg.rf.db5cc01aa027a55430fc605f1b8d4354.jpg,0,0,0,1,0,1,1,0,0,,"{""metric"": ""f1"", ""multimodal"": ""image; arsl""}",2022-02-06T21:10:10,data\raw\ArSL\train\images\IMG_20210623_170117_jpg.rf.db5cc01aa027a55430fc605f1b8d4354.jpg,6049590dc1ba32dde1b177f9380b22285e7fb27dc20fa67c1e9b07a1d6245122,23471
.jpg,IMG_20210623_170146_jpg.rf.b39cf69a6bbf121420034e1a19d82311.jpg,0,0,0,1,0,1,1,0,0,,"{""metric"": ""f1"", ""multimodal"": ""image; arsl""}",2022-02-06T21:10:10,data\raw\ArSL\train\images\IMG_20210623_170146_jpg.rf.b39cf69a6bbf121420034e1a19d82311.jpg,c794e42db8cd3075ce42a44fbaafe7409626bc200d4433173066eb33862b9235,27262
.jpg,IMG_20210623_170313_jpg.rf.f1809377e36aea28aa347d9c1373c1d3.jpg,0,0,0,1,0,1,1,0,0,,"{""metric"": ""f1"", ""multimodal"": ""image; arsl""}",2022-02-06T21:10:10,data\raw\ArSL\train\images\IMG_20210623_170313_jpg.rf.f1809377e36aea28aa347d9c1373c1d3.jpg,9e2429becfb1e0c892c675cae7e777ed107872fe9f34af1d993617a66817b785,37974
.jpg,IMG_20210623_170327_jpg.rf.f572a7d0e96f1598202e8faf653942c3.jpg,0,0,0,1,0,1,1,0,0,,"{""metric"": ""f1"", ""multimodal"": ""image; arsl""}",2022-02-06T21:10:10,data\raw\ArSL\train\images\IMG_20210623_170327_jpg.rf.f572a7d0e96f1598202e8faf653942c3.jpg,d82249c24cccbf82c7f86698410b87dd55da2ac4d7db4ff635333606a9de24e3,34006
.jpg,IMG_20210623_170343_jpg.rf.6a31f18358c60b1f137530ec866bd108.jpg,0,0,0,1,0,1,1,0,0,,"{""metric"": ""f1"", ""multimodal"": ""image; arsl""}",2022-02-06T21:10:10,data\raw\ArSL\train\images\IMG_20210623_170343_jpg.rf.6a31f18358c60b1f137530ec866bd108.jpg,09fe8bd602396bddc1a94a792792ec61bc6f97bfea535d33b0f748f8c6fc53e6,16096
.jpg,IMG_20210623_170355_jpg.rf.5c69e0343d4e0ce4f820d6305f1e8852.jpg,0,0,0,1,0,1,1,0,0,,"{""metric"": ""f1"", ""multimodal"": ""image; arsl""}",2022-02-06T21:10:10,data\raw\ArSL\train\images\IMG_20210623_170355_jpg.rf.5c69e0343d4e0ce4f820d6305f1e8852.jpg,da51541432d7a81d0374040f0134936f9a545ed8113be2fd53e869eff639aff0,23921
.jpg,IMG_20210623_170404_jpg.rf.2a8b4ec665eabae00cd96bcca91af1d3.jpg,0,0,0,1,0,1,1,0,0,,"{""metric"": ""f1"", ""multimodal"": ""image; arsl""}",2022-02-06T21:10:12,data\raw\ArSL\train\images\IMG_20210623_170404_jpg.rf.2a8b4ec665eabae00cd96bcca91af1d3.jpg,48a2b9cc2d3d717efe2c12d9851b4b4a76c3163146a8cbde2029b8b52b07a0b5,16180
.jpg,IMG_20210623_170443_jpg.rf.4c452c75ba81cfedbb412ffd23dbb8f1.jpg,0,0,0,1,0,1,1,0,0,,"{""metric"": ""f1"", ""multimodal"": ""image; arsl""}",2022-02-06T21:10:12,data\raw\ArSL\train\images\IMG_20210623_170443_jpg.rf.4c452c75ba81cfedbb412ffd23dbb8f1.jpg,27d800fde3d9d277c500029108912e74b53b6c2ee65edcc96a3b914397b5b1fe,21619
.jpg,IMG_20210623_170511_jpg.rf.7cf5fdc54830f1aa813d56de69431185.jpg,0,0,0,1,0,1,1,0,0,,"{""metric"": ""f1"", ""multimodal"": ""image; arsl""}",2022-02-06T21:10:12,data\raw\ArSL\train\images\IMG_20210623_170511_jpg.rf.7cf5fdc54830f1aa813d56de69431185.jpg,97b462733b24140c1e6f1b5b8b06c72cef58e8a730888affe68b28f69304f5be,22712
.jpg,IMG_20210623_170520_jpg.rf.3cb1de2e52c79aa889f14704935e769c.jpg,0,0,0,1,0,1,1,0,0,,"{""metric"": ""f1"", ""multimodal"": ""image; arsl""}",2022-02-06T21:10:12,data\raw\ArSL\train\images\IMG_20210623_170520_jpg.rf.3cb1de2e52c79aa889f14704935e769c.jpg,af809fbcdecd8be75ca168d5f5f112f9e4eb50693b95d0451e252ab37958d58e,23544
.jpg,IMG_20210623_170610_jpg.rf.20c34e9640ac33c875f1583c8f31fcf1.jpg,0,0,0,1,0,1,1,0,0,,"{""metric"": ""f1"", ""multimodal"": ""image; arsl""}",2022-02-06T21:10:12,data\raw\ArSL\train\images\IMG_20210623_170610_jpg.rf.20c34e9640ac33c875f1583c8f31fcf1.jpg,e9faccea9169a1e8eca78e1a0a05e89976ea93198b4b06753a0f79e50644b2f3,26925
.jpg,IMG_20210623_172319_jpg.rf.f121088790839eb0bba2ce6563dbacc8.jpg,0,0,0,1,0,1,1,0,0,,"{""metric"": ""f1"", ""multimodal"": ""image; arsl""}",2022-02-06T21:10:12,data\raw\ArSL\train\images\IMG_20210623_172319_jpg.rf.f121088790839eb0bba2ce6563dbacc8.jpg,f44f94f3ec61f2919567fa1093a58c72f4008a01960e87cb93fa11dde3db5eb0,34129
.jpg,IMG_20210623_172446_jpg.rf.bacb548bf12a2d69a812454f15e84fd2.jpg,0,0,0,1,0,1,1,0,0,,"{""metric"": ""f1"", ""multimodal"": ""image; arsl""}",2022-02-06T21:10:12,data\raw\ArSL\train\images\IMG_20210623_172446_jpg.rf.bacb548bf12a2d69a812454f15e84fd2.jpg,c6fd904ef1efa12878dab7442751a85cfa2468eb4207b859d56ed3a5b4e782d2,21807
.jpg,IMG_20210623_172548_jpg.rf.038f191c1ff38c6ed40b40e96cb6c352.jpg,0,0,0,1,0,1,1,0,0,,"{""metric"": ""f1"", ""multimodal"": ""image; arsl""}",2022-02-06T21:10:12,data\raw\ArSL\train\images\IMG_20210623_172548_jpg.rf.038f191c1ff38c6ed40b40e96cb6c352.jpg,91a4a19f7aab72c6056dcf21169b23d863a3167d4c362370f875091282305019,18814
.jpg,IMG_20210623_172859_jpg.rf.9ac47ea2d6226c4874e648f1acd0af0c.jpg,0,0,0,1,0,1,1,0,0,,"{""metric"": ""f1"", ""multimodal"": ""image; arsl""}",2022-02-06T21:10:12,data\raw\ArSL\train\images\IMG_20210623_172859_jpg.rf.9ac47ea2d6226c4874e648f1acd0af0c.jpg,64c3c4f7b3dda29d0413e4f474be8b3fee3387baf95cde7174eb6543bfae3259,20542
.jpg,IMG_20210623_172937_jpg.rf.856d780903f1d4434293939493c02717.jpg,0,0,0,1,0,1,1,0,0,,"{""metric"": ""f1"", ""multimodal"": ""image; arsl""}",2022-02-06T21:10:12,data\raw\ArSL\train\images\IMG_20210623_172937_jpg.rf.856d780903f1d4434293939493c02717.jpg,bb07349e912c4c59c1c2e530fa7c1eac57cba2ad064d6496f92796e9ecb1dd00,14227
.jpg,IMG_20210623_173020_jpg.rf.df44db92b379748f140fd84a0d57a629.jpg,0,0,0,1,0,1,1,0,0,,"{""metric"": ""f1"", ""multimodal"": ""image; arsl""}",2022-02-06T21:10:12,data\raw\ArSL\train\images\IMG_20210623_173020_jpg.rf.df44db92b379748f140fd84a0d57a629.jpg,9fc771fe1a2e27e801786acf1571a32472761c42dfbc820831b3b8ec754450a0,25446
.jpg,IMG_20210623_173039_jpg.rf.f1fb4b16aab4a253e1f8663af6cb11a7.jpg,0,0,0,1,0,1,1,0,0,,"{""metric"": ""f1"", ""multimodal"": ""image; arsl""}",2022-02-06T21:10:12,data\raw\ArSL\train\images\IMG_20210623_173039_jpg.rf.f1fb4b16aab4a253e1f8663af6cb11a7.jpg,fc1ca7b8050e4893088c29767ac918fb4234eb9f808fa362602be8a0500dc276,15322
.jpg,IMG_20210623_175631_jpg.rf.d7fa1c1feabd7aedb276676d9f193486.jpg,0,0,0,1,0,1,1,0,0,,"{""metric"": ""f1"", ""multimodal"": ""image; arsl""}",2022-02-06T21:10:12,data\raw\ArSL\train\images\IMG_20210623_175631_jpg.rf.d7fa1c1feabd7aedb276676d9f193486.jpg,3382730ae003e04b9528b6269c819ad29ea726e2fc424ac5cd651b7caee307f1,18260
.jpg,IMG_20210623_175741_jpg.rf.f1db2604d6291f33cdcfc35cbaeb190a.jpg,0,0,0,1,0,1,1,0,0,,"{""metric"": ""f1"", ""multimodal"": ""image; arsl""}",2022-02-06T21:10:12,data\raw\ArSL\train\images\IMG_20210623_175741_jpg.rf.f1db2604d6291f33cdcfc35cbaeb190a.jpg,3c13c45c493bec24865859a4de21a24f4d767b79f0b1df366b5db52c91663038,18386
.jpg,IMG_20210623_175851_jpg.rf.067c0f6f1f17cf05fd0fa2c576d20fc1.jpg,0,0,0,1,0,1,1,0,0,,"{""metric"": ""f1"", ""multimodal"": ""image; arsl""}",2022-02-06T21:10:12,data\raw\ArSL\train\images\IMG_20210623_175851_jpg.rf.067c0f6f1f17cf05fd0fa2c576d20fc1.jpg,36324e185788ed5e34f5dc918790e7fed19c5e4c7800fe42dfa4009bbaf7aec3,28852
.jpg,IMG_20210623_175922_jpg.rf.fb28f1b19ca4ea18bfb706aadaa2940f.jpg,0,0,0,1,0,1,1,0,0,,"{""metric"": ""f1"", ""multimodal"": ""image; arsl""}",2022-02-06T21:10:12,data\raw\ArSL\train\images\IMG_20210623_175922_jpg.rf.fb28f1b19ca4ea18bfb706aadaa2940f.jpg,238857699702e6be921605ef917b9bd5332d98485c9ef585ddb4b25848aa5bc8,26477
.jpg,IMG_20210623_180010_jpg.rf.c665cfbfdba3baa99b00835ebf17c9b5.jpg,0,0,0,1,0,1,1,0,0,,"{""metric"": ""f1"", ""multimodal"": ""image; arsl""}",2022-02-06T21:10:12,data\raw\ArSL\train\images\IMG_20210623_180010_jpg.rf.c665cfbfdba3baa99b00835ebf17c9b5.jpg,ff7e3074eac56ad91620159792dd6a6879f890c38e453e94effea1a2838c943d,22783
.jpg,IMG_20210623_180029_jpg.rf.b3eff0e41b1d8448af4f12979718d521.jpg,0,0,0,1,0,1,1,0,0,,"{""metric"": ""f1"", ""multimodal"": ""image; arsl""}",2022-02-06T21:10:12,data\raw\ArSL\train\images\IMG_20210623_180029_jpg.rf.b3eff0e41b1d8448af4f12979718d521.jpg,1273c45c0126c812f049fc9061ecf42cd069000bad0713f1c82b0d1300f6712b,42769
.jpg,IMG_20210623_180121_jpg.rf.224ce5f112f64a88081ee06079034fc3.jpg,0,0,0,1,0,1,1,0,0,,"{""metric"": ""f1"", ""multimodal"": ""image; arsl""}",2022-02-06T21:10:12,data\raw\ArSL\train\images\IMG_20210623_180121_jpg.rf.224ce5f112f64a88081ee06079034fc3.jpg,a6643dea4cf7defd6b377e2439cd6faeabcadc6198321ca541c4a165e61aeb14,35273
.jpg,IMG_20210623_180402_jpg.rf.8693ab4fef1ada47ece90d16b7949c27.jpg,0,0,0,1,0,1,1,0,0,,"{""metric"": ""f1"", ""multimodal"": ""image; arsl""}",2022-02-06T21:10:12,data\raw\ArSL\train\images\IMG_20210623_180402_jpg.rf.8693ab4fef1ada47ece90d16b7949c27.jpg,1709ffe27dfcbd47260f4f237da97044cf42f5409987bd6435adc2ccbeb942de,25586
.jpg,IMG_20210623_180417_jpg.rf.65f78bc5c615e4224c5f1567e4c753d3.jpg,0,0,0,1,0,1,1,0,0,,"{""metric"": ""f1"", ""multimodal"": ""image; arsl""}",2022-02-06T21:10:12,data\raw\ArSL\train\images\IMG_20210623_180417_jpg.rf.65f78bc5c615e4224c5f1567e4c753d3.jpg,693083dbf0183d480f890239368c0b150e72f1fce2a514444035401355460a08,30164
.jpg,IMG_20210624_213543_jpg.rf.d89fe8cee2f7bf3742b8adeca1048f13.jpg,0,0,0,1,0,1,1,0,0,,"{""metric"": ""f1"", ""multimodal"": ""image; arsl""}",2022-02-06T21:10:12,data\raw\ArSL\train\images\IMG_20210624_213543_jpg.rf.d89fe8cee2f7bf3742b8adeca1048f13.jpg,0abe888e36362bb40c9ae92bcb411b93a12f82e6ef2e9d828a2bd2f8d1f57cbe,19890
.jpg,IMG_20210624_213559_jpg.rf.64e3f1f3da67a8b451b0ec7ca39bd06e.jpg,0,0,0,1,0,1,1,0,0,,"{""metric"": ""f1"", ""multimodal"": ""image; arsl""}",2022-02-06T21:10:12,data\raw\ArSL\train\images\IMG_20210624_213559_jpg.rf.64e3f1f3da67a8b451b0ec7ca39bd06e.jpg,5ed30905f94ee1d90dd58ebf72ac82161729430119d2ef47f0db00c2ce419774,24786
.jpg,IMG_20210624_213639_jpg.rf.6f16e8f793cdb578246b5de8e525e249.jpg,0,0,0,1,0,1,1,0,0,,"{""metric"": ""f1"", ""multimodal"": ""image; arsl""}",2022-02-06T21:10:12,data\raw\ArSL\train\images\IMG_20210624_213639_jpg.rf.6f16e8f793cdb578246b5de8e525e249.jpg,fa2da22817d2a3fb84cbeb99d987b397522fd854da756c47a424deb7aa625882,22240
.jpg,IMG_20210624_213817_jpg.rf.452cbdf134794a1e5907181ad2644dcd.jpg,0,0,0,1,0,1,1,0,0,,"{""metric"": ""f1"", ""multimodal"": ""image; arsl""}",2022-02-06T21:10:12,data\raw\ArSL\train\images\IMG_20210624_213817_jpg.rf.452cbdf134794a1e5907181ad2644dcd.jpg,ab82fb1cd0a12643716e2856f0a5ea538371f88fa5f29bb033ac35f93f608f15,21841
.jpg,IMG_20210624_213923_jpg.rf.2e62e9d970c690f5e37f14af003998ec.jpg,0,0,0,1,0,1,1,0,0,,"{""metric"": ""f1"", ""multimodal"": ""image; arsl""}",2022-02-06T21:10:12,data\raw\ArSL\train\images\IMG_20210624_213923_jpg.rf.2e62e9d970c690f5e37f14af003998ec.jpg,bf1caff7f8496158ee4fb63699ffcbeb85d13e137518006870ecf93ae00ee920,14527
.jpg,IMG_20210624_214033_jpg.rf.8b1a21caadcc9198cc50d64f155f8930.jpg,0,0,0,1,0,1,1,0,0,,"{""metric"": ""f1"", ""multimodal"": ""image; arsl""}",2022-02-06T21:10:12,data\raw\ArSL\train\images\IMG_20210624_214033_jpg.rf.8b1a21caadcc9198cc50d64f155f8930.jpg,cef449bee2796603777f9245488e030c01e0f3a9cc1858655bbe3c8010323d28,19148
.jpg,IMG_20210624_214306_jpg.rf.24347891f4f1f326a7ee64f0de20cb1e.jpg,0,0,0,1,0,1,1,0,0,,"{""metric"": ""f1"", ""multimodal"": ""image; arsl""}",2022-02-06T21:10:12,data\raw\ArSL\train\images\IMG_20210624_214306_jpg.rf.24347891f4f1f326a7ee64f0de20cb1e.jpg,52bd69a38a6716656e0924a6fc148053ad5c78b5158fd3bda5ff6a08af1b6a98,22298
.jpg,IMG_20210624_214441_jpg.rf.ebefb93f118df1830074125aa693893e.jpg,0,0,0,1,0,1,1,0,0,,"{""metric"": ""f1"", ""multimodal"": ""image; arsl""}",2022-02-06T21:10:12,data\raw\ArSL\train\images\IMG_20210624_214441_jpg.rf.ebefb93f118df1830074125aa693893e.jpg,40396ccd59b787d042edfb813f3af15102b010b37e687b86c309680c9d22be54,16385
.jpg,IMG_20210624_214513_jpg.rf.2d84166293d6f66a01278367f199376a.jpg,0,0,0,1,0,1,1,0,0,,"{""metric"": ""f1"", ""multimodal"": ""image; arsl""}",2022-02-06T21:10:12,data\raw\ArSL\train\images\IMG_20210624_214513_jpg.rf.2d84166293d6f66a01278367f199376a.jpg,a65848e3364daf35a7115ae5521c5524cae2d608871e6406ca4da700c9b67f51,34766
.jpg,IMG_20210624_214528_jpg.rf.68f8eb09c25a296ecbb1af5ce4dcb8f1.jpg,0,0,0,1,0,1,1,0,0,,"{""metric"": ""f1"", ""multimodal"": ""image; arsl""}",2022-02-06T21:10:12,data\raw\ArSL\train\images\IMG_20210624_214528_jpg.rf.68f8eb09c25a296ecbb1af5ce4dcb8f1.jpg,20c8012d93819ce542c6773ba72c69e3ab077b33bac22b83fe26fcc34d46e6ba,32500
.jpg,IMG_20210624_214740_jpg.rf.4926bc70f9194a7acd7990f135912e94.jpg,0,0,0,1,0,1,1,0,0,,"{""metric"": ""f1"", ""multimodal"": ""image; arsl""}",2022-02-06T21:10:12,data\raw\ArSL\train\images\IMG_20210624_214740_jpg.rf.4926bc70f9194a7acd7990f135912e94.jpg,53bc8426932ac0324ae335750357359d91a00e0ea4f8081e3f17785e919316cd,30554
.jpg,IMG_20210624_214926_jpg.rf.725e226f11427c4f77471b587be3385c.jpg,0,0,0,1,0,1,1,0,0,,"{""metric"": ""f1"", ""multimodal"": ""image; arsl""}",2022-02-06T21:10:12,data\raw\ArSL\train\images\IMG_20210624_214926_jpg.rf.725e226f11427c4f77471b587be3385c.jpg,bab2117b5dcbd4e906bbacef64edf9c5b16db97e9f473564d5ebd6ccfd84cf20,21214
.jpg,IMG_20210624_214955_jpg.rf.5ce66f1fd3670b43eeacf862e6218bda.jpg,0,0,0,1,0,1,1,0,0,,"{""metric"": ""f1"", ""multimodal"": ""image; arsl""}",2022-02-06T21:10:12,data\raw\ArSL\train\images\IMG_20210624_214955_jpg.rf.5ce66f1fd3670b43eeacf862e6218bda.jpg,0b5743b3b0c54c42d8bf715d25ea7f8829beefaa9970710979650added54c6fd,20304
.jpg,IMG_20210624_215001_jpg.rf.0f1f2b834497193a1b7f29078d19ce1e.jpg,0,0,0,1,0,1,1,0,0,,"{""metric"": ""f1"", ""multimodal"": ""image; arsl""}",2022-02-06T21:10:12,data\raw\ArSL\train\images\IMG_20210624_215001_jpg.rf.0f1f2b834497193a1b7f29078d19ce1e.jpg,4b7d0c13b3569f67de457f697f1850dfdf2f737c63c6ebbd951820b828d08664,20005
.jpg,IMG_20210624_215022_jpg.rf.50db425ce41044275f19944dfa49cab7.jpg,0,0,0,1,0,1,1,0,0,,"{""metric"": ""f1"", ""multimodal"": ""image; arsl""}",2022-02-06T21:10:12,data\raw\ArSL\train\images\IMG_20210624_215022_jpg.rf.50db425ce41044275f19944dfa49cab7.jpg,70bce131237dcb4b1dee023a9a1ac503d1e48f3e5ed75c5412c177ec671540b4,30262
.jpg,IMG_20210624_215041_jpg.rf.cf1a71ac6bf87667111a026a24839420.jpg,0,0,0,1,0,1,1,0,0,,"{""metric"": ""f1"", ""multimodal"": ""image; arsl""}",2022-02-06T21:10:12,data\raw\ArSL\train\images\IMG_20210624_215041_jpg.rf.cf1a71ac6bf87667111a026a24839420.jpg,5627ddea75dcc9b14788fd0fafc253d2cb0526aa05141fee620fac69539f6293,27929
.jpg,IMG_20210624_220226_jpg.rf.b12866a707367ee65a7e3428eb3f1b18.jpg,0,0,0,1,0,1,1,0,0,,"{""metric"": ""f1"", ""multimodal"": ""image; arsl""}",2022-02-06T21:10:12,data\raw\ArSL\train\images\IMG_20210624_220226_jpg.rf.b12866a707367ee65a7e3428eb3f1b18.jpg,076c4a2aa8ac30cacb3f8fce2e77617970c1a35655ff4819ea2eee69ffa91b04,27819
.jpg,IMG_20210624_220405_jpg.rf.22c82832fef16cd1d43ceeb51cd0ea8b.jpg,0,0,0,1,0,1,1,0,0,,"{""metric"": ""f1"", ""multimodal"": ""image; arsl""}",2022-02-06T21:10:12,data\raw\ArSL\train\images\IMG_20210624_220405_jpg.rf.22c82832fef16cd1d43ceeb51cd0ea8b.jpg,fa4740fd53b0253d13ac66b2ee76836dc4b52a092d18faaf9642d22ab90a6540,22886
.jpg,IMG_20210624_220436_jpg.rf.bffb1b0fc79059f2cf1aeb322bb8e1c4.jpg,0,0,0,1,0,1,1,0,0,,"{""metric"": ""f1"", ""multimodal"": ""image; arsl""}",2022-02-06T21:10:12,data\raw\ArSL\train\images\IMG_20210624_220436_jpg.rf.bffb1b0fc79059f2cf1aeb322bb8e1c4.jpg,832b59d3ee84f26625ec48e81fdc89b28cace1fad1726f3e986d4a46ab1d7043,30565
.jpg,IMG_20210624_220529_jpg.rf.e43f10b3f48474201b9d9f8d3eb81698.jpg,0,0,0,1,0,1,1,0,0,,"{""metric"": ""f1"", ""multimodal"": ""image; arsl""}",2022-02-06T21:10:12,data\raw\ArSL\train\images\IMG_20210624_220529_jpg.rf.e43f10b3f48474201b9d9f8d3eb81698.jpg,09d627f4f2af1e79c526572e714cf4fb0613584f97b6bc146d0ccb774f8b098c,18196
.jpg,IMG_20210624_220600_jpg.rf.955ef9e54243a985f1eac555a6024110.jpg,0,0,0,1,0,1,1,0,0,,"{""metric"": ""f1"", ""multimodal"": ""image; arsl""}",2022-02-06T21:10:12,data\raw\ArSL\train\images\IMG_20210624_220600_jpg.rf.955ef9e54243a985f1eac555a6024110.jpg,20d0162629d99d4e0f3723bd9c05c3281c120142d554943bdf8c51b6c4460450,24836
.jpg,IMG_20210624_220753_jpg.rf.ba7c2cb0e6e8fd53a2f175be01f59e43.jpg,0,0,0,1,0,1,1,0,0,,"{""metric"": ""f1"", ""multimodal"": ""image; arsl""}",2022-02-06T21:10:12,data\raw\ArSL\train\images\IMG_20210624_220753_jpg.rf.ba7c2cb0e6e8fd53a2f175be01f59e43.jpg,4898caf1e68c15c8a01616863c46830f777a01c9a0d907deb7e3bab3e3d24e5b,28580
.jpg,IMG_20210624_220956_jpg.rf.0a8c4fc46be5d509b9111788f1a0c6c6.jpg,0,0,0,1,0,1,1,0,0,,"{""metric"": ""f1"", ""multimodal"": ""image; arsl""}",2022-02-06T21:10:12,data\raw\ArSL\train\images\IMG_20210624_220956_jpg.rf.0a8c4fc46be5d509b9111788f1a0c6c6.jpg,e1c09e82ce54815067b238bda7b5a486383556649f65d7ea861b9573fa8bb52b,16276
.jpg,IMG_20210624_221009_jpg.rf.d3bb74f96f69de64bb243c4bf1d76ccb.jpg,0,0,0,1,0,1,1,0,0,,"{""metric"": ""f1"", ""multimodal"": ""image; arsl""}",2022-02-06T21:10:12,data\raw\ArSL\train\images\IMG_20210624_221009_jpg.rf.d3bb74f96f69de64bb243c4bf1d76ccb.jpg,25442f6e2d26807b92dbb8c8db3df14bef07103079d92effc401448639f7779b,19518
.jpg,IMG_20210624_221338_jpg.rf.c21083887fc87bc802cf11d81a13804f.jpg,0,0,0,1,0,1,1,0,0,,"{""metric"": ""f1"", ""multimodal"": ""image; arsl""}",2022-02-06T21:10:12,data\raw\ArSL\train\images\IMG_20210624_221338_jpg.rf.c21083887fc87bc802cf11d81a13804f.jpg,f58a5af4018feb67dc4e4404e5d8f35c3b4024abd6198c40b83837402e8dbb2d,18233
.jpg,IMG_20210624_221345_jpg.rf.f16a898716f230868d0631699bb47274.jpg,0,0,0,1,0,1,1,0,0,,"{""metric"": ""f1"", ""multimodal"": ""image; arsl""}",2022-02-06T21:10:12,data\raw\ArSL\train\images\IMG_20210624_221345_jpg.rf.f16a898716f230868d0631699bb47274.jpg,b03c42b451b8ffb4c9f20a0ce0e43fb313ed44dfa2e5785b5ea56bc7d4e42e9f,17604
.jpg,IMG_20210624_221426_jpg.rf.d2373a9d07e3f1089e8de93300d11d16.jpg,0,0,0,1,0,1,1,0,0,,"{""metric"": ""f1"", ""multimodal"": ""image; arsl""}",2022-02-06T21:10:12,data\raw\ArSL\train\images\IMG_20210624_221426_jpg.rf.d2373a9d07e3f1089e8de93300d11d16.jpg,f54d86c7948a101627b35d5ff1cd34cfd3d775b267d5d88d6c89bdd260e2063d,19771
.jpg,IMG_20210624_221540_jpg.rf.5f37f1f51ed38b8a8ec5e759323cf42e.jpg,0,0,0,1,0,1,1,0,0,,"{""metric"": ""f1"", ""multimodal"": ""image; arsl""}",2022-02-06T21:10:12,data\raw\ArSL\train\images\IMG_20210624_221540_jpg.rf.5f37f1f51ed38b8a8ec5e759323cf42e.jpg,e9f325bf64f17d1432c654acb80ef981d7631b5660980b3b4dabd3559d27227d,32316
.jpg,IMG_20210624_221946_jpg.rf.a2bcef1ec9c3ae8fda22b0b644012425.jpg,0,0,0,1,0,1,1,0,0,,"{""metric"": ""f1"", ""multimodal"": ""image; arsl""}",2022-02-06T21:10:12,data\raw\ArSL\train\images\IMG_20210624_221946_jpg.rf.a2bcef1ec9c3ae8fda22b0b644012425.jpg,4a343a94c8c2e0694ef8a9a31fc4fea5aea30db6e3f8ee1a39d4382af9a86c08,27282
.jpg,IMG_20210624_222222_jpg.rf.abf9f84f119b901819345a76b7b04d37.jpg,0,0,0,1,0,1,1,0,0,,"{""metric"": ""f1"", ""multimodal"": ""image; arsl""}",2022-02-06T21:10:12,data\raw\ArSL\train\images\IMG_20210624_222222_jpg.rf.abf9f84f119b901819345a76b7b04d37.jpg,86e886d9717a01c821e3b6fbf5a2e61d5c245ee442b9d649b7416c1f419a3899,19436
.jpg,IMG_20210624_222237_jpg.rf.0dc704e3d813286f1f19ddaa586d6925.jpg,0,0,0,1,0,1,1,0,0,,"{""metric"": ""f1"", ""multimodal"": ""image; arsl""}",2022-02-06T21:10:12,data\raw\ArSL\train\images\IMG_20210624_222237_jpg.rf.0dc704e3d813286f1f19ddaa586d6925.jpg,43367c8f6e556d72b95d47f71f26a5027bae734ebe7e0c436b6a3e7e53313b1b,19861
.jpg,IMG_20210624_222322_jpg.rf.2a204e4e405a0c1c7454f1576a5d122f.jpg,0,0,0,1,0,1,1,0,0,,"{""metric"": ""f1"", ""multimodal"": ""image; arsl""}",2022-02-06T21:10:12,data\raw\ArSL\train\images\IMG_20210624_222322_jpg.rf.2a204e4e405a0c1c7454f1576a5d122f.jpg,aaa80cdf67dd4f545f4bb0f195f6b9fc5292a53c78b5bbf724bf51fcea6afb19,18004
.jpg,IMG_20210624_222630_jpg.rf.d51ae9cf15ee6d51c9267c2cd41f0994.jpg,0,0,0,1,0,1,1,0,0,,"{""metric"": ""f1"", ""multimodal"": ""image; arsl""}",2022-02-06T21:10:12,data\raw\ArSL\train\images\IMG_20210624_222630_jpg.rf.d51ae9cf15ee6d51c9267c2cd41f0994.jpg,caedcb10b87feec0c59d0f2b1581a10ded44847f20fc4dfc6357f114a19b7f89,16162
.jpg,IMG_20210624_222638_jpg.rf.2f1cae5d6daeb6fe22133519ec6af424.jpg,0,0,0,1,0,1,1,0,0,,"{""metric"": ""f1"", ""multimodal"": ""image; arsl""}",2022-02-06T21:10:12,data\raw\ArSL\train\images\IMG_20210624_222638_jpg.rf.2f1cae5d6daeb6fe22133519ec6af424.jpg,1e9c779676c43ffa565e4db44222d2b30e17aa1ba5f3c9345ab1c24110e583fa,17597
.jpg,IMG_20210624_222713_jpg.rf.e9d5ceeff8b79df117d09b0fb17bd2cd.jpg,0,0,0,1,0,1,1,0,0,,"{""metric"": ""f1"", ""multimodal"": ""image; arsl""}",2022-02-06T21:10:12,data\raw\ArSL\train\images\IMG_20210624_222713_jpg.rf.e9d5ceeff8b79df117d09b0fb17bd2cd.jpg,aae76466d6ae2d2f2ffe83a36518a76c19451cb56599d97aedeff3a5b53e7728,23288
.jpg,IMG_20210624_222722_jpg.rf.2053af1d943ac8f0715d749bc158a75b.jpg,0,0,0,1,0,1,1,0,0,,"{""metric"": ""f1"", ""multimodal"": ""image; arsl""}",2022-02-06T21:10:12,data\raw\ArSL\train\images\IMG_20210624_222722_jpg.rf.2053af1d943ac8f0715d749bc158a75b.jpg,026a1d8dab9c231eb27f499d72bba9097f9318b802a616c4d71fa90eab1efa1f,30160
.jpg,IMG_20210624_222813_jpg.rf.47605787af10ce38c83fbbba55c519d9.jpg,0,0,0,1,0,1,1,0,0,,"{""metric"": ""f1"", ""multimodal"": ""image; arsl""}",2022-02-06T21:10:12,data\raw\ArSL\train\images\IMG_20210624_222813_jpg.rf.47605787af10ce38c83fbbba55c519d9.jpg,f9a9d29c798fe8c30e31ddb5f7d8c398a4e3322db158824d42f4d89d8354baad,24272
.jpg,IMG_20210624_222857_jpg.rf.36bc84b7f0b33ec94ba3c51767f1603a.jpg,0,0,0,1,0,1,1,0,0,,"{""metric"": ""f1"", ""multimodal"": ""image; arsl""}",2022-02-06T21:10:12,data\raw\ArSL\train\images\IMG_20210624_222857_jpg.rf.36bc84b7f0b33ec94ba3c51767f1603a.jpg,626620f6d1124534bf22ff9930ec980194eedd756878bb67da16cfc9247934a8,29589
.jpg,IMG_20210624_223119_jpg.rf.ca660125597dc3533ff1976b49b57f58.jpg,0,0,0,1,0,1,1,0,0,,"{""metric"": ""f1"", ""multimodal"": ""image; arsl""}",2022-02-06T21:10:12,data\raw\ArSL\train\images\IMG_20210624_223119_jpg.rf.ca660125597dc3533ff1976b49b57f58.jpg,49591a3f7318081d10a2fb4b796259fc76931a02702d2a1eca3d6598ac20ed3f,23991
.jpg,IMG_20210624_223346_jpg.rf.4caf0a998cb8c2f13793998ca61277a4.jpg,0,0,0,1,0,1,1,0,0,,"{""metric"": ""f1"", ""multimodal"": ""image; arsl""}",2022-02-06T21:10:12,data\raw\ArSL\train\images\IMG_20210624_223346_jpg.rf.4caf0a998cb8c2f13793998ca61277a4.jpg,9841229c7fda34eaeba5089b829210602418a7654f79003ce01516f8759815df,26259
.jpg,IMG_20210624_223402_jpg.rf.4121b09a36f13e959b6f1f8abf45f6ba.jpg,0,0,0,1,0,1,1,0,0,,"{""metric"": ""f1"", ""multimodal"": ""image; arsl""}",2022-02-06T21:10:12,data\raw\ArSL\train\images\IMG_20210624_223402_jpg.rf.4121b09a36f13e959b6f1f8abf45f6ba.jpg,7c452c1d29963bdc50db89ad7ed71eb519a7db8eab142aa0b890dafaea1646d4,28239
.jpg,IMG_20210624_224705_jpg.rf.f1cbdf1b3b8cd6e57a14d40233f19494.jpg,0,0,0,1,0,1,1,0,0,,"{""metric"": ""f1"", ""multimodal"": ""image; arsl""}",2022-02-06T21:10:12,data\raw\ArSL\train\images\IMG_20210624_224705_jpg.rf.f1cbdf1b3b8cd6e57a14d40233f19494.jpg,683491f08a84edc0faef408b536e39dcfb0c8d6d0afa2e123845044edbf576fd,20514
.jpg,IMG_20210624_224811_jpg.rf.16a21c50acdb6f191519c5b978795548.jpg,0,0,0,1,0,1,1,0,0,,"{""metric"": ""f1"", ""multimodal"": ""image; arsl""}",2022-02-06T21:10:12,data\raw\ArSL\train\images\IMG_20210624_224811_jpg.rf.16a21c50acdb6f191519c5b978795548.jpg,dbd36e2c6108659bd3ccf4942e23f2165da77d4eaa8467cd8890600b677f84df,27569
.jpg,IMG_20210624_224827_jpg.rf.36f11b10274ee40c375826c51089c541.jpg,0,0,0,1,0,1,1,0,0,,"{""metric"": ""f1"", ""multimodal"": ""image; arsl""}",2022-02-06T21:10:12,data\raw\ArSL\train\images\IMG_20210624_224827_jpg.rf.36f11b10274ee40c375826c51089c541.jpg,1a9590a687d74f891c4e8045868974c806e31484c8ed58b0e6209ad7dc96409a,24211
.jpg,IMG_20210624_224937_jpg.rf.0e6e0e4bfcc8f1c48eb3c11720b3db71.jpg,0,0,0,1,0,1,1,0,0,,"{""metric"": ""f1"", ""multimodal"": ""image; arsl""}",2022-02-06T21:10:12,data\raw\ArSL\train\images\IMG_20210624_224937_jpg.rf.0e6e0e4bfcc8f1c48eb3c11720b3db71.jpg,b3778e1095a70aa10fb5c50d14d31d6223b0fdc72f795611934bf10b9a552c95,27479
.jpg,IMG_20210624_225011_jpg.rf.a9be305591aac6289b0642f1f0e15be8.jpg,0,0,0,1,0,1,1,0,0,,"{""metric"": ""f1"", ""multimodal"": ""image; arsl""}",2022-02-06T21:10:12,data\raw\ArSL\train\images\IMG_20210624_225011_jpg.rf.a9be305591aac6289b0642f1f0e15be8.jpg,d2886596e695ef1eb64be63d4eb1bd870bdd558da39d4ae2a40b802ceb55b256,20673
.jpg,IMG_20210624_225024_jpg.rf.00bae3b709ea899348088dba9d3f1ee1.jpg,0,0,0,1,0,1,1,0,0,,"{""metric"": ""f1"", ""multimodal"": ""image; arsl""}",2022-02-06T21:10:12,data\raw\ArSL\train\images\IMG_20210624_225024_jpg.rf.00bae3b709ea899348088dba9d3f1ee1.jpg,6088ab7cce9a80248e56a8c85f15143eae19b989dc893cc219030b783f613e1e,18802
.jpg,IMG_20210624_225157_jpg.rf.4d3d17341b5f18a127f06e81ce2364c0.jpg,0,0,0,1,0,1,1,0,0,,"{""metric"": ""f1"", ""multimodal"": ""image; arsl""}",2022-02-06T21:10:12,data\raw\ArSL\train\images\IMG_20210624_225157_jpg.rf.4d3d17341b5f18a127f06e81ce2364c0.jpg,71dd312648a10d55b477303245b470436618223c7a4640663bdbf0f9e8fbbfba,20901
.jpg,IMG_20210624_225239_jpg.rf.4a0580a2afdf1d1d6a7d6fc40b5bd944.jpg,0,0,0,1,0,1,1,0,0,,"{""metric"": ""f1"", ""multimodal"": ""image; arsl""}",2022-02-06T21:10:12,data\raw\ArSL\train\images\IMG_20210624_225239_jpg.rf.4a0580a2afdf1d1d6a7d6fc40b5bd944.jpg,df2293061c4aaac9d2a4480e07581e62af7602b1780211f1d921f8b9e0d9eb75,17451
.jpg,IMG_20210624_225310_jpg.rf.6dd82050f7f1db45c73ea366223eb26f.jpg,0,0,0,1,0,1,1,0,0,,"{""metric"": ""f1"", ""multimodal"": ""image; arsl""}",2022-02-06T21:10:12,data\raw\ArSL\train\images\IMG_20210624_225310_jpg.rf.6dd82050f7f1db45c73ea366223eb26f.jpg,25789fcf2d1d3870cde3ecc1c283d8dec32f2692313de95e19890ae8d74b8a38,26254
.jpg,IMG_20210624_225321_jpg.rf.c8f2ffd4e68472f1a83647689ce06a68.jpg,0,0,0,1,0,1,1,0,0,,"{""metric"": ""f1"", ""multimodal"": ""image; arsl""}",2022-02-06T21:10:12,data\raw\ArSL\train\images\IMG_20210624_225321_jpg.rf.c8f2ffd4e68472f1a83647689ce06a68.jpg,d84f663216710283fe6889309adb357e6529481506dfd09d400089c170a26f4d,20993
.jpg,IMG_20210624_225611_jpg.rf.8dd6f1922754d3f91fd32edc40149fe1.jpg,0,0,0,1,0,1,1,0,0,,"{""metric"": ""f1"", ""multimodal"": ""image; arsl""}",2022-02-06T21:10:12,data\raw\ArSL\train\images\IMG_20210624_225611_jpg.rf.8dd6f1922754d3f91fd32edc40149fe1.jpg,0496c3e6d142614675f812971075a703c5d71dc3c6076425069618c82d79e393,21188
.jpg,IMG_20210624_225624_jpg.rf.b1ff1be18e1b202b9e74c88f11d733f2.jpg,0,0,0,1,0,1,1,0,0,,"{""metric"": ""f1"", ""multimodal"": ""image; arsl""}",2022-02-06T21:10:12,data\raw\ArSL\train\images\IMG_20210624_225624_jpg.rf.b1ff1be18e1b202b9e74c88f11d733f2.jpg,531801ef0284e7907efde2a1d9bf7e1f0b06b12422cc485b9c851acb649b6a10,15493
.jpg,IMG_20210624_225631_jpg.rf.62f18a6fe6114ae9e0ece67b1846e730.jpg,0,0,0,1,0,1,1,0,0,,"{""metric"": ""f1"", ""multimodal"": ""image; arsl""}",2022-02-06T21:10:12,data\raw\ArSL\train\images\IMG_20210624_225631_jpg.rf.62f18a6fe6114ae9e0ece67b1846e730.jpg,6f719b04f34d5b42210ecd604febab87d5022ec953ef84860d87a910c030f4e1,23236
.jpg,IMG_20210624_225648_jpg.rf.84752270fe9c686968cf1af8a6c3d38d.jpg,0,0,0,1,0,1,1,0,0,,"{""metric"": ""f1"", ""multimodal"": ""image; arsl""}",2022-02-06T21:10:12,data\raw\ArSL\train\images\IMG_20210624_225648_jpg.rf.84752270fe9c686968cf1af8a6c3d38d.jpg,93fbc321ead2c392b56fcecf4e5570af3952612b5415a0aea1398b116ff99e8d,33289
.jpg,IMG_20210624_225659_jpg.rf.9dc08cef207873f11de0f017873e9bc6.jpg,0,0,0,1,0,1,1,0,0,,"{""metric"": ""f1"", ""multimodal"": ""image; arsl""}",2022-02-06T21:10:12,data\raw\ArSL\train\images\IMG_20210624_225659_jpg.rf.9dc08cef207873f11de0f017873e9bc6.jpg,d626523292d252953d2683999bfffa2c921b47e4aa8001c34643d1d61f06751b,31460
.jpg,IMG_20210624_225748_jpg.rf.1a0409e48452aef78bc949874f0f199d.jpg,0,0,0,1,0,1,1,0,0,,"{""metric"": ""f1"", ""multimodal"": ""image; arsl""}",2022-02-06T21:10:12,data\raw\ArSL\train\images\IMG_20210624_225748_jpg.rf.1a0409e48452aef78bc949874f0f199d.jpg,6ea7d3271cd55bc7d899523e79c919fc893137b80e9f6813d348f528915cd5f3,14958
.jpg,IMG_20210624_225822_jpg.rf.0edce24d0e41b63cbf180336a64884dd.jpg,0,0,0,1,0,1,1,0,0,,"{""metric"": ""f1"", ""multimodal"": ""image; arsl""}",2022-02-06T21:10:12,data\raw\ArSL\train\images\IMG_20210624_225822_jpg.rf.0edce24d0e41b63cbf180336a64884dd.jpg,713a7363ec0d6e671b274c9d244684815749bfcb9e2e9d145cd95ad0c73ab2d8,18369
.jpg,IMG_20210624_230000_jpg.rf.cc2fa7870f837441055cfcdf152df0af.jpg,0,0,0,1,0,1,1,0,0,,"{""metric"": ""f1"", ""multimodal"": ""image; arsl""}",2022-02-06T21:10:12,data\raw\ArSL\train\images\IMG_20210624_230000_jpg.rf.cc2fa7870f837441055cfcdf152df0af.jpg,9585ada3dec07306f5c3f12f0fb4568b28f9c8aa4ed085f50d8e1c10cb57da01,20674
.jpg,IMG_20210624_230110_jpg.rf.33bdf4f81edca82c8451f82ab9f583f1.jpg,0,0,0,1,0,1,1,0,0,,"{""metric"": ""f1"", ""multimodal"": ""image; arsl""}",2022-02-06T21:10:12,data\raw\ArSL\train\images\IMG_20210624_230110_jpg.rf.33bdf4f81edca82c8451f82ab9f583f1.jpg,27cd5d249978425b558ea14cff9f5285edced9387c4e7d2f95a44397da761192,22486
.jpg,IMG_20210624_230140_jpg.rf.6ad92630b04bbaf670246f402f1729df.jpg,0,0,0,1,0,1,1,0,0,,"{""metric"": ""f1"", ""multimodal"": ""image; arsl""}",2022-02-06T21:10:12,data\raw\ArSL\train\images\IMG_20210624_230140_jpg.rf.6ad92630b04bbaf670246f402f1729df.jpg,441da741a03e0af25545084bb895bdccf8e7cd811025d0c9c03401814c5b9c25,20231
.jpg,IMG_20210624_230305_jpg.rf.4f42a3c81d03ad99a18f3891f1121b24.jpg,0,0,0,1,0,1,1,0,0,,"{""metric"": ""f1"", ""multimodal"": ""image; arsl""}",2022-02-06T21:10:12,data\raw\ArSL\train\images\IMG_20210624_230305_jpg.rf.4f42a3c81d03ad99a18f3891f1121b24.jpg,2ae44775e04a04cb9285ed6ddc5e89f8d377c9d704e51d5e8f528e4958a3dbd8,25108
.jpg,IMG_20210624_230324_jpg.rf.eb400950aa275c273eab60ed3f1f699c.jpg,0,0,0,1,0,1,1,0,0,,"{""metric"": ""f1"", ""multimodal"": ""image; arsl""}",2022-02-06T21:10:12,data\raw\ArSL\train\images\IMG_20210624_230324_jpg.rf.eb400950aa275c273eab60ed3f1f699c.jpg,9f9f7c01fa4a31f3037f822eb44d63c53b5d4ca7b5271ddd60ba6201cfe8931d,28686
.jpg,IMG_20210624_230335_jpg.rf.afd8511d4b12eae54c71479f18790ec1.jpg,0,0,0,1,0,1,1,0,0,,"{""metric"": ""f1"", ""multimodal"": ""image; arsl""}",2022-02-06T21:10:12,data\raw\ArSL\train\images\IMG_20210624_230335_jpg.rf.afd8511d4b12eae54c71479f18790ec1.jpg,b1c842d5475f9f33db000c43648b8359dd11e8cac2d906450e8e1eaae9861518,24897
.jpg,IMG_20210624_230429_jpg.rf.ef186467d1798d550c3a003303ae2d1e.jpg,0,0,0,1,0,1,1,0,0,,"{""metric"": ""f1"", ""multimodal"": ""image; arsl""}",2022-02-06T21:10:12,data\raw\ArSL\train\images\IMG_20210624_230429_jpg.rf.ef186467d1798d550c3a003303ae2d1e.jpg,391aa7be20f4aafb9671832842fdb25da1c26f6ef9bf65c6d83ebc2525e9b931,19856
.jpg,IMG_20210624_230713_jpg.rf.910c4912a8865dc45f1ce0ef47aa0199.jpg,0,0,0,1,0,1,1,0,0,,"{""metric"": ""f1"", ""multimodal"": ""image; arsl""}",2022-02-06T21:10:12,data\raw\ArSL\train\images\IMG_20210624_230713_jpg.rf.910c4912a8865dc45f1ce0ef47aa0199.jpg,2b4ff2044b6b6eca73f1964fef5106d24ad8b61f79e50f7f7e0eb58a35126dd3,16409
.jpg,IMG_20210624_230922_jpg.rf.51a71ef28f110fcb4f7a11b49796cb6b.jpg,0,0,0,1,0,1,1,0,0,,"{""metric"": ""f1"", ""multimodal"": ""image; arsl""}",2022-02-06T21:10:12,data\raw\ArSL\train\images\IMG_20210624_230922_jpg.rf.51a71ef28f110fcb4f7a11b49796cb6b.jpg,d80d24682ccd0f4cb7663b44a8aae8883e3b06457d0f60afa1b34b6f5e9370ee,22759
.jpg,IMG_20210624_231005_jpg.rf.d5651bf85ef7036acc5fa20ff15b50d1.jpg,0,0,0,1,0,1,1,0,0,,"{""metric"": ""f1"", ""multimodal"": ""image; arsl""}",2022-02-06T21:10:14,data\raw\ArSL\train\images\IMG_20210624_231005_jpg.rf.d5651bf85ef7036acc5fa20ff15b50d1.jpg,2eabfb0c42872a83ca21762c90cab5273006ea56532f224511c4df015054b5e1,20550
.jpg,IMG_20210624_231009_jpg.rf.4f12bf9f0cc623dda61f85ae0974adab.jpg,0,0,0,1,0,1,1,0,0,,"{""metric"": ""f1"", ""multimodal"": ""image; arsl""}",2022-02-06T21:10:14,data\raw\ArSL\train\images\IMG_20210624_231009_jpg.rf.4f12bf9f0cc623dda61f85ae0974adab.jpg,d84aa2690b4c398bc20771165a8d7d56514589fe1ba911f90e06a739d3d47cad,29226
.jpg,IMG_20210624_231050_jpg.rf.e5f4bf6d274c26f1feaa4738e5275fef.jpg,0,0,0,1,0,1,1,0,0,,"{""metric"": ""f1"", ""multimodal"": ""image; arsl""}",2022-02-06T21:10:14,data\raw\ArSL\train\images\IMG_20210624_231050_jpg.rf.e5f4bf6d274c26f1feaa4738e5275fef.jpg,b0e9aa7007bfd348ae3a722281125d9fb7f89b9a8d0d91ddb84fd1eb361383ed,21391
.jpg,IMG_20210624_231648_jpg.rf.9057c38c0e95a6142ba31f1ef1bc1b0e.jpg,0,0,0,1,0,1,1,0,0,,"{""metric"": ""f1"", ""multimodal"": ""image; arsl""}",2022-02-06T21:10:14,data\raw\ArSL\train\images\IMG_20210624_231648_jpg.rf.9057c38c0e95a6142ba31f1ef1bc1b0e.jpg,f0f09c4685d12417c516309ead9ba58fb89e49b7b0b8ac9383301d1dae73d5d4,23543
.jpg,IMG_20210624_231711_jpg.rf.957f12e5778060f76dc4232170a6d086.jpg,0,0,0,1,0,1,1,0,0,,"{""metric"": ""f1"", ""multimodal"": ""image; arsl""}",2022-02-06T21:10:14,data\raw\ArSL\train\images\IMG_20210624_231711_jpg.rf.957f12e5778060f76dc4232170a6d086.jpg,254bc45cbbc6d9b236d599ea4880ec0f98767489cd56ade3b397a61662ddab76,21660
.jpg,IMG_20210624_232105_jpg.rf.69046d12924f6bf131a74ba4b583ea1c.jpg,0,0,0,1,0,1,1,0,0,,"{""metric"": ""f1"", ""multimodal"": ""image; arsl""}",2022-02-06T21:10:14,data\raw\ArSL\train\images\IMG_20210624_232105_jpg.rf.69046d12924f6bf131a74ba4b583ea1c.jpg,4d41a5834035848be1fbe406f318b664ed4cb715a1006d0c96c8bbd09566a018,25699
.jpg,IMG_20210624_232121_jpg.rf.e617e9e43ed91001339f1a91915a8667.jpg,0,0,0,1,0,1,1,0,0,,"{""metric"": ""f1"", ""multimodal"": ""image; arsl""}",2022-02-06T21:10:14,data\raw\ArSL\train\images\IMG_20210624_232121_jpg.rf.e617e9e43ed91001339f1a91915a8667.jpg,f1808e82ee0cb3785d18405cf2cd6431f7a4d9bd056e185f4d8c42678ebc9916,24743
.jpg,IMG_20210624_232146_jpg.rf.4b10d6d6335dedc7fba1fbf13af56e2e.jpg,0,0,0,1,0,1,1,0,0,,"{""metric"": ""f1"", ""multimodal"": ""image; arsl""}",2022-02-06T21:10:14,data\raw\ArSL\train\images\IMG_20210624_232146_jpg.rf.4b10d6d6335dedc7fba1fbf13af56e2e.jpg,bd9043e2a090451d6bee9f6719ba4eb62cd2e11886eacca20a90e6afa634491b,23760
.jpg,IMG_20210624_232236_jpg.rf.b2426a676ec9ff1f1e45b16b693eda7a.jpg,0,0,0,1,0,1,1,0,0,,"{""metric"": ""f1"", ""multimodal"": ""image; arsl""}",2022-02-06T21:10:14,data\raw\ArSL\train\images\IMG_20210624_232236_jpg.rf.b2426a676ec9ff1f1e45b16b693eda7a.jpg,2d620f5e9932d065231eeedb97971103dccbe89840f2869516555382dc1a41d3,21421
.jpg,IMG_20210624_232300_jpg.rf.30a5fa674f2856b92bbb0f5f652f1397.jpg,0,0,0,1,0,1,1,0,0,,"{""metric"": ""f1"", ""multimodal"": ""image; arsl""}",2022-02-06T21:10:14,data\raw\ArSL\train\images\IMG_20210624_232300_jpg.rf.30a5fa674f2856b92bbb0f5f652f1397.jpg,e0c31f6cd0ae46f9b4aeeb58b85631076f105cd6d54176af8eb2ea7e7362ab96,24764
.jpg,IMG_20210624_232313_jpg.rf.d2dc6d1c0fc29fc93f8f10f0d4ca0185.jpg,0,0,0,1,0,1,1,0,0,,"{""metric"": ""f1"", ""multimodal"": ""image; arsl""}",2022-02-06T21:10:14,data\raw\ArSL\train\images\IMG_20210624_232313_jpg.rf.d2dc6d1c0fc29fc93f8f10f0d4ca0185.jpg,46af096122ba7c4b8fea6bf1f8bcfe605083f02da4e9b0430cd0b6039b907b87,24169
.jpg,IMG_20210624_232512_jpg.rf.248281b6b11c01901f669bded57fdff1.jpg,0,0,0,1,0,1,1,0,0,,"{""metric"": ""f1"", ""multimodal"": ""image; arsl""}",2022-02-06T21:10:14,data\raw\ArSL\train\images\IMG_20210624_232512_jpg.rf.248281b6b11c01901f669bded57fdff1.jpg,5d47fe76019dd046a4e46905103a3c56c585749d5f8de52bb4355a3e583ea2de,17239
.jpg,IMG_20210624_232622_jpg.rf.e6c091fe21c380e2a1e27caef5ef33f1.jpg,0,0,0,1,0,1,1,0,0,,"{""metric"": ""f1"", ""multimodal"": ""image; arsl""}",2022-02-06T21:10:14,data\raw\ArSL\train\images\IMG_20210624_232622_jpg.rf.e6c091fe21c380e2a1e27caef5ef33f1.jpg,32027f243db3ebdba27ea91b199de164d4cec77bfd9939265f1600a73d8136fc,28176
.jpg,IMG_20210624_232633_jpg.rf.17c39288c5f1463b609cfd043b3e1210.jpg,0,0,0,1,0,1,1,0,0,,"{""metric"": ""f1"", ""multimodal"": ""image; arsl""}",2022-02-06T21:10:14,data\raw\ArSL\train\images\IMG_20210624_232633_jpg.rf.17c39288c5f1463b609cfd043b3e1210.jpg,e0242d4845c10a5befaeca29520bd54adbcde19cbec6dd04011ff193a4c85fa4,27125
.jpg,IMG_20210624_232744_jpg.rf.d37ad8fdf10dd8c530b894d114e208b8.jpg,0,0,0,1,0,1,1,0,0,,"{""metric"": ""f1"", ""multimodal"": ""image; arsl""}",2022-02-06T21:10:14,data\raw\ArSL\train\images\IMG_20210624_232744_jpg.rf.d37ad8fdf10dd8c530b894d114e208b8.jpg,34656032544e35a204d90fa2b9c40d89f49946ae3b3b64f2fc27af1a60bf3645,16589
.jpg,IMG_20210624_233018_jpg.rf.31278284b2cb6c5f122286b36c087f73.jpg,0,0,0,1,0,1,1,0,0,,"{""metric"": ""f1"", ""multimodal"": ""image; arsl""}",2022-02-06T21:10:14,data\raw\ArSL\train\images\IMG_20210624_233018_jpg.rf.31278284b2cb6c5f122286b36c087f73.jpg,8e1ddf27aec77cbe6d8d8c9ac42fae4c06134dfeba6f979ea402460b4a64ce15,18842
.jpg,IMG_20210625_011154_jpg.rf.2f58683940d0433487fdf1b2b2f7b1f0.jpg,0,0,0,1,0,1,1,0,0,,"{""metric"": ""f1"", ""multimodal"": ""image; arsl""}",2022-02-06T21:10:14,data\raw\ArSL\train\images\IMG_20210625_011154_jpg.rf.2f58683940d0433487fdf1b2b2f7b1f0.jpg,f9f80c5fb3bb634a673d8a90bcdb95d80180afc4872318e6088f6e34f2d4f4ea,14983
.jpg,IMG_20210625_011214_jpg.rf.64e844fa35fa4ae8bc7f17656cef2948.jpg,0,0,0,1,0,1,1,0,0,,"{""metric"": ""f1"", ""multimodal"": ""image; arsl""}",2022-02-06T21:10:14,data\raw\ArSL\train\images\IMG_20210625_011214_jpg.rf.64e844fa35fa4ae8bc7f17656cef2948.jpg,1e53e272099a558598f844a943ea1fd1b8a9cb048bbc89665e521f926593f06d,17504
.jpg,IMG_20210625_011235_jpg.rf.c6beebf1ba9426f2bd0d481151b6ffdc.jpg,0,0,0,1,0,1,1,0,0,,"{""metric"": ""f1"", ""multimodal"": ""image; arsl""}",2022-02-06T21:10:14,data\raw\ArSL\train\images\IMG_20210625_011235_jpg.rf.c6beebf1ba9426f2bd0d481151b6ffdc.jpg,cba30377d7dcb293501485cff74758f4edbe12321133e7327b3bd14b21d30656,21023
.jpg,IMG_20210625_011239_jpg.rf.19ce77982d2939033fcfd3ecfeeedf14.jpg,0,0,0,1,0,1,1,0,0,,"{""metric"": ""f1"", ""multimodal"": ""image; arsl""}",2022-02-06T21:10:14,data\raw\ArSL\train\images\IMG_20210625_011239_jpg.rf.19ce77982d2939033fcfd3ecfeeedf14.jpg,f3aa2a6fd3f1abc8e13067d9ad0746c0d9c0a2d7ece456a406d9be39e990c754,21537
.jpg,IMG_20210625_011332_jpg.rf.1d163d30aa21236a6f199414ba5ac8c8.jpg,0,0,0,1,0,1,1,0,0,,"{""metric"": ""f1"", ""multimodal"": ""image; arsl""}",2022-02-06T21:10:14,data\raw\ArSL\train\images\IMG_20210625_011332_jpg.rf.1d163d30aa21236a6f199414ba5ac8c8.jpg,d846ff7fc8a89115a976578e1192ddb6924efd7ddcdb04c7398260ea8bf73a3f,22222
.jpg,IMG_20210625_011914_jpg.rf.f18ddbfd6f969aa750e53b2ad4e58a1f.jpg,0,0,0,1,0,1,1,0,0,,"{""metric"": ""f1"", ""multimodal"": ""image; arsl""}",2022-02-06T21:10:14,data\raw\ArSL\train\images\IMG_20210625_011914_jpg.rf.f18ddbfd6f969aa750e53b2ad4e58a1f.jpg,1d1fd475016e50294b4c732d8ff3db1d884b7d0820d85cf0b2edf85dd80a70f8,14283
.jpg,IMG_20210625_011953_jpg.rf.15c93582c5ef165acba4eccd32ee4b8a.jpg,0,0,0,1,0,1,1,0,0,,"{""metric"": ""f1"", ""multimodal"": ""image; arsl""}",2022-02-06T21:10:14,data\raw\ArSL\train\images\IMG_20210625_011953_jpg.rf.15c93582c5ef165acba4eccd32ee4b8a.jpg,bcc6af60f03a4a87f3cda5f2e2d6fc44b5eb4b55ba0a228ae54dd2685a661b8d,14177
.jpg,IMG_20210625_012005_jpg.rf.827a30f1a94e2fa7cdac6f2e86e3c81f.jpg,0,0,0,1,0,1,1,0,0,,"{""metric"": ""f1"", ""multimodal"": ""image; arsl""}",2022-02-06T21:10:14,data\raw\ArSL\train\images\IMG_20210625_012005_jpg.rf.827a30f1a94e2fa7cdac6f2e86e3c81f.jpg,34f4416514202007c0c85c52b33c0916640eb4eb7e974792be16dd7d0d31fad4,18820
.jpg,IMG_20210625_012058_jpg.rf.2ccbabcf2ada8ad769fb1fb9569259f1.jpg,0,0,0,1,0,1,1,0,0,,"{""metric"": ""f1"", ""multimodal"": ""image; arsl""}",2022-02-06T21:10:14,data\raw\ArSL\train\images\IMG_20210625_012058_jpg.rf.2ccbabcf2ada8ad769fb1fb9569259f1.jpg,42ed6135436b2277c760e61c3537a59b8af16fbf40d2bfe9ec5893f49fdccfb4,15207
.jpg,IMG_20210625_012126_jpg.rf.0ba807bb288c733a1f1ae1be5622744f.jpg,0,0,0,1,0,1,1,0,0,,"{""metric"": ""f1"", ""multimodal"": ""image; arsl""}",2022-02-06T21:10:14,data\raw\ArSL\train\images\IMG_20210625_012126_jpg.rf.0ba807bb288c733a1f1ae1be5622744f.jpg,87a5bb151fdb4e56fc96dd6e24253fc2f53c7aec4ce73860ce75fd1280a10a96,12423
.jpg,IMG_20210625_012131_jpg.rf.e940e8af13ce4246b08b2b960ee1f6b5.jpg,0,0,0,1,0,1,1,0,0,,"{""metric"": ""f1"", ""multimodal"": ""image; arsl""}",2022-02-06T21:10:14,data\raw\ArSL\train\images\IMG_20210625_012131_jpg.rf.e940e8af13ce4246b08b2b960ee1f6b5.jpg,492be1b76595bf6e5b68df761c3a8f7f9a2382e37ece115aefaa36ba6125f904,15080
.jpg,IMG_20210625_012756_jpg.rf.4e80974c37f12e505a8ab200fbf7cdeb.jpg,0,0,0,1,0,1,1,0,0,,"{""metric"": ""f1"", ""multimodal"": ""image; arsl""}",2022-02-06T21:10:14,data\raw\ArSL\train\images\IMG_20210625_012756_jpg.rf.4e80974c37f12e505a8ab200fbf7cdeb.jpg,3bff169f947c1a0b787ceca996d83a9ff755b5976b9f7544c0e722af9a5dafcc,20334
.jpg,IMG_20210625_013115_jpg.rf.9f13dedab3477fb5764c3c251a9d2a7b.jpg,0,0,0,1,0,1,1,0,0,,"{""metric"": ""f1"", ""multimodal"": ""image; arsl""}",2022-02-06T21:10:14,data\raw\ArSL\train\images\IMG_20210625_013115_jpg.rf.9f13dedab3477fb5764c3c251a9d2a7b.jpg,36badb308425e4197138a942e61890849f2c6647e853730fbc608e3e43e9152f,21707
.jpg,IMG_20210625_013445_jpg.rf.9f0bff11f96ae68275ce0879322e8459.jpg,0,0,0,1,0,1,1,0,0,,"{""metric"": ""f1"", ""multimodal"": ""image; arsl""}",2022-02-06T21:10:14,data\raw\ArSL\train\images\IMG_20210625_013445_jpg.rf.9f0bff11f96ae68275ce0879322e8459.jpg,3a68f59727d64ca57fb5c643e3ddbc7e01add61804bd891e04491f3900d29bea,14218
.jpg,IMG_20210625_013615_jpg.rf.eef3d516f1ea5004760637da69876d0b.jpg,0,0,0,1,0,1,1,0,0,,"{""metric"": ""f1"", ""multimodal"": ""image; arsl""}",2022-02-06T21:10:14,data\raw\ArSL\train\images\IMG_20210625_013615_jpg.rf.eef3d516f1ea5004760637da69876d0b.jpg,0d05e9200329f8045e1b768c3ea2fdbe926a5de22f3e86db8aa5484d291a7845,19296
.jpg,IMG_20210625_013637_jpg.rf.3ef06573ebbc709daab48ad08df1963d.jpg,0,0,0,1,0,1,1,0,0,,"{""metric"": ""f1"", ""multimodal"": ""image; arsl""}",2022-02-06T21:10:14,data\raw\ArSL\train\images\IMG_20210625_013637_jpg.rf.3ef06573ebbc709daab48ad08df1963d.jpg,c987da85b2941ec93e95b63b83b05d902e6cf71120c7d009a66992ab7c62e2ec,18937
.jpg,IMG_20210625_013743_jpg.rf.67f14c12670c26d0d81e60156cb758b8.jpg,0,0,0,1,0,1,1,0,0,,"{""metric"": ""f1"", ""multimodal"": ""image; arsl""}",2022-02-06T21:10:14,data\raw\ArSL\train\images\IMG_20210625_013743_jpg.rf.67f14c12670c26d0d81e60156cb758b8.jpg,b3f645fdf5c20d68f104b00902e53701036492e25ac932da25d22b5297084cde,28309
.jpg,IMG_20210625_023919_jpg.rf.cc29d88e5bd74029035c5d01ff1dd708.jpg,0,0,0,1,0,1,1,0,0,,"{""metric"": ""f1"", ""multimodal"": ""image; arsl""}",2022-02-06T21:10:14,data\raw\ArSL\train\images\IMG_20210625_023919_jpg.rf.cc29d88e5bd74029035c5d01ff1dd708.jpg,943b5fa7700386fba686bd89fd9d886588b9c0866d3e7c9c13023296acc5d29d,7859
.jpg,IMG_20210625_023924_jpg.rf.1cb3543f16bc505cbc130a933de713d7.jpg,0,0,0,1,0,1,1,0,0,,"{""metric"": ""f1"", ""multimodal"": ""image; arsl""}",2022-02-06T21:10:14,data\raw\ArSL\train\images\IMG_20210625_023924_jpg.rf.1cb3543f16bc505cbc130a933de713d7.jpg,ec410901dda4939c5ecfd3b2f06b398def40519097e100b4634523daf9e60d93,25876
.jpg,IMG_20210625_024011_jpg.rf.9df40b51b9c5b171ef45d292f1b6c641.jpg,0,0,0,1,0,1,1,0,0,,"{""metric"": ""f1"", ""multimodal"": ""image; arsl""}",2022-02-06T21:10:14,data\raw\ArSL\train\images\IMG_20210625_024011_jpg.rf.9df40b51b9c5b171ef45d292f1b6c641.jpg,d5010c8af5dc213f60bea27429d07a3530285b4782b17968587a0f0364a629c8,26924
.jpg,IMG_20210625_024033_jpg.rf.5da16f0dd32e3a6ab7294cfff1a9c9a8.jpg,0,0,0,1,0,1,1,0,0,,"{""metric"": ""f1"", ""multimodal"": ""image; arsl""}",2022-02-06T21:10:14,data\raw\ArSL\train\images\IMG_20210625_024033_jpg.rf.5da16f0dd32e3a6ab7294cfff1a9c9a8.jpg,da295b2a239390c85f0368ac575ee1a7e4731563b505e93e6ac94f035196f804,25681
.jpg,IMG_20210625_024138_jpg.rf.0ed40bc6c89052f1ca6f64f33303bbf9.jpg,0,0,0,1,0,1,1,0,0,,"{""metric"": ""f1"", ""multimodal"": ""image; arsl""}",2022-02-06T21:10:14,data\raw\ArSL\train\images\IMG_20210625_024138_jpg.rf.0ed40bc6c89052f1ca6f64f33303bbf9.jpg,f39ad5f469e602de9325f4f030d7dd85f44c46d43cf51366bb088975a327bc40,15736
.jpg,IMG_20210625_024740_jpg.rf.d2c3eb490c4f1badaa72d735ecfd79ca.jpg,0,0,0,1,0,1,1,0,0,,"{""metric"": ""f1"", ""multimodal"": ""image; arsl""}",2022-02-06T21:10:14,data\raw\ArSL\train\images\IMG_20210625_024740_jpg.rf.d2c3eb490c4f1badaa72d735ecfd79ca.jpg,aa4ff59643a59e3f1729611e090baed330e78885e6f71c5c8f032a151942affd,18532
.jpg,IMG_20210625_024918_jpg.rf.184009f17823d6133d69ca93d8bd2a41.jpg,0,0,0,1,0,1,1,0,0,,"{""metric"": ""f1"", ""multimodal"": ""image; arsl""}",2022-02-06T21:10:14,data\raw\ArSL\train\images\IMG_20210625_024918_jpg.rf.184009f17823d6133d69ca93d8bd2a41.jpg,a3a4fd5d53bff799b084f7171cbd0bc1c2739409e5ca757c6b10db933b3e0478,21384
.jpg,IMG_20210625_024955_jpg.rf.74f61a1a8b83e4fd6dd12c2a11cb42f1.jpg,0,0,0,1,0,1,1,0,0,,"{""metric"": ""f1"", ""multimodal"": ""image; arsl""}",2022-02-06T21:10:14,data\raw\ArSL\train\images\IMG_20210625_024955_jpg.rf.74f61a1a8b83e4fd6dd12c2a11cb42f1.jpg,88cc3c26d12eff227de4877a8307e6c65c1e7d208314673486d02e37809f4306,20801
.jpg,IMG_20210625_025016_jpg.rf.652b11c6f11fd411a763541fd7c35e88.jpg,0,0,0,1,0,1,1,0,0,,"{""metric"": ""f1"", ""multimodal"": ""image; arsl""}",2022-02-06T21:10:14,data\raw\ArSL\train\images\IMG_20210625_025016_jpg.rf.652b11c6f11fd411a763541fd7c35e88.jpg,1d2af9acfb9585dc229fa0e0a86b9add5d0b26dbc3700955444df1b8abe02ddc,29901
.jpg,IMG_20210625_025044_jpg.rf.ae69e177affaf1a6018213a9999f4521.jpg,0,0,0,1,0,1,1,0,0,,"{""metric"": ""f1"", ""multimodal"": ""image; arsl""}",2022-02-06T21:10:14,data\raw\ArSL\train\images\IMG_20210625_025044_jpg.rf.ae69e177affaf1a6018213a9999f4521.jpg,644323edaa2f3352b5b393d13f2e6e75b9c021abcf70eede06e06c75e979a980,21833
.jpg,IMG_20210625_025206_jpg.rf.a41cf1ee8149f2ab2267f9d9d86dd40d.jpg,0,0,0,1,0,1,1,0,0,,"{""metric"": ""f1"", ""multimodal"": ""image; arsl""}",2022-02-06T21:10:14,data\raw\ArSL\train\images\IMG_20210625_025206_jpg.rf.a41cf1ee8149f2ab2267f9d9d86dd40d.jpg,932ccfb29f785d21a10e16f4e39bde3cf1584201b071b9fe4ad95b8b725101f9,14211
.jpg,IMG_20210625_025208_jpg.rf.85abdf3888d012e1f4adf14b71905183.jpg,0,0,0,1,0,1,1,0,0,,"{""metric"": ""f1"", ""multimodal"": ""image; arsl""}",2022-02-06T21:10:14,data\raw\ArSL\train\images\IMG_20210625_025208_jpg.rf.85abdf3888d012e1f4adf14b71905183.jpg,bb4a3f444370c58e1f3ab8802801963782356b342ac06289e41be9a096514776,16331
.jpg,IMG_20210625_134228_jpg.rf.07440a2164119f1e528f9ffa80e673a9.jpg,0,0,0,1,0,1,1,0,0,,"{""metric"": ""f1"", ""multimodal"": ""image; arsl""}",2022-02-06T21:10:14,data\raw\ArSL\train\images\IMG_20210625_134228_jpg.rf.07440a2164119f1e528f9ffa80e673a9.jpg,3fc483abda1ecd905b4273dde3d3d4e1f4e13b63168e52b0778fad597daa13d2,28601
.jpg,IMG_20210625_134449_jpg.rf.216f121b136a21c69982ce752205d342.jpg,0,0,0,1,0,1,1,0,0,,"{""metric"": ""f1"", ""multimodal"": ""image; arsl""}",2022-02-06T21:10:14,data\raw\ArSL\train\images\IMG_20210625_134449_jpg.rf.216f121b136a21c69982ce752205d342.jpg,81e1eaa6adb26d1c4b870c47c462d96f19ae15b97d8693c8682a9c82bbbdd6af,26280
.jpg,IMG_20210625_134643_jpg.rf.8b9b96e96ee3f1ef029d8cdc9d8633a2.jpg,0,0,0,1,0,1,1,0,0,,"{""metric"": ""f1"", ""multimodal"": ""image; arsl""}",2022-02-06T21:10:14,data\raw\ArSL\train\images\IMG_20210625_134643_jpg.rf.8b9b96e96ee3f1ef029d8cdc9d8633a2.jpg,74be12e36a1b68d3c8689ae5639795801f6347fc5fa6316c077bd4ea368c20e6,11626
.jpg,IMG_20210625_134707_jpg.rf.49778dbcaf193e1e989c49f1f858c675.jpg,0,0,0,1,0,1,1,0,0,,"{""metric"": ""f1"", ""multimodal"": ""image; arsl""}",2022-02-06T21:10:14,data\raw\ArSL\train\images\IMG_20210625_134707_jpg.rf.49778dbcaf193e1e989c49f1f858c675.jpg,7bd0fcd0a22711d3e49b0d798ab60767525020a59d6589cf3c5b45471f477583,10096
.jpg,IMG_20210625_190231_jpg.rf.fbf1e28471f48d9b839648aeeb71df30.jpg,0,0,0,1,0,1,1,0,0,,"{""metric"": ""f1"", ""multimodal"": ""image; arsl""}",2022-02-06T21:10:14,data\raw\ArSL\train\images\IMG_20210625_190231_jpg.rf.fbf1e28471f48d9b839648aeeb71df30.jpg,eeaf1780827d6c1ae9d42873675486abb2c7b2a83e05718afc08114fcf42fded,20161
.jpg,IMG_20210625_190352_jpg.rf.6ef4499421d23e32a391f135ff9c256a.jpg,0,0,0,1,0,1,1,0,0,,"{""metric"": ""f1"", ""multimodal"": ""image; arsl""}",2022-02-06T21:10:14,data\raw\ArSL\train\images\IMG_20210625_190352_jpg.rf.6ef4499421d23e32a391f135ff9c256a.jpg,b8c8a001d7ed9d53c5ed05689b1bc4f9e2613ba2c2b6e574c57815b25c2fced5,19453
.jpg,IMG_20210625_190359_jpg.rf.5adb534bb65515f687f9f1d416c3d346.jpg,0,0,0,1,0,1,1,0,0,,"{""metric"": ""f1"", ""multimodal"": ""image; arsl""}",2022-02-06T21:10:14,data\raw\ArSL\train\images\IMG_20210625_190359_jpg.rf.5adb534bb65515f687f9f1d416c3d346.jpg,b883aa40055155535e940a01f64071aca162b7ee1bb1759bd2a0977ef5ca097c,19678
.jpg,IMG_20210625_190405_jpg.rf.25e1a0f19725e76eec240d6423e076a6.jpg,0,0,0,1,0,1,1,0,0,,"{""metric"": ""f1"", ""multimodal"": ""image; arsl""}",2022-02-06T21:10:14,data\raw\ArSL\train\images\IMG_20210625_190405_jpg.rf.25e1a0f19725e76eec240d6423e076a6.jpg,1b468e63f3ce7b3e787a7634aeaf2c0d6aafbbe8068c25aeb638e7d59644c216,27765
.jpg,IMG_20210625_190426_jpg.rf.0eebb6ec27df422ddeed7b46ff1642ec.jpg,0,0,0,1,0,1,1,0,0,,"{""metric"": ""f1"", ""multimodal"": ""image; arsl""}",2022-02-06T21:10:14,data\raw\ArSL\train\images\IMG_20210625_190426_jpg.rf.0eebb6ec27df422ddeed7b46ff1642ec.jpg,1c098aead7c7675da4bfbd17096aba5a95c3c59960343fa79b4bbd19951864fe,16307
.jpg,IMG_20210625_190538_jpg.rf.c6585f0c9e58635388b321f16c1a3e4d.jpg,0,0,0,1,0,1,1,0,0,,"{""metric"": ""f1"", ""multimodal"": ""image; arsl""}",2022-02-06T21:10:14,data\raw\ArSL\train\images\IMG_20210625_190538_jpg.rf.c6585f0c9e58635388b321f16c1a3e4d.jpg,3f0e390a3827dbedf11ef6b56829fe84f44f34ddaf172f6e9ae3ca67a6f0e5c4,17744
.jpg,IMG_20210625_190740_jpg.rf.fbefaab1ea6ce839fad44754f178de61.jpg,0,0,0,1,0,1,1,0,0,,"{""metric"": ""f1"", ""multimodal"": ""image; arsl""}",2022-02-06T21:10:14,data\raw\ArSL\train\images\IMG_20210625_190740_jpg.rf.fbefaab1ea6ce839fad44754f178de61.jpg,b67adb8c43f5ba6b0f5d61fbcaea4a59291768337413365dd4a5956b909ffc43,19462
.jpg,IMG_20210625_190954_jpg.rf.43217bf14cb34e092127760e9c212fbe.jpg,0,0,0,1,0,1,1,0,0,,"{""metric"": ""f1"", ""multimodal"": ""image; arsl""}",2022-02-06T21:10:14,data\raw\ArSL\train\images\IMG_20210625_190954_jpg.rf.43217bf14cb34e092127760e9c212fbe.jpg,da43b78fdc43518738a1e62d021f15e0bb6bd6ef3fa8f267ccb65290b492893f,25893
.jpg,IMG_20210625_191024_jpg.rf.47b1334f16084330bcfad2e15a9f4516.jpg,0,0,0,1,0,1,1,0,0,,"{""metric"": ""f1"", ""multimodal"": ""image; arsl""}",2022-02-06T21:10:14,data\raw\ArSL\train\images\IMG_20210625_191024_jpg.rf.47b1334f16084330bcfad2e15a9f4516.jpg,6d5c129d872b13f6976f9f716e0cb6fab6ba9d461ec4c1fffa8edeb9c2bce5ea,30372
.jpg,IMG_20210625_191043_jpg.rf.0cb198fdf1978f7769d8a6a38b0eb5a4.jpg,0,0,0,1,0,1,1,0,0,,"{""metric"": ""f1"", ""multimodal"": ""image; arsl""}",2022-02-06T21:10:14,data\raw\ArSL\train\images\IMG_20210625_191043_jpg.rf.0cb198fdf1978f7769d8a6a38b0eb5a4.jpg,9906eaf936262e65f47f634b19eeee807eacca3e68e5ae732296c4059946ff7e,21542
.jpg,IMG_20210625_191321_jpg.rf.0e02344f18bd934a223b9bd12409c072.jpg,0,0,0,1,0,1,1,0,0,,"{""metric"": ""f1"", ""multimodal"": ""image; arsl""}",2022-02-06T21:10:14,data\raw\ArSL\train\images\IMG_20210625_191321_jpg.rf.0e02344f18bd934a223b9bd12409c072.jpg,fff2ee0dc687c42814dffc6667839988e63a1c14d2bcb5db5f25ab2d3e54b31e,23156
.jpg,IMG_20210625_191354_jpg.rf.79ef8583f350c3e917adf1d79ad0a905.jpg,0,0,0,1,0,1,1,0,0,,"{""metric"": ""f1"", ""multimodal"": ""image; arsl""}",2022-02-06T21:10:14,data\raw\ArSL\train\images\IMG_20210625_191354_jpg.rf.79ef8583f350c3e917adf1d79ad0a905.jpg,97b61f8a5d37b6587591361b550e32a7bb3e4781a168fb355b08e6dfced02bce,17527
.jpg,IMG_20210625_191455_jpg.rf.9acf28a6a6c2739f43f1f1bb91b2c003.jpg,0,0,0,1,0,1,1,0,0,,"{""metric"": ""f1"", ""multimodal"": ""image; arsl""}",2022-02-06T21:10:14,data\raw\ArSL\train\images\IMG_20210625_191455_jpg.rf.9acf28a6a6c2739f43f1f1bb91b2c003.jpg,b081097dd92f4b5f4ba5650c5d17747ea2e2c7781ad6fe742c10b59466158304,26831
.jpg,IMG_20210625_191601_jpg.rf.df1fd95f2f2cd6befa2902b454d97bef.jpg,0,0,0,1,0,1,1,0,0,,"{""metric"": ""f1"", ""multimodal"": ""image; arsl""}",2022-02-06T21:10:14,data\raw\ArSL\train\images\IMG_20210625_191601_jpg.rf.df1fd95f2f2cd6befa2902b454d97bef.jpg,567be1910a3c575d422ae33210097924da8c0264db23ba33dbba3e6a86961890,25301
.jpg,IMG_20210625_191655_jpg.rf.cb550d2f131a0b1b59860a3b7ab1e01d.jpg,0,0,0,1,0,1,1,0,0,,"{""metric"": ""f1"", ""multimodal"": ""image; arsl""}",2022-02-06T21:10:14,data\raw\ArSL\train\images\IMG_20210625_191655_jpg.rf.cb550d2f131a0b1b59860a3b7ab1e01d.jpg,b4165ac3dce0c06d85c25946613954e42f598ce21a1cde787d2dff3261904eeb,25487
.jpg,IMG_20210625_191804_jpg.rf.5f19488eaadcb0ce7edcac8df7246353.jpg,0,0,0,1,0,1,1,0,0,,"{""metric"": ""f1"", ""multimodal"": ""image; arsl""}",2022-02-06T21:10:14,data\raw\ArSL\train\images\IMG_20210625_191804_jpg.rf.5f19488eaadcb0ce7edcac8df7246353.jpg,40fc714adc3c11c17e5385a3c80efea03bfb6c68063f1b324e4b30916d1bcb01,21197
.jpg,IMG_20210625_191928_jpg.rf.d2f3508f119d87bc8caea374668c21c5.jpg,0,0,0,1,0,1,1,0,0,,"{""metric"": ""f1"", ""multimodal"": ""image; arsl""}",2022-02-06T21:10:14,data\raw\ArSL\train\images\IMG_20210625_191928_jpg.rf.d2f3508f119d87bc8caea374668c21c5.jpg,201bfc4f25371171f4c717211a1e42551d6f6326fd78799804e8283acf2114d4,27467
.jpg,IMG_20210625_192017_jpg.rf.4cdab78431c069a0f1c98854b6dafad2.jpg,0,0,0,1,0,1,1,0,0,,"{""metric"": ""f1"", ""multimodal"": ""image; arsl""}",2022-02-06T21:10:14,data\raw\ArSL\train\images\IMG_20210625_192017_jpg.rf.4cdab78431c069a0f1c98854b6dafad2.jpg,73c502d6d30bfef0003843eda5e54403c620614f8a0562434d793f3de72b55e6,20615
.jpg,IMG_20210625_192126_jpg.rf.5c7cda48f16e59ffd1fbd961cef97f68.jpg,0,0,0,1,0,1,1,0,0,,"{""metric"": ""f1"", ""multimodal"": ""image; arsl""}",2022-02-06T21:10:14,data\raw\ArSL\train\images\IMG_20210625_192126_jpg.rf.5c7cda48f16e59ffd1fbd961cef97f68.jpg,18033eb3165db45baa3aaa4eee7f0b5c416922065ca43aac6ae381fa313fd498,18884
.jpg,IMG_20210625_192142_jpg.rf.7f18e4f5a4bb3279d9a008f5b486b1cf.jpg,0,0,0,1,0,1,1,0,0,,"{""metric"": ""f1"", ""multimodal"": ""image; arsl""}",2022-02-06T21:10:14,data\raw\ArSL\train\images\IMG_20210625_192142_jpg.rf.7f18e4f5a4bb3279d9a008f5b486b1cf.jpg,5a577efb2f749493a9aa20d40e0288838257ccbe3b0f54531ac0b56b30b77a23,22353
.jpg,IMG_20210625_192311_jpg.rf.7963da68657946be0ed73617c0f1a894.jpg,0,0,0,1,0,1,1,0,0,,"{""metric"": ""f1"", ""multimodal"": ""image; arsl""}",2022-02-06T21:10:14,data\raw\ArSL\train\images\IMG_20210625_192311_jpg.rf.7963da68657946be0ed73617c0f1a894.jpg,7f325d8ec91b99cc048bee746c777797fae9efa48f883b9bcb89c594c133aadc,23184
.jpg,IMG_20210625_192447_jpg.rf.5a6bf1703016b3a5b3ee4ca16698b956.jpg,0,0,0,1,0,1,1,0,0,,"{""metric"": ""f1"", ""multimodal"": ""image; arsl""}",2022-02-06T21:10:14,data\raw\ArSL\train\images\IMG_20210625_192447_jpg.rf.5a6bf1703016b3a5b3ee4ca16698b956.jpg,15d7141a3ed4f3a7ea3d3b1ae5e40dfb30ae3ac0113107d2045d7ed896b11887,14192
.jpg,IMG_20210625_192520_jpg.rf.ada749ba520f11c7c9597fd436ba58a9.jpg,0,0,0,1,0,1,1,0,0,,"{""metric"": ""f1"", ""multimodal"": ""image; arsl""}",2022-02-06T21:10:14,data\raw\ArSL\train\images\IMG_20210625_192520_jpg.rf.ada749ba520f11c7c9597fd436ba58a9.jpg,88f544e983379c546d66d777a0f04e0e39bb51331148864b02613a98b4bc80f5,28082
.jpg,IMG_20210625_192525_jpg.rf.c965ca0d05c4489cf1c6b81e0f392313.jpg,0,0,0,1,0,1,1,0,0,,"{""metric"": ""f1"", ""multimodal"": ""image; arsl""}",2022-02-06T21:10:14,data\raw\ArSL\train\images\IMG_20210625_192525_jpg.rf.c965ca0d05c4489cf1c6b81e0f392313.jpg,07e855667e7476d3e3fc46a08d0b2ba887213292ab6ea2d5fd349cffc70faf23,25616
.jpg,IMG_20210625_192628_jpg.rf.19d73ccc0addf17170bc7942cdf8e409.jpg,0,0,0,1,0,1,1,0,0,,"{""metric"": ""f1"", ""multimodal"": ""image; arsl""}",2022-02-06T21:10:14,data\raw\ArSL\train\images\IMG_20210625_192628_jpg.rf.19d73ccc0addf17170bc7942cdf8e409.jpg,20d915485a23953e3f581e7e65626a907b7002074421d451eecb5a7ff87c0560,17749
.jpg,IMG_20210625_192645_jpg.rf.1636f102d9ff285b98916ff332af2780.jpg,0,0,0,1,0,1,1,0,0,,"{""metric"": ""f1"", ""multimodal"": ""image; arsl""}",2022-02-06T21:10:14,data\raw\ArSL\train\images\IMG_20210625_192645_jpg.rf.1636f102d9ff285b98916ff332af2780.jpg,9207b78a1a922fee796311c417f64d79b91b4be1dbbb93e65cdadf7d0e063191,22842
.jpg,IMG_20210625_192654_jpg.rf.7aa53cb520202ca713f3223f58af13ef.jpg,0,0,0,1,0,1,1,0,0,,"{""metric"": ""f1"", ""multimodal"": ""image; arsl""}",2022-02-06T21:10:14,data\raw\ArSL\train\images\IMG_20210625_192654_jpg.rf.7aa53cb520202ca713f3223f58af13ef.jpg,13e6d0516ba176535b2ca44133fa0e5fe7fba93e125e87951cf0980c9e163fcb,16056
.jpg,IMG_20210625_192842_jpg.rf.fe4beef1e3b38f0132cb8c9ffa860218.jpg,0,0,0,1,0,1,1,0,0,,"{""metric"": ""f1"", ""multimodal"": ""image; arsl""}",2022-02-06T21:10:14,data\raw\ArSL\train\images\IMG_20210625_192842_jpg.rf.fe4beef1e3b38f0132cb8c9ffa860218.jpg,f223dbbdfd2416772632465d5417a442f38957e2f8e0ee8bf2c4f94515e41166,25886
.jpg,IMG_20210625_195328_jpg.rf.81c900460c7ae25366876f11390667a3.jpg,0,0,0,1,0,1,1,0,0,,"{""metric"": ""f1"", ""multimodal"": ""image; arsl""}",2022-02-06T21:10:16,data\raw\ArSL\train\images\IMG_20210625_195328_jpg.rf.81c900460c7ae25366876f11390667a3.jpg,8df00b5875cdc6a1026b15926807b1242e35ddaa972c72b750396bf412bb0b47,21420
.jpg,IMG_20210625_195439_jpg.rf.e35e89115a883df11b5e09fb8a60b92d.jpg,0,0,0,1,0,1,1,0,0,,"{""metric"": ""f1"", ""multimodal"": ""image; arsl""}",2022-02-06T21:10:16,data\raw\ArSL\train\images\IMG_20210625_195439_jpg.rf.e35e89115a883df11b5e09fb8a60b92d.jpg,3959c1d3e5c298e5b1ee267b2a985a1eeb2c091aef5b03ea15462364f664af26,25170
.jpg,IMG_20210625_195528_jpg.rf.2f1644891f3181a4fca800ce29fbad49.jpg,0,0,0,1,0,1,1,0,0,,"{""metric"": ""f1"", ""multimodal"": ""image; arsl""}",2022-02-06T21:10:16,data\raw\ArSL\train\images\IMG_20210625_195528_jpg.rf.2f1644891f3181a4fca800ce29fbad49.jpg,4c4c324b1840643918e81436758aad3c9b5aa192c1b6ab0a08e238c3dd06571c,20216
.jpg,IMG_20210625_195613_jpg.rf.6f15ad86d3b19ad2fe830f01bdc98008.jpg,0,0,0,1,0,1,1,0,0,,"{""metric"": ""f1"", ""multimodal"": ""image; arsl""}",2022-02-06T21:10:16,data\raw\ArSL\train\images\IMG_20210625_195613_jpg.rf.6f15ad86d3b19ad2fe830f01bdc98008.jpg,c4dff28c852b943a9a3f075049d457b832f98b2b50274ca320ca8d7a1f455bb6,30813
.jpg,IMG_20210625_195644_jpg.rf.2d2be4b0a50ce95a3da04b9f116bf95f.jpg,0,0,0,1,0,1,1,0,0,,"{""metric"": ""f1"", ""multimodal"": ""image; arsl""}",2022-02-06T21:10:16,data\raw\ArSL\train\images\IMG_20210625_195644_jpg.rf.2d2be4b0a50ce95a3da04b9f116bf95f.jpg,7985c7b816dfcc6f0cdaf908ddd8599ad1b3e10c191af6e636ba5dbdd23b978b,24528
.jpg,IMG_20210625_195655_jpg.rf.3bc092f1b37cb43b4473b04afffe635b.jpg,0,0,0,1,0,1,1,0,0,,"{""metric"": ""f1"", ""multimodal"": ""image; arsl""}",2022-02-06T21:10:16,data\raw\ArSL\train\images\IMG_20210625_195655_jpg.rf.3bc092f1b37cb43b4473b04afffe635b.jpg,367c7e0cf33bf77c8cc8c4faa08ce70c5532f230191ee9ffc39a95a4ab0c987b,31991
.jpg,IMG_20210625_195658_jpg.rf.be77d06757be618d5f1136397e6cd70a.jpg,0,0,0,1,0,1,1,0,0,,"{""metric"": ""f1"", ""multimodal"": ""image; arsl""}",2022-02-06T21:10:16,data\raw\ArSL\train\images\IMG_20210625_195658_jpg.rf.be77d06757be618d5f1136397e6cd70a.jpg,731a4cae43bed27b2c079e2e69049c5e1b770762baab3365c3487eb9120905dc,34116
.jpg,IMG_20210625_195857_jpg.rf.b8de75f1fd379345a8a8d6dad727be41.jpg,0,0,0,1,0,1,1,0,0,,"{""metric"": ""f1"", ""multimodal"": ""image; arsl""}",2022-02-06T21:10:16,data\raw\ArSL\train\images\IMG_20210625_195857_jpg.rf.b8de75f1fd379345a8a8d6dad727be41.jpg,e2dba17f1b38bf7529765489fd7537c0fd11360fa67c4b8cb9f71f6ecd9dfc5e,20953
.jpg,IMG_20210625_195903_jpg.rf.f1b3cc4e3f925f7c463a13abb232b0f7.jpg,0,0,0,1,0,1,1,0,0,,"{""metric"": ""f1"", ""multimodal"": ""image; arsl""}",2022-02-06T21:10:16,data\raw\ArSL\train\images\IMG_20210625_195903_jpg.rf.f1b3cc4e3f925f7c463a13abb232b0f7.jpg,543aa0ccbc08925dadd2fb04df487666c46c35fefc33ff555b3def7f8b348423,17048
.jpg,IMG_20210625_195910_jpg.rf.dd6ec6398c69ef13350b202ca67a9ef2.jpg,0,0,0,1,0,1,1,0,0,,"{""metric"": ""f1"", ""multimodal"": ""image; arsl""}",2022-02-06T21:10:16,data\raw\ArSL\train\images\IMG_20210625_195910_jpg.rf.dd6ec6398c69ef13350b202ca67a9ef2.jpg,6f439139d46e89dc4b4591db89b05ac824bcf21a9368570c671875bb865aab38,20650
.jpg,IMG_20210625_200017_jpg.rf.5a562575c610b6857fe90f1248e4c7f4.jpg,0,0,0,1,0,1,1,0,0,,"{""metric"": ""f1"", ""multimodal"": ""image; arsl""}",2022-02-06T21:10:16,data\raw\ArSL\train\images\IMG_20210625_200017_jpg.rf.5a562575c610b6857fe90f1248e4c7f4.jpg,61e8f98a3329643c34a0293dd7a7da3b9bb0665461cfb6276e2a00d1a724c16f,14881
.jpg,IMG_20210625_200524_jpg.rf.039da333fbf4c98f162b95672636b97c.jpg,0,0,0,1,0,1,1,0,0,,"{""metric"": ""f1"", ""multimodal"": ""image; arsl""}",2022-02-06T21:10:16,data\raw\ArSL\train\images\IMG_20210625_200524_jpg.rf.039da333fbf4c98f162b95672636b97c.jpg,93a439b8d8cdf8c80c85dae4fb0f95710cbc0b5db15f8ec9a7cd502d322c720d,19956
.jpg,IMG_20210625_200558_jpg.rf.fedd57a7f14943b653dec52cc42417e3.jpg,0,0,0,1,0,1,1,0,0,,"{""metric"": ""f1"", ""multimodal"": ""image; arsl""}",2022-02-06T21:10:16,data\raw\ArSL\train\images\IMG_20210625_200558_jpg.rf.fedd57a7f14943b653dec52cc42417e3.jpg,a5e1998eb4053b92a56039d83a5ac75ce73ad6bc69338cde59185b9891d597f4,16240
.jpg,IMG_20210625_201659_jpg.rf.d9eabc3d9355d7ebfe3d9f17fa44ae0b.jpg,0,0,0,1,0,1,1,0,0,,"{""metric"": ""f1"", ""multimodal"": ""image; arsl""}",2022-02-06T21:10:16,data\raw\ArSL\train\images\IMG_20210625_201659_jpg.rf.d9eabc3d9355d7ebfe3d9f17fa44ae0b.jpg,e950dec64cd77861f078e42cacbd877dcd1fa080c29f475524fbb04e654632db,27357
.jpg,IMG_20210625_201755_jpg.rf.99914cf13622f99dbd162331d3d7001b.jpg,0,0,0,1,0,1,1,0,0,,"{""metric"": ""f1"", ""multimodal"": ""image; arsl""}",2022-02-06T21:10:16,data\raw\ArSL\train\images\IMG_20210625_201755_jpg.rf.99914cf13622f99dbd162331d3d7001b.jpg,d85360be006b2dc92a7fb7f4cabd9370ad5a9ba9e6cc5f9fdda140b04e182bfd,13872
.jpg,IMG_20210625_201826_jpg.rf.6d13f01f11a7f5df9c188176b4e297e2.jpg,0,0,0,1,0,1,1,0,0,,"{""metric"": ""f1"", ""multimodal"": ""image; arsl""}",2022-02-06T21:10:16,data\raw\ArSL\train\images\IMG_20210625_201826_jpg.rf.6d13f01f11a7f5df9c188176b4e297e2.jpg,6423533f08e725ee843d657009d3d2e305ca1a050d1bc98f640cab90337c7a53,22203
.jpg,IMG_20210625_201944_jpg.rf.52f66f16df94da446e3d4ac67cadfad2.jpg,0,0,0,1,0,1,1,0,0,,"{""metric"": ""f1"", ""multimodal"": ""image; arsl""}",2022-02-06T21:10:16,data\raw\ArSL\train\images\IMG_20210625_201944_jpg.rf.52f66f16df94da446e3d4ac67cadfad2.jpg,9facfe867fa1066d35c91f6a7b906175ec6d5eac38fceefbfd3d2d4decbec46e,16113
.jpg,IMG_20210625_202125_jpg.rf.7a5797e02c3873d11df174cd0b17f74a.jpg,0,0,0,1,0,1,1,0,0,,"{""metric"": ""f1"", ""multimodal"": ""image; arsl""}",2022-02-06T21:10:16,data\raw\ArSL\train\images\IMG_20210625_202125_jpg.rf.7a5797e02c3873d11df174cd0b17f74a.jpg,48a5bc28aaab097e2ffed8bde87015ec1781226aafa4781bfeb84061fe58c713,18036
.jpg,IMG_20210625_202139_jpg.rf.cb4d9da4cf1e29e0a8c6d7d75cd83f19.jpg,0,0,0,1,0,1,1,0,0,,"{""metric"": ""f1"", ""multimodal"": ""image; arsl""}",2022-02-06T21:10:16,data\raw\ArSL\train\images\IMG_20210625_202139_jpg.rf.cb4d9da4cf1e29e0a8c6d7d75cd83f19.jpg,30af00b25fe6ed32085707313701411b96deeb12cf218a87f789147a405a14df,14991
.jpg,IMG_20210625_202153_jpg.rf.7d751499d9d173443a7c34f176f98a95.jpg,0,0,0,1,0,1,1,0,0,,"{""metric"": ""f1"", ""multimodal"": ""image; arsl""}",2022-02-06T21:10:16,data\raw\ArSL\train\images\IMG_20210625_202153_jpg.rf.7d751499d9d173443a7c34f176f98a95.jpg,5d9700ed83b2f6696b9841ae2b50a4cf6a09b45e392d250aa4d96d40baefe471,21792
.jpg,IMG_20210625_202407_jpg.rf.f57dc1247ddcf246417f1d78cd83f478.jpg,0,0,0,1,0,1,1,0,0,,"{""metric"": ""f1"", ""multimodal"": ""image; arsl""}",2022-02-06T21:10:16,data\raw\ArSL\train\images\IMG_20210625_202407_jpg.rf.f57dc1247ddcf246417f1d78cd83f478.jpg,2fd0d8aad5d703fae3712b6291370e9264705c799dae94d41d3f7890b0f56c72,19444
.jpg,IMG_20210625_202411_jpg.rf.97956df1dfd0844436660382548ca898.jpg,0,0,0,1,0,1,1,0,0,,"{""metric"": ""f1"", ""multimodal"": ""image; arsl""}",2022-02-06T21:10:16,data\raw\ArSL\train\images\IMG_20210625_202411_jpg.rf.97956df1dfd0844436660382548ca898.jpg,b953b47bc7b035169fd666e3f091bebaeb60af27ec28c78db071edd02f6db855,16811
.jpg,IMG_20210625_202543_jpg.rf.d7de0ff1a26db38c5c852bde136047d1.jpg,0,0,0,1,0,1,1,0,0,,"{""metric"": ""f1"", ""multimodal"": ""image; arsl""}",2022-02-06T21:10:16,data\raw\ArSL\train\images\IMG_20210625_202543_jpg.rf.d7de0ff1a26db38c5c852bde136047d1.jpg,60212af07ea6d8540c195aa82fed8d32e02bed8202ce8829c75c646802298838,22390
.jpg,IMG_20210625_202957_jpg.rf.845fb2053e512f2cc8a35092a6f1fc02.jpg,0,0,0,1,0,1,1,0,0,,"{""metric"": ""f1"", ""multimodal"": ""image; arsl""}",2022-02-06T21:10:16,data\raw\ArSL\train\images\IMG_20210625_202957_jpg.rf.845fb2053e512f2cc8a35092a6f1fc02.jpg,e1682f9c062a5233530a3ef56cf1cc40e4c53e57dfb07df1fa8edad8f1ab29ed,33865
.jpg,IMG_20210625_204040_jpg.rf.4adb2d4e5ec1283f115265ed224bc358.jpg,0,0,0,1,0,1,1,0,0,,"{""metric"": ""f1"", ""multimodal"": ""image; arsl""}",2022-02-06T21:10:16,data\raw\ArSL\train\images\IMG_20210625_204040_jpg.rf.4adb2d4e5ec1283f115265ed224bc358.jpg,2c5997e199942ecf9dfb3940f7117769e012f039d8e0fd1621a3da9e3d70254d,24752
.jpg,IMG_20210625_204303_jpg.rf.0ba0241e7ec7dffb36ef1b4f9d0b2ae9.jpg,0,0,0,1,0,1,1,0,0,,"{""metric"": ""f1"", ""multimodal"": ""image; arsl""}",2022-02-06T21:10:16,data\raw\ArSL\train\images\IMG_20210625_204303_jpg.rf.0ba0241e7ec7dffb36ef1b4f9d0b2ae9.jpg,bd0bec38d9681c99c2e31007291b1a318ee08977d6e8feadff4b9e4fa12d326f,23626
.jpg,IMG_20210625_204437_jpg.rf.621c4a857a8aaa3f6ff4823c8f1f20c4.jpg,0,0,0,1,0,1,1,0,0,,"{""metric"": ""f1"", ""multimodal"": ""image; arsl""}",2022-02-06T21:10:16,data\raw\ArSL\train\images\IMG_20210625_204437_jpg.rf.621c4a857a8aaa3f6ff4823c8f1f20c4.jpg,9d2d71950267f593a9150190f6b3adc0285c193ae5939e4bc1156b65242bacd7,24679
.jpg,IMG_20210625_204529_jpg.rf.1d631df969ba5f2f16acbd118121421b.jpg,0,0,0,1,0,1,1,0,0,,"{""metric"": ""f1"", ""multimodal"": ""image; arsl""}",2022-02-06T21:10:16,data\raw\ArSL\train\images\IMG_20210625_204529_jpg.rf.1d631df969ba5f2f16acbd118121421b.jpg,701c43b72ab4183d9d23bc8bce75f435e078585a29ba28e517d7a7b49c89735b,19731
.jpg,IMG_20210625_204536_jpg.rf.b75ee7f13565b52206633dc390d507a5.jpg,0,0,0,1,0,1,1,0,0,,"{""metric"": ""f1"", ""multimodal"": ""image; arsl""}",2022-02-06T21:10:16,data\raw\ArSL\train\images\IMG_20210625_204536_jpg.rf.b75ee7f13565b52206633dc390d507a5.jpg,a81d4b2716e9ebc5ae8c41344b4a5f3a3641937cacabc311f7bfb5f540f7f507,21600
.jpg,IMG_20210625_204744_jpg.rf.d187b2923827f8cb018f190c3d4735b2.jpg,0,0,0,1,0,1,1,0,0,,"{""metric"": ""f1"", ""multimodal"": ""image; arsl""}",2022-02-06T21:10:16,data\raw\ArSL\train\images\IMG_20210625_204744_jpg.rf.d187b2923827f8cb018f190c3d4735b2.jpg,ac9936344848bee0e097ea8ebf9c4c67441d7460babbbc3ad3b5afefab5b6c46,21740
.jpg,IMG_20210625_204830_jpg.rf.6fbeb47f4908fcfb09bc9e06f1cf2ef7.jpg,0,0,0,1,0,1,1,0,0,,"{""metric"": ""f1"", ""multimodal"": ""image; arsl""}",2022-02-06T21:10:16,data\raw\ArSL\train\images\IMG_20210625_204830_jpg.rf.6fbeb47f4908fcfb09bc9e06f1cf2ef7.jpg,5ae1e6bd898f9e03f60f812f2ba3df00a3fdfc4c36db4c63af2e676e4acf0220,15097
.jpg,IMG_20210625_205142_jpg.rf.9e96f3873bf7c85c4995c4c575cf1efd.jpg,0,0,0,1,0,1,1,0,0,,"{""metric"": ""f1"", ""multimodal"": ""image; arsl""}",2022-02-06T21:10:16,data\raw\ArSL\train\images\IMG_20210625_205142_jpg.rf.9e96f3873bf7c85c4995c4c575cf1efd.jpg,f55355a93a9754e47d7747da12996244140381650c53fab4c07f1bf281db5a60,21809
.jpg,IMG_20210625_205228_jpg.rf.d994f1f2e34a0d89d4f417f542bf38c1.jpg,0,0,0,1,0,1,1,0,0,,"{""metric"": ""f1"", ""multimodal"": ""image; arsl""}",2022-02-06T21:10:16,data\raw\ArSL\train\images\IMG_20210625_205228_jpg.rf.d994f1f2e34a0d89d4f417f542bf38c1.jpg,b72b3a8b77b33b2ac9d65eca87b0dd4399201454f352c08ddfd5d6a83790aa2a,28456
.jpg,IMG_20210625_205427_jpg.rf.042cec6e6e0bf1080642a33f2d79c849.jpg,0,0,0,1,0,1,1,0,0,,"{""metric"": ""f1"", ""multimodal"": ""image; arsl""}",2022-02-06T21:10:16,data\raw\ArSL\train\images\IMG_20210625_205427_jpg.rf.042cec6e6e0bf1080642a33f2d79c849.jpg,ab48652381330300fff0224a27fd31f7dbbf951c83e91a5ae8c349159ce4f6ab,24136
.jpg,IMG_20210625_210855_jpg.rf.84f64aea38f6991f4ab88bbf1ddd567c.jpg,0,0,0,1,0,1,1,0,0,,"{""metric"": ""f1"", ""multimodal"": ""image; arsl""}",2022-02-06T21:10:16,data\raw\ArSL\train\images\IMG_20210625_210855_jpg.rf.84f64aea38f6991f4ab88bbf1ddd567c.jpg,719f978756f79c1de58da2533506f390be88b56343ae32acf8b8f146e1a4eea7,19964
.jpg,IMG_20210625_210945_jpg.rf.0f429e14bb3ebadf14507102aa046319.jpg,0,0,0,1,0,1,1,0,0,,"{""metric"": ""f1"", ""multimodal"": ""image; arsl""}",2022-02-06T21:10:16,data\raw\ArSL\train\images\IMG_20210625_210945_jpg.rf.0f429e14bb3ebadf14507102aa046319.jpg,c77aa61bcb3c4c2381561ee367ab0e76f57dd8fb0ee5494270a438b5e168554e,21862
.jpg,IMG_20210625_211116_jpg.rf.d7f14d651a4595fe5b5082cd5caec8cb.jpg,0,0,0,1,0,1,1,0,0,,"{""metric"": ""f1"", ""multimodal"": ""image; arsl""}",2022-02-06T21:10:16,data\raw\ArSL\train\images\IMG_20210625_211116_jpg.rf.d7f14d651a4595fe5b5082cd5caec8cb.jpg,27a78112d7e16cf9162feac43b190a57dc7b930cc0ca4847555b3a752bdbf702,18139
.jpg,IMG_20210625_211121_jpg.rf.0ce8c91a40b2fcbf1c662f7f8d7edcc9.jpg,0,0,0,1,0,1,1,0,0,,"{""metric"": ""f1"", ""multimodal"": ""image; arsl""}",2022-02-06T21:10:16,data\raw\ArSL\train\images\IMG_20210625_211121_jpg.rf.0ce8c91a40b2fcbf1c662f7f8d7edcc9.jpg,46b769f950c799ea0a5e363eb0151f232628fdc385280a9cbfabea049c5bc04f,16823
.jpg,IMG_20210625_211145_jpg.rf.c318d35c7df1017aa950dbc403a14535.jpg,0,0,0,1,0,1,1,0,0,,"{""metric"": ""f1"", ""multimodal"": ""image; arsl""}",2022-02-06T21:10:16,data\raw\ArSL\train\images\IMG_20210625_211145_jpg.rf.c318d35c7df1017aa950dbc403a14535.jpg,e95fa05f650e9fbcb735cfea49e772316e4e9edc4d4821317144f4c5ddec50a0,18619
.jpg,IMG_20210625_211357_jpg.rf.ab2644bff1c200603bd0fc2fb2be829f.jpg,0,0,0,1,0,1,1,0,0,,"{""metric"": ""f1"", ""multimodal"": ""image; arsl""}",2022-02-06T21:10:16,data\raw\ArSL\train\images\IMG_20210625_211357_jpg.rf.ab2644bff1c200603bd0fc2fb2be829f.jpg,d3dee8f2a19f9139cd0841f3cf052c099b8f4eabe0c1f36c2a2ec366c2bf036c,33513
.jpg,IMG_20210625_211511_jpg.rf.9de7c088119bf1005e42f5f7e9c907d6.jpg,0,0,0,1,0,1,1,0,0,,"{""metric"": ""f1"", ""multimodal"": ""image; arsl""}",2022-02-06T21:10:16,data\raw\ArSL\train\images\IMG_20210625_211511_jpg.rf.9de7c088119bf1005e42f5f7e9c907d6.jpg,be566c95b0dd240c5ce45f9770daae401a012173147cd82ef0e680a8b89aa2fe,20036
.jpg,IMG_20210625_211521_jpg.rf.037611f9c03da622b743578fcf1383f8.jpg,0,0,0,1,0,1,1,0,0,,"{""metric"": ""f1"", ""multimodal"": ""image; arsl""}",2022-02-06T21:10:16,data\raw\ArSL\train\images\IMG_20210625_211521_jpg.rf.037611f9c03da622b743578fcf1383f8.jpg,8fdb36702f088fecf0ddba06eec13c09f708e945f4f950628cb53f7b129d6f07,15174
.jpg,IMG_20210625_211524_jpg.rf.476d89518cf6f1fdecca015d468db395.jpg,0,0,0,1,0,1,1,0,0,,"{""metric"": ""f1"", ""multimodal"": ""image; arsl""}",2022-02-06T21:10:16,data\raw\ArSL\train\images\IMG_20210625_211524_jpg.rf.476d89518cf6f1fdecca015d468db395.jpg,154aaf5c5ea37fe4fb875087de9a642a19bb8c8a22bea0348a3ea404c5246c4f,21588
.jpg,IMG_20210625_211535_jpg.rf.88ac0e127a5626b0f140f0ba70dfab98.jpg,0,0,0,1,0,1,1,0,0,,"{""metric"": ""f1"", ""multimodal"": ""image; arsl""}",2022-02-06T21:10:16,data\raw\ArSL\train\images\IMG_20210625_211535_jpg.rf.88ac0e127a5626b0f140f0ba70dfab98.jpg,59aeeb8b5320debf9c070e0a3eb70139b53f6582dc7806ec70318b1b50446e07,27956
.jpg,IMG_20210625_211548_jpg.rf.5ac5a494dafa385fff1def7d85873494.jpg,0,0,0,1,0,1,1,0,0,,"{""metric"": ""f1"", ""multimodal"": ""image; arsl""}",2022-02-06T21:10:16,data\raw\ArSL\train\images\IMG_20210625_211548_jpg.rf.5ac5a494dafa385fff1def7d85873494.jpg,7b74c793f8ae0d281339efcee9d73cfa97f8a1e431c0a73387d927fd06c6e0d7,22392
.jpg,IMG_20210625_211607_jpg.rf.50d84bd10d7abc63d4f26f1c508ffe01.jpg,0,0,0,1,0,1,1,0,0,,"{""metric"": ""f1"", ""multimodal"": ""image; arsl""}",2022-02-06T21:10:16,data\raw\ArSL\train\images\IMG_20210625_211607_jpg.rf.50d84bd10d7abc63d4f26f1c508ffe01.jpg,922aed7bc45e0ee73398fd5c5287229cc5f296a78878441ee03bcc9d2038a891,21791
.jpg,IMG_20210625_211650_jpg.rf.41e32015f306c927b24f1d1357e8c02e.jpg,0,0,0,1,0,1,1,0,0,,"{""metric"": ""f1"", ""multimodal"": ""image; arsl""}",2022-02-06T21:10:16,data\raw\ArSL\train\images\IMG_20210625_211650_jpg.rf.41e32015f306c927b24f1d1357e8c02e.jpg,f523d9f68fd580c1a506d24ea70b44c0ec560f4768d29d7d859242a48b32fc62,24411
.jpg,IMG_20210625_211837_jpg.rf.1d9d22e310d5c933c5b6f14e1c3b15b6.jpg,0,0,0,1,0,1,1,0,0,,"{""metric"": ""f1"", ""multimodal"": ""image; arsl""}",2022-02-06T21:10:16,data\raw\ArSL\train\images\IMG_20210625_211837_jpg.rf.1d9d22e310d5c933c5b6f14e1c3b15b6.jpg,be8e7ca4ad82a09973f40187fe77683191802ebfbab8d970eed765cc471c1cdf,24466
.jpg,IMG_20210625_223926_jpg.rf.5e9651932f591e24efc6ff1d268074b6.jpg,0,0,0,1,0,1,1,0,0,,"{""metric"": ""f1"", ""multimodal"": ""image; arsl""}",2022-02-06T21:10:16,data\raw\ArSL\train\images\IMG_20210625_223926_jpg.rf.5e9651932f591e24efc6ff1d268074b6.jpg,1043d19e506c172f0db65aa386aca43948f72a92e0dd22d12b54f0c3f95788ee,31796
.jpg,IMG_20210625_223939_jpg.rf.35830a03633eaf6f19c252dc86242f73.jpg,0,0,0,1,0,1,1,0,0,,"{""metric"": ""f1"", ""multimodal"": ""image; arsl""}",2022-02-06T21:10:16,data\raw\ArSL\train\images\IMG_20210625_223939_jpg.rf.35830a03633eaf6f19c252dc86242f73.jpg,f8d0d8fb6b28aa52eed2033d604f491c6015805f371f3de8ddcb4a6ca660e647,23002
.jpg,IMG_20210625_224004_jpg.rf.59cfeb7cf45f896a896055af1c72122e.jpg,0,0,0,1,0,1,1,0,0,,"{""metric"": ""f1"", ""multimodal"": ""image; arsl""}",2022-02-06T21:10:16,data\raw\ArSL\train\images\IMG_20210625_224004_jpg.rf.59cfeb7cf45f896a896055af1c72122e.jpg,884fb71a7c12d3994f9b150ea0206861a10ddf804a25bc7e5e6e07e6e2c482b8,20109
.jpg,IMG_20210625_224013_jpg.rf.6bd686237ea3c749444f1cfce87fb975.jpg,0,0,0,1,0,1,1,0,0,,"{""metric"": ""f1"", ""multimodal"": ""image; arsl""}",2022-02-06T21:10:16,data\raw\ArSL\train\images\IMG_20210625_224013_jpg.rf.6bd686237ea3c749444f1cfce87fb975.jpg,833cafc17d4b745ba46852d730ba47f8230627638b20170304139907acb1d38b,33268
.jpg,IMG_20210625_224029_jpg.rf.da48f136319548e5144a290746a93e39.jpg,0,0,0,1,0,1,1,0,0,,"{""metric"": ""f1"", ""multimodal"": ""image; arsl""}",2022-02-06T21:10:16,data\raw\ArSL\train\images\IMG_20210625_224029_jpg.rf.da48f136319548e5144a290746a93e39.jpg,2820e5811cb8648b12c93ceef6be582c76bbb1528b4fe2db3a00756ad52bb444,20303
.jpg,IMG_20210625_224223_jpg.rf.32ba1393c4f14cd8c85398a7c6f94e91.jpg,0,0,0,1,0,1,1,0,0,,"{""metric"": ""f1"", ""multimodal"": ""image; arsl""}",2022-02-06T21:10:16,data\raw\ArSL\train\images\IMG_20210625_224223_jpg.rf.32ba1393c4f14cd8c85398a7c6f94e91.jpg,427aeb3bbe447c43fbe80db585778eef0011ccc3a8c713ddf6097d6836225f08,34601
.jpg,IMG_20210625_224225_jpg.rf.0f1272523ef57fdefb3fa23be8fc64cb.jpg,0,0,0,1,0,1,1,0,0,,"{""metric"": ""f1"", ""multimodal"": ""image; arsl""}",2022-02-06T21:10:16,data\raw\ArSL\train\images\IMG_20210625_224225_jpg.rf.0f1272523ef57fdefb3fa23be8fc64cb.jpg,94a4817c7706be2531284c9b723cfc5d37395815a8bf824f06f7c6832fcc9da3,28798
.jpg,IMG_20210625_224350_jpg.rf.425e72eaec4a15242f17004d9c03a252.jpg,0,0,0,1,0,1,1,0,0,,"{""metric"": ""f1"", ""multimodal"": ""image; arsl""}",2022-02-06T21:10:16,data\raw\ArSL\train\images\IMG_20210625_224350_jpg.rf.425e72eaec4a15242f17004d9c03a252.jpg,8e226218a290d391bac890e6c7a846f2a30105283501bb86c151af5aadc7ac38,29268
.jpg,IMG_20210625_224535_jpg.rf.72978207ede010f1e03516b98aff752e.jpg,0,0,0,1,0,1,1,0,0,,"{""metric"": ""f1"", ""multimodal"": ""image; arsl""}",2022-02-06T21:10:16,data\raw\ArSL\train\images\IMG_20210625_224535_jpg.rf.72978207ede010f1e03516b98aff752e.jpg,3322977e46d822cef3a7ef60cfda31506366ee5dc88478e156e3fd1b37bbd5f8,22370
.jpg,IMG_20210625_224551_jpg.rf.f145f6632bbe64c112746ca33baf865b.jpg,0,0,0,1,0,1,1,0,0,,"{""metric"": ""f1"", ""multimodal"": ""image; arsl""}",2022-02-06T21:10:16,data\raw\ArSL\train\images\IMG_20210625_224551_jpg.rf.f145f6632bbe64c112746ca33baf865b.jpg,d1714128a19bae19a4cd9a08fb7ee732f46f86eccfd37393507d9ee548b7ea74,21759
.jpg,IMG_20210625_224631_jpg.rf.9f1ab63cc34275e65eac91b777b7e6bd.jpg,0,0,0,1,0,1,1,0,0,,"{""metric"": ""f1"", ""multimodal"": ""image; arsl""}",2022-02-06T21:10:16,data\raw\ArSL\train\images\IMG_20210625_224631_jpg.rf.9f1ab63cc34275e65eac91b777b7e6bd.jpg,01cecda7ae5d4fbf9f5d7583f16a51c8532c374d04c78128b622fec3a51c0842,40081
.jpg,IMG_20210625_224714_jpg.rf.31f3ae9ef65179a735b80cf3625f1658.jpg,0,0,0,1,0,1,1,0,0,,"{""metric"": ""f1"", ""multimodal"": ""image; arsl""}",2022-02-06T21:10:16,data\raw\ArSL\train\images\IMG_20210625_224714_jpg.rf.31f3ae9ef65179a735b80cf3625f1658.jpg,380dd4308a531c43b11a2722b58bf8eeeed56e8de841bcd31e4b309b031544a1,21433
.jpg,IMG_20210625_224735_jpg.rf.b75635ec08fd30f0268e092e65f1c816.jpg,0,0,0,1,0,1,1,0,0,,"{""metric"": ""f1"", ""multimodal"": ""image; arsl""}",2022-02-06T21:10:16,data\raw\ArSL\train\images\IMG_20210625_224735_jpg.rf.b75635ec08fd30f0268e092e65f1c816.jpg,97696be436d4bc004d66170c7550d1466dc63b1bf94702ede75eb7fe31ac325e,31576
.jpg,IMG_20210625_225053_jpg.rf.2fafe8695f182cfb34222221d32c4c0b.jpg,0,0,0,1,0,1,1,0,0,,"{""metric"": ""f1"", ""multimodal"": ""image; arsl""}",2022-02-06T21:10:16,data\raw\ArSL\train\images\IMG_20210625_225053_jpg.rf.2fafe8695f182cfb34222221d32c4c0b.jpg,ffd4a7fd757d88b175187e1ddbb92f7c0727a4e8b543a7b5550d35ce4963c801,31177
.jpg,IMG_20210625_225127_jpg.rf.57c5f1f1c89d90b4d7f100338c5ad07f.jpg,0,0,0,1,0,1,1,0,0,,"{""metric"": ""f1"", ""multimodal"": ""image; arsl""}",2022-02-06T21:10:16,data\raw\ArSL\train\images\IMG_20210625_225127_jpg.rf.57c5f1f1c89d90b4d7f100338c5ad07f.jpg,1921b3cd656752cb4e6f6fe8d372ecc35741fb07cd1f7a17a2d09599d21f8dc2,26372
.jpg,IMG_20210625_225249_jpg.rf.6f2a0913fec73bedba323b56f1c4ed4d.jpg,0,0,0,1,0,1,1,0,0,,"{""metric"": ""f1"", ""multimodal"": ""image; arsl""}",2022-02-06T21:10:18,data\raw\ArSL\train\images\IMG_20210625_225249_jpg.rf.6f2a0913fec73bedba323b56f1c4ed4d.jpg,8e67568a49d72665c7cb17a4995ce517a6c761adb6af42a91eba7c39ed683893,22696
.jpg,IMG_20210625_225505_jpg.rf.a9d81949b5c423b32442c944e77a7f1e.jpg,0,0,0,1,0,1,1,0,0,,"{""metric"": ""f1"", ""multimodal"": ""image; arsl""}",2022-02-06T21:10:18,data\raw\ArSL\train\images\IMG_20210625_225505_jpg.rf.a9d81949b5c423b32442c944e77a7f1e.jpg,94b13b7d0c96eb9e041a0916717e564e492f1e3f06eb6288d3f96fb4f80c3d4e,23775
.jpg,IMG_20210625_225622_jpg.rf.02dde16650d7aff179ce5573446a63de.jpg,0,0,0,1,0,1,1,0,0,,"{""metric"": ""f1"", ""multimodal"": ""image; arsl""}",2022-02-06T21:10:18,data\raw\ArSL\train\images\IMG_20210625_225622_jpg.rf.02dde16650d7aff179ce5573446a63de.jpg,cc243f439b0a99a47a6607f08135dba30fb27ef9dfe36ed57c0d08b094508d24,30459
.jpg,IMG_20210625_225637_jpg.rf.81a64da0236255b9c6ba6a496aebff1e.jpg,0,0,0,1,0,1,1,0,0,,"{""metric"": ""f1"", ""multimodal"": ""image; arsl""}",2022-02-06T21:10:18,data\raw\ArSL\train\images\IMG_20210625_225637_jpg.rf.81a64da0236255b9c6ba6a496aebff1e.jpg,90fd88deadd75146c2a6092d67ec3c796f0302170fdc08b861b90d742b6448c3,22384
.jpg,IMG_20210625_225640_jpg.rf.fc065e04c1ccb5239ef179a86074b1e0.jpg,0,0,0,1,0,1,1,0,0,,"{""metric"": ""f1"", ""multimodal"": ""image; arsl""}",2022-02-06T21:10:18,data\raw\ArSL\train\images\IMG_20210625_225640_jpg.rf.fc065e04c1ccb5239ef179a86074b1e0.jpg,bd1749efa591c0c48445af8ed909fd980ad5909e36a1be700d945f90da7bd160,23400
.jpg,IMG_20210625_225646_jpg.rf.0d7e0873a22bed658f159ded12682b99.jpg,0,0,0,1,0,1,1,0,0,,"{""metric"": ""f1"", ""multimodal"": ""image; arsl""}",2022-02-06T21:10:18,data\raw\ArSL\train\images\IMG_20210625_225646_jpg.rf.0d7e0873a22bed658f159ded12682b99.jpg,d75b2861218defcf27370890f3fe16f2e86681e4aa331ce746ba2d6c0ac3af69,26994
.jpg,IMG_20210625_225714_jpg.rf.9f176b0f66eadd0c775fcb914c8dd684.jpg,0,0,0,1,0,1,1,0,0,,"{""metric"": ""f1"", ""multimodal"": ""image; arsl""}",2022-02-06T21:10:18,data\raw\ArSL\train\images\IMG_20210625_225714_jpg.rf.9f176b0f66eadd0c775fcb914c8dd684.jpg,43a1e239a88018205282acb344ad67ff08a5dfaf08d8e50ffdfb26eb0e5dff38,23797
.jpg,IMG_20210625_225747_jpg.rf.266f106e1d2b52e7938533d6aca0c840.jpg,0,0,0,1,0,1,1,0,0,,"{""metric"": ""f1"", ""multimodal"": ""image; arsl""}",2022-02-06T21:10:18,data\raw\ArSL\train\images\IMG_20210625_225747_jpg.rf.266f106e1d2b52e7938533d6aca0c840.jpg,d084df2a7dfafc34ececf7c3cb0074fd051dedccf970d89361232e6a4f99568c,22628
.jpg,IMG_20210625_225756_jpg.rf.f55d3076554517f9af5f1a94e495d236.jpg,0,0,0,1,0,1,1,0,0,,"{""metric"": ""f1"", ""multimodal"": ""image; arsl""}",2022-02-06T21:10:18,data\raw\ArSL\train\images\IMG_20210625_225756_jpg.rf.f55d3076554517f9af5f1a94e495d236.jpg,4b00e78fe09ea9313d7bce03d8b1c811a4e6454d8e2960fff1568bc3753cb8f0,16959
.jpg,IMG_20210625_233846_jpg.rf.1b82e91fe643f0bd74b77f1bbb97da4c.jpg,0,0,0,1,0,1,1,0,0,,"{""metric"": ""f1"", ""multimodal"": ""image; arsl""}",2022-02-06T21:10:18,data\raw\ArSL\train\images\IMG_20210625_233846_jpg.rf.1b82e91fe643f0bd74b77f1bbb97da4c.jpg,3748b5c42143a962ce717206ffa79fb0071cf87fd91ddddccb13c90e91015ebd,28649
.jpg,IMG_20210625_233925_jpg.rf.7ee5f82f8aca68bb291c4019b41f1766.jpg,0,0,0,1,0,1,1,0,0,,"{""metric"": ""f1"", ""multimodal"": ""image; arsl""}",2022-02-06T21:10:18,data\raw\ArSL\train\images\IMG_20210625_233925_jpg.rf.7ee5f82f8aca68bb291c4019b41f1766.jpg,ea2af72578b8e40343527e2c9affc406966634567923d06f8da2886e8b8cefae,21531
.jpg,IMG_20210625_234224_jpg.rf.2e47c476a5bf31495cf114da87c5c7a4.jpg,0,0,0,1,0,1,1,0,0,,"{""metric"": ""f1"", ""multimodal"": ""image; arsl""}",2022-02-06T21:10:18,data\raw\ArSL\train\images\IMG_20210625_234224_jpg.rf.2e47c476a5bf31495cf114da87c5c7a4.jpg,009788aefb4aad4d85f6d36424627e46ebea06f85b51421f9a890bc66a6db9a2,27011
.jpg,IMG_20210625_234500_jpg.rf.e3a85ab03ae062456b3025e35b2397f1.jpg,0,0,0,1,0,1,1,0,0,,"{""metric"": ""f1"", ""multimodal"": ""image; arsl""}",2022-02-06T21:10:18,data\raw\ArSL\train\images\IMG_20210625_234500_jpg.rf.e3a85ab03ae062456b3025e35b2397f1.jpg,ef947754ec3c636ce8b465bb1f592e10399d6ca61e9460f848185570fd028e49,30988
.jpg,IMG_20210625_234516_jpg.rf.86341d222865f58efb7f1cb3b6bcd1f3.jpg,0,0,0,1,0,1,1,0,0,,"{""metric"": ""f1"", ""multimodal"": ""image; arsl""}",2022-02-06T21:10:18,data\raw\ArSL\train\images\IMG_20210625_234516_jpg.rf.86341d222865f58efb7f1cb3b6bcd1f3.jpg,f2692ac3835b6c4226d9b75c563588a85ccf36f241ad76c836b6137996a5d6e5,26438
.jpg,IMG_20210625_234604_jpg.rf.3afd2f14ae47554dc4fc768e54f4212c.jpg,0,0,0,1,0,1,1,0,0,,"{""metric"": ""f1"", ""multimodal"": ""image; arsl""}",2022-02-06T21:10:18,data\raw\ArSL\train\images\IMG_20210625_234604_jpg.rf.3afd2f14ae47554dc4fc768e54f4212c.jpg,952587ae6c91aed1357277e5bf8e322414c0e5fa2f73d338af9e301ff0f01a08,23018
.jpg,IMG_20210625_234802_jpg.rf.49bf6d72fad5890308809733098f13e8.jpg,0,0,0,1,0,1,1,0,0,,"{""metric"": ""f1"", ""multimodal"": ""image; arsl""}",2022-02-06T21:10:18,data\raw\ArSL\train\images\IMG_20210625_234802_jpg.rf.49bf6d72fad5890308809733098f13e8.jpg,8b0d0618b2d42d4813c5a1a4bde02e9df5b97606b264fc0db44e44690b93c5b8,24636
.jpg,IMG_20210625_234811_jpg.rf.f1623f06cb8e3fd0dd159379175dfa4d.jpg,0,0,0,1,0,1,1,0,0,,"{""metric"": ""f1"", ""multimodal"": ""image; arsl""}",2022-02-06T21:10:18,data\raw\ArSL\train\images\IMG_20210625_234811_jpg.rf.f1623f06cb8e3fd0dd159379175dfa4d.jpg,08a0ac197203fd7486bf046a4bb1cc7de91ac8a02308360f94d58b71071f7ae7,25231
.jpg,IMG_20210625_234822_jpg.rf.1e4fc4aab3d206fbe62fd1147e5f1e1c.jpg,0,0,0,1,0,1,1,0,0,,"{""metric"": ""f1"", ""multimodal"": ""image; arsl""}",2022-02-06T21:10:18,data\raw\ArSL\train\images\IMG_20210625_234822_jpg.rf.1e4fc4aab3d206fbe62fd1147e5f1e1c.jpg,c5ad0a8fe167fb528f74d7e5a207b3381db2da0f906960030a358f37e9c436d8,31499
.jpg,IMG_20210625_234900_jpg.rf.e7dbc65a70f4d31a92f1d8932e1272c8.jpg,0,0,0,1,0,1,1,0,0,,"{""metric"": ""f1"", ""multimodal"": ""image; arsl""}",2022-02-06T21:10:18,data\raw\ArSL\train\images\IMG_20210625_234900_jpg.rf.e7dbc65a70f4d31a92f1d8932e1272c8.jpg,0a98082005bafa6deadcb14adeb325187505e1e2418fb8d130ddaaec1354635b,26855
.jpg,IMG_20210625_234908_jpg.rf.4611b9498cbb26b48b69f14a00c03aea.jpg,0,0,0,1,0,1,1,0,0,,"{""metric"": ""f1"", ""multimodal"": ""image; arsl""}",2022-02-06T21:10:18,data\raw\ArSL\train\images\IMG_20210625_234908_jpg.rf.4611b9498cbb26b48b69f14a00c03aea.jpg,20b960b33c629712a05339fdaae4cfa71d881b8e76bfad9ef41cd515fb63e625,24362
.jpg,IMG_20210625_234944_jpg.rf.eb71590fd85105bf1f146c58cc470053.jpg,0,0,0,1,0,1,1,0,0,,"{""metric"": ""f1"", ""multimodal"": ""image; arsl""}",2022-02-06T21:10:18,data\raw\ArSL\train\images\IMG_20210625_234944_jpg.rf.eb71590fd85105bf1f146c58cc470053.jpg,8e4ece2374e6049bc7df624eadb8fd84b57a00108299f31c70b462afa6a2d35d,25787
.jpg,IMG_20210625_235009_jpg.rf.7af15d6d2b6d28e49a9e279d91b54d5c.jpg,0,0,0,1,0,1,1,0,0,,"{""metric"": ""f1"", ""multimodal"": ""image; arsl""}",2022-02-06T21:10:18,data\raw\ArSL\train\images\IMG_20210625_235009_jpg.rf.7af15d6d2b6d28e49a9e279d91b54d5c.jpg,2369dd6e4b57d01b74b1d3e0b50ac5cbf14c5dbad1b744493c1306be63a93560,38684
.jpg,IMG_20210625_235207_jpg.rf.61f184c3014486acd5f531e7409c5b7d.jpg,0,0,0,1,0,1,1,0,0,,"{""metric"": ""f1"", ""multimodal"": ""image; arsl""}",2022-02-06T21:10:18,data\raw\ArSL\train\images\IMG_20210625_235207_jpg.rf.61f184c3014486acd5f531e7409c5b7d.jpg,561ea5cc4045c934e6802feb67988fc8fed55db25e25ee9d5deea35cfcc975a4,34732
.jpg,IMG_20210625_235210_jpg.rf.592b86faa40c30f1ac87e9a888cd2047.jpg,0,0,0,1,0,1,1,0,0,,"{""metric"": ""f1"", ""multimodal"": ""image; arsl""}",2022-02-06T21:10:18,data\raw\ArSL\train\images\IMG_20210625_235210_jpg.rf.592b86faa40c30f1ac87e9a888cd2047.jpg,0cf379365a9b6b45157a76ddd22bcda431d09bfa022c6679d04f6baebef6c85c,34902
.txt,IMG_20210609_185416_jpg.rf.1fbcb6b539156b0362df8c98db79f104.txt,0,0,0,,0,1,1,0,0,,"{""metric"": ""f1"", ""multimodal"": ""arsl""}",2022-02-06T21:10:18,data\raw\ArSL\train\labels\IMG_20210609_185416_jpg.rf.1fbcb6b539156b0362df8c98db79f104.txt,65480cad23511c6a2ee9873355bcb9a22526e4f872333528f8bd4a9e9bd51c50,77
.txt,IMG_20210609_185703_jpg.rf.de9153e24340c50019a07b7a7468f1cd.txt,0,0,0,,0,1,1,0,0,,"{""metric"": ""f1"", ""multimodal"": ""arsl""}",2022-02-06T21:10:18,data\raw\ArSL\train\labels\IMG_20210609_185703_jpg.rf.de9153e24340c50019a07b7a7468f1cd.txt,bf777e5e35ad5790bf2a14bd3cb2cd5e4d86ebb8aac44479ffe22a5ff6030de4,80
.txt,IMG_20210609_190147_jpg.rf.ff720eec6ecb6410e8d54ef17e0ba6df.txt,0,0,0,,0,1,1,0,0,,"{""metric"": ""f1"", ""multimodal"": ""arsl""}",2022-02-06T21:10:18,data\raw\ArSL\train\labels\IMG_20210609_190147_jpg.rf.ff720eec6ecb6410e8d54ef17e0ba6df.txt,c67e4d2b4ea28f5f6949329ad0106283dec8f84bd82b29b7c63633e0a690756b,68
.txt,IMG_20210609_190205_jpg.rf.df13cae54b3eaa02b44a1cf8d001a7fb.txt,0,0,0,,0,1,1,0,0,,"{""metric"": ""f1"", ""multimodal"": ""arsl""}",2022-02-06T21:10:18,data\raw\ArSL\train\labels\IMG_20210609_190205_jpg.rf.df13cae54b3eaa02b44a1cf8d001a7fb.txt,0d594280996824fe6d9a568952dab7b90b20e31a627b471cd5ba896236b30391,159
.txt,IMG_20210609_190323_jpg.rf.4f573268531a6f1e48cef3ddbbe96ced.txt,0,0,0,,0,1,1,0,0,,"{""metric"": ""f1"", ""multimodal"": ""arsl""}",2022-02-06T21:10:18,data\raw\ArSL\train\labels\IMG_20210609_190323_jpg.rf.4f573268531a6f1e48cef3ddbbe96ced.txt,9eb86d087d1ebaeee1b98c96703374ea6d097d8b2e8ad82972e732e0a7009402,80
.txt,IMG_20210609_190650_jpg.rf.b5394d7ba152f11a092321b0bf46311a.txt,0,0,0,,0,1,1,0,0,,"{""metric"": ""f1"", ""multimodal"": ""arsl""}",2022-02-06T21:10:18,data\raw\ArSL\train\labels\IMG_20210609_190650_jpg.rf.b5394d7ba152f11a092321b0bf46311a.txt,0919c05d6e1deaca7529f1fe387ad5a47b102f4f2067b1f2419b409021abcf8e,79
.txt,IMG_20210609_192210_jpg.rf.64b3e439f18b2304fda79abef4d11fa9.txt,0,0,0,,0,1,1,0,0,,"{""metric"": ""f1"", ""multimodal"": ""arsl""}",2022-02-06T21:10:18,data\raw\ArSL\train\labels\IMG_20210609_192210_jpg.rf.64b3e439f18b2304fda79abef4d11fa9.txt,39fc0183756f176ba83960e6d7e978459bfd1b86e89e034aa514b80cf9a0a6fb,79
.txt,IMG_20210610_173656_jpg.rf.ef14ca960a6d5595cd4893da689f6240.txt,0,0,0,,0,1,1,0,0,,"{""metric"": ""f1"", ""multimodal"": ""arsl""}",2022-02-06T21:10:18,data\raw\ArSL\train\labels\IMG_20210610_173656_jpg.rf.ef14ca960a6d5595cd4893da689f6240.txt,f785172ff31e575d2b84821798318f16feb094ae8839b824d7895198b3465f50,78
.txt,IMG_20210610_174441_jpg.rf.88c0ccf608abb0841f764e8cf1a0c190.txt,0,0,0,,0,1,1,0,0,,"{""metric"": ""f1"", ""multimodal"": ""arsl""}",2022-02-06T21:10:18,data\raw\ArSL\train\labels\IMG_20210610_174441_jpg.rf.88c0ccf608abb0841f764e8cf1a0c190.txt,1a2b1fe14565503b2f99d2c11bdb04189440ffbd926cbbd87b21bdeceecd2736,68
.txt,IMG_20210610_180718_jpg.rf.507bf65fd7fdbf27a27fd1af1a247865.txt,0,0,0,,0,1,1,0,0,,"{""metric"": ""f1"", ""multimodal"": ""arsl""}",2022-02-06T21:10:18,data\raw\ArSL\train\labels\IMG_20210610_180718_jpg.rf.507bf65fd7fdbf27a27fd1af1a247865.txt,3934bac97b41eefb60fa9c3e68949a4f04cfd50cdd2460f3ac479ea794b9ccbd,77
.txt,IMG_20210610_180745_jpg.rf.6b45691436b8ec67d60f183b06006701.txt,0,0,0,,0,1,1,0,0,,"{""metric"": ""f1"", ""multimodal"": ""arsl""}",2022-02-06T21:10:18,data\raw\ArSL\train\labels\IMG_20210610_180745_jpg.rf.6b45691436b8ec67d60f183b06006701.txt,72954e85fa73b5fb83f901e82c12cd3d9e2385114af03232f513111a7240368e,79
.txt,IMG_20210610_181121_jpg.rf.a2f2f769176464cad6b9dae2828b46f1.txt,0,0,0,,0,1,1,0,0,,"{""metric"": ""f1"", ""multimodal"": ""arsl""}",2022-02-06T21:10:18,data\raw\ArSL\train\labels\IMG_20210610_181121_jpg.rf.a2f2f769176464cad6b9dae2828b46f1.txt,73c53841f7aee49291b49e1be09777147f4754b18aa96774b96a566cfe567738,77
.txt,IMG_20210610_181632_jpg.rf.a6c7a0a2bce1f183e8c04b542a498f42.txt,0,0,0,,0,1,1,0,0,,"{""metric"": ""f1"", ""multimodal"": ""arsl""}",2022-02-06T21:10:18,data\raw\ArSL\train\labels\IMG_20210610_181632_jpg.rf.a6c7a0a2bce1f183e8c04b542a498f42.txt,cc11ac647ba6f4d5819fe1569c03a9985ece23517bc718adee27b76242907cea,79
.txt,IMG_20210610_181949_jpg.rf.f1638862f9cc035329b98c084b36b93d.txt,0,0,0,,0,1,1,0,0,,"{""metric"": ""f1"", ""multimodal"": ""arsl""}",2022-02-06T21:10:18,data\raw\ArSL\train\labels\IMG_20210610_181949_jpg.rf.f1638862f9cc035329b98c084b36b93d.txt,2a8e102bbb01c6ccbd30cc57aa15c9fc2df012f7d82067c0969784a831dc6f33,78
.txt,IMG_20210610_182208_jpg.rf.e82ed51e4009f165b0ea522d424b6664.txt,0,0,0,,0,1,1,0,0,,"{""metric"": ""f1"", ""multimodal"": ""arsl""}",2022-02-06T21:10:18,data\raw\ArSL\train\labels\IMG_20210610_182208_jpg.rf.e82ed51e4009f165b0ea522d424b6664.txt,eed7d956bdf48acb463061e70a571f43857c4e60d4218e037890988b6e4a9584,79
.txt,IMG_20210610_203206_jpg.rf.2d7d3e2119f5d657aea652771f1fc714.txt,0,0,0,,0,1,1,0,0,,"{""metric"": ""f1"", ""multimodal"": ""arsl""}",2022-02-06T21:10:18,data\raw\ArSL\train\labels\IMG_20210610_203206_jpg.rf.2d7d3e2119f5d657aea652771f1fc714.txt,5b48cd42b8b05e15e3c91bf69290707a00bb8dacb594e51a6593dafe66e777bb,79
.txt,IMG_20210610_203239_jpg.rf.ce548bae84ed02bb4bcc4c8d7814f16c.txt,0,0,0,,0,1,1,0,0,,"{""metric"": ""f1"", ""multimodal"": ""arsl""}",2022-02-06T21:10:18,data\raw\ArSL\train\labels\IMG_20210610_203239_jpg.rf.ce548bae84ed02bb4bcc4c8d7814f16c.txt,e796f643c592db957230c9e806a37710c272b8200f06818ba58ffe843b50f767,68
.txt,IMG_20210610_210042_jpg.rf.ac7cd4207af98b941ea983f1265becef.txt,0,0,0,,0,1,1,0,0,,"{""metric"": ""f1"", ""multimodal"": ""arsl""}",2022-02-06T21:10:18,data\raw\ArSL\train\labels\IMG_20210610_210042_jpg.rf.ac7cd4207af98b941ea983f1265becef.txt,4b5b56719470f93e77fb7e1030a14e205ef43d48fac4eea14356d0ba24524999,78
.txt,IMG_20210610_210734_jpg.rf.c16f916bfbd3d50ce96ea9da39d9f128.txt,0,0,0,,0,1,1,0,0,,"{""metric"": ""f1"", ""multimodal"": ""arsl""}",2022-02-06T21:10:18,data\raw\ArSL\train\labels\IMG_20210610_210734_jpg.rf.c16f916bfbd3d50ce96ea9da39d9f128.txt,7fe10aa48cc23882d97c574aa6e94474ac9fe132d4d73bdca5e63d23a4a17605,78
.txt,IMG_20210610_211345_jpg.rf.e5b0af12afd7f227ab348525e470d139.txt,0,0,0,,0,1,1,0,0,,"{""metric"": ""f1"", ""multimodal"": ""arsl""}",2022-02-06T21:10:18,data\raw\ArSL\train\labels\IMG_20210610_211345_jpg.rf.e5b0af12afd7f227ab348525e470d139.txt,1641bcda4cab15cab049b2348a75404f02a8bfccd9c5a43e7935b7a080043353,78
.txt,IMG_20210610_211350_jpg.rf.0b2f10ec8bde48c76b022d964d825c5d.txt,0,0,0,,0,1,1,0,0,,"{""metric"": ""f1"", ""multimodal"": ""arsl""}",2022-02-06T21:10:18,data\raw\ArSL\train\labels\IMG_20210610_211350_jpg.rf.0b2f10ec8bde48c76b022d964d825c5d.txt,7947ef7bee32113256aef3c98f40fe08ae9a04936470da3068139aac94b9a22e,77
.txt,IMG_20210611_042914_jpg.rf.771af4d38c7df1e75b7816fd904bf4e7.txt,0,0,0,,0,1,1,0,0,,"{""metric"": ""f1"", ""multimodal"": ""arsl""}",2022-02-06T21:10:18,data\raw\ArSL\train\labels\IMG_20210611_042914_jpg.rf.771af4d38c7df1e75b7816fd904bf4e7.txt,f96cf3b923aba342d8271c88f00490836eb19e0ee264a27561f831e345dd853d,78
.txt,IMG_20210611_043159_jpg.rf.b20ce8811bf9e07721670d5d00acb1f1.txt,0,0,0,,0,1,1,0,0,,"{""metric"": ""f1"", ""multimodal"": ""arsl""}",2022-02-06T21:10:18,data\raw\ArSL\train\labels\IMG_20210611_043159_jpg.rf.b20ce8811bf9e07721670d5d00acb1f1.txt,07d1281ef83e75ba6a33e40f6c6231550ce205cbb0889e814d591fc03e7bfc70,78
.txt,IMG_20210611_043347_jpg.rf.3851e1eae354f1c54e1ee6c50cf1eb11.txt,0,0,0,,0,1,1,0,0,,"{""metric"": ""f1"", ""multimodal"": ""arsl""}",2022-02-06T21:10:18,data\raw\ArSL\train\labels\IMG_20210611_043347_jpg.rf.3851e1eae354f1c54e1ee6c50cf1eb11.txt,d8906807b89f2cb830d3689758c58ece39c9431fd9845aacc09ffbb65c937f7c,77
.txt,IMG_20210611_043642_jpg.rf.a32c8fee5c7587d268f1d9ce3155b648.txt,0,0,0,,0,1,1,0,0,,"{""metric"": ""f1"", ""multimodal"": ""arsl""}",2022-02-06T21:10:18,data\raw\ArSL\train\labels\IMG_20210611_043642_jpg.rf.a32c8fee5c7587d268f1d9ce3155b648.txt,ac9dd25a538cc1ef2a16a7d46add9ee40fd74271ff9331be6ab9a5ef5d2d46a4,80
.txt,IMG_20210611_043927_jpg.rf.a9762e14688535e9bed880f138edfe10.txt,0,0,0,,0,1,1,0,0,,"{""metric"": ""f1"", ""multimodal"": ""arsl""}",2022-02-06T21:10:18,data\raw\ArSL\train\labels\IMG_20210611_043927_jpg.rf.a9762e14688535e9bed880f138edfe10.txt,7a79f295124a9d57f82bae49be003c804b57336c2e5cf7d8d56607bc7cc0f6a5,80
.txt,IMG_20210611_044428_jpg.rf.73060ca3e74cddad1db06e461bdf1e78.txt,0,0,0,,0,1,1,0,0,,"{""metric"": ""f1"", ""multimodal"": ""arsl""}",2022-02-06T21:10:18,data\raw\ArSL\train\labels\IMG_20210611_044428_jpg.rf.73060ca3e74cddad1db06e461bdf1e78.txt,fbe954d10b2339e7eda2e63d73d4d3d6df4c151119105348cda77d18364c740c,77
.txt,IMG_20210611_140245_jpg.rf.fef730c92960318e7e11f1f595e5d21e.txt,0,0,0,,0,1,1,0,0,,"{""metric"": ""f1"", ""multimodal"": ""arsl""}",2022-02-06T21:10:18,data\raw\ArSL\train\labels\IMG_20210611_140245_jpg.rf.fef730c92960318e7e11f1f595e5d21e.txt,6c63587c03c22d504c3259b6c798fed3506e8de625022e42517331a6894bcd96,66
.txt,IMG_20210611_203101_jpg.rf.3559410fca15404fd2eaf18880580682.txt,0,0,0,,0,1,1,0,0,,"{""metric"": ""f1"", ""multimodal"": ""arsl""}",2022-02-06T21:10:18,data\raw\ArSL\train\labels\IMG_20210611_203101_jpg.rf.3559410fca15404fd2eaf18880580682.txt,3d44d1e10a9d0a9bf6c617fcbba1ecdf72afc6261f70a3a907f653543393de43,79
.txt,IMG_20210611_203603_jpg.rf.f21f1aa98a59bb1a8c0577ffa4e1ee57.txt,0,0,0,,0,1,1,0,0,,"{""metric"": ""f1"", ""multimodal"": ""arsl""}",2022-02-06T21:10:18,data\raw\ArSL\train\labels\IMG_20210611_203603_jpg.rf.f21f1aa98a59bb1a8c0577ffa4e1ee57.txt,5d7b0281bbbe708fa885259ddf5f09707754ad8a2f246c78be12efb5208dd92e,67
.txt,IMG_20210611_203636_jpg.rf.8e4bfddc036853d9529bcaaf1804e3e2.txt,0,0,0,,0,1,1,0,0,,"{""metric"": ""f1"", ""multimodal"": ""arsl""}",2022-02-06T21:10:18,data\raw\ArSL\train\labels\IMG_20210611_203636_jpg.rf.8e4bfddc036853d9529bcaaf1804e3e2.txt,ed9df986cc6a1a2bebf4c82c7e3ac9c867f2043de8b984ad74c7fa1c79a39128,78
.txt,IMG_20210611_203659_jpg.rf.bbbf14a0eeb0726e341dc15feece8418.txt,0,0,0,,0,1,1,0,0,,"{""metric"": ""f1"", ""multimodal"": ""arsl""}",2022-02-06T21:10:18,data\raw\ArSL\train\labels\IMG_20210611_203659_jpg.rf.bbbf14a0eeb0726e341dc15feece8418.txt,dc93f94c565182f3c28e864ae64d3184a0c50799899de77c2db7554cbcdb9a6d,81
.txt,IMG_20210611_203851_jpg.rf.f3e513450a5a88574b3d50eaffcf101c.txt,0,0,0,,0,1,1,0,0,,"{""metric"": ""f1"", ""multimodal"": ""arsl""}",2022-02-06T21:10:18,data\raw\ArSL\train\labels\IMG_20210611_203851_jpg.rf.f3e513450a5a88574b3d50eaffcf101c.txt,984bc24d3bd7d01d6bb76d14e9f4f4589ea435395a6aa1ce4248e6b26e46177c,79
.txt,IMG_20210611_204451_jpg.rf.a34a7fbe0caaa9a367a1b5f1f030dca1.txt,0,0,0,,0,1,1,0,0,,"{""metric"": ""f1"", ""multimodal"": ""arsl""}",2022-02-06T21:10:18,data\raw\ArSL\train\labels\IMG_20210611_204451_jpg.rf.a34a7fbe0caaa9a367a1b5f1f030dca1.txt,f111edde43f3604c1463250f445fc351485955e4d4bc7231512eb06e81fc5e83,67
.txt,IMG_20210611_204707_jpg.rf.ac9a1ab8da4ea93f154b795ea0b36436.txt,0,0,0,,0,1,1,0,0,,"{""metric"": ""f1"", ""multimodal"": ""arsl""}",2022-02-06T21:10:18,data\raw\ArSL\train\labels\IMG_20210611_204707_jpg.rf.ac9a1ab8da4ea93f154b795ea0b36436.txt,741df5e32df389f5e99b1151c41593970d84d217d1023946d298edcc1edcccd3,65
.txt,IMG_20210611_204829_jpg.rf.adcaeff46cc8e260de8d88dca0f12cbd.txt,0,0,0,,0,1,1,0,0,,"{""metric"": ""f1"", ""multimodal"": ""arsl""}",2022-02-06T21:10:18,data\raw\ArSL\train\labels\IMG_20210611_204829_jpg.rf.adcaeff46cc8e260de8d88dca0f12cbd.txt,529a08eeb4160e55ea3366b9a81363ca9afccd3e7e45ec11cd24e1d9cca4fa23,79
.txt,IMG_20210611_205250_jpg.rf.021a98f12dd9f1d7568105de43bb56e5.txt,0,0,0,,0,1,1,0,0,,"{""metric"": ""f1"", ""multimodal"": ""arsl""}",2022-02-06T21:10:18,data\raw\ArSL\train\labels\IMG_20210611_205250_jpg.rf.021a98f12dd9f1d7568105de43bb56e5.txt,e8550c74963337e8106829f93c82e0b49e0bab49196730b627d69f1ae9029d15,79
.txt,IMG_20210611_205502_jpg.rf.b4a5363dee2ff38db5f1e2029b48aeff.txt,0,0,0,,0,1,1,0,0,,"{""metric"": ""f1"", ""multimodal"": ""arsl""}",2022-02-06T21:10:18,data\raw\ArSL\train\labels\IMG_20210611_205502_jpg.rf.b4a5363dee2ff38db5f1e2029b48aeff.txt,c0191d014876b9317b0015d1543e3d4d01acdb1b239e194365263f9830afd5ae,78
.txt,IMG_20210611_205511_jpg.rf.84a92ec5552d6d3693e25a42bdf1afd3.txt,0,0,0,,0,1,1,0,0,,"{""metric"": ""f1"", ""multimodal"": ""arsl""}",2022-02-06T21:10:18,data\raw\ArSL\train\labels\IMG_20210611_205511_jpg.rf.84a92ec5552d6d3693e25a42bdf1afd3.txt,d955f786090b7c933005e9011a09a10b6559b4b7708b438bd2630ab27ae784a4,79
.txt,IMG_20210611_205633_jpg.rf.1744e96850cff3e1e2f1790fc7d95817.txt,0,0,0,,0,1,1,0,0,,"{""metric"": ""f1"", ""multimodal"": ""arsl""}",2022-02-06T21:10:18,data\raw\ArSL\train\labels\IMG_20210611_205633_jpg.rf.1744e96850cff3e1e2f1790fc7d95817.txt,8d2c910ea68b15cd1406a2fa9b7703834d176ae0b8ae8b37b0748d07d83e0ecd,79
.txt,IMG_20210611_205724_jpg.rf.e7b1232426328f1658d42170e7a1e17c.txt,0,0,0,,0,1,1,0,0,,"{""metric"": ""f1"", ""multimodal"": ""arsl""}",2022-02-06T21:10:18,data\raw\ArSL\train\labels\IMG_20210611_205724_jpg.rf.e7b1232426328f1658d42170e7a1e17c.txt,63cc985c76bf8acb0502f64c07c35d803f1393df3635a89ee7e9fa0d8c487c06,68
.txt,IMG_20210611_210006_jpg.rf.3373e71446a2112f1ee2a71189841a4c.txt,0,0,0,,0,1,1,0,0,,"{""metric"": ""f1"", ""multimodal"": ""arsl""}",2022-02-06T21:10:18,data\raw\ArSL\train\labels\IMG_20210611_210006_jpg.rf.3373e71446a2112f1ee2a71189841a4c.txt,48580b857656e64fd3ac314519736e1e14d4367442ccea7d1c4b3b39acf5555d,77
.txt,IMG_20210611_210101_jpg.rf.de83d9f153e740358662443c83e09fe4.txt,0,0,0,,0,1,1,0,0,,"{""metric"": ""f1"", ""multimodal"": ""arsl""}",2022-02-06T21:10:18,data\raw\ArSL\train\labels\IMG_20210611_210101_jpg.rf.de83d9f153e740358662443c83e09fe4.txt,758b0a0b406afc7e53d534f62adf73261838748ad4e668a353709aed0931824a,80
.txt,IMG_20210611_210445_jpg.rf.3ad153c8ff13a58e12e8ca37356177b5.txt,0,0,0,,0,1,1,0,0,,"{""metric"": ""f1"", ""multimodal"": ""arsl""}",2022-02-06T21:10:18,data\raw\ArSL\train\labels\IMG_20210611_210445_jpg.rf.3ad153c8ff13a58e12e8ca37356177b5.txt,b27a25eda5e6363eb70254e0c6af247fbcfe26bbcf51d9457248d2913350c036,79
.txt,IMG_20210611_210547_jpg.rf.d97bef1461424358b62200f0380834c6.txt,0,0,0,,0,1,1,0,0,,"{""metric"": ""f1"", ""multimodal"": ""arsl""}",2022-02-06T21:10:18,data\raw\ArSL\train\labels\IMG_20210611_210547_jpg.rf.d97bef1461424358b62200f0380834c6.txt,06a20e92bc7bccbee0e250d6227fd70756964600c8a2b4b0e0101809593ca076,78
.txt,IMG_20210611_210639_jpg.rf.06ac07a4059759f126a1d9283f1bd1b3.txt,0,0,0,,0,1,1,0,0,,"{""metric"": ""f1"", ""multimodal"": ""arsl""}",2022-02-06T21:10:18,data\raw\ArSL\train\labels\IMG_20210611_210639_jpg.rf.06ac07a4059759f126a1d9283f1bd1b3.txt,9b0681f8dad58f358baa25fe3186263272af0ec359f894ae3c6da6a60cf5eba8,79
.txt,IMG_20210611_210649_jpg.rf.4ec1e259f1822d87016d3768ed49d726.txt,0,0,0,,0,1,1,0,0,,"{""metric"": ""f1"", ""multimodal"": ""arsl""}",2022-02-06T21:10:18,data\raw\ArSL\train\labels\IMG_20210611_210649_jpg.rf.4ec1e259f1822d87016d3768ed49d726.txt,2a319bc281cde3d2bf0210ac25fb221b1c9dcc2f7df3f9fe19ba908654c7b7c7,69
.txt,IMG_20210611_210701_jpg.rf.1f9ffd751e40f2f82683a7e338f147e5.txt,0,0,0,,0,1,1,0,0,,"{""metric"": ""f1"", ""multimodal"": ""arsl""}",2022-02-06T21:10:18,data\raw\ArSL\train\labels\IMG_20210611_210701_jpg.rf.1f9ffd751e40f2f82683a7e338f147e5.txt,15de3f085f8919f1a95bb3d913dd2a500bf03b25541d4d8c2e0d4dc3080c2c90,67
.txt,IMG_20210611_210737_jpg.rf.ec8189a6884e3bf40320f1ce31fe6cb5.txt,0,0,0,,0,1,1,0,0,,"{""metric"": ""f1"", ""multimodal"": ""arsl""}",2022-02-06T21:10:18,data\raw\ArSL\train\labels\IMG_20210611_210737_jpg.rf.ec8189a6884e3bf40320f1ce31fe6cb5.txt,39a37adb5a898a5360504b84c35761eb8f21b13d2db66401be024ddc0a1367d9,69
.txt,IMG_20210611_210830_jpg.rf.911d5df18008c036fc47c8cc485870bb.txt,0,0,0,,0,1,1,0,0,,"{""metric"": ""f1"", ""multimodal"": ""arsl""}",2022-02-06T21:10:18,data\raw\ArSL\train\labels\IMG_20210611_210830_jpg.rf.911d5df18008c036fc47c8cc485870bb.txt,ed384300be4e44a823888a373afb557bb4b3dadf8a8be9cfa96943e5183857b1,78
.txt,IMG_20210611_211441_jpg.rf.3dd90f01b5f15f406ca3201e55522baf.txt,0,0,0,,0,1,1,0,0,,"{""metric"": ""f1"", ""multimodal"": ""arsl""}",2022-02-06T21:10:18,data\raw\ArSL\train\labels\IMG_20210611_211441_jpg.rf.3dd90f01b5f15f406ca3201e55522baf.txt,a645cc4b9f3d82275a425105c268001e2182fbc3a47857c2b3e5cbefe320d504,79
.txt,IMG_20210611_211515_jpg.rf.6e4f1d84449fa11f2b149bfc4578811a.txt,0,0,0,,0,1,1,0,0,,"{""metric"": ""f1"", ""multimodal"": ""arsl""}",2022-02-06T21:10:18,data\raw\ArSL\train\labels\IMG_20210611_211515_jpg.rf.6e4f1d84449fa11f2b149bfc4578811a.txt,58809f20beaf579d0b72f2fa5d16c8ccdf99618a7976fc739299ed27a4b9bc7b,80
.txt,IMG_20210612_172514_jpg.rf.0fc79bb5823f1bf44f96dbfdd73b2250.txt,0,0,0,,0,1,1,0,0,,"{""metric"": ""f1"", ""multimodal"": ""arsl""}",2022-02-06T21:10:18,data\raw\ArSL\train\labels\IMG_20210612_172514_jpg.rf.0fc79bb5823f1bf44f96dbfdd73b2250.txt,61d06f6ae935623fe9393cec317217126c86ed76efd16ca494726b95c45132bd,78
.txt,IMG_20210612_172550_jpg.rf.b7c5d156d12f0894055fbf1f7af0b650.txt,0,0,0,,0,1,1,0,0,,"{""metric"": ""f1"", ""multimodal"": ""arsl""}",2022-02-06T21:10:18,data\raw\ArSL\train\labels\IMG_20210612_172550_jpg.rf.b7c5d156d12f0894055fbf1f7af0b650.txt,1010d6fb3ed9876b2cb6454badc9983347229a9f4ae3fd8863b29c60b129de1b,77
.txt,IMG_20210612_172725_jpg.rf.f01cc2822a6320fd47b41f135fc6a21f.txt,0,0,0,,0,1,1,0,0,,"{""metric"": ""f1"", ""multimodal"": ""arsl""}",2022-02-06T21:10:18,data\raw\ArSL\train\labels\IMG_20210612_172725_jpg.rf.f01cc2822a6320fd47b41f135fc6a21f.txt,85343f6c58aef2ba407a696040f8eea6451a8db8f296d44ca9d458cecf42ddf3,79
.txt,IMG_20210612_172929_jpg.rf.15b0fa43f1c4ce4474964a01123382cf.txt,0,0,0,,0,1,1,0,0,,"{""metric"": ""f1"", ""multimodal"": ""arsl""}",2022-02-06T21:10:18,data\raw\ArSL\train\labels\IMG_20210612_172929_jpg.rf.15b0fa43f1c4ce4474964a01123382cf.txt,992f64e879ccbf2714c4ad9260fe9731937febad67c0c6d9479585633942a667,79
.txt,IMG_20210612_172951_jpg.rf.7c8e1dfc99cf7f1efa4d0c647b126ca8.txt,0,0,0,,0,1,1,0,0,,"{""metric"": ""f1"", ""multimodal"": ""arsl""}",2022-02-06T21:10:18,data\raw\ArSL\train\labels\IMG_20210612_172951_jpg.rf.7c8e1dfc99cf7f1efa4d0c647b126ca8.txt,b388d7e981201fa6b1c4717ef776d667e5b609cbfcf01fd4ebb25455940b0273,68
.txt,IMG_20210612_173035_jpg.rf.936f1e155f8f0519440ccca19ed81546.txt,0,0,0,,0,1,1,0,0,,"{""metric"": ""f1"", ""multimodal"": ""arsl""}",2022-02-06T21:10:18,data\raw\ArSL\train\labels\IMG_20210612_173035_jpg.rf.936f1e155f8f0519440ccca19ed81546.txt,010d6c76fdf5214707f5158e81976e0b9784ddb9101d12848260e2dea7c54262,80
.txt,IMG_20210612_194243_jpg.rf.9daf10ad0a4fa0830d78b0c39491d5c6.txt,0,0,0,,0,1,1,0,0,,"{""metric"": ""f1"", ""multimodal"": ""arsl""}",2022-02-06T21:10:18,data\raw\ArSL\train\labels\IMG_20210612_194243_jpg.rf.9daf10ad0a4fa0830d78b0c39491d5c6.txt,1360b9e5b5832a45f594c82df35d3fd71bfac25925b7de2f2d80ab4f352a54b3,78
.txt,IMG_20210612_194321_jpg.rf.1f174fa2f6edd44273d32a85a53deed5.txt,0,0,0,,0,1,1,0,0,,"{""metric"": ""f1"", ""multimodal"": ""arsl""}",2022-02-06T21:10:18,data\raw\ArSL\train\labels\IMG_20210612_194321_jpg.rf.1f174fa2f6edd44273d32a85a53deed5.txt,bc0ae8ee7e36bf5983b2b02f9b3398b5267fe378bff4c0a2507b0e0f073a7097,67
.txt,IMG_20210612_194635_jpg.rf.a260ef3136b2d668411bf55c6f1954c5.txt,0,0,0,,0,1,1,0,0,,"{""metric"": ""f1"", ""multimodal"": ""arsl""}",2022-02-06T21:10:18,data\raw\ArSL\train\labels\IMG_20210612_194635_jpg.rf.a260ef3136b2d668411bf55c6f1954c5.txt,30720314cecf1fe9cde7a6c0eba32e319592e2be5ec03b40897658e523ff5ad9,77
.txt,IMG_20210612_194809_jpg.rf.ce17d2a6f1e2f573389d416fb99ae046.txt,0,0,0,,0,1,1,0,0,,"{""metric"": ""f1"", ""multimodal"": ""arsl""}",2022-02-06T21:10:18,data\raw\ArSL\train\labels\IMG_20210612_194809_jpg.rf.ce17d2a6f1e2f573389d416fb99ae046.txt,d778cf38fb1da2bf31cd328c6631871e2766ff4a3c91e67573731fe4e47b54ff,79
.txt,IMG_20210612_195034_jpg.rf.ca14e237551b4068453d2381aa913cf1.txt,0,0,0,,0,1,1,0,0,,"{""metric"": ""f1"", ""multimodal"": ""arsl""}",2022-02-06T21:10:18,data\raw\ArSL\train\labels\IMG_20210612_195034_jpg.rf.ca14e237551b4068453d2381aa913cf1.txt,ec0d1047fe22529a91b4454760724038246ef0d03cee472650deec07c6c79e4f,78
.txt,IMG_20210612_195054_jpg.rf.7e2dc60db2e18f17aff8ae42cf5e541f.txt,0,0,0,,0,1,1,0,0,,"{""metric"": ""f1"", ""multimodal"": ""arsl""}",2022-02-06T21:10:18,data\raw\ArSL\train\labels\IMG_20210612_195054_jpg.rf.7e2dc60db2e18f17aff8ae42cf5e541f.txt,3f5b7003477579cf77f2eefa6e30ec1fdb25a64ff3ec171782ded353bd385681,78
.txt,IMG_20210612_195138_jpg.rf.3f957386e1d4e9cf1427f8abca5a357c.txt,0,0,0,,0,1,1,0,0,,"{""metric"": ""f1"", ""multimodal"": ""arsl""}",2022-02-06T21:10:18,data\raw\ArSL\train\labels\IMG_20210612_195138_jpg.rf.3f957386e1d4e9cf1427f8abca5a357c.txt,7b9c42901982648655f9424ccc371fc506d0cb21b544d4b42655f6eb34335511,58
.txt,IMG_20210612_195223_jpg.rf.83eb3d9f714ba15bb3beb37aba528f1d.txt,0,0,0,,0,1,1,0,0,,"{""metric"": ""f1"", ""multimodal"": ""arsl""}",2022-02-06T21:10:18,data\raw\ArSL\train\labels\IMG_20210612_195223_jpg.rf.83eb3d9f714ba15bb3beb37aba528f1d.txt,e3757fd3e4c3ae7e10eeb8ec0bf6cd6e7fd3cf785c07adabbc32b0b461de83c3,78
.txt,IMG_20210612_205530_jpg.rf.435953b94b448aae7c975770b86e16f1.txt,0,0,0,,0,1,1,0,0,,"{""metric"": ""f1"", ""multimodal"": ""arsl""}",2022-02-06T21:10:18,data\raw\ArSL\train\labels\IMG_20210612_205530_jpg.rf.435953b94b448aae7c975770b86e16f1.txt,40a8241b37f0186ba640823c7945f8323ab3999396d7e59245a5b3dfba2869fc,78
.txt,IMG_20210612_205546_jpg.rf.2265c1f173bdf7493428922e4179031a.txt,0,0,0,,0,1,1,0,0,,"{""metric"": ""f1"", ""multimodal"": ""arsl""}",2022-02-06T21:10:18,data\raw\ArSL\train\labels\IMG_20210612_205546_jpg.rf.2265c1f173bdf7493428922e4179031a.txt,c7cfc9976862f6c6671299e10dea4559a0119a11e9624b1ed17345532db80f76,79
.txt,IMG_20210612_205553_jpg.rf.6a04e9e8df33f140347a6148ad70ed33.txt,0,0,0,,0,1,1,0,0,,"{""metric"": ""f1"", ""multimodal"": ""arsl""}",2022-02-06T21:10:18,data\raw\ArSL\train\labels\IMG_20210612_205553_jpg.rf.6a04e9e8df33f140347a6148ad70ed33.txt,3f787c7c82e8e803270c0cf732434383a210e44d2c5dc2b2aae475f4a992d588,66
.txt,IMG_20210612_205637_jpg.rf.56cbf385e25db2166108c5e7f1f08115.txt,0,0,0,,0,1,1,0,0,,"{""metric"": ""f1"", ""multimodal"": ""arsl""}",2022-02-06T21:10:18,data\raw\ArSL\train\labels\IMG_20210612_205637_jpg.rf.56cbf385e25db2166108c5e7f1f08115.txt,54315981e20fa7e4185ec1f89e9f67fb97b4ffb4efef826c25dbcc79d87669cb,79
.txt,IMG_20210612_205727_jpg.rf.1e2a2a9758f2f1c74e81e163591b9af8.txt,0,0,0,,0,1,1,0,0,,"{""metric"": ""f1"", ""multimodal"": ""arsl""}",2022-02-06T21:10:18,data\raw\ArSL\train\labels\IMG_20210612_205727_jpg.rf.1e2a2a9758f2f1c74e81e163591b9af8.txt,42e14267d72adec8c602032ff8d77421b7330e870bd5a9763ce5826378e8a657,79
.txt,IMG_20210612_205836_jpg.rf.84fdc91a4f1f6f97fddb3c666d39f780.txt,0,0,0,,0,1,1,0,0,,"{""metric"": ""f1"", ""multimodal"": ""arsl""}",2022-02-06T21:10:18,data\raw\ArSL\train\labels\IMG_20210612_205836_jpg.rf.84fdc91a4f1f6f97fddb3c666d39f780.txt,083a8f9f3d5bb07cc9814c2c7a5be6ee72af5798b41e909323bec9d9ceb55686,63
.txt,IMG_20210612_210032_jpg.rf.79cbaa6a41b16830915091a9767f1f2b.txt,0,0,0,,0,1,1,0,0,,"{""metric"": ""f1"", ""multimodal"": ""arsl""}",2022-02-06T21:10:18,data\raw\ArSL\train\labels\IMG_20210612_210032_jpg.rf.79cbaa6a41b16830915091a9767f1f2b.txt,6fa1b447fdc90fbd5163561e07e31414a1166e34dbd51ce5496ccaa60c7d8f6b,77
.txt,IMG_20210612_210124_jpg.rf.a1f1deef9907b5c04fe07cf95408e067.txt,0,0,0,,0,1,1,0,0,,"{""metric"": ""f1"", ""multimodal"": ""arsl""}",2022-02-06T21:10:18,data\raw\ArSL\train\labels\IMG_20210612_210124_jpg.rf.a1f1deef9907b5c04fe07cf95408e067.txt,9da98250bf5e77b156ef7bb67ac2af17af64540b67528e7c3dd6f1537abf0334,67
.txt,IMG_20210612_210157_jpg.rf.f610c16abef1f99a742c7498f5885922.txt,0,0,0,,0,1,1,0,0,,"{""metric"": ""f1"", ""multimodal"": ""arsl""}",2022-02-06T21:10:18,data\raw\ArSL\train\labels\IMG_20210612_210157_jpg.rf.f610c16abef1f99a742c7498f5885922.txt,a63daab8c84d1a99e490402674a8151210f777dc15befa8b9eac7bd6191bafe4,79
.txt,IMG_20210612_210316_jpg.rf.9f18e6f4a0f522bd0cd2efe197ed3da1.txt,0,0,0,,0,1,1,0,0,,"{""metric"": ""f1"", ""multimodal"": ""arsl""}",2022-02-06T21:10:18,data\raw\ArSL\train\labels\IMG_20210612_210316_jpg.rf.9f18e6f4a0f522bd0cd2efe197ed3da1.txt,91406f85338be87285c8de5d50755a716d3980b8c07689fc8c78c42b522dd6f9,79
.txt,IMG_20210612_210417_jpg.rf.544460d42bdeaf1a663f84118f900e74.txt,0,0,0,,0,1,1,0,0,,"{""metric"": ""f1"", ""multimodal"": ""arsl""}",2022-02-06T21:10:18,data\raw\ArSL\train\labels\IMG_20210612_210417_jpg.rf.544460d42bdeaf1a663f84118f900e74.txt,5299488cc46395bfb5fe5911a44d9f1574bf103f56dcbeefd110655ce1b5e6ff,79
.txt,IMG_20210612_210811_jpg.rf.abf87415290095d491331181f18d95e2.txt,0,0,0,,0,1,1,0,0,,"{""metric"": ""f1"", ""multimodal"": ""arsl""}",2022-02-06T21:10:18,data\raw\ArSL\train\labels\IMG_20210612_210811_jpg.rf.abf87415290095d491331181f18d95e2.txt,54eb9a8a19abe51f3e66ce8e03048e825bae784aa3e784eef7d04c63e3d2e3a6,77
.txt,IMG_20210612_210839_jpg.rf.1da553e8d4740f19326d330ace852425.txt,0,0,0,,0,1,1,0,0,,"{""metric"": ""f1"", ""multimodal"": ""arsl""}",2022-02-06T21:10:18,data\raw\ArSL\train\labels\IMG_20210612_210839_jpg.rf.1da553e8d4740f19326d330ace852425.txt,f2e3d50f80387ac6f2796fa662b071785f0ad7f1d132aa8c3f511b7315c3e82d,69
.txt,IMG_20210612_210842_jpg.rf.6c472a517ffcf1ef922f2a841da3f877.txt,0,0,0,,0,1,1,0,0,,"{""metric"": ""f1"", ""multimodal"": ""arsl""}",2022-02-06T21:10:18,data\raw\ArSL\train\labels\IMG_20210612_210842_jpg.rf.6c472a517ffcf1ef922f2a841da3f877.txt,b726df2a65f282689781643f9cd238dc9ddf6a77313d591cd48ac9b28ff353c2,78
.txt,IMG_20210613_202527_jpg.rf.e6f001788efc4f531ec901198f2df118.txt,0,0,0,,0,1,1,0,0,,"{""metric"": ""f1"", ""multimodal"": ""arsl""}",2022-02-06T21:10:18,data\raw\ArSL\train\labels\IMG_20210613_202527_jpg.rf.e6f001788efc4f531ec901198f2df118.txt,10eeadffbca4a615398ddf043cb33bf1a4c7898d863623256a4e4922d6d5cd00,79
.txt,IMG_20210613_202752_jpg.rf.c8cda948f9a3c53b5b0ff4ae886f1dbf.txt,0,0,0,,0,1,1,0,0,,"{""metric"": ""f1"", ""multimodal"": ""arsl""}",2022-02-06T21:10:18,data\raw\ArSL\train\labels\IMG_20210613_202752_jpg.rf.c8cda948f9a3c53b5b0ff4ae886f1dbf.txt,63e93d4ec0878499895881fd9699db51aed9b482b9db11dfe7d59e7ce57d42ac,79
.txt,IMG_20210614_210414_jpg.rf.1823d5240af1aff697d1bc57a5fc131f.txt,0,0,0,,0,1,1,0,0,,"{""metric"": ""f1"", ""multimodal"": ""arsl""}",2022-02-06T21:10:18,data\raw\ArSL\train\labels\IMG_20210614_210414_jpg.rf.1823d5240af1aff697d1bc57a5fc131f.txt,1d4954241b10e9739ddd852b72b33588387f248995cf4c1a5843ebfbcada96ab,79
.txt,IMG_20210615_162912_jpg.rf.8da673db39b0e1859f1f4ae697b1e78f.txt,0,0,0,,0,1,1,0,0,,"{""metric"": ""f1"", ""multimodal"": ""arsl""}",2022-02-06T21:10:18,data\raw\ArSL\train\labels\IMG_20210615_162912_jpg.rf.8da673db39b0e1859f1f4ae697b1e78f.txt,09c3ea25e78628e94d68e8693bbf55cecfe9dea9d8e241798fee1fcfd311922c,78
.txt,IMG_20210615_163617_jpg.rf.da76359e9949c1b29caa02bcf13093d5.txt,0,0,0,,0,1,1,0,0,,"{""metric"": ""f1"", ""multimodal"": ""arsl""}",2022-02-06T21:10:18,data\raw\ArSL\train\labels\IMG_20210615_163617_jpg.rf.da76359e9949c1b29caa02bcf13093d5.txt,e8daebb37b127dc818945186fcd2e769216f4e00ac6f2f1e00b01c0adeb19181,80
.txt,IMG_20210615_163908_jpg.rf.4d8126757159f1f993550782cd31d822.txt,0,0,0,,0,1,1,0,0,,"{""metric"": ""f1"", ""multimodal"": ""arsl""}",2022-02-06T21:10:18,data\raw\ArSL\train\labels\IMG_20210615_163908_jpg.rf.4d8126757159f1f993550782cd31d822.txt,5cdb6f96be767cb5561f8d2643996481d36faba80991b665c88871d8e1ba6078,78
.txt,IMG_20210615_163916_jpg.rf.54bb340b8708df94040f1da0535f6d01.txt,0,0,0,,0,1,1,0,0,,"{""metric"": ""f1"", ""multimodal"": ""arsl""}",2022-02-06T21:10:18,data\raw\ArSL\train\labels\IMG_20210615_163916_jpg.rf.54bb340b8708df94040f1da0535f6d01.txt,f826794286b915d90c1818cf652cebbc117bd190c2dc83bf08e256a9f75a2e2a,78
.txt,IMG_20210615_164332_jpg.rf.96a3d9def19591014346eefe06796da2.txt,0,0,0,,0,1,1,0,0,,"{""metric"": ""f1"", ""multimodal"": ""arsl""}",2022-02-06T21:10:18,data\raw\ArSL\train\labels\IMG_20210615_164332_jpg.rf.96a3d9def19591014346eefe06796da2.txt,f196984efcd83ec9b6d66c39ecc1bf72b7caeac85de5b72e214f821f4594f5e3,79
.txt,IMG_20210615_164432_jpg.rf.0d8b4243c86318ac169157bf1f69f116.txt,0,0,0,,0,1,1,0,0,,"{""metric"": ""f1"", ""multimodal"": ""arsl""}",2022-02-06T21:10:18,data\raw\ArSL\train\labels\IMG_20210615_164432_jpg.rf.0d8b4243c86318ac169157bf1f69f116.txt,98f915c7469b68938ae05dd85f49d2a2ac710f1fd771671b52c20d11d7351345,78
.txt,IMG_20210615_164504_jpg.rf.cff22a47d4aba37689e40a647757f132.txt,0,0,0,,0,1,1,0,0,,"{""metric"": ""f1"", ""multimodal"": ""arsl""}",2022-02-06T21:10:18,data\raw\ArSL\train\labels\IMG_20210615_164504_jpg.rf.cff22a47d4aba37689e40a647757f132.txt,7a847562a8f85257c9bdcca0d46f5ee102468a6ee2ff5d9e6880226f840664f2,80
.txt,IMG_20210615_165014_jpg.rf.3e4bef1cae08f73afd3d40c7908701cc.txt,0,0,0,,0,1,1,0,0,,"{""metric"": ""f1"", ""multimodal"": ""arsl""}",2022-02-06T21:10:18,data\raw\ArSL\train\labels\IMG_20210615_165014_jpg.rf.3e4bef1cae08f73afd3d40c7908701cc.txt,fb37e8156384af8d986810f38fbbf47ec670213f005de43d94cbbe443f4fa1af,78
.txt,IMG_20210615_200506_jpg.rf.2301cf121f39cc5f6020fb18fa02c5a7.txt,0,0,0,,0,1,1,0,0,,"{""metric"": ""f1"", ""multimodal"": ""arsl""}",2022-02-06T21:10:18,data\raw\ArSL\train\labels\IMG_20210615_200506_jpg.rf.2301cf121f39cc5f6020fb18fa02c5a7.txt,92ee900bd69fba31f8fc38465366ed40957cafb1d1f4f47afd84f60ba6b4b2f9,79
.txt,IMG_20210615_200514_jpg.rf.f946884a506aeca033e4a2f119babf61.txt,0,0,0,,0,1,1,0,0,,"{""metric"": ""f1"", ""multimodal"": ""arsl""}",2022-02-06T21:10:18,data\raw\ArSL\train\labels\IMG_20210615_200514_jpg.rf.f946884a506aeca033e4a2f119babf61.txt,15b8eddc2519c2efcc4937901b07adb100c748716562efdf74ac5decc5b4a796,79
.txt,IMG_20210615_200622_jpg.rf.34d0e0628bbde7a5f17c8f2f88e12745.txt,0,0,0,,0,1,1,0,0,,"{""metric"": ""f1"", ""multimodal"": ""arsl""}",2022-02-06T21:10:18,data\raw\ArSL\train\labels\IMG_20210615_200622_jpg.rf.34d0e0628bbde7a5f17c8f2f88e12745.txt,fd430e2bd469ba037ae33e6400a446179b5ec4c7d71c04f96bac47110a27965a,69
.txt,IMG_20210615_200801_jpg.rf.ff159a10c7707349a0274945e6c1ee05.txt,0,0,0,,0,1,1,0,0,,"{""metric"": ""f1"", ""multimodal"": ""arsl""}",2022-02-06T21:10:18,data\raw\ArSL\train\labels\IMG_20210615_200801_jpg.rf.ff159a10c7707349a0274945e6c1ee05.txt,ad925b799a7b022afd3250e90e8eea36c22f5a4b231f2aceb879ba9625e218be,54
.txt,IMG_20210615_201607_jpg.rf.e6072b3c0adc76ec6e395cf1c7624f4a.txt,0,0,0,,0,1,1,0,0,,"{""metric"": ""f1"", ""multimodal"": ""arsl""}",2022-02-06T21:10:18,data\raw\ArSL\train\labels\IMG_20210615_201607_jpg.rf.e6072b3c0adc76ec6e395cf1c7624f4a.txt,8ad2964ec0d19b3b82e61451a326c1e20cec6a242d4c5ee2becfe11bbf5f46c3,56
.txt,IMG_20210615_201832_jpg.rf.a01e4d5f90682dc12f16c7d57078e170.txt,0,0,0,,0,1,1,0,0,,"{""metric"": ""f1"", ""multimodal"": ""arsl""}",2022-02-06T21:10:18,data\raw\ArSL\train\labels\IMG_20210615_201832_jpg.rf.a01e4d5f90682dc12f16c7d57078e170.txt,1da6c97ad3eead234599f2bca80724366a41b46b1936517da54ba2094e2ef336,66
.txt,IMG_20210615_202005_jpg.rf.16f6c1d55ba882b90f166f60d7db22bc.txt,0,0,0,,0,1,1,0,0,,"{""metric"": ""f1"", ""multimodal"": ""arsl""}",2022-02-06T21:10:18,data\raw\ArSL\train\labels\IMG_20210615_202005_jpg.rf.16f6c1d55ba882b90f166f60d7db22bc.txt,666a52293fe121691120e8d9fe73db8c76be7144c567cdd9dae2b7a193398a1b,68
.txt,IMG_20210615_203253_jpg.rf.04b6ebf07f708a64e303e7003ef13924.txt,0,0,0,,0,1,1,0,0,,"{""metric"": ""f1"", ""multimodal"": ""arsl""}",2022-02-06T21:10:18,data\raw\ArSL\train\labels\IMG_20210615_203253_jpg.rf.04b6ebf07f708a64e303e7003ef13924.txt,0527573e8eb16eb4ae15780c85bec930a1003960b7193c04a711666f47d4b35c,77
.txt,IMG_20210615_210136_jpg.rf.d98837f7672b88ffdc2f142f75f919e2.txt,0,0,0,,0,1,1,0,0,,"{""metric"": ""f1"", ""multimodal"": ""arsl""}",2022-02-06T21:10:18,data\raw\ArSL\train\labels\IMG_20210615_210136_jpg.rf.d98837f7672b88ffdc2f142f75f919e2.txt,57fd695ae397d0b4bac50e38f7eac5053175641cfc81912b9abe481a95a30b5c,77
.txt,IMG_20210615_210457_jpg.rf.cf119d618129255f32a4beeb3dabb371.txt,0,0,0,,0,1,1,0,0,,"{""metric"": ""f1"", ""multimodal"": ""arsl""}",2022-02-06T21:10:18,data\raw\ArSL\train\labels\IMG_20210615_210457_jpg.rf.cf119d618129255f32a4beeb3dabb371.txt,51b96d46af2e23c31527d0824214a96f222e1b5774d829455ca8e1609fd4183f,78
.txt,IMG_20210615_210704_jpg.rf.76ce132271e37bf4274d03d7d3df11a6.txt,0,0,0,,0,1,1,0,0,,"{""metric"": ""f1"", ""multimodal"": ""arsl""}",2022-02-06T21:10:18,data\raw\ArSL\train\labels\IMG_20210615_210704_jpg.rf.76ce132271e37bf4274d03d7d3df11a6.txt,9c4c1914dc626b0727b0f95dc2539ac137c7d1f572a73c024d428c3b30b9bf6e,77
.txt,IMG_20210615_211014_jpg.rf.87f7fafe7415f1a23812638582f69ec1.txt,0,0,0,,0,1,1,0,0,,"{""metric"": ""f1"", ""multimodal"": ""arsl""}",2022-02-06T21:10:18,data\raw\ArSL\train\labels\IMG_20210615_211014_jpg.rf.87f7fafe7415f1a23812638582f69ec1.txt,38191735c85959accda428b9fb5dc6ea7556de1d32c45c00f4a1fa20290fe8c7,78
.txt,IMG_20210615_211039_jpg.rf.df6c553b6f6250d30f10078464b8896b.txt,0,0,0,,0,1,1,0,0,,"{""metric"": ""f1"", ""multimodal"": ""arsl""}",2022-02-06T21:10:18,data\raw\ArSL\train\labels\IMG_20210615_211039_jpg.rf.df6c553b6f6250d30f10078464b8896b.txt,721fe27eb0af6150a9ad27cbfcde1e96e023a4d12d15f5db48592389f86c0752,77
.txt,IMG_20210615_211058_jpg.rf.c1dbb3d8badc168498a905651f1deb56.txt,0,0,0,,0,1,1,0,0,,"{""metric"": ""f1"", ""multimodal"": ""arsl""}",2022-02-06T21:10:18,data\raw\ArSL\train\labels\IMG_20210615_211058_jpg.rf.c1dbb3d8badc168498a905651f1deb56.txt,418e6e0a2cf663226231e4481e6ffa0559648b56eebfb4977bc37dc029dfa8ba,67
.txt,IMG_20210615_211209_jpg.rf.ef2a7e1363f1fd035581c1f941bd5285.txt,0,0,0,,0,1,1,0,0,,"{""metric"": ""f1"", ""multimodal"": ""arsl""}",2022-02-06T21:10:18,data\raw\ArSL\train\labels\IMG_20210615_211209_jpg.rf.ef2a7e1363f1fd035581c1f941bd5285.txt,4fbdcc6593f1972b3c65a8c1427309f7e1216fc0aa8e7040ac38020933ff9e66,79
.txt,IMG_20210615_211259_jpg.rf.ed7e62a6de44c036cc14acfff1b89e8f.txt,0,0,0,,0,1,1,0,0,,"{""metric"": ""f1"", ""multimodal"": ""arsl""}",2022-02-06T21:10:18,data\raw\ArSL\train\labels\IMG_20210615_211259_jpg.rf.ed7e62a6de44c036cc14acfff1b89e8f.txt,53d39524605db1e0645960c27cae381d2b6b4de559ff93c6c8527caaa411e0ba,66
.txt,IMG_20210615_211421_jpg.rf.d8d217db37cf19a424dc679a4ff5e993.txt,0,0,0,,0,1,1,0,0,,"{""metric"": ""f1"", ""multimodal"": ""arsl""}",2022-02-06T21:10:18,data\raw\ArSL\train\labels\IMG_20210615_211421_jpg.rf.d8d217db37cf19a424dc679a4ff5e993.txt,a6c4e4bfb88bfd821ddd4234d10028badbbed9a38252fd375838b273d0d8c074,68
.txt,IMG_20210615_211754_jpg.rf.5367f3fff1c6a3844c00976c7d0baa76.txt,0,0,0,,0,1,1,0,0,,"{""metric"": ""f1"", ""multimodal"": ""arsl""}",2022-02-06T21:10:18,data\raw\ArSL\train\labels\IMG_20210615_211754_jpg.rf.5367f3fff1c6a3844c00976c7d0baa76.txt,d9927239220f51cd35a4892cd782651dd894d5cda3450e747110f314fb7ccac1,78
.txt,IMG_20210615_211907_jpg.rf.cbe9c70fc5067a2ee34950fbb4bc2ef1.txt,0,0,0,,0,1,1,0,0,,"{""metric"": ""f1"", ""multimodal"": ""arsl""}",2022-02-06T21:10:18,data\raw\ArSL\train\labels\IMG_20210615_211907_jpg.rf.cbe9c70fc5067a2ee34950fbb4bc2ef1.txt,c6bdfd9203e74a0049ef922ae847d75a23b6dae5bca0b5720d259a52e9be2ce2,77
.txt,IMG_20210615_212121_jpg.rf.402dd3b63b3f5f9ae285f3a3bbff6f13.txt,0,0,0,,0,1,1,0,0,,"{""metric"": ""f1"", ""multimodal"": ""arsl""}",2022-02-06T21:10:18,data\raw\ArSL\train\labels\IMG_20210615_212121_jpg.rf.402dd3b63b3f5f9ae285f3a3bbff6f13.txt,1184c72b0a001a51ebd461f984d25e639574676250b20fa2f634637ee5276709,80
.txt,IMG_20210615_212321_jpg.rf.f3f1f07d015ae8efed5f3288dd34124e.txt,0,0,0,,0,1,1,0,0,,"{""metric"": ""f1"", ""multimodal"": ""arsl""}",2022-02-06T21:10:18,data\raw\ArSL\train\labels\IMG_20210615_212321_jpg.rf.f3f1f07d015ae8efed5f3288dd34124e.txt,4d23ac825280495aef24bbeaa44af0b796058a41cbedee009a1caa2c0913e960,80
.txt,IMG_20210615_212854_jpg.rf.044f6d5ec61334b6a2039422ca5f1acc.txt,0,0,0,,0,1,1,0,0,,"{""metric"": ""f1"", ""multimodal"": ""arsl""}",2022-02-06T21:10:18,data\raw\ArSL\train\labels\IMG_20210615_212854_jpg.rf.044f6d5ec61334b6a2039422ca5f1acc.txt,530509bac88fe671014c6cdc1d166100db92bc1672a23571c3cd33d4ff2398b7,78
.txt,IMG_20210615_213026_jpg.rf.8f3f139305e80b7e7c37972f6beb383e.txt,0,0,0,,0,1,1,0,0,,"{""metric"": ""f1"", ""multimodal"": ""arsl""}",2022-02-06T21:10:18,data\raw\ArSL\train\labels\IMG_20210615_213026_jpg.rf.8f3f139305e80b7e7c37972f6beb383e.txt,13bd37e5ee5e9a58ba5e1c0f0ca5b3c20dcf7bc32f09be6ef96ceeaaa91263e7,68
.txt,IMG_20210616_001009_jpg.rf.eda19ee0c9cf191181ef347a52b6c941.txt,0,0,0,,0,1,1,0,0,,"{""metric"": ""f1"", ""multimodal"": ""arsl""}",2022-02-06T21:10:18,data\raw\ArSL\train\labels\IMG_20210616_001009_jpg.rf.eda19ee0c9cf191181ef347a52b6c941.txt,2862decaee6f57a989e9a581ff18dd9e2fba52f8762526e4a07e9dc99b7c254e,78
.txt,IMG_20210616_001916_jpg.rf.a02432547669a8c35f18e0e87d1aab3e.txt,0,0,0,,0,1,1,0,0,,"{""metric"": ""f1"", ""multimodal"": ""arsl""}",2022-02-06T21:10:18,data\raw\ArSL\train\labels\IMG_20210616_001916_jpg.rf.a02432547669a8c35f18e0e87d1aab3e.txt,bdc65e8ac3594dc74a1926ab34f701c670e58326e6a91d1ddc5febb976dc4836,77
.txt,IMG_20210616_001945_jpg.rf.f148892959079683ddf1e88549fd394e.txt,0,0,0,,0,1,1,0,0,,"{""metric"": ""f1"", ""multimodal"": ""arsl""}",2022-02-06T21:10:18,data\raw\ArSL\train\labels\IMG_20210616_001945_jpg.rf.f148892959079683ddf1e88549fd394e.txt,2b5031d9a3fa2857ce6ce5fbe53797a03371ddb2c60afd322d9fdf09fb8f3dbb,79
.txt,IMG_20210616_002127_jpg.rf.45b54f1d294d42034fb0794709ee69fd.txt,0,0,0,,0,1,1,0,0,,"{""metric"": ""f1"", ""multimodal"": ""arsl""}",2022-02-06T21:10:18,data\raw\ArSL\train\labels\IMG_20210616_002127_jpg.rf.45b54f1d294d42034fb0794709ee69fd.txt,d406de4be1f05f6e9c046872a3d681f5e5720bb1cfe071ea5a19b81af1cb5de1,78
.txt,IMG_20210616_002331_jpg.rf.06f13a38d4c21108272d8ef0c14f605f.txt,0,0,0,,0,1,1,0,0,,"{""metric"": ""f1"", ""multimodal"": ""arsl""}",2022-02-06T21:10:18,data\raw\ArSL\train\labels\IMG_20210616_002331_jpg.rf.06f13a38d4c21108272d8ef0c14f605f.txt,8f1f1f4764cd84c80a341d4d735b0209d8fc9a7862227b7199b55104724874c6,77
.txt,IMG_20210616_002340_jpg.rf.f18e8554b0f5b51b6f091e71aff7824e.txt,0,0,0,,0,1,1,0,0,,"{""metric"": ""f1"", ""multimodal"": ""arsl""}",2022-02-06T21:10:18,data\raw\ArSL\train\labels\IMG_20210616_002340_jpg.rf.f18e8554b0f5b51b6f091e71aff7824e.txt,e1375dc1cc60976245bb0756c50a0dc7a1c1e6ac29a1f33649912a02a18141f7,58
.txt,IMG_20210616_002448_jpg.rf.26f148886a222c8593321a540a2c812d.txt,0,0,0,,0,1,1,0,0,,"{""metric"": ""f1"", ""multimodal"": ""arsl""}",2022-02-06T21:10:18,data\raw\ArSL\train\labels\IMG_20210616_002448_jpg.rf.26f148886a222c8593321a540a2c812d.txt,16d91c7b20b257d6f7611b2bc4a28f900901adedfa16ed07108bd9926fd99f24,77
.txt,IMG_20210616_002820_jpg.rf.a88d7a7b4fe016811ab91f1e4fa5eb5a.txt,0,0,0,,0,1,1,0,0,,"{""metric"": ""f1"", ""multimodal"": ""arsl""}",2022-02-06T21:10:18,data\raw\ArSL\train\labels\IMG_20210616_002820_jpg.rf.a88d7a7b4fe016811ab91f1e4fa5eb5a.txt,8a84adc5715093d75ba0091c18d633583dd448d9caaa3a99688b422cc4e0e995,78
.txt,IMG_20210616_200605_jpg.rf.712b2d30c3c8bf19807f50e07726faa1.txt,0,0,0,,0,1,1,0,0,,"{""metric"": ""f1"", ""multimodal"": ""arsl""}",2022-02-06T21:10:18,data\raw\ArSL\train\labels\IMG_20210616_200605_jpg.rf.712b2d30c3c8bf19807f50e07726faa1.txt,50f69c6bbffcf09ea403694035938088e83e39380dea747711f88bfebb6f0fe0,57
.txt,IMG_20210616_201001_jpg.rf.d60e5714cab864f1c3ff7281ee715b3d.txt,0,0,0,,0,1,1,0,0,,"{""metric"": ""f1"", ""multimodal"": ""arsl""}",2022-02-06T21:10:18,data\raw\ArSL\train\labels\IMG_20210616_201001_jpg.rf.d60e5714cab864f1c3ff7281ee715b3d.txt,bfd339154b617151e8ca0d78776aefda2cc0e18504afecc8bf41a92b451ae31a,68
.txt,IMG_20210616_201155_jpg.rf.596f774e013ff154dbc24d6e62437842.txt,0,0,0,,0,1,1,0,0,,"{""metric"": ""f1"", ""multimodal"": ""arsl""}",2022-02-06T21:10:18,data\raw\ArSL\train\labels\IMG_20210616_201155_jpg.rf.596f774e013ff154dbc24d6e62437842.txt,ebb64b54e3e6455055e137680bbbc439e0cd67dc1c3403f90b11fcc1a7b20d70,68
.txt,IMG_20210616_201623_jpg.rf.0e8262822f620286517123ff1541080d.txt,0,0,0,,0,1,1,0,0,,"{""metric"": ""f1"", ""multimodal"": ""arsl""}",2022-02-06T21:10:18,data\raw\ArSL\train\labels\IMG_20210616_201623_jpg.rf.0e8262822f620286517123ff1541080d.txt,af6918ae1fd84290bc7b0433b8dd73e02dd7fc9de99d7901772c48e17425f840,77
.txt,IMG_20210616_201904_jpg.rf.01577f10ad48891c89de53c80bdaa2da.txt,0,0,0,,0,1,1,0,0,,"{""metric"": ""f1"", ""multimodal"": ""arsl""}",2022-02-06T21:10:18,data\raw\ArSL\train\labels\IMG_20210616_201904_jpg.rf.01577f10ad48891c89de53c80bdaa2da.txt,09d6db663cc03709ecced11d0dfc6bdd8b05f26563cabd05490a0c145898f77f,79
.txt,IMG_20210616_202348_jpg.rf.4d498c76744abff1fc062b65f52fc251.txt,0,0,0,,0,1,1,0,0,,"{""metric"": ""f1"", ""multimodal"": ""arsl""}",2022-02-06T21:10:18,data\raw\ArSL\train\labels\IMG_20210616_202348_jpg.rf.4d498c76744abff1fc062b65f52fc251.txt,a10f95b8d1c8c2979e314e09839bf102f76990ccfd130777163373f42440fef8,77
.txt,IMG_20210619_000910_jpg.rf.cc2dc5f28307aa203ddff1822b52c6bc.txt,0,0,0,,0,1,1,0,0,,"{""metric"": ""f1"", ""multimodal"": ""arsl""}",2022-02-06T21:10:18,data\raw\ArSL\train\labels\IMG_20210619_000910_jpg.rf.cc2dc5f28307aa203ddff1822b52c6bc.txt,fff4c716abeca2d0b7f9e9e7029287c7efd065ff83f486e6b73cdbb63a3c97bc,66
.txt,IMG_20210619_002211_jpg.rf.ecb2b17f35e99527737365b76f187cd8.txt,0,0,0,,0,1,1,0,0,,"{""metric"": ""f1"", ""multimodal"": ""arsl""}",2022-02-06T21:10:18,data\raw\ArSL\train\labels\IMG_20210619_002211_jpg.rf.ecb2b17f35e99527737365b76f187cd8.txt,9724a6b6d7d2d986da978bed6786997fa73fd6f66a5fb6506f6371d5720a83d9,79
.txt,IMG_20210619_002317_jpg.rf.b8e50beef1d279290ce65f958bfe40f5.txt,0,0,0,,0,1,1,0,0,,"{""metric"": ""f1"", ""multimodal"": ""arsl""}",2022-02-06T21:10:18,data\raw\ArSL\train\labels\IMG_20210619_002317_jpg.rf.b8e50beef1d279290ce65f958bfe40f5.txt,81b8833cf7ef1d8adc96b505b0c89c1acd528f0d5fe2cdc57b24c4d44ef84f0e,77
.txt,IMG_20210619_002912_jpg.rf.4adf7b7d50ecc1ef1405e500690f172c.txt,0,0,0,,0,1,1,0,0,,"{""metric"": ""f1"", ""multimodal"": ""arsl""}",2022-02-06T21:10:18,data\raw\ArSL\train\labels\IMG_20210619_002912_jpg.rf.4adf7b7d50ecc1ef1405e500690f172c.txt,931fb3c533e37a383aff6261263c16cf0a33f29964adc4d8c2b1383e5d27c775,63
.txt,IMG_20210619_002923_jpg.rf.0f11bfbe395764c672b5aa98ea9cc3b9.txt,0,0,0,,0,1,1,0,0,,"{""metric"": ""f1"", ""multimodal"": ""arsl""}",2022-02-06T21:10:18,data\raw\ArSL\train\labels\IMG_20210619_002923_jpg.rf.0f11bfbe395764c672b5aa98ea9cc3b9.txt,a5db45821932ab6483155c2812ca9b89d404ea6c3927d57d4a773300c3cc07e2,78
.txt,IMG_20210619_003424_jpg.rf.237e82f1c5261a9f3eb020027520b3be.txt,0,0,0,,0,1,1,0,0,,"{""metric"": ""f1"", ""multimodal"": ""arsl""}",2022-02-06T21:10:18,data\raw\ArSL\train\labels\IMG_20210619_003424_jpg.rf.237e82f1c5261a9f3eb020027520b3be.txt,c61b8e6627506cb4ff01ae8af5f3c3903d51dd657c06a4a6907153f552dfd5e2,77
.txt,IMG_20210619_003617_jpg.rf.4f141ee134964b6ebb49efdf6e919a7c.txt,0,0,0,,0,1,1,0,0,,"{""metric"": ""f1"", ""multimodal"": ""arsl""}",2022-02-06T21:10:18,data\raw\ArSL\train\labels\IMG_20210619_003617_jpg.rf.4f141ee134964b6ebb49efdf6e919a7c.txt,1691d3627194344a7fa07c24465893653ea965e21b516b7833b8ad211908db9f,59
.txt,IMG_20210619_003658_jpg.rf.6d323f80846c2ae9beeede265b2ff198.txt,0,0,0,,0,1,1,0,0,,"{""metric"": ""f1"", ""multimodal"": ""arsl""}",2022-02-06T21:10:18,data\raw\ArSL\train\labels\IMG_20210619_003658_jpg.rf.6d323f80846c2ae9beeede265b2ff198.txt,dc2db9fb15fd3f34c6b632c82b0ac8942d2058aec6119513e51d9cb34da47b3b,57
.txt,IMG_20210619_003751_jpg.rf.fa919e2ef19efe63d9bbed4374838e1d.txt,0,0,0,,0,1,1,0,0,,"{""metric"": ""f1"", ""multimodal"": ""arsl""}",2022-02-06T21:10:18,data\raw\ArSL\train\labels\IMG_20210619_003751_jpg.rf.fa919e2ef19efe63d9bbed4374838e1d.txt,ee087fa403932944ae0f77b2fd67d725eb4eb25ef2e958acfbb9a907cf5c1112,77
.txt,IMG_20210619_003856_jpg.rf.a39b0dadca85bf1e9d7baf5a26d835df.txt,0,0,0,,0,1,1,0,0,,"{""metric"": ""f1"", ""multimodal"": ""arsl""}",2022-02-06T21:10:18,data\raw\ArSL\train\labels\IMG_20210619_003856_jpg.rf.a39b0dadca85bf1e9d7baf5a26d835df.txt,937e00173093302cb6e97a48c6a19a946feccf22ea9ff1ccf9c38b5a994cd565,77
.txt,IMG_20210619_004003_jpg.rf.d61c2c14c0c14f1297fdab09b1df4369.txt,0,0,0,,0,1,1,0,0,,"{""metric"": ""f1"", ""multimodal"": ""arsl""}",2022-02-06T21:10:18,data\raw\ArSL\train\labels\IMG_20210619_004003_jpg.rf.d61c2c14c0c14f1297fdab09b1df4369.txt,4115bf9c86c4513f73ee1ea52db2ccaa3d1a6ede1340b780e6162bf9e62e6941,79
.txt,IMG_20210619_004123_jpg.rf.95444d0a9f1dbc48c1bee94cc4a19ff2.txt,0,0,0,,0,1,1,0,0,,"{""metric"": ""f1"", ""multimodal"": ""arsl""}",2022-02-06T21:10:18,data\raw\ArSL\train\labels\IMG_20210619_004123_jpg.rf.95444d0a9f1dbc48c1bee94cc4a19ff2.txt,2f235a5ef7f7a1883a3762533af236e04d17babb437950ad5c906459d4ee58b4,78
.txt,IMG_20210619_004708_jpg.rf.89d3d13180b598bf1ab1508bbf156163.txt,0,0,0,,0,1,1,0,0,,"{""metric"": ""f1"", ""multimodal"": ""arsl""}",2022-02-06T21:10:18,data\raw\ArSL\train\labels\IMG_20210619_004708_jpg.rf.89d3d13180b598bf1ab1508bbf156163.txt,4dd43c8c8e944488d08f39ac0dada055964a2c1cbf5c0ad1ea935776790128a4,80
.txt,IMG_20210619_004758_jpg.rf.ee29836f4d55bb321ff669f10458a66d.txt,0,0,0,,0,1,1,0,0,,"{""metric"": ""f1"", ""multimodal"": ""arsl""}",2022-02-06T21:10:18,data\raw\ArSL\train\labels\IMG_20210619_004758_jpg.rf.ee29836f4d55bb321ff669f10458a66d.txt,146114e0862bdea8a80d512e701cd63054d9655fe3c7dbcda5e6e1f043c1bed1,78
.txt,IMG_20210619_004813_jpg.rf.80336e67a0f1d272f268113fd0cc9e1f.txt,0,0,0,,0,1,1,0,0,,"{""metric"": ""f1"", ""multimodal"": ""arsl""}",2022-02-06T21:10:18,data\raw\ArSL\train\labels\IMG_20210619_004813_jpg.rf.80336e67a0f1d272f268113fd0cc9e1f.txt,7cec5fc4ebab456f37b6140bfc5cc42738b4278b2bde4031b2a7e47cfc186380,79
.txt,IMG_20210619_005835_jpg.rf.8d376a00eb8f4ca16e2a5c4d5f18cb9e.txt,0,0,0,,0,1,1,0,0,,"{""metric"": ""f1"", ""multimodal"": ""arsl""}",2022-02-06T21:10:18,data\raw\ArSL\train\labels\IMG_20210619_005835_jpg.rf.8d376a00eb8f4ca16e2a5c4d5f18cb9e.txt,401dfaf4a5498aa8e4efeb7024b8b68aebeec9b5162c3aae44daeb01e9ae9275,80
.txt,IMG_20210619_005913_jpg.rf.e3c4de382562121ff1c6ea8ce39c7e7a.txt,0,0,0,,0,1,1,0,0,,"{""metric"": ""f1"", ""multimodal"": ""arsl""}",2022-02-06T21:10:18,data\raw\ArSL\train\labels\IMG_20210619_005913_jpg.rf.e3c4de382562121ff1c6ea8ce39c7e7a.txt,4f3bec16e268713d7451ba11ec514798a6acc8855b17f0b0284e4e6b83b78900,79
.txt,IMG_20210619_005919_jpg.rf.2d30a8f1d704007fde83517c8cee5be1.txt,0,0,0,,0,1,1,0,0,,"{""metric"": ""f1"", ""multimodal"": ""arsl""}",2022-02-06T21:10:18,data\raw\ArSL\train\labels\IMG_20210619_005919_jpg.rf.2d30a8f1d704007fde83517c8cee5be1.txt,1c2dcd01cf9f55ff599de332408cb09f8050db908090ad8f0005184996dde041,79
.txt,IMG_20210619_010351_jpg.rf.93654a0f153a678eb802f2a29d1f870b.txt,0,0,0,,0,1,1,0,0,,"{""metric"": ""f1"", ""multimodal"": ""arsl""}",2022-02-06T21:10:18,data\raw\ArSL\train\labels\IMG_20210619_010351_jpg.rf.93654a0f153a678eb802f2a29d1f870b.txt,afa1dd4e46cadf10c010ae9e00af8c54384c39523a6fa4b52e82f0a2d2435b06,79
.txt,IMG_20210619_010543_jpg.rf.771aa23b294c3f19b38450e6aa60bf30.txt,0,0,0,,0,1,1,0,0,,"{""metric"": ""f1"", ""multimodal"": ""arsl""}",2022-02-06T21:10:18,data\raw\ArSL\train\labels\IMG_20210619_010543_jpg.rf.771aa23b294c3f19b38450e6aa60bf30.txt,7258571cf720f28d265a673020689427048e283dd4b47732ae8d51bfacf79d56,79
.txt,IMG_20210619_010603_jpg.rf.e8543a2da9f2cee629583ef14fd3fe4c.txt,0,0,0,,0,1,1,0,0,,"{""metric"": ""f1"", ""multimodal"": ""arsl""}",2022-02-06T21:10:18,data\raw\ArSL\train\labels\IMG_20210619_010603_jpg.rf.e8543a2da9f2cee629583ef14fd3fe4c.txt,f63a4956efcc3db9b5ef07c572b824f6adb84507b9698d723951d79e8b136b03,70
.txt,IMG_20210619_011013_jpg.rf.1f1a5ddb681e8881c31ad703d28ef142.txt,0,0,0,,0,1,1,0,0,,"{""metric"": ""f1"", ""multimodal"": ""arsl""}",2022-02-06T21:10:18,data\raw\ArSL\train\labels\IMG_20210619_011013_jpg.rf.1f1a5ddb681e8881c31ad703d28ef142.txt,a8d17ff287299dc7fdfd50ccd1f892679ed80cb52d2190096ee5aa9d101f1f55,79
.txt,IMG_20210619_011302_jpg.rf.7697eceb82f1027a22a0931b067d6eea.txt,0,0,0,,0,1,1,0,0,,"{""metric"": ""f1"", ""multimodal"": ""arsl""}",2022-02-06T21:10:18,data\raw\ArSL\train\labels\IMG_20210619_011302_jpg.rf.7697eceb82f1027a22a0931b067d6eea.txt,f1d61ff2c25953eed8f5d29aee4d011cbd99cef1fd5bc148167b8af67e501cd9,70
.txt,IMG_20210619_011403_jpg.rf.d2afeb7826e10e4adc2ff94966507ef1.txt,0,0,0,,0,1,1,0,0,,"{""metric"": ""f1"", ""multimodal"": ""arsl""}",2022-02-06T21:10:18,data\raw\ArSL\train\labels\IMG_20210619_011403_jpg.rf.d2afeb7826e10e4adc2ff94966507ef1.txt,5b9daa265480fe87fdc29756e2c6ca38a5fd4fc4b7e878c81804ad0fa089d3f4,78
.txt,IMG_20210619_011509_jpg.rf.3e60df1ef50fc4e18554885cb44c7731.txt,0,0,0,,0,1,1,0,0,,"{""metric"": ""f1"", ""multimodal"": ""arsl""}",2022-02-06T21:10:18,data\raw\ArSL\train\labels\IMG_20210619_011509_jpg.rf.3e60df1ef50fc4e18554885cb44c7731.txt,1b7901fe2dd1574f062e4985e99bf472664f182cfc3b5e5b722812ca4087d8de,80
.txt,IMG_20210619_011710_jpg.rf.6f06adfdaec5d8ae478dc4718f12fbd2.txt,0,0,0,,0,1,1,0,0,,"{""metric"": ""f1"", ""multimodal"": ""arsl""}",2022-02-06T21:10:18,data\raw\ArSL\train\labels\IMG_20210619_011710_jpg.rf.6f06adfdaec5d8ae478dc4718f12fbd2.txt,40e84ed1682e64ec792bb7ec3ce269c87d657e66469bad4c1838c045ee7a9d91,70
.txt,IMG_20210619_011738_jpg.rf.42c9f103f992d29d58679853a6f71427.txt,0,0,0,,0,1,1,0,0,,"{""metric"": ""f1"", ""multimodal"": ""arsl""}",2022-02-06T21:10:18,data\raw\ArSL\train\labels\IMG_20210619_011738_jpg.rf.42c9f103f992d29d58679853a6f71427.txt,2d77567da3eb4d81fa6283b50bbaead1909af8e660a6a0efdccddd088e1e4ea7,79
.txt,IMG_20210619_011817_jpg.rf.3fec7654a00f10ff46a59dbde0596b30.txt,0,0,0,,0,1,1,0,0,,"{""metric"": ""f1"", ""multimodal"": ""arsl""}",2022-02-06T21:10:18,data\raw\ArSL\train\labels\IMG_20210619_011817_jpg.rf.3fec7654a00f10ff46a59dbde0596b30.txt,b121d332423b008047599fb8ea417364b9240c2c4ca00e8a182d508ed80605cc,67
.txt,IMG_20210619_012105_jpg.rf.a9b09b08b31e2f8d07b8565a8081eaf1.txt,0,0,0,,0,1,1,0,0,,"{""metric"": ""f1"", ""multimodal"": ""arsl""}",2022-02-06T21:10:18,data\raw\ArSL\train\labels\IMG_20210619_012105_jpg.rf.a9b09b08b31e2f8d07b8565a8081eaf1.txt,fc21b462f64c10ede2539a800f323448d3a46f541ac13d3bc07cbb62959f7ae9,79
.txt,IMG_20210619_012248_jpg.rf.04b5771cfc8f1e618cd50f58047a277f.txt,0,0,0,,0,1,1,0,0,,"{""metric"": ""f1"", ""multimodal"": ""arsl""}",2022-02-06T21:10:18,data\raw\ArSL\train\labels\IMG_20210619_012248_jpg.rf.04b5771cfc8f1e618cd50f58047a277f.txt,bacf26470b9ab7605950c53b12abf6fe9cf8d3fa355a7f1a4473d923a8552b81,79
.txt,IMG_20210619_012335_jpg.rf.234d3f136fab98dd82c488b8b5f6ff99.txt,0,0,0,,0,1,1,0,0,,"{""metric"": ""f1"", ""multimodal"": ""arsl""}",2022-02-06T21:10:18,data\raw\ArSL\train\labels\IMG_20210619_012335_jpg.rf.234d3f136fab98dd82c488b8b5f6ff99.txt,7f7cf9e388e4c9bfe479095c9c21991901f85e02f729ac8609461d0f2ef26908,79
.txt,IMG_20210619_012549_jpg.rf.31e25add6d1cf1212ce1a749efe81caa.txt,0,0,0,,0,1,1,0,0,,"{""metric"": ""f1"", ""multimodal"": ""arsl""}",2022-02-06T21:10:18,data\raw\ArSL\train\labels\IMG_20210619_012549_jpg.rf.31e25add6d1cf1212ce1a749efe81caa.txt,a61f399e0c71f2dad20414f9eb7d3a099bcb2c3270ba77081732c0f76cafd82e,80
.txt,IMG_20210619_012607_jpg.rf.8650fcfcbf1f1b840daa50c9987e24af.txt,0,0,0,,0,1,1,0,0,,"{""metric"": ""f1"", ""multimodal"": ""arsl""}",2022-02-06T21:10:18,data\raw\ArSL\train\labels\IMG_20210619_012607_jpg.rf.8650fcfcbf1f1b840daa50c9987e24af.txt,395e11c14e849c9d7997d654d5aa7affb485f6e814a83246b66524f2a85bd3cc,79
.txt,IMG_20210619_012612_jpg.rf.26779c96b806eb045c8c6b50acf18f19.txt,0,0,0,,0,1,1,0,0,,"{""metric"": ""f1"", ""multimodal"": ""arsl""}",2022-02-06T21:10:18,data\raw\ArSL\train\labels\IMG_20210619_012612_jpg.rf.26779c96b806eb045c8c6b50acf18f19.txt,68cdd15213894bc29ca61455bef4a5ae97489130f9bdf987c3c44cd781736793,80
.txt,IMG_20210619_163436_jpg.rf.4b4fb5de01cfff1be52c4f0d278107dc.txt,0,0,0,,0,1,1,0,0,,"{""metric"": ""f1"", ""multimodal"": ""arsl""}",2022-02-06T21:10:18,data\raw\ArSL\train\labels\IMG_20210619_163436_jpg.rf.4b4fb5de01cfff1be52c4f0d278107dc.txt,b03cd02236da0e4c96fae0a9bba41f8c57660b0542637b2cdde8ea7af055c596,80
.txt,IMG_20210619_163457_jpg.rf.cdc2802163841a8bf14629451b790430.txt,0,0,0,,0,1,1,0,0,,"{""metric"": ""f1"", ""multimodal"": ""arsl""}",2022-02-06T21:10:18,data\raw\ArSL\train\labels\IMG_20210619_163457_jpg.rf.cdc2802163841a8bf14629451b790430.txt,46a44674c3a7ff30586872f00efac417b85a92e62b40e105f7da38092b99ae4e,68
.txt,IMG_20210619_163732_jpg.rf.c72451d007d8b0af1339b2b0bdbd6067.txt,0,0,0,,0,1,1,0,0,,"{""metric"": ""f1"", ""multimodal"": ""arsl""}",2022-02-06T21:10:18,data\raw\ArSL\train\labels\IMG_20210619_163732_jpg.rf.c72451d007d8b0af1339b2b0bdbd6067.txt,44f60a8b9aad03462276ed245a77368920405773c4e4fce6ada537be01fe64ee,80
.txt,IMG_20210619_163749_jpg.rf.2baf1479ad2bf9ee9a649275dc991f43.txt,0,0,0,,0,1,1,0,0,,"{""metric"": ""f1"", ""multimodal"": ""arsl""}",2022-02-06T21:10:18,data\raw\ArSL\train\labels\IMG_20210619_163749_jpg.rf.2baf1479ad2bf9ee9a649275dc991f43.txt,81d610bf59e9c8ceb0f953a1cf90f09a29b2da456b0048ff3c5bf424764fca41,70
.txt,IMG_20210619_163927_jpg.rf.d062d51ab50d7f1e799a3ccca50bfed1.txt,0,0,0,,0,1,1,0,0,,"{""metric"": ""f1"", ""multimodal"": ""arsl""}",2022-02-06T21:10:18,data\raw\ArSL\train\labels\IMG_20210619_163927_jpg.rf.d062d51ab50d7f1e799a3ccca50bfed1.txt,5ff8ba43f38832f0986714c08edf64a82d75500f558058d76b01d987f668d3c1,80
.txt,IMG_20210619_164107_jpg.rf.6e2ba0a2519170cc58f1262a490f59f3.txt,0,0,0,,0,1,1,0,0,,"{""metric"": ""f1"", ""multimodal"": ""arsl""}",2022-02-06T21:10:18,data\raw\ArSL\train\labels\IMG_20210619_164107_jpg.rf.6e2ba0a2519170cc58f1262a490f59f3.txt,e89dfea27ed9ec00554f162cf742ebe25c44c8033fdaa5d3db1d268788c1473a,79
.txt,IMG_20210619_164119_jpg.rf.09939f933114b14548f11b2a610366f2.txt,0,0,0,,0,1,1,0,0,,"{""metric"": ""f1"", ""multimodal"": ""arsl""}",2022-02-06T21:10:18,data\raw\ArSL\train\labels\IMG_20210619_164119_jpg.rf.09939f933114b14548f11b2a610366f2.txt,418680ee55294c44fbd14e205aac2ca22d76aee88b57e1928bc2112d5ef830ad,79
.txt,IMG_20210619_164536_jpg.rf.a1df4bf15406f97fb83c76c8cd9905e6.txt,0,0,0,,0,1,1,0,0,,"{""metric"": ""f1"", ""multimodal"": ""arsl""}",2022-02-06T21:10:18,data\raw\ArSL\train\labels\IMG_20210619_164536_jpg.rf.a1df4bf15406f97fb83c76c8cd9905e6.txt,705a667bde423e66b310381dd96c3f5229d63117f65dada62aa43c1311b09f63,79
.txt,IMG_20210619_164553_jpg.rf.f14d92a0591990e0033d002eff8be75f.txt,0,0,0,,0,1,1,0,0,,"{""metric"": ""f1"", ""multimodal"": ""arsl""}",2022-02-06T21:10:18,data\raw\ArSL\train\labels\IMG_20210619_164553_jpg.rf.f14d92a0591990e0033d002eff8be75f.txt,a94c644475e7bdbb80c0bde77f7e820fe63140f061d2bc43ff587ad67c47c7c3,78
.txt,IMG_20210619_165429_jpg.rf.fcf1bc1ea21340f9b605b0d00eb39a03.txt,0,0,0,,0,1,1,0,0,,"{""metric"": ""f1"", ""multimodal"": ""arsl""}",2022-02-06T21:10:18,data\raw\ArSL\train\labels\IMG_20210619_165429_jpg.rf.fcf1bc1ea21340f9b605b0d00eb39a03.txt,2b4cf60ab560a6fd5abf1a86128861b520a96d1d460bb1c5519ee2537981f6ae,69
.txt,IMG_20210619_165438_jpg.rf.44ebef18d2628f3f497a27bff4fd7424.txt,0,0,0,,0,1,1,0,0,,"{""metric"": ""f1"", ""multimodal"": ""arsl""}",2022-02-06T21:10:18,data\raw\ArSL\train\labels\IMG_20210619_165438_jpg.rf.44ebef18d2628f3f497a27bff4fd7424.txt,e1d9cceae376357255f3ce83a1c52884769f11cf25659de2aea71d825fdeb8ec,78
.txt,IMG_20210619_165955_jpg.rf.afdab5f5b22d3bf641b4a4de83493f1f.txt,0,0,0,,0,1,1,0,0,,"{""metric"": ""f1"", ""multimodal"": ""arsl""}",2022-02-06T21:10:18,data\raw\ArSL\train\labels\IMG_20210619_165955_jpg.rf.afdab5f5b22d3bf641b4a4de83493f1f.txt,779d78bfb49d180c52f8b94996fbfe88044da0c644d3a37f705991399f918cc9,80
.txt,IMG_20210619_170033_jpg.rf.37a9b64bd6647e73af19896fca319e33.txt,0,0,0,,0,1,1,0,0,,"{""metric"": ""f1"", ""multimodal"": ""arsl""}",2022-02-06T21:10:18,data\raw\ArSL\train\labels\IMG_20210619_170033_jpg.rf.37a9b64bd6647e73af19896fca319e33.txt,323b7405270c8b38a733ad25ad040394177a3d68abeb895c6687309a85ccb3ee,67
.txt,IMG_20210619_170134_jpg.rf.d7fafc9b2c96ac90f1b448d85d3b72ca.txt,0,0,0,,0,1,1,0,0,,"{""metric"": ""f1"", ""multimodal"": ""arsl""}",2022-02-06T21:10:18,data\raw\ArSL\train\labels\IMG_20210619_170134_jpg.rf.d7fafc9b2c96ac90f1b448d85d3b72ca.txt,f74700916ebcb1713fe898826206c8223a822936c665c82ef513bf58b29827fc,78
.txt,IMG_20210619_170326_jpg.rf.f4032f126542047f01fc546a57b7fc80.txt,0,0,0,,0,1,1,0,0,,"{""metric"": ""f1"", ""multimodal"": ""arsl""}",2022-02-06T21:10:18,data\raw\ArSL\train\labels\IMG_20210619_170326_jpg.rf.f4032f126542047f01fc546a57b7fc80.txt,e1551eda63a9bf32038dab20f30aeeda56d56f453f2f7b1d4ffeb52b3a1603c0,68
.txt,IMG_20210619_170433_jpg.rf.00373107f89c79190046c9f108844db5.txt,0,0,0,,0,1,1,0,0,,"{""metric"": ""f1"", ""multimodal"": ""arsl""}",2022-02-06T21:10:18,data\raw\ArSL\train\labels\IMG_20210619_170433_jpg.rf.00373107f89c79190046c9f108844db5.txt,f04756f07530e8b5c1b6df7cf7b43f21bef8e6c258715936c62fed9a460d50b8,70
.txt,IMG_20210619_170748_jpg.rf.dfed37e64861f148b9f7502333185620.txt,0,0,0,,0,1,1,0,0,,"{""metric"": ""f1"", ""multimodal"": ""arsl""}",2022-02-06T21:10:18,data\raw\ArSL\train\labels\IMG_20210619_170748_jpg.rf.dfed37e64861f148b9f7502333185620.txt,9135cbacc08e939f12010faa403cff609a389d750c57e328c187102d35848590,80
.txt,IMG_20210622_094624_jpg.rf.e757601c0a9f19049a02a6b0e279e110.txt,0,0,0,,0,1,1,0,0,,"{""metric"": ""f1"", ""multimodal"": ""arsl""}",2022-02-06T21:10:18,data\raw\ArSL\train\labels\IMG_20210622_094624_jpg.rf.e757601c0a9f19049a02a6b0e279e110.txt,b764a280447ca325c114f3962f6f1f85f52b416ee47cca1f0d96d1ee921e98f0,78
.txt,IMG_20210622_095048_jpg.rf.c0fef1be3499fd948aa1d47ebfb5d6c4.txt,0,0,0,,0,1,1,0,0,,"{""metric"": ""f1"", ""multimodal"": ""arsl""}",2022-02-06T21:10:18,data\raw\ArSL\train\labels\IMG_20210622_095048_jpg.rf.c0fef1be3499fd948aa1d47ebfb5d6c4.txt,e5a4e015e7b92f53f2dfaf661daa39de09c9ca789208683e8089ac2ce3556f34,64
.txt,IMG_20210622_095348_jpg.rf.6e05e5f1739e49f63d2517e6e1ea32b9.txt,0,0,0,,0,1,1,0,0,,"{""metric"": ""f1"", ""multimodal"": ""arsl""}",2022-02-06T21:10:18,data\raw\ArSL\train\labels\IMG_20210622_095348_jpg.rf.6e05e5f1739e49f63d2517e6e1ea32b9.txt,26480e1bafc8d1bb0aef29e6753786098745b3d261932ffeae72b19c1c7aeeae,78
.txt,IMG_20210622_100007_jpg.rf.028919173be9174b5c319f1911f1e53b.txt,0,0,0,,0,1,1,0,0,,"{""metric"": ""f1"", ""multimodal"": ""arsl""}",2022-02-06T21:10:18,data\raw\ArSL\train\labels\IMG_20210622_100007_jpg.rf.028919173be9174b5c319f1911f1e53b.txt,35c6c104ed62b6440d46dd16fa21c4c2b7b6a2df43746efcf0387ed00a6c78f5,80
.txt,IMG_20210622_100023_jpg.rf.8360b10b23b52899d99e2907f1d66340.txt,0,0,0,,0,1,1,0,0,,"{""metric"": ""f1"", ""multimodal"": ""arsl""}",2022-02-06T21:10:18,data\raw\ArSL\train\labels\IMG_20210622_100023_jpg.rf.8360b10b23b52899d99e2907f1d66340.txt,ffe855a624ed7cc52dcddb62701707e6cc510c0025c1ed9bed2d5487531109a5,80
.txt,IMG_20210622_100453_jpg.rf.59c8e37f1fd037ce41eb15649d19f9ff.txt,0,0,0,,0,1,1,0,0,,"{""metric"": ""f1"", ""multimodal"": ""arsl""}",2022-02-06T21:10:18,data\raw\ArSL\train\labels\IMG_20210622_100453_jpg.rf.59c8e37f1fd037ce41eb15649d19f9ff.txt,d9b16d19c6384dfffd719378e339753ba8bc78a56dfedd61f5221a9c025ff884,79
.txt,IMG_20210622_100519_jpg.rf.30185133570b6154b7bf120b61125e3f.txt,0,0,0,,0,1,1,0,0,,"{""metric"": ""f1"", ""multimodal"": ""arsl""}",2022-02-06T21:10:18,data\raw\ArSL\train\labels\IMG_20210622_100519_jpg.rf.30185133570b6154b7bf120b61125e3f.txt,126cf5c84236556f7f6334a06b49e48762824cec42539ec2e5f8fa9c36f08824,66
.txt,IMG_20210622_100632_jpg.rf.e2b833c255dbc8b847571dad46e1d6f1.txt,0,0,0,,0,1,1,0,0,,"{""metric"": ""f1"", ""multimodal"": ""arsl""}",2022-02-06T21:10:18,data\raw\ArSL\train\labels\IMG_20210622_100632_jpg.rf.e2b833c255dbc8b847571dad46e1d6f1.txt,c3ed20d735dca82142a3ca6b6a053421fc52d22eb875e647193b866e69b753ba,64
.txt,IMG_20210622_100739_jpg.rf.8ce9eae7f11fd7c47701884a64930359.txt,0,0,0,,0,1,1,0,0,,"{""metric"": ""f1"", ""multimodal"": ""arsl""}",2022-02-06T21:10:18,data\raw\ArSL\train\labels\IMG_20210622_100739_jpg.rf.8ce9eae7f11fd7c47701884a64930359.txt,e2d16049207086c23c56fea009c3355021e9c08022428d7a97ff78d845c42406,70
.txt,IMG_20210622_100838_jpg.rf.eef97be507f1258baee7925d2215c37f.txt,0,0,0,,0,1,1,0,0,,"{""metric"": ""f1"", ""multimodal"": ""arsl""}",2022-02-06T21:10:18,data\raw\ArSL\train\labels\IMG_20210622_100838_jpg.rf.eef97be507f1258baee7925d2215c37f.txt,668ccd6a91809d1c868df81ad3c8cf82f98c505d36a8a647911b26e90eb916c1,80
.txt,IMG_20210622_101809_jpg.rf.4a47f1005257e70c055e5f06fe9d986c.txt,0,0,0,,0,1,1,0,0,,"{""metric"": ""f1"", ""multimodal"": ""arsl""}",2022-02-06T21:10:18,data\raw\ArSL\train\labels\IMG_20210622_101809_jpg.rf.4a47f1005257e70c055e5f06fe9d986c.txt,6c8483899f1038b5c29aa22e82a7441f9ad100746468800c7657b5f0289ab28b,80
.txt,IMG_20210622_101853_jpg.rf.e2df141bfc19dc85a407c98a3005a9b0.txt,0,0,0,,0,1,1,0,0,,"{""metric"": ""f1"", ""multimodal"": ""arsl""}",2022-02-06T21:10:18,data\raw\ArSL\train\labels\IMG_20210622_101853_jpg.rf.e2df141bfc19dc85a407c98a3005a9b0.txt,e39fa93ca7a6b0ac2596df904736f16a7d05cb105b848eeccb7139d56faf82ad,65
.txt,IMG_20210622_101909_jpg.rf.3405eaaf60088f16480d830590b282bb.txt,0,0,0,,0,1,1,0,0,,"{""metric"": ""f1"", ""multimodal"": ""arsl""}",2022-02-06T21:10:18,data\raw\ArSL\train\labels\IMG_20210622_101909_jpg.rf.3405eaaf60088f16480d830590b282bb.txt,2ab1ca816fb7920b0d9a8a7f5fc8e700e75909ca8f6c0994760a75ba3fa28341,78
.txt,IMG_20210622_101945_jpg.rf.3f0f25cdb566dd2342dd3660f1987c9b.txt,0,0,0,,0,1,1,0,0,,"{""metric"": ""f1"", ""multimodal"": ""arsl""}",2022-02-06T21:10:18,data\raw\ArSL\train\labels\IMG_20210622_101945_jpg.rf.3f0f25cdb566dd2342dd3660f1987c9b.txt,e04f9a04b8928fe0d7010687c0f408c813449c089bbd8510b61093920b530606,68
.txt,IMG_20210622_101953_jpg.rf.2bf255663a5773a9e2336a3f10c435dd.txt,0,0,0,,0,1,1,0,0,,"{""metric"": ""f1"", ""multimodal"": ""arsl""}",2022-02-06T21:10:18,data\raw\ArSL\train\labels\IMG_20210622_101953_jpg.rf.2bf255663a5773a9e2336a3f10c435dd.txt,02d5f47c48d58c9435131fc48a0792f8949412843326c1ecdb2824f5aa6d01e7,65
.txt,IMG_20210622_102249_jpg.rf.97e8e139b2645964876f10df30409ccc.txt,0,0,0,,0,1,1,0,0,,"{""metric"": ""f1"", ""multimodal"": ""arsl""}",2022-02-06T21:10:18,data\raw\ArSL\train\labels\IMG_20210622_102249_jpg.rf.97e8e139b2645964876f10df30409ccc.txt,7e0dd831f505fd6bdd2fc7bb962d0ea2c56d2c7ef46d7b3b215e15331d45f6fb,57
.txt,IMG_20210622_102731_jpg.rf.79830cbddd8dceccd37f12648448f5f9.txt,0,0,0,,0,1,1,0,0,,"{""metric"": ""f1"", ""multimodal"": ""arsl""}",2022-02-06T21:10:18,data\raw\ArSL\train\labels\IMG_20210622_102731_jpg.rf.79830cbddd8dceccd37f12648448f5f9.txt,27cbc0d558a0ce0c3eb231834df97357956b3c0ed2eb231bca89c48b10946423,80
.txt,IMG_20210622_102856_jpg.rf.fbfba82a8f776ca6b4bfaebf9f19c010.txt,0,0,0,,0,1,1,0,0,,"{""metric"": ""f1"", ""multimodal"": ""arsl""}",2022-02-06T21:10:18,data\raw\ArSL\train\labels\IMG_20210622_102856_jpg.rf.fbfba82a8f776ca6b4bfaebf9f19c010.txt,d6c9b2aed0420e5fe82fd8de98b40507f25d8c547113f5c69a4f6b218df40aa6,79
.txt,IMG_20210622_102900_jpg.rf.ba8db492afaf19c77bd9564c47da0b6e.txt,0,0,0,,0,1,1,0,0,,"{""metric"": ""f1"", ""multimodal"": ""arsl""}",2022-02-06T21:10:18,data\raw\ArSL\train\labels\IMG_20210622_102900_jpg.rf.ba8db492afaf19c77bd9564c47da0b6e.txt,9f8d2f7d978692218e18890c8cdcf3aca44dab3c316015974459e7648f3de0a4,67
.txt,IMG_20210622_102941_jpg.rf.ba37175d17171ee6cbf1ca8604519f27.txt,0,0,0,,0,1,1,0,0,,"{""metric"": ""f1"", ""multimodal"": ""arsl""}",2022-02-06T21:10:18,data\raw\ArSL\train\labels\IMG_20210622_102941_jpg.rf.ba37175d17171ee6cbf1ca8604519f27.txt,e04a5d89399c24ebe7c382b56e2c8f41600c44c3646948bb0b61b79f4187f308,70
.txt,IMG_20210622_103121_jpg.rf.a3d22894c85507439294f9e965a29f1a.txt,0,0,0,,0,1,1,0,0,,"{""metric"": ""f1"", ""multimodal"": ""arsl""}",2022-02-06T21:10:18,data\raw\ArSL\train\labels\IMG_20210622_103121_jpg.rf.a3d22894c85507439294f9e965a29f1a.txt,a1963e5cf1bade55b1f9ee236bf6847d74aace42b416f9112badd4b583d97841,79
.txt,IMG_20210622_103128_jpg.rf.961c0aa85ee8ef489fcb66f1324a2bc0.txt,0,0,0,,0,1,1,0,0,,"{""metric"": ""f1"", ""multimodal"": ""arsl""}",2022-02-06T21:10:18,data\raw\ArSL\train\labels\IMG_20210622_103128_jpg.rf.961c0aa85ee8ef489fcb66f1324a2bc0.txt,6af3ae7cd7cab37d5bd09354def0422cdf6e6b9fd6718b2f689cfa4eec7528ee,79
.txt,IMG_20210622_103135_jpg.rf.f109b67c17a02a9b4cd210ae37ab15e9.txt,0,0,0,,0,1,1,0,0,,"{""metric"": ""f1"", ""multimodal"": ""arsl""}",2022-02-06T21:10:18,data\raw\ArSL\train\labels\IMG_20210622_103135_jpg.rf.f109b67c17a02a9b4cd210ae37ab15e9.txt,089277a2db81ed3626c26428ea761ddf4e5d074b7b2e28571b2de486ac1676cd,67
.txt,IMG_20210622_103501_jpg.rf.ebf11488058c9e3ba5113d9d09391585.txt,0,0,0,,0,1,1,0,0,,"{""metric"": ""f1"", ""multimodal"": ""arsl""}",2022-02-06T21:10:18,data\raw\ArSL\train\labels\IMG_20210622_103501_jpg.rf.ebf11488058c9e3ba5113d9d09391585.txt,10835a8d8a802ee2199d14e1543d2866907359a92c9cdf9b51c83c75f0924774,80
.txt,IMG_20210622_103515_jpg.rf.34f1277228262bc09c2e96017686fe8b.txt,0,0,0,,0,1,1,0,0,,"{""metric"": ""f1"", ""multimodal"": ""arsl""}",2022-02-06T21:10:18,data\raw\ArSL\train\labels\IMG_20210622_103515_jpg.rf.34f1277228262bc09c2e96017686fe8b.txt,438bf1f051c147fd032e252c7526dc14a13ae799a8c3941291ff29106f7bcfd7,79
.txt,IMG_20210623_134450_jpg.rf.f1b7e7537b814c0a090016a4ecc194ec.txt,0,0,0,,0,1,1,0,0,,"{""metric"": ""f1"", ""multimodal"": ""arsl""}",2022-02-06T21:10:18,data\raw\ArSL\train\labels\IMG_20210623_134450_jpg.rf.f1b7e7537b814c0a090016a4ecc194ec.txt,d5ca490c17288712fd317645f926cdb4b48373cc139a66f404cad28264b36600,68
.txt,IMG_20210623_134610_jpg.rf.bb4f21e83c8f1839633f159609ada0c9.txt,0,0,0,,0,1,1,0,0,,"{""metric"": ""f1"", ""multimodal"": ""arsl""}",2022-02-06T21:10:18,data\raw\ArSL\train\labels\IMG_20210623_134610_jpg.rf.bb4f21e83c8f1839633f159609ada0c9.txt,52f5af12d84717c3dc1a321addc636cd5ca00b221a30080975e994ca1aad7faf,78
.txt,IMG_20210623_135002_jpg.rf.52fa777a6bada70fb28d88f148fa8b76.txt,0,0,0,,0,1,1,0,0,,"{""metric"": ""f1"", ""multimodal"": ""arsl""}",2022-02-06T21:10:18,data\raw\ArSL\train\labels\IMG_20210623_135002_jpg.rf.52fa777a6bada70fb28d88f148fa8b76.txt,977f41c75b8bbb418c96abb37b18fbc00c0a6c5b03b86e964924cfcdc65ef53e,78
.txt,IMG_20210623_135130_jpg.rf.b37234aedc6893abd254d61129f19f88.txt,0,0,0,,0,1,1,0,0,,"{""metric"": ""f1"", ""multimodal"": ""arsl""}",2022-02-06T21:10:18,data\raw\ArSL\train\labels\IMG_20210623_135130_jpg.rf.b37234aedc6893abd254d61129f19f88.txt,af36feb1553d1fd382233d4ce89a88058d0519c1bf9ee24f0ce5f942a62e8d2b,69
.txt,IMG_20210623_135225_jpg.rf.f196bdcbd4b0aac2df2038c5dae0901b.txt,0,0,0,,0,1,1,0,0,,"{""metric"": ""f1"", ""multimodal"": ""arsl""}",2022-02-06T21:10:18,data\raw\ArSL\train\labels\IMG_20210623_135225_jpg.rf.f196bdcbd4b0aac2df2038c5dae0901b.txt,b32c7339f788146c54f53a691c91c08c38ba003773858bfde9dac146bd30c47a,68
.txt,IMG_20210623_135244_jpg.rf.a5c2cce89fa22b339f1c3d982e2cbbe6.txt,0,0,0,,0,1,1,0,0,,"{""metric"": ""f1"", ""multimodal"": ""arsl""}",2022-02-06T21:10:18,data\raw\ArSL\train\labels\IMG_20210623_135244_jpg.rf.a5c2cce89fa22b339f1c3d982e2cbbe6.txt,f873110b561e530caaf9e5a92713bb93d41058cb7fb4ec696b97bb298903d93e,79
.txt,IMG_20210623_135653_jpg.rf.0a3a70f8cce7db144f1d81b7f8a64847.txt,0,0,0,,0,1,1,0,0,,"{""metric"": ""f1"", ""multimodal"": ""arsl""}",2022-02-06T21:10:18,data\raw\ArSL\train\labels\IMG_20210623_135653_jpg.rf.0a3a70f8cce7db144f1d81b7f8a64847.txt,9b6223ed7078d9b70f28857868ea3df5f308dc82d411c4a100b618473fac121f,69
.txt,IMG_20210623_135816_jpg.rf.646e5edeaaa2ae3ec85a82bc0f1e87ef.txt,0,0,0,,0,1,1,0,0,,"{""metric"": ""f1"", ""multimodal"": ""arsl""}",2022-02-06T21:10:18,data\raw\ArSL\train\labels\IMG_20210623_135816_jpg.rf.646e5edeaaa2ae3ec85a82bc0f1e87ef.txt,e7e3c2b73e67b21d5fed6d531a26e12d7116dc6a7e78a39ff5045eb412507623,78
.txt,IMG_20210623_135822_jpg.rf.2cfb0cbc07719a7b3abef2b2afccf15b.txt,0,0,0,,0,1,1,0,0,,"{""metric"": ""f1"", ""multimodal"": ""arsl""}",2022-02-06T21:10:18,data\raw\ArSL\train\labels\IMG_20210623_135822_jpg.rf.2cfb0cbc07719a7b3abef2b2afccf15b.txt,60aad926c5010a444e9aead85972096ad88b1cdce554c3654903403ba8c0fdd7,70
.txt,IMG_20210623_140032_jpg.rf.67de441eca9964c13fc27b4f111d7018.txt,0,0,0,,0,1,1,0,0,,"{""metric"": ""f1"", ""multimodal"": ""arsl""}",2022-02-06T21:10:18,data\raw\ArSL\train\labels\IMG_20210623_140032_jpg.rf.67de441eca9964c13fc27b4f111d7018.txt,2fbc362bf777a84271362f76b4c5f5676477e99aa1d67ad37200ac924d607ba2,80
.txt,IMG_20210623_140126_jpg.rf.58ff6bdf4464a504bc87daf7a92af117.txt,0,0,0,,0,1,1,0,0,,"{""metric"": ""f1"", ""multimodal"": ""arsl""}",2022-02-06T21:10:18,data\raw\ArSL\train\labels\IMG_20210623_140126_jpg.rf.58ff6bdf4464a504bc87daf7a92af117.txt,34b0032e004fcc66f7c170478f09c97bde54cc476b8d14160f93910c5c1d0891,68
.txt,IMG_20210623_140143_jpg.rf.ab4f1be65a05ce828a48a99a686d455d.txt,0,0,0,,0,1,1,0,0,,"{""metric"": ""f1"", ""multimodal"": ""arsl""}",2022-02-06T21:10:18,data\raw\ArSL\train\labels\IMG_20210623_140143_jpg.rf.ab4f1be65a05ce828a48a99a686d455d.txt,53317c2063e17477dcd2ee4982d6184deb9d5c6c3d0e33a34934f02030df8617,78
.txt,IMG_20210623_140159_jpg.rf.6647f1184ad48a9030986b8a6aba01a0.txt,0,0,0,,0,1,1,0,0,,"{""metric"": ""f1"", ""multimodal"": ""arsl""}",2022-02-06T21:10:18,data\raw\ArSL\train\labels\IMG_20210623_140159_jpg.rf.6647f1184ad48a9030986b8a6aba01a0.txt,d263d6bc73e978c960f3d18bde8946e6c774b4a0f46d0ac0e9e43106914a8d8d,80
.txt,IMG_20210623_140247_jpg.rf.8819f1b41d50a666872f21a4374e09e9.txt,0,0,0,,0,1,1,0,0,,"{""metric"": ""f1"", ""multimodal"": ""arsl""}",2022-02-06T21:10:18,data\raw\ArSL\train\labels\IMG_20210623_140247_jpg.rf.8819f1b41d50a666872f21a4374e09e9.txt,61beaa5cb19f53e62322085c7b23e85f6b0d6be589ea12855dbb2d5dd23f7029,79
.txt,IMG_20210623_160159_jpg.rf.eb10312a4f1bafb115ad4703250775de.txt,0,0,0,,0,1,1,0,0,,"{""metric"": ""f1"", ""multimodal"": ""arsl""}",2022-02-06T21:10:18,data\raw\ArSL\train\labels\IMG_20210623_160159_jpg.rf.eb10312a4f1bafb115ad4703250775de.txt,a710e3b61d0b5dd899574dda7549eb8c72182e2af3f6064a4af3f125d17e7c1a,77
.txt,IMG_20210623_160313_jpg.rf.28e97a868c2d6f15f1c9f8a5b5d213d3.txt,0,0,0,,0,1,1,0,0,,"{""metric"": ""f1"", ""multimodal"": ""arsl""}",2022-02-06T21:10:18,data\raw\ArSL\train\labels\IMG_20210623_160313_jpg.rf.28e97a868c2d6f15f1c9f8a5b5d213d3.txt,4e0a9f9b42c372fb57f7dfd76f743e6cdf3054cd26f79022abd6ad0f989dd734,68
.txt,IMG_20210623_160335_jpg.rf.95368d3063aa9a931d76f146b06b9259.txt,0,0,0,,0,1,1,0,0,,"{""metric"": ""f1"", ""multimodal"": ""arsl""}",2022-02-06T21:10:18,data\raw\ArSL\train\labels\IMG_20210623_160335_jpg.rf.95368d3063aa9a931d76f146b06b9259.txt,0342ee3142364b2a16cf302056c58e840da862d3e497e83ef00c8e0f6de50352,78
.txt,IMG_20210623_160401_jpg.rf.ab5dfce418c4961c01db26319651f1fe.txt,0,0,0,,0,1,1,0,0,,"{""metric"": ""f1"", ""multimodal"": ""arsl""}",2022-02-06T21:10:18,data\raw\ArSL\train\labels\IMG_20210623_160401_jpg.rf.ab5dfce418c4961c01db26319651f1fe.txt,da37d26626026108f4377043d83704a4a9d679bac59542075e0369cca08a871c,77
.txt,IMG_20210623_160510_jpg.rf.bc05006f1a0525fda105eeb690b4486f.txt,0,0,0,,0,1,1,0,0,,"{""metric"": ""f1"", ""multimodal"": ""arsl""}",2022-02-06T21:10:18,data\raw\ArSL\train\labels\IMG_20210623_160510_jpg.rf.bc05006f1a0525fda105eeb690b4486f.txt,e7d084c3902b64cace8898a192d32a2e9fbd401b12eed01e3935b99749201da1,67
.txt,IMG_20210623_160537_jpg.rf.c100aaf834126a70d73206863f1c5cfa.txt,0,0,0,,0,1,1,0,0,,"{""metric"": ""f1"", ""multimodal"": ""arsl""}",2022-02-06T21:10:18,data\raw\ArSL\train\labels\IMG_20210623_160537_jpg.rf.c100aaf834126a70d73206863f1c5cfa.txt,4787f10f0752cde6552d79868f580f9d4990b5011ab536fe4f4544891b2ae421,68
.txt,IMG_20210623_160608_jpg.rf.79f17f23084f424c84b2c6424ef77a77.txt,0,0,0,,0,1,1,0,0,,"{""metric"": ""f1"", ""multimodal"": ""arsl""}",2022-02-06T21:10:18,data\raw\ArSL\train\labels\IMG_20210623_160608_jpg.rf.79f17f23084f424c84b2c6424ef77a77.txt,47e0c7fe1d78313f1b7a3d12c36d4ebed57a81af87b014c74062e1ea85d6be2c,79
.txt,IMG_20210623_160637_jpg.rf.621f5f5e1b80ef12ad42d8217b8e2868.txt,0,0,0,,0,1,1,0,0,,"{""metric"": ""f1"", ""multimodal"": ""arsl""}",2022-02-06T21:10:18,data\raw\ArSL\train\labels\IMG_20210623_160637_jpg.rf.621f5f5e1b80ef12ad42d8217b8e2868.txt,76e47cbdc932b175a68bcf8d4fbbcae067223c612f344c0f58f0b690f5650e52,78
.txt,IMG_20210623_161114_jpg.rf.f10be3ab18039135a86406bf06cc73eb.txt,0,0,0,,0,1,1,0,0,,"{""metric"": ""f1"", ""multimodal"": ""arsl""}",2022-02-06T21:10:18,data\raw\ArSL\train\labels\IMG_20210623_161114_jpg.rf.f10be3ab18039135a86406bf06cc73eb.txt,09f4ef43b5ed543247353dc965f7d6a7934b47e9243e95e2640292edfeb91976,79
.txt,IMG_20210623_161141_jpg.rf.f1723dd31852acd5ff472988a22c10c9.txt,0,0,0,,0,1,1,0,0,,"{""metric"": ""f1"", ""multimodal"": ""arsl""}",2022-02-06T21:10:18,data\raw\ArSL\train\labels\IMG_20210623_161141_jpg.rf.f1723dd31852acd5ff472988a22c10c9.txt,5624682f0713e2e976105d7b9ce5df88de5d7267f49099b7e522fd2b22682eb0,79
.txt,IMG_20210623_161347_jpg.rf.75380a4843fbe26ba881af1a4c4cd358.txt,0,0,0,,0,1,1,0,0,,"{""metric"": ""f1"", ""multimodal"": ""arsl""}",2022-02-06T21:10:18,data\raw\ArSL\train\labels\IMG_20210623_161347_jpg.rf.75380a4843fbe26ba881af1a4c4cd358.txt,92182a32fa90e145129c4a90efe477b8c9e70e3b6f161f20562596822a8b5d21,78
.txt,IMG_20210623_161350_jpg.rf.0061183de01183d716f1faf0f03f5ffc.txt,0,0,0,,0,1,1,0,0,,"{""metric"": ""f1"", ""multimodal"": ""arsl""}",2022-02-06T21:10:18,data\raw\ArSL\train\labels\IMG_20210623_161350_jpg.rf.0061183de01183d716f1faf0f03f5ffc.txt,55f0c9a3bf99515fd32e676700b9bdb95529f193581a739ec9bb9e4d7864d036,77
.txt,IMG_20210623_161401_jpg.rf.f85b5d3c41df963df1e71fca7e307def.txt,0,0,0,,0,1,1,0,0,,"{""metric"": ""f1"", ""multimodal"": ""arsl""}",2022-02-06T21:10:18,data\raw\ArSL\train\labels\IMG_20210623_161401_jpg.rf.f85b5d3c41df963df1e71fca7e307def.txt,f1fe6476bcce145012785008a2b9a990c99fa37e57bd761fe4ff0ce62818aa87,67
.txt,IMG_20210623_161503_jpg.rf.3f1ba0ab317e5f8a0450d9dacec30761.txt,0,0,0,,0,1,1,0,0,,"{""metric"": ""f1"", ""multimodal"": ""arsl""}",2022-02-06T21:10:18,data\raw\ArSL\train\labels\IMG_20210623_161503_jpg.rf.3f1ba0ab317e5f8a0450d9dacec30761.txt,96914f9661946fd124aa4f9e983e20f9a2d3dce54a594ac692e327fbc2281f2c,79
.txt,IMG_20210623_161740_jpg.rf.9f26f1c8d81255fcf82b0fb52523af08.txt,0,0,0,,0,1,1,0,0,,"{""metric"": ""f1"", ""multimodal"": ""arsl""}",2022-02-06T21:10:18,data\raw\ArSL\train\labels\IMG_20210623_161740_jpg.rf.9f26f1c8d81255fcf82b0fb52523af08.txt,3a0fb8e9312b564776523bc0e84303728081f4b8ef0b050820cf10fa43644f07,80
.txt,IMG_20210623_162040_jpg.rf.9de7ac0016f1056110913cc9c2f1ee51.txt,0,0,0,,0,1,1,0,0,,"{""metric"": ""f1"", ""multimodal"": ""arsl""}",2022-02-06T21:10:18,data\raw\ArSL\train\labels\IMG_20210623_162040_jpg.rf.9de7ac0016f1056110913cc9c2f1ee51.txt,6079f7888351a80e7b642590f3f72b9f3f0152da191d53de0efff72a22407bd0,69
.txt,IMG_20210623_162338_jpg.rf.31ee689e7d97489f2a5dbf4bb35bf195.txt,0,0,0,,0,1,1,0,0,,"{""metric"": ""f1"", ""multimodal"": ""arsl""}",2022-02-06T21:10:18,data\raw\ArSL\train\labels\IMG_20210623_162338_jpg.rf.31ee689e7d97489f2a5dbf4bb35bf195.txt,84bccb4fdefab10cb3d857bd479ff611c4d656469c90d518b5e3a3031a276dea,79
.txt,IMG_20210623_162558_jpg.rf.71b4492a99a7939346f15e47b1eeeac7.txt,0,0,0,,0,1,1,0,0,,"{""metric"": ""f1"", ""multimodal"": ""arsl""}",2022-02-06T21:10:18,data\raw\ArSL\train\labels\IMG_20210623_162558_jpg.rf.71b4492a99a7939346f15e47b1eeeac7.txt,a0a948ba1d1510a7df53605c7cbf90405ea60ab750fdc62c36f733207c4d0abc,80
.txt,IMG_20210623_162715_jpg.rf.1450127f1256d4017b7fd7a0eb5522e2.txt,0,0,0,,0,1,1,0,0,,"{""metric"": ""f1"", ""multimodal"": ""arsl""}",2022-02-06T21:10:18,data\raw\ArSL\train\labels\IMG_20210623_162715_jpg.rf.1450127f1256d4017b7fd7a0eb5522e2.txt,ca8d06ae72f662538dca06834f8ccbc043dcaf1d4ba44738774817d7c647e91a,79
.txt,IMG_20210623_162944_jpg.rf.5360bde8cdd8943bd41fdcbd03f10b99.txt,0,0,0,,0,1,1,0,0,,"{""metric"": ""f1"", ""multimodal"": ""arsl""}",2022-02-06T21:10:18,data\raw\ArSL\train\labels\IMG_20210623_162944_jpg.rf.5360bde8cdd8943bd41fdcbd03f10b99.txt,e3f7bcc81a624fa2f4ede050e3d5ffa64772aa8d4951d71a7cc2278f7a109f6d,78
.txt,IMG_20210623_163050_jpg.rf.d9189b18cef1cef367ed7e19ca2446ce.txt,0,0,0,,0,1,1,0,0,,"{""metric"": ""f1"", ""multimodal"": ""arsl""}",2022-02-06T21:10:18,data\raw\ArSL\train\labels\IMG_20210623_163050_jpg.rf.d9189b18cef1cef367ed7e19ca2446ce.txt,4d884d7e2c83daf91433cae4c955d9b9dc3e692906b71c1a4bf3ef78c8f4dc34,69
.txt,IMG_20210623_163102_jpg.rf.1fe166d73c66ddf1abb1c1110c288365.txt,0,0,0,,0,1,1,0,0,,"{""metric"": ""f1"", ""multimodal"": ""arsl""}",2022-02-06T21:10:18,data\raw\ArSL\train\labels\IMG_20210623_163102_jpg.rf.1fe166d73c66ddf1abb1c1110c288365.txt,2d06acf73cda67356cd0277906d270e4ab5050ff4dff14a8fba04270033b421d,79
.txt,IMG_20210623_163142_jpg.rf.971b0fbf562a67234d12f108179a7c4a.txt,0,0,0,,0,1,1,0,0,,"{""metric"": ""f1"", ""multimodal"": ""arsl""}",2022-02-06T21:10:18,data\raw\ArSL\train\labels\IMG_20210623_163142_jpg.rf.971b0fbf562a67234d12f108179a7c4a.txt,20172c213a798bcce336d29a443df586cca5476a34a077a0e57f36e23bde0db9,79
.txt,IMG_20210623_163213_jpg.rf.f19b139eff4557b3fb29794d20060e4f.txt,0,0,0,,0,1,1,0,0,,"{""metric"": ""f1"", ""multimodal"": ""arsl""}",2022-02-06T21:10:18,data\raw\ArSL\train\labels\IMG_20210623_163213_jpg.rf.f19b139eff4557b3fb29794d20060e4f.txt,a24c17cfbab44987a2df88c82e43683b82b31bab92a9428f86d38a76bd4fedfa,79
.txt,IMG_20210623_163237_jpg.rf.f1e88637b348e3374ea3b5512ff20ff9.txt,0,0,0,,0,1,1,0,0,,"{""metric"": ""f1"", ""multimodal"": ""arsl""}",2022-02-06T21:10:18,data\raw\ArSL\train\labels\IMG_20210623_163237_jpg.rf.f1e88637b348e3374ea3b5512ff20ff9.txt,03aab2185521496e210b1ee9181db1899d86f8c32a36ee0cb07899c4be98bcb2,80
.txt,IMG_20210623_163320_jpg.rf.55f8f8b854f0522ee4500b35cf10f5f6.txt,0,0,0,,0,1,1,0,0,,"{""metric"": ""f1"", ""multimodal"": ""arsl""}",2022-02-06T21:10:18,data\raw\ArSL\train\labels\IMG_20210623_163320_jpg.rf.55f8f8b854f0522ee4500b35cf10f5f6.txt,85782af2f1cc99b557ac25cc25ded089446149c04b3105cb119074fb34801a31,78
.txt,IMG_20210623_163408_jpg.rf.7a83e463fe665fdf1cf121b137ae5347.txt,0,0,0,,0,1,1,0,0,,"{""metric"": ""f1"", ""multimodal"": ""arsl""}",2022-02-06T21:10:18,data\raw\ArSL\train\labels\IMG_20210623_163408_jpg.rf.7a83e463fe665fdf1cf121b137ae5347.txt,9ef5fd0c94a05d7d5b4df6fe752b3c6a993b28fc423fb3119758d9aab405de2a,79
.txt,IMG_20210623_163436_jpg.rf.f9e62540a80a57fda87df1898d6e5dc4.txt,0,0,0,,0,1,1,0,0,,"{""metric"": ""f1"", ""multimodal"": ""arsl""}",2022-02-06T21:10:18,data\raw\ArSL\train\labels\IMG_20210623_163436_jpg.rf.f9e62540a80a57fda87df1898d6e5dc4.txt,d80b7981c94618e658bc208210f9175a80d1100cbfad179103d10b1f2761a1ff,80
.txt,IMG_20210623_164434_jpg.rf.8e7e0ded5026f9a0b130cc9f2e8f10e0.txt,0,0,0,,0,1,1,0,0,,"{""metric"": ""f1"", ""multimodal"": ""arsl""}",2022-02-06T21:10:18,data\raw\ArSL\train\labels\IMG_20210623_164434_jpg.rf.8e7e0ded5026f9a0b130cc9f2e8f10e0.txt,31e80a88ad7b5a4b7d0c5bb331da98aa313685fac488acf4a7c33843fc1ded09,68
.txt,IMG_20210623_164448_jpg.rf.550dbbb3d942cc3e573162b78a0f13c2.txt,0,0,0,,0,1,1,0,0,,"{""metric"": ""f1"", ""multimodal"": ""arsl""}",2022-02-06T21:10:18,data\raw\ArSL\train\labels\IMG_20210623_164448_jpg.rf.550dbbb3d942cc3e573162b78a0f13c2.txt,1c795500f276b43eedefdc2a6cc5e8cd45b2c21803ef7beba34ecf3d2659339e,78
.txt,IMG_20210623_164453_jpg.rf.7c039862f66e1fa4f110a5cf73a59c67.txt,0,0,0,,0,1,1,0,0,,"{""metric"": ""f1"", ""multimodal"": ""arsl""}",2022-02-06T21:10:18,data\raw\ArSL\train\labels\IMG_20210623_164453_jpg.rf.7c039862f66e1fa4f110a5cf73a59c67.txt,06bbb7ce0ff232a4ab97e7036e3c3ff6630aa7e9df6e661fc76ff67eadaaf4dc,59
.txt,IMG_20210623_164500_jpg.rf.8545c393535764f11b38df382ab4b80e.txt,0,0,0,,0,1,1,0,0,,"{""metric"": ""f1"", ""multimodal"": ""arsl""}",2022-02-06T21:10:18,data\raw\ArSL\train\labels\IMG_20210623_164500_jpg.rf.8545c393535764f11b38df382ab4b80e.txt,22ad4a39574379097188a675f45392fc3964aa6cd4ceb8642dccc3f72dac1030,78
.txt,IMG_20210623_164505_jpg.rf.0f1b6da37bc2f220c2ab62ac4399866b.txt,0,0,0,,0,1,1,0,0,,"{""metric"": ""f1"", ""multimodal"": ""arsl""}",2022-02-06T21:10:18,data\raw\ArSL\train\labels\IMG_20210623_164505_jpg.rf.0f1b6da37bc2f220c2ab62ac4399866b.txt,e04a2621cea36621cacca143543c2cdea872f30d6e4ccd4ad3b3561804857019,78
.txt,IMG_20210623_164517_jpg.rf.152fd50afd99c294c4f54e0ea37c6f12.txt,0,0,0,,0,1,1,0,0,,"{""metric"": ""f1"", ""multimodal"": ""arsl""}",2022-02-06T21:10:18,data\raw\ArSL\train\labels\IMG_20210623_164517_jpg.rf.152fd50afd99c294c4f54e0ea37c6f12.txt,65377c3a9b47c3679a6bc92628ce5aa429cc46b8eea215ef6e1fb1db0b3b1c24,56
.txt,IMG_20210623_164604_jpg.rf.13c599b86878f127e60cd93d49994337.txt,0,0,0,,0,1,1,0,0,,"{""metric"": ""f1"", ""multimodal"": ""arsl""}",2022-02-06T21:10:18,data\raw\ArSL\train\labels\IMG_20210623_164604_jpg.rf.13c599b86878f127e60cd93d49994337.txt,0f73a95ff3add8ce845e8c5b97e9a0cf76d630e96a409c9ce6d23d527f95d995,81
.txt,IMG_20210623_164627_jpg.rf.baeb3560e6a511141f65159cf1f29d9f.txt,0,0,0,,0,1,1,0,0,,"{""metric"": ""f1"", ""multimodal"": ""arsl""}",2022-02-06T21:10:18,data\raw\ArSL\train\labels\IMG_20210623_164627_jpg.rf.baeb3560e6a511141f65159cf1f29d9f.txt,74fefa615a21e42b3bae915aa60455baa6ca51332c7e9fc7586aef6851ff4744,79
.txt,IMG_20210623_165013_jpg.rf.85918d4b5d4fcf1594ba417accf149a4.txt,0,0,0,,0,1,1,0,0,,"{""metric"": ""f1"", ""multimodal"": ""arsl""}",2022-02-06T21:10:18,data\raw\ArSL\train\labels\IMG_20210623_165013_jpg.rf.85918d4b5d4fcf1594ba417accf149a4.txt,1876ae9f0e31ea52ec4f357cc088ce077d24d1606e914689612ce4202e49276c,52
.txt,IMG_20210623_165312_jpg.rf.00e52bc0b1f1b522e0aea43140a530c8.txt,0,0,0,,0,1,1,0,0,,"{""metric"": ""f1"", ""multimodal"": ""arsl""}",2022-02-06T21:10:18,data\raw\ArSL\train\labels\IMG_20210623_165312_jpg.rf.00e52bc0b1f1b522e0aea43140a530c8.txt,41b6fd1535cbfedd90cd0486c42b7c6506b971e44da198c5bcc1f1519c763726,80
.txt,IMG_20210623_170043_jpg.rf.1d62abb03f54f24d0fc66af0a29f1294.txt,0,0,0,,0,1,1,0,0,,"{""metric"": ""f1"", ""multimodal"": ""arsl""}",2022-02-06T21:10:18,data\raw\ArSL\train\labels\IMG_20210623_170043_jpg.rf.1d62abb03f54f24d0fc66af0a29f1294.txt,062de174accad1da30af863529573851cb90d42f9c0dec6561f008aef5541da5,79
.txt,IMG_20210623_170117_jpg.rf.db5cc01aa027a55430fc605f1b8d4354.txt,0,0,0,,0,1,1,0,0,,"{""metric"": ""f1"", ""multimodal"": ""arsl""}",2022-02-06T21:10:18,data\raw\ArSL\train\labels\IMG_20210623_170117_jpg.rf.db5cc01aa027a55430fc605f1b8d4354.txt,fb6a5c11708bde3a87207a3be223f4623d0db28fdc472680bba76a3dc265195f,80
.txt,IMG_20210623_170146_jpg.rf.b39cf69a6bbf121420034e1a19d82311.txt,0,0,0,,0,1,1,0,0,,"{""metric"": ""f1"", ""multimodal"": ""arsl""}",2022-02-06T21:10:18,data\raw\ArSL\train\labels\IMG_20210623_170146_jpg.rf.b39cf69a6bbf121420034e1a19d82311.txt,ec84fd37b194a9f07d409b7ff143db28b3845c7ba5fd8d249a002f5c3261ca80,79
.txt,IMG_20210623_170313_jpg.rf.f1809377e36aea28aa347d9c1373c1d3.txt,0,0,0,,0,1,1,0,0,,"{""metric"": ""f1"", ""multimodal"": ""arsl""}",2022-02-06T21:10:18,data\raw\ArSL\train\labels\IMG_20210623_170313_jpg.rf.f1809377e36aea28aa347d9c1373c1d3.txt,4573f4c70c7e661f912a948b97e12ad68cb4beb5db8e22cf833d0c4f2079767b,79
.txt,IMG_20210623_170327_jpg.rf.f572a7d0e96f1598202e8faf653942c3.txt,0,0,0,,0,1,1,0,0,,"{""metric"": ""f1"", ""multimodal"": ""arsl""}",2022-02-06T21:10:18,data\raw\ArSL\train\labels\IMG_20210623_170327_jpg.rf.f572a7d0e96f1598202e8faf653942c3.txt,443280ca2a08a66ed01231d275264dab40d5166e5a2b0c3e1142ce4afe2f5e63,79
.txt,IMG_20210623_170343_jpg.rf.6a31f18358c60b1f137530ec866bd108.txt,0,0,0,,0,1,1,0,0,,"{""metric"": ""f1"", ""multimodal"": ""arsl""}",2022-02-06T21:10:18,data\raw\ArSL\train\labels\IMG_20210623_170343_jpg.rf.6a31f18358c60b1f137530ec866bd108.txt,c8f043e8d02490f916005f4082de41d36488f8c1e10d672afe9a8a1d19c892bb,58
.txt,IMG_20210623_170355_jpg.rf.5c69e0343d4e0ce4f820d6305f1e8852.txt,0,0,0,,0,1,1,0,0,,"{""metric"": ""f1"", ""multimodal"": ""arsl""}",2022-02-06T21:10:18,data\raw\ArSL\train\labels\IMG_20210623_170355_jpg.rf.5c69e0343d4e0ce4f820d6305f1e8852.txt,62d3365bd2ef1a1b8aaa11e2fa47c8f807a288afe8865598da1d1ed15a8906ae,70
.txt,IMG_20210623_170404_jpg.rf.2a8b4ec665eabae00cd96bcca91af1d3.txt,0,0,0,,0,1,1,0,0,,"{""metric"": ""f1"", ""multimodal"": ""arsl""}",2022-02-06T21:10:18,data\raw\ArSL\train\labels\IMG_20210623_170404_jpg.rf.2a8b4ec665eabae00cd96bcca91af1d3.txt,73b19f25ed6b69102c5028009d98f7bf5ce8c187713abed1c9410640e4470e22,67
.txt,IMG_20210623_170443_jpg.rf.4c452c75ba81cfedbb412ffd23dbb8f1.txt,0,0,0,,0,1,1,0,0,,"{""metric"": ""f1"", ""multimodal"": ""arsl""}",2022-02-06T21:10:18,data\raw\ArSL\train\labels\IMG_20210623_170443_jpg.rf.4c452c75ba81cfedbb412ffd23dbb8f1.txt,6cbb5c65399f7ca7993d844d3297630200b2d614c63bc318a89a6dcc2d685987,79
.txt,IMG_20210623_170511_jpg.rf.7cf5fdc54830f1aa813d56de69431185.txt,0,0,0,,0,1,1,0,0,,"{""metric"": ""f1"", ""multimodal"": ""arsl""}",2022-02-06T21:10:18,data\raw\ArSL\train\labels\IMG_20210623_170511_jpg.rf.7cf5fdc54830f1aa813d56de69431185.txt,b995109734a55c3923c0d02683acabe96b557deea4d5e53daf4a3f9fbb3961d3,79
.txt,IMG_20210623_170520_jpg.rf.3cb1de2e52c79aa889f14704935e769c.txt,0,0,0,,0,1,1,0,0,,"{""metric"": ""f1"", ""multimodal"": ""arsl""}",2022-02-06T21:10:18,data\raw\ArSL\train\labels\IMG_20210623_170520_jpg.rf.3cb1de2e52c79aa889f14704935e769c.txt,8e4a6628e77be5db2c5fd498a0af293b22b1e98af951e2c85430ecadaa277c83,68
.txt,IMG_20210623_170610_jpg.rf.20c34e9640ac33c875f1583c8f31fcf1.txt,0,0,0,,0,1,1,0,0,,"{""metric"": ""f1"", ""multimodal"": ""arsl""}",2022-02-06T21:10:18,data\raw\ArSL\train\labels\IMG_20210623_170610_jpg.rf.20c34e9640ac33c875f1583c8f31fcf1.txt,55631db37f4e66c541236a7ffa80a45012b4c80eaaa4719587525f824e766c67,80
.txt,IMG_20210623_172319_jpg.rf.f121088790839eb0bba2ce6563dbacc8.txt,0,0,0,,0,1,1,0,0,,"{""metric"": ""f1"", ""multimodal"": ""arsl""}",2022-02-06T21:10:18,data\raw\ArSL\train\labels\IMG_20210623_172319_jpg.rf.f121088790839eb0bba2ce6563dbacc8.txt,331fe5283fa79ef74d3b207a27546f65c82d333edc3f9338bb1739db55ab6309,69
.txt,IMG_20210623_172446_jpg.rf.bacb548bf12a2d69a812454f15e84fd2.txt,0,0,0,,0,1,1,0,0,,"{""metric"": ""f1"", ""multimodal"": ""arsl""}",2022-02-06T21:10:18,data\raw\ArSL\train\labels\IMG_20210623_172446_jpg.rf.bacb548bf12a2d69a812454f15e84fd2.txt,970e0c87e2203fe643fe6efa202982371d9e6bc9df46f2f3bffe1098270f6158,67
.txt,IMG_20210623_172548_jpg.rf.038f191c1ff38c6ed40b40e96cb6c352.txt,0,0,0,,0,1,1,0,0,,"{""metric"": ""f1"", ""multimodal"": ""arsl""}",2022-02-06T21:10:18,data\raw\ArSL\train\labels\IMG_20210623_172548_jpg.rf.038f191c1ff38c6ed40b40e96cb6c352.txt,539f6ed8ab87b972c769aa6a9100fa0569d890bc8f12bfae305b45f17372cbf0,67
.txt,IMG_20210623_172859_jpg.rf.9ac47ea2d6226c4874e648f1acd0af0c.txt,0,0,0,,0,1,1,0,0,,"{""metric"": ""f1"", ""multimodal"": ""arsl""}",2022-02-06T21:10:18,data\raw\ArSL\train\labels\IMG_20210623_172859_jpg.rf.9ac47ea2d6226c4874e648f1acd0af0c.txt,05f6d17902476e0fc26a6f45b3f4c76838430ede1332bee79324963582d5ccfe,80
.txt,IMG_20210623_172937_jpg.rf.856d780903f1d4434293939493c02717.txt,0,0,0,,0,1,1,0,0,,"{""metric"": ""f1"", ""multimodal"": ""arsl""}",2022-02-06T21:10:18,data\raw\ArSL\train\labels\IMG_20210623_172937_jpg.rf.856d780903f1d4434293939493c02717.txt,7304bb78d9bb36fec8f125632b3782e61184064631c2587fd8cd8ae031532e98,79
.txt,IMG_20210623_173020_jpg.rf.df44db92b379748f140fd84a0d57a629.txt,0,0,0,,0,1,1,0,0,,"{""metric"": ""f1"", ""multimodal"": ""arsl""}",2022-02-06T21:10:18,data\raw\ArSL\train\labels\IMG_20210623_173020_jpg.rf.df44db92b379748f140fd84a0d57a629.txt,6554216da60a0317210d85380d07048ca04c2a2c04388420aefa4f37cdd51013,80
.txt,IMG_20210623_173039_jpg.rf.f1fb4b16aab4a253e1f8663af6cb11a7.txt,0,0,0,,0,1,1,0,0,,"{""metric"": ""f1"", ""multimodal"": ""arsl""}",2022-02-06T21:10:18,data\raw\ArSL\train\labels\IMG_20210623_173039_jpg.rf.f1fb4b16aab4a253e1f8663af6cb11a7.txt,bc2bf4cdefa6baef7ca43cfbb8697f78eb2883116c0c31ab46256c36a2dbf557,69
.txt,IMG_20210623_175631_jpg.rf.d7fa1c1feabd7aedb276676d9f193486.txt,0,0,0,,0,1,1,0,0,,"{""metric"": ""f1"", ""multimodal"": ""arsl""}",2022-02-06T21:10:18,data\raw\ArSL\train\labels\IMG_20210623_175631_jpg.rf.d7fa1c1feabd7aedb276676d9f193486.txt,578d2d1c8fc580a9c413e39be27e813f11b9ed294be12a1aca351a794b7f156f,78
.txt,IMG_20210623_175741_jpg.rf.f1db2604d6291f33cdcfc35cbaeb190a.txt,0,0,0,,0,1,1,0,0,,"{""metric"": ""f1"", ""multimodal"": ""arsl""}",2022-02-06T21:10:18,data\raw\ArSL\train\labels\IMG_20210623_175741_jpg.rf.f1db2604d6291f33cdcfc35cbaeb190a.txt,21c412ab555d72183460c4f63863c285d3a1715fb72ae59e96ce40057f9f13ee,80
.txt,IMG_20210623_175851_jpg.rf.067c0f6f1f17cf05fd0fa2c576d20fc1.txt,0,0,0,,0,1,1,0,0,,"{""metric"": ""f1"", ""multimodal"": ""arsl""}",2022-02-06T21:10:18,data\raw\ArSL\train\labels\IMG_20210623_175851_jpg.rf.067c0f6f1f17cf05fd0fa2c576d20fc1.txt,60038cefd17a144115b7134ffff5769561cc77e04ac4dce523a468d143b944a8,68
.txt,IMG_20210623_175922_jpg.rf.fb28f1b19ca4ea18bfb706aadaa2940f.txt,0,0,0,,0,1,1,0,0,,"{""metric"": ""f1"", ""multimodal"": ""arsl""}",2022-02-06T21:10:18,data\raw\ArSL\train\labels\IMG_20210623_175922_jpg.rf.fb28f1b19ca4ea18bfb706aadaa2940f.txt,adfa1782a528fac4cc39c4d0aebd0fc4b062131f92c663a6911bb0c4d68bba13,78
.txt,IMG_20210623_180010_jpg.rf.c665cfbfdba3baa99b00835ebf17c9b5.txt,0,0,0,,0,1,1,0,0,,"{""metric"": ""f1"", ""multimodal"": ""arsl""}",2022-02-06T21:10:18,data\raw\ArSL\train\labels\IMG_20210623_180010_jpg.rf.c665cfbfdba3baa99b00835ebf17c9b5.txt,c4fd7c49faf802b2c8b9ccba95c5680ab1d4f82e75f9aab529d9409bc2f05f77,65
.txt,IMG_20210623_180029_jpg.rf.b3eff0e41b1d8448af4f12979718d521.txt,0,0,0,,0,1,1,0,0,,"{""metric"": ""f1"", ""multimodal"": ""arsl""}",2022-02-06T21:10:18,data\raw\ArSL\train\labels\IMG_20210623_180029_jpg.rf.b3eff0e41b1d8448af4f12979718d521.txt,1754e54c0d0f077d1e8b76b7e2b56b6e4952abc56662f09968f00d2894dd3e21,68
.txt,IMG_20210623_180121_jpg.rf.224ce5f112f64a88081ee06079034fc3.txt,0,0,0,,0,1,1,0,0,,"{""metric"": ""f1"", ""multimodal"": ""arsl""}",2022-02-06T21:10:18,data\raw\ArSL\train\labels\IMG_20210623_180121_jpg.rf.224ce5f112f64a88081ee06079034fc3.txt,7d05d797c91e38bc90e5e882f1d521f0f36e0c12095b99ed366d6236a370ebf2,78
.txt,IMG_20210623_180402_jpg.rf.8693ab4fef1ada47ece90d16b7949c27.txt,0,0,0,,0,1,1,0,0,,"{""metric"": ""f1"", ""multimodal"": ""arsl""}",2022-02-06T21:10:18,data\raw\ArSL\train\labels\IMG_20210623_180402_jpg.rf.8693ab4fef1ada47ece90d16b7949c27.txt,d260da5eacdb7c8307672a8d02a1ed5f231bea12d0a6cc44cbccfebf26e1c507,79
.txt,IMG_20210623_180417_jpg.rf.65f78bc5c615e4224c5f1567e4c753d3.txt,0,0,0,,0,1,1,0,0,,"{""metric"": ""f1"", ""multimodal"": ""arsl""}",2022-02-06T21:10:18,data\raw\ArSL\train\labels\IMG_20210623_180417_jpg.rf.65f78bc5c615e4224c5f1567e4c753d3.txt,79b46c5442f0b4ec162dee6a3e6feb539697e32f2c1510930b948f67592a2d6c,80
.txt,IMG_20210624_213543_jpg.rf.d89fe8cee2f7bf3742b8adeca1048f13.txt,0,0,0,,0,1,1,0,0,,"{""metric"": ""f1"", ""multimodal"": ""arsl""}",2022-02-06T21:10:18,data\raw\ArSL\train\labels\IMG_20210624_213543_jpg.rf.d89fe8cee2f7bf3742b8adeca1048f13.txt,cc8b403b7bd190bbd71dc75cebe44bdf2568d5b8923f442c5ec8093101f89f60,66
.txt,IMG_20210624_213559_jpg.rf.64e3f1f3da67a8b451b0ec7ca39bd06e.txt,0,0,0,,0,1,1,0,0,,"{""metric"": ""f1"", ""multimodal"": ""arsl""}",2022-02-06T21:10:18,data\raw\ArSL\train\labels\IMG_20210624_213559_jpg.rf.64e3f1f3da67a8b451b0ec7ca39bd06e.txt,1ff6f9a71949855d146219435a931d736c601074ecccb97380eb8ee64ed5bf90,79
.txt,IMG_20210624_213639_jpg.rf.6f16e8f793cdb578246b5de8e525e249.txt,0,0,0,,0,1,1,0,0,,"{""metric"": ""f1"", ""multimodal"": ""arsl""}",2022-02-06T21:10:18,data\raw\ArSL\train\labels\IMG_20210624_213639_jpg.rf.6f16e8f793cdb578246b5de8e525e249.txt,e7242788cadd4ad9941dc3e9b99abaff42c7a9ae38942c38d861c9ffa2187188,63
.txt,IMG_20210624_213817_jpg.rf.452cbdf134794a1e5907181ad2644dcd.txt,0,0,0,,0,1,1,0,0,,"{""metric"": ""f1"", ""multimodal"": ""arsl""}",2022-02-06T21:10:18,data\raw\ArSL\train\labels\IMG_20210624_213817_jpg.rf.452cbdf134794a1e5907181ad2644dcd.txt,4e443f1ddbb9fe6696c766fe04ea16f2f9c10e0253b9d02a6837074ed4b79985,69
.txt,IMG_20210624_213923_jpg.rf.2e62e9d970c690f5e37f14af003998ec.txt,0,0,0,,0,1,1,0,0,,"{""metric"": ""f1"", ""multimodal"": ""arsl""}",2022-02-06T21:10:18,data\raw\ArSL\train\labels\IMG_20210624_213923_jpg.rf.2e62e9d970c690f5e37f14af003998ec.txt,26b41cb9175e996dc628a0e7a5f9e97adb326b84de3b60abfcd719d17dca7ea0,80
.txt,IMG_20210624_214033_jpg.rf.8b1a21caadcc9198cc50d64f155f8930.txt,0,0,0,,0,1,1,0,0,,"{""metric"": ""f1"", ""multimodal"": ""arsl""}",2022-02-06T21:10:18,data\raw\ArSL\train\labels\IMG_20210624_214033_jpg.rf.8b1a21caadcc9198cc50d64f155f8930.txt,edc144923698b651a95873c72db885ab2f2c2cd32096a0d0f90fad31a6fd5e46,67
.txt,IMG_20210624_214306_jpg.rf.24347891f4f1f326a7ee64f0de20cb1e.txt,0,0,0,,0,1,1,0,0,,"{""metric"": ""f1"", ""multimodal"": ""arsl""}",2022-02-06T21:10:18,data\raw\ArSL\train\labels\IMG_20210624_214306_jpg.rf.24347891f4f1f326a7ee64f0de20cb1e.txt,cb2986125814a46bd5217f6e7f40aae21580cc84778477f1eb1e797ac5d8cda9,70
.txt,IMG_20210624_214441_jpg.rf.ebefb93f118df1830074125aa693893e.txt,0,0,0,,0,1,1,0,0,,"{""metric"": ""f1"", ""multimodal"": ""arsl""}",2022-02-06T21:10:18,data\raw\ArSL\train\labels\IMG_20210624_214441_jpg.rf.ebefb93f118df1830074125aa693893e.txt,8c06ce5b1eac0cee94f1acc3e7a79c2bb9162dd5cd4198652cbf858ad96ba384,78
.txt,IMG_20210624_214513_jpg.rf.2d84166293d6f66a01278367f199376a.txt,0,0,0,,0,1,1,0,0,,"{""metric"": ""f1"", ""multimodal"": ""arsl""}",2022-02-06T21:10:18,data\raw\ArSL\train\labels\IMG_20210624_214513_jpg.rf.2d84166293d6f66a01278367f199376a.txt,87bff2f1d3a6c2204a6bd185ba41db41927f13e3102eab711b936f81f2713728,78
.txt,IMG_20210624_214528_jpg.rf.68f8eb09c25a296ecbb1af5ce4dcb8f1.txt,0,0,0,,0,1,1,0,0,,"{""metric"": ""f1"", ""multimodal"": ""arsl""}",2022-02-06T21:10:18,data\raw\ArSL\train\labels\IMG_20210624_214528_jpg.rf.68f8eb09c25a296ecbb1af5ce4dcb8f1.txt,65576d7b3a963993dfca903b5b4bbd9fb1493820669287ddfd456422d18e5d4b,79
.txt,IMG_20210624_214740_jpg.rf.4926bc70f9194a7acd7990f135912e94.txt,0,0,0,,0,1,1,0,0,,"{""metric"": ""f1"", ""multimodal"": ""arsl""}",2022-02-06T21:10:18,data\raw\ArSL\train\labels\IMG_20210624_214740_jpg.rf.4926bc70f9194a7acd7990f135912e94.txt,3b1946064a233c688c4c7a06816f4576a46e7bca1da22f5347ba675090f1aec4,81
.txt,IMG_20210624_214926_jpg.rf.725e226f11427c4f77471b587be3385c.txt,0,0,0,,0,1,1,0,0,,"{""metric"": ""f1"", ""multimodal"": ""arsl""}",2022-02-06T21:10:20,data\raw\ArSL\train\labels\IMG_20210624_214926_jpg.rf.725e226f11427c4f77471b587be3385c.txt,b1de0e43b4e804c833cda08994a30417f0fc77e7ced3252b3893e1519e572dd3,65
.txt,IMG_20210624_214955_jpg.rf.5ce66f1fd3670b43eeacf862e6218bda.txt,0,0,0,,0,1,1,0,0,,"{""metric"": ""f1"", ""multimodal"": ""arsl""}",2022-02-06T21:10:20,data\raw\ArSL\train\labels\IMG_20210624_214955_jpg.rf.5ce66f1fd3670b43eeacf862e6218bda.txt,246f4dccf76e96688a6c441af013fe580a638d65dd95eb457d759a1c8fe6f20a,78
.txt,IMG_20210624_215001_jpg.rf.0f1f2b834497193a1b7f29078d19ce1e.txt,0,0,0,,0,1,1,0,0,,"{""metric"": ""f1"", ""multimodal"": ""arsl""}",2022-02-06T21:10:20,data\raw\ArSL\train\labels\IMG_20210624_215001_jpg.rf.0f1f2b834497193a1b7f29078d19ce1e.txt,f33719740721cd4ba89006181f46cacb64d18355e0ebc1f4afa16d3495095d1a,68
.txt,IMG_20210624_215022_jpg.rf.50db425ce41044275f19944dfa49cab7.txt,0,0,0,,0,1,1,0,0,,"{""metric"": ""f1"", ""multimodal"": ""arsl""}",2022-02-06T21:10:20,data\raw\ArSL\train\labels\IMG_20210624_215022_jpg.rf.50db425ce41044275f19944dfa49cab7.txt,941753f6939afd42cefb9272dc95abefde2c261c9ae5a32466d8d8648f17b4d8,78
.txt,IMG_20210624_215041_jpg.rf.cf1a71ac6bf87667111a026a24839420.txt,0,0,0,,0,1,1,0,0,,"{""metric"": ""f1"", ""multimodal"": ""arsl""}",2022-02-06T21:10:20,data\raw\ArSL\train\labels\IMG_20210624_215041_jpg.rf.cf1a71ac6bf87667111a026a24839420.txt,1519dff037e9f9479550499136ddcbf651557763e73ee397263880ec571d740a,79
.txt,IMG_20210624_220226_jpg.rf.b12866a707367ee65a7e3428eb3f1b18.txt,0,0,0,,0,1,1,0,0,,"{""metric"": ""f1"", ""multimodal"": ""arsl""}",2022-02-06T21:10:20,data\raw\ArSL\train\labels\IMG_20210624_220226_jpg.rf.b12866a707367ee65a7e3428eb3f1b18.txt,d506a9051164f1167461ce8602711290885c555a107147731a60f3fea0137d6c,78
.txt,IMG_20210624_220405_jpg.rf.22c82832fef16cd1d43ceeb51cd0ea8b.txt,0,0,0,,0,1,1,0,0,,"{""metric"": ""f1"", ""multimodal"": ""arsl""}",2022-02-06T21:10:20,data\raw\ArSL\train\labels\IMG_20210624_220405_jpg.rf.22c82832fef16cd1d43ceeb51cd0ea8b.txt,f56e699180e704c7db47c3c843bb49db0113842bceb6b15271741cc9bacbdfa9,69
.txt,IMG_20210624_220436_jpg.rf.bffb1b0fc79059f2cf1aeb322bb8e1c4.txt,0,0,0,,0,1,1,0,0,,"{""metric"": ""f1"", ""multimodal"": ""arsl""}",2022-02-06T21:10:20,data\raw\ArSL\train\labels\IMG_20210624_220436_jpg.rf.bffb1b0fc79059f2cf1aeb322bb8e1c4.txt,09a2ca082fde981287d799309586a6254b36e17fee0a5d3193f7dd437c45ff5f,79
.txt,IMG_20210624_220529_jpg.rf.e43f10b3f48474201b9d9f8d3eb81698.txt,0,0,0,,0,1,1,0,0,,"{""metric"": ""f1"", ""multimodal"": ""arsl""}",2022-02-06T21:10:20,data\raw\ArSL\train\labels\IMG_20210624_220529_jpg.rf.e43f10b3f48474201b9d9f8d3eb81698.txt,36fb0191e8b9c1f9c8a346f485d54679950913fcab9688dcd4039b4f2f58a312,78
.txt,IMG_20210624_220600_jpg.rf.955ef9e54243a985f1eac555a6024110.txt,0,0,0,,0,1,1,0,0,,"{""metric"": ""f1"", ""multimodal"": ""arsl""}",2022-02-06T21:10:20,data\raw\ArSL\train\labels\IMG_20210624_220600_jpg.rf.955ef9e54243a985f1eac555a6024110.txt,14877fbb2bf5571356a8d43daf3cd27ea3c25f733989b7b1f49634d71bfebf13,79
.txt,IMG_20210624_220753_jpg.rf.ba7c2cb0e6e8fd53a2f175be01f59e43.txt,0,0,0,,0,1,1,0,0,,"{""metric"": ""f1"", ""multimodal"": ""arsl""}",2022-02-06T21:10:20,data\raw\ArSL\train\labels\IMG_20210624_220753_jpg.rf.ba7c2cb0e6e8fd53a2f175be01f59e43.txt,59a265acd31206dfe537f3562531d28b7220962bbdb478dd1a8c4c81519372bb,79
.txt,IMG_20210624_220956_jpg.rf.0a8c4fc46be5d509b9111788f1a0c6c6.txt,0,0,0,,0,1,1,0,0,,"{""metric"": ""f1"", ""multimodal"": ""arsl""}",2022-02-06T21:10:20,data\raw\ArSL\train\labels\IMG_20210624_220956_jpg.rf.0a8c4fc46be5d509b9111788f1a0c6c6.txt,21a4efbf7fc4c09146e6702af17ddca770e3b639a1c11db07c400be61a19c8c0,79
.txt,IMG_20210624_221009_jpg.rf.d3bb74f96f69de64bb243c4bf1d76ccb.txt,0,0,0,,0,1,1,0,0,,"{""metric"": ""f1"", ""multimodal"": ""arsl""}",2022-02-06T21:10:20,data\raw\ArSL\train\labels\IMG_20210624_221009_jpg.rf.d3bb74f96f69de64bb243c4bf1d76ccb.txt,35e9e98d2a3602832087d7684414de1792bfb419fc9507e9a60b59c1bfc53abd,79
.txt,IMG_20210624_221338_jpg.rf.c21083887fc87bc802cf11d81a13804f.txt,0,0,0,,0,1,1,0,0,,"{""metric"": ""f1"", ""multimodal"": ""arsl""}",2022-02-06T21:10:20,data\raw\ArSL\train\labels\IMG_20210624_221338_jpg.rf.c21083887fc87bc802cf11d81a13804f.txt,c63ef52ee578930095915d1ff741080b88a764a78f1d17601c0b8a6bb37f1baa,78
.txt,IMG_20210624_221345_jpg.rf.f16a898716f230868d0631699bb47274.txt,0,0,0,,0,1,1,0,0,,"{""metric"": ""f1"", ""multimodal"": ""arsl""}",2022-02-06T21:10:20,data\raw\ArSL\train\labels\IMG_20210624_221345_jpg.rf.f16a898716f230868d0631699bb47274.txt,5b8abe4974fb8cfb71ac4478dc75897a94e7ce8455ee302d4a1fa16c3588589c,68
.txt,IMG_20210624_221426_jpg.rf.d2373a9d07e3f1089e8de93300d11d16.txt,0,0,0,,0,1,1,0,0,,"{""metric"": ""f1"", ""multimodal"": ""arsl""}",2022-02-06T21:10:20,data\raw\ArSL\train\labels\IMG_20210624_221426_jpg.rf.d2373a9d07e3f1089e8de93300d11d16.txt,97543d98659f77008dc940960d2d77992ee7d5bf1a1e1353f1ce054ca1073b56,67
.txt,IMG_20210624_221540_jpg.rf.5f37f1f51ed38b8a8ec5e759323cf42e.txt,0,0,0,,0,1,1,0,0,,"{""metric"": ""f1"", ""multimodal"": ""arsl""}",2022-02-06T21:10:20,data\raw\ArSL\train\labels\IMG_20210624_221540_jpg.rf.5f37f1f51ed38b8a8ec5e759323cf42e.txt,eb73b8922eb8bf710e829aa31af68d45dd50f1a5d5ae258d0919d65d92da9daa,79
.txt,IMG_20210624_221946_jpg.rf.a2bcef1ec9c3ae8fda22b0b644012425.txt,0,0,0,,0,1,1,0,0,,"{""metric"": ""f1"", ""multimodal"": ""arsl""}",2022-02-06T21:10:20,data\raw\ArSL\train\labels\IMG_20210624_221946_jpg.rf.a2bcef1ec9c3ae8fda22b0b644012425.txt,7973d1f317b57dcd2ca902c347185f2eeb27095e43e3bbcaa36dbc7f0bc25829,69
.txt,IMG_20210624_222222_jpg.rf.abf9f84f119b901819345a76b7b04d37.txt,0,0,0,,0,1,1,0,0,,"{""metric"": ""f1"", ""multimodal"": ""arsl""}",2022-02-06T21:10:20,data\raw\ArSL\train\labels\IMG_20210624_222222_jpg.rf.abf9f84f119b901819345a76b7b04d37.txt,9e8ed6ae7992e1b20acde4d32c31724faa89a99e10cbbe114d6fa1a78d5fbef3,79
.txt,IMG_20210624_222237_jpg.rf.0dc704e3d813286f1f19ddaa586d6925.txt,0,0,0,,0,1,1,0,0,,"{""metric"": ""f1"", ""multimodal"": ""arsl""}",2022-02-06T21:10:20,data\raw\ArSL\train\labels\IMG_20210624_222237_jpg.rf.0dc704e3d813286f1f19ddaa586d6925.txt,0b12d82668f5b01eccad2d3bb0d07f433aa034381211c9d97c78e0339ef4eb35,78
.txt,IMG_20210624_222322_jpg.rf.2a204e4e405a0c1c7454f1576a5d122f.txt,0,0,0,,0,1,1,0,0,,"{""metric"": ""f1"", ""multimodal"": ""arsl""}",2022-02-06T21:10:20,data\raw\ArSL\train\labels\IMG_20210624_222322_jpg.rf.2a204e4e405a0c1c7454f1576a5d122f.txt,b1ef70a92e280eb25868d14cdaa9b0227524386169e72adc403e422b443c7241,79
.txt,IMG_20210624_222630_jpg.rf.d51ae9cf15ee6d51c9267c2cd41f0994.txt,0,0,0,,0,1,1,0,0,,"{""metric"": ""f1"", ""multimodal"": ""arsl""}",2022-02-06T21:10:20,data\raw\ArSL\train\labels\IMG_20210624_222630_jpg.rf.d51ae9cf15ee6d51c9267c2cd41f0994.txt,c354da0aa58f31ca4d48063471eeeab5b3de4cb8198a875a1d1c1187b8aa0c87,82
.txt,IMG_20210624_222638_jpg.rf.2f1cae5d6daeb6fe22133519ec6af424.txt,0,0,0,,0,1,1,0,0,,"{""metric"": ""f1"", ""multimodal"": ""arsl""}",2022-02-06T21:10:20,data\raw\ArSL\train\labels\IMG_20210624_222638_jpg.rf.2f1cae5d6daeb6fe22133519ec6af424.txt,09b2b22c4cee65152a352d2f3ec4f1231aa080ec97e2eef4e5537e07ae9acbeb,80
.txt,IMG_20210624_222713_jpg.rf.e9d5ceeff8b79df117d09b0fb17bd2cd.txt,0,0,0,,0,1,1,0,0,,"{""metric"": ""f1"", ""multimodal"": ""arsl""}",2022-02-06T21:10:20,data\raw\ArSL\train\labels\IMG_20210624_222713_jpg.rf.e9d5ceeff8b79df117d09b0fb17bd2cd.txt,7be85e82a939e69b178858f9554a20ce52527ceb08d1e2d69ef3640dfc42fd80,69
.txt,IMG_20210624_222722_jpg.rf.2053af1d943ac8f0715d749bc158a75b.txt,0,0,0,,0,1,1,0,0,,"{""metric"": ""f1"", ""multimodal"": ""arsl""}",2022-02-06T21:10:20,data\raw\ArSL\train\labels\IMG_20210624_222722_jpg.rf.2053af1d943ac8f0715d749bc158a75b.txt,0e1d3632526386a875feaa5b82438b76a5f5ddf6dce870bfad4f5ea8e07d3376,80
.txt,IMG_20210624_222813_jpg.rf.47605787af10ce38c83fbbba55c519d9.txt,0,0,0,,0,1,1,0,0,,"{""metric"": ""f1"", ""multimodal"": ""arsl""}",2022-02-06T21:10:20,data\raw\ArSL\train\labels\IMG_20210624_222813_jpg.rf.47605787af10ce38c83fbbba55c519d9.txt,f0b7dd30929918bd8c638d270d5cece33d7bca10ab91b3a8b0768105b4082a45,79
.txt,IMG_20210624_222857_jpg.rf.36bc84b7f0b33ec94ba3c51767f1603a.txt,0,0,0,,0,1,1,0,0,,"{""metric"": ""f1"", ""multimodal"": ""arsl""}",2022-02-06T21:10:20,data\raw\ArSL\train\labels\IMG_20210624_222857_jpg.rf.36bc84b7f0b33ec94ba3c51767f1603a.txt,ff3d715004a62927e6bc81970d5ed578293148df4c645b33cd83c3b89386af1e,78
.txt,IMG_20210624_223119_jpg.rf.ca660125597dc3533ff1976b49b57f58.txt,0,0,0,,0,1,1,0,0,,"{""metric"": ""f1"", ""multimodal"": ""arsl""}",2022-02-06T21:10:20,data\raw\ArSL\train\labels\IMG_20210624_223119_jpg.rf.ca660125597dc3533ff1976b49b57f58.txt,942d4d9724104aa9241bff1373786b7e60cd0b2e3cf4f0dbd92ee6c7a22f1884,79
.txt,IMG_20210624_223346_jpg.rf.4caf0a998cb8c2f13793998ca61277a4.txt,0,0,0,,0,1,1,0,0,,"{""metric"": ""f1"", ""multimodal"": ""arsl""}",2022-02-06T21:10:20,data\raw\ArSL\train\labels\IMG_20210624_223346_jpg.rf.4caf0a998cb8c2f13793998ca61277a4.txt,cdfd6a1dfe8566cad81b592b05ef880d85a1c3978e0f37a793a6b8f5b7657036,66
.txt,IMG_20210624_223402_jpg.rf.4121b09a36f13e959b6f1f8abf45f6ba.txt,0,0,0,,0,1,1,0,0,,"{""metric"": ""f1"", ""multimodal"": ""arsl""}",2022-02-06T21:10:20,data\raw\ArSL\train\labels\IMG_20210624_223402_jpg.rf.4121b09a36f13e959b6f1f8abf45f6ba.txt,f23787e0dcd676bf0f19f6e32b58b1c56c13cf86cda5a4f100ccc184dcbf955e,79
.txt,IMG_20210624_224705_jpg.rf.f1cbdf1b3b8cd6e57a14d40233f19494.txt,0,0,0,,0,1,1,0,0,,"{""metric"": ""f1"", ""multimodal"": ""arsl""}",2022-02-06T21:10:20,data\raw\ArSL\train\labels\IMG_20210624_224705_jpg.rf.f1cbdf1b3b8cd6e57a14d40233f19494.txt,e8fcdc3efae628c3634af33667109ffd4f62429b8fc2fe52cf6464f39d651d77,80
.txt,IMG_20210624_224811_jpg.rf.16a21c50acdb6f191519c5b978795548.txt,0,0,0,,0,1,1,0,0,,"{""metric"": ""f1"", ""multimodal"": ""arsl""}",2022-02-06T21:10:20,data\raw\ArSL\train\labels\IMG_20210624_224811_jpg.rf.16a21c50acdb6f191519c5b978795548.txt,71e0bcc18de590b2a1987b5f89ebc6ab96e61220798601646fe7b5560b13387f,79
.txt,IMG_20210624_224827_jpg.rf.36f11b10274ee40c375826c51089c541.txt,0,0,0,,0,1,1,0,0,,"{""metric"": ""f1"", ""multimodal"": ""arsl""}",2022-02-06T21:10:20,data\raw\ArSL\train\labels\IMG_20210624_224827_jpg.rf.36f11b10274ee40c375826c51089c541.txt,54976d5974004a8b2d589860cb5ebf8d99da2b6f3d520c698d25c6fa708604b2,68
.txt,IMG_20210624_224937_jpg.rf.0e6e0e4bfcc8f1c48eb3c11720b3db71.txt,0,0,0,,0,1,1,0,0,,"{""metric"": ""f1"", ""multimodal"": ""arsl""}",2022-02-06T21:10:20,data\raw\ArSL\train\labels\IMG_20210624_224937_jpg.rf.0e6e0e4bfcc8f1c48eb3c11720b3db71.txt,7597f00a1cdb5e1a89b59a95f72449325f8a7c90d2adf0a94879cafa3a4c790c,69
.txt,IMG_20210624_225011_jpg.rf.a9be305591aac6289b0642f1f0e15be8.txt,0,0,0,,0,1,1,0,0,,"{""metric"": ""f1"", ""multimodal"": ""arsl""}",2022-02-06T21:10:20,data\raw\ArSL\train\labels\IMG_20210624_225011_jpg.rf.a9be305591aac6289b0642f1f0e15be8.txt,7a931f6ec167717ae5c828e7fea23f5f3b8d26f6d72b700d023b70be9192d3e8,81
.txt,IMG_20210624_225024_jpg.rf.00bae3b709ea899348088dba9d3f1ee1.txt,0,0,0,,0,1,1,0,0,,"{""metric"": ""f1"", ""multimodal"": ""arsl""}",2022-02-06T21:10:20,data\raw\ArSL\train\labels\IMG_20210624_225024_jpg.rf.00bae3b709ea899348088dba9d3f1ee1.txt,276c0c220ab9dadb36a1f24dcbb6469e42d86c3eb71fbafe095a8dd16cbe22be,56
.txt,IMG_20210624_225157_jpg.rf.4d3d17341b5f18a127f06e81ce2364c0.txt,0,0,0,,0,1,1,0,0,,"{""metric"": ""f1"", ""multimodal"": ""arsl""}",2022-02-06T21:10:20,data\raw\ArSL\train\labels\IMG_20210624_225157_jpg.rf.4d3d17341b5f18a127f06e81ce2364c0.txt,f8dd9c082ead178624e2d279fb5dd1490b64e5214a4a82ac42fa812ffb1b6dce,69
.txt,IMG_20210624_225239_jpg.rf.4a0580a2afdf1d1d6a7d6fc40b5bd944.txt,0,0,0,,0,1,1,0,0,,"{""metric"": ""f1"", ""multimodal"": ""arsl""}",2022-02-06T21:10:20,data\raw\ArSL\train\labels\IMG_20210624_225239_jpg.rf.4a0580a2afdf1d1d6a7d6fc40b5bd944.txt,98eedf5649984c42ebe4042ccf296152a197d316088e1d7376fdea7622cd9dc9,79
.txt,IMG_20210624_225310_jpg.rf.6dd82050f7f1db45c73ea366223eb26f.txt,0,0,0,,0,1,1,0,0,,"{""metric"": ""f1"", ""multimodal"": ""arsl""}",2022-02-06T21:10:20,data\raw\ArSL\train\labels\IMG_20210624_225310_jpg.rf.6dd82050f7f1db45c73ea366223eb26f.txt,df54adda14c05c6bc55e139416ae0e1246183cca24df7ae3e1a741278b3211fc,80
.txt,IMG_20210624_225321_jpg.rf.c8f2ffd4e68472f1a83647689ce06a68.txt,0,0,0,,0,1,1,0,0,,"{""metric"": ""f1"", ""multimodal"": ""arsl""}",2022-02-06T21:10:20,data\raw\ArSL\train\labels\IMG_20210624_225321_jpg.rf.c8f2ffd4e68472f1a83647689ce06a68.txt,18c3d8cb1cd3d5749c5fe9fbca256d935106012c6d999103d6fe82f94a2e7a39,80
.txt,IMG_20210624_225611_jpg.rf.8dd6f1922754d3f91fd32edc40149fe1.txt,0,0,0,,0,1,1,0,0,,"{""metric"": ""f1"", ""multimodal"": ""arsl""}",2022-02-06T21:10:20,data\raw\ArSL\train\labels\IMG_20210624_225611_jpg.rf.8dd6f1922754d3f91fd32edc40149fe1.txt,ffa658a9a3465999b9b737109d58f0ac3e787f93cbf5df99010bb8297a98a9ea,80
.txt,IMG_20210624_225624_jpg.rf.b1ff1be18e1b202b9e74c88f11d733f2.txt,0,0,0,,0,1,1,0,0,,"{""metric"": ""f1"", ""multimodal"": ""arsl""}",2022-02-06T21:10:20,data\raw\ArSL\train\labels\IMG_20210624_225624_jpg.rf.b1ff1be18e1b202b9e74c88f11d733f2.txt,18220d9b342df6a61a9ca32cc297156291b65cb69ae3f75f3bd028bb51948f04,79
.txt,IMG_20210624_225631_jpg.rf.62f18a6fe6114ae9e0ece67b1846e730.txt,0,0,0,,0,1,1,0,0,,"{""metric"": ""f1"", ""multimodal"": ""arsl""}",2022-02-06T21:10:20,data\raw\ArSL\train\labels\IMG_20210624_225631_jpg.rf.62f18a6fe6114ae9e0ece67b1846e730.txt,0b2dd0f43665524d79814fb5e878bbc0631834461124733e7f2acd51e79cd1c0,81
.txt,IMG_20210624_225648_jpg.rf.84752270fe9c686968cf1af8a6c3d38d.txt,0,0,0,,0,1,1,0,0,,"{""metric"": ""f1"", ""multimodal"": ""arsl""}",2022-02-06T21:10:20,data\raw\ArSL\train\labels\IMG_20210624_225648_jpg.rf.84752270fe9c686968cf1af8a6c3d38d.txt,a33b7c76d699105209e0d3a7152e26625a2873a5ad5ab5d45f110b1ddfd14aeb,81
.txt,IMG_20210624_225659_jpg.rf.9dc08cef207873f11de0f017873e9bc6.txt,0,0,0,,0,1,1,0,0,,"{""metric"": ""f1"", ""multimodal"": ""arsl""}",2022-02-06T21:10:20,data\raw\ArSL\train\labels\IMG_20210624_225659_jpg.rf.9dc08cef207873f11de0f017873e9bc6.txt,fd95a47773aae005941b59cad5622feb659fa07dea4ce1595c78b2ae73275197,80
.txt,IMG_20210624_225748_jpg.rf.1a0409e48452aef78bc949874f0f199d.txt,0,0,0,,0,1,1,0,0,,"{""metric"": ""f1"", ""multimodal"": ""arsl""}",2022-02-06T21:10:20,data\raw\ArSL\train\labels\IMG_20210624_225748_jpg.rf.1a0409e48452aef78bc949874f0f199d.txt,94dee4081804a3a640ce16a4d402653bf0722e91dd19ba730613985c0cf7ad37,67
.txt,IMG_20210624_225822_jpg.rf.0edce24d0e41b63cbf180336a64884dd.txt,0,0,0,,0,1,1,0,0,,"{""metric"": ""f1"", ""multimodal"": ""arsl""}",2022-02-06T21:10:20,data\raw\ArSL\train\labels\IMG_20210624_225822_jpg.rf.0edce24d0e41b63cbf180336a64884dd.txt,5cd43d4c8993455df1a978d85d640b94895153ae3245365e9a87ffc4f9e8c8cd,79
.txt,IMG_20210624_230000_jpg.rf.cc2fa7870f837441055cfcdf152df0af.txt,0,0,0,,0,1,1,0,0,,"{""metric"": ""f1"", ""multimodal"": ""arsl""}",2022-02-06T21:10:20,data\raw\ArSL\train\labels\IMG_20210624_230000_jpg.rf.cc2fa7870f837441055cfcdf152df0af.txt,097d30cb297cad51e663c975ac9d0ff3f06c3a36e9559a413695fc223a94eeca,80
.txt,IMG_20210624_230110_jpg.rf.33bdf4f81edca82c8451f82ab9f583f1.txt,0,0,0,,0,1,1,0,0,,"{""metric"": ""f1"", ""multimodal"": ""arsl""}",2022-02-06T21:10:20,data\raw\ArSL\train\labels\IMG_20210624_230110_jpg.rf.33bdf4f81edca82c8451f82ab9f583f1.txt,78453e8fd0d09eb201e891cd3818ba2d44a7d64302e9adea9307509ad1efcb17,67
.txt,IMG_20210624_230140_jpg.rf.6ad92630b04bbaf670246f402f1729df.txt,0,0,0,,0,1,1,0,0,,"{""metric"": ""f1"", ""multimodal"": ""arsl""}",2022-02-06T21:10:20,data\raw\ArSL\train\labels\IMG_20210624_230140_jpg.rf.6ad92630b04bbaf670246f402f1729df.txt,31963d15527302569d1a4dffbced739160587dbe89d78fa01a36cda6c5e1a6fc,80
.txt,IMG_20210624_230305_jpg.rf.4f42a3c81d03ad99a18f3891f1121b24.txt,0,0,0,,0,1,1,0,0,,"{""metric"": ""f1"", ""multimodal"": ""arsl""}",2022-02-06T21:10:20,data\raw\ArSL\train\labels\IMG_20210624_230305_jpg.rf.4f42a3c81d03ad99a18f3891f1121b24.txt,303f24544ec4a0ab0a2a7fa14a8322cefb9edb1e3465922b58a0eb44ec354885,79
.txt,IMG_20210624_230324_jpg.rf.eb400950aa275c273eab60ed3f1f699c.txt,0,0,0,,0,1,1,0,0,,"{""metric"": ""f1"", ""multimodal"": ""arsl""}",2022-02-06T21:10:20,data\raw\ArSL\train\labels\IMG_20210624_230324_jpg.rf.eb400950aa275c273eab60ed3f1f699c.txt,ed55be5e71a78d4d2829f27c772602a9143bbf5128f2fe2a1f2c2781eea22b9e,81
.txt,IMG_20210624_230335_jpg.rf.afd8511d4b12eae54c71479f18790ec1.txt,0,0,0,,0,1,1,0,0,,"{""metric"": ""f1"", ""multimodal"": ""arsl""}",2022-02-06T21:10:20,data\raw\ArSL\train\labels\IMG_20210624_230335_jpg.rf.afd8511d4b12eae54c71479f18790ec1.txt,950a48c52c0111ff99c3f7f8f17ca469db96e809243b9b1fb04183062977230c,80
.txt,IMG_20210624_230429_jpg.rf.ef186467d1798d550c3a003303ae2d1e.txt,0,0,0,,0,1,1,0,0,,"{""metric"": ""f1"", ""multimodal"": ""arsl""}",2022-02-06T21:10:20,data\raw\ArSL\train\labels\IMG_20210624_230429_jpg.rf.ef186467d1798d550c3a003303ae2d1e.txt,43594d20325ec24ca769d356e47ecd236aefdc6982b5158922ae1e470ec2230d,79
.txt,IMG_20210624_230713_jpg.rf.910c4912a8865dc45f1ce0ef47aa0199.txt,0,0,0,,0,1,1,0,0,,"{""metric"": ""f1"", ""multimodal"": ""arsl""}",2022-02-06T21:10:20,data\raw\ArSL\train\labels\IMG_20210624_230713_jpg.rf.910c4912a8865dc45f1ce0ef47aa0199.txt,2614b36e6c6a4f53d1915ef393edbf8597cc141b9404aefff9308a9fee933fe2,80
.txt,IMG_20210624_230922_jpg.rf.51a71ef28f110fcb4f7a11b49796cb6b.txt,0,0,0,,0,1,1,0,0,,"{""metric"": ""f1"", ""multimodal"": ""arsl""}",2022-02-06T21:10:20,data\raw\ArSL\train\labels\IMG_20210624_230922_jpg.rf.51a71ef28f110fcb4f7a11b49796cb6b.txt,52029f943d517e6cf0cb8fa36ac105620a3ded3e498984d1829102166b4414ed,80
.txt,IMG_20210624_231005_jpg.rf.d5651bf85ef7036acc5fa20ff15b50d1.txt,0,0,0,,0,1,1,0,0,,"{""metric"": ""f1"", ""multimodal"": ""arsl""}",2022-02-06T21:10:20,data\raw\ArSL\train\labels\IMG_20210624_231005_jpg.rf.d5651bf85ef7036acc5fa20ff15b50d1.txt,513512a2b60e74a0b22cdd2fb16b494bd1de6e1418d3578abbcc5b5eb8a7ef9a,68
.txt,IMG_20210624_231009_jpg.rf.4f12bf9f0cc623dda61f85ae0974adab.txt,0,0,0,,0,1,1,0,0,,"{""metric"": ""f1"", ""multimodal"": ""arsl""}",2022-02-06T21:10:20,data\raw\ArSL\train\labels\IMG_20210624_231009_jpg.rf.4f12bf9f0cc623dda61f85ae0974adab.txt,07017e8acaaea9bc50f0b0fc8b46c019caa0fe9c030dd7780464973ae480e9f6,79
.txt,IMG_20210624_231050_jpg.rf.e5f4bf6d274c26f1feaa4738e5275fef.txt,0,0,0,,0,1,1,0,0,,"{""metric"": ""f1"", ""multimodal"": ""arsl""}",2022-02-06T21:10:20,data\raw\ArSL\train\labels\IMG_20210624_231050_jpg.rf.e5f4bf6d274c26f1feaa4738e5275fef.txt,d56ec386b1f200db50f12518e74a4c3e6fef912031bc3814b1ba39fe912ac312,80
.txt,IMG_20210624_231648_jpg.rf.9057c38c0e95a6142ba31f1ef1bc1b0e.txt,0,0,0,,0,1,1,0,0,,"{""metric"": ""f1"", ""multimodal"": ""arsl""}",2022-02-06T21:10:20,data\raw\ArSL\train\labels\IMG_20210624_231648_jpg.rf.9057c38c0e95a6142ba31f1ef1bc1b0e.txt,4fb4729cd5707ec17d1d1a0adaa4f784b0ea0b9e1270811e6ac7a9366c191799,79
.txt,IMG_20210624_231711_jpg.rf.957f12e5778060f76dc4232170a6d086.txt,0,0,0,,0,1,1,0,0,,"{""metric"": ""f1"", ""multimodal"": ""arsl""}",2022-02-06T21:10:20,data\raw\ArSL\train\labels\IMG_20210624_231711_jpg.rf.957f12e5778060f76dc4232170a6d086.txt,cf70b0386e91f1749ae5b9a7595f9db9496f24faf46a202e85030fb1bd2ca990,80
.txt,IMG_20210624_232105_jpg.rf.69046d12924f6bf131a74ba4b583ea1c.txt,0,0,0,,0,1,1,0,0,,"{""metric"": ""f1"", ""multimodal"": ""arsl""}",2022-02-06T21:10:20,data\raw\ArSL\train\labels\IMG_20210624_232105_jpg.rf.69046d12924f6bf131a74ba4b583ea1c.txt,8598cf3f2c7fad4791c960f29ed6e036f03bbe32fc25c95a27336e757c9774eb,59
.txt,IMG_20210624_232121_jpg.rf.e617e9e43ed91001339f1a91915a8667.txt,0,0,0,,0,1,1,0,0,,"{""metric"": ""f1"", ""multimodal"": ""arsl""}",2022-02-06T21:10:20,data\raw\ArSL\train\labels\IMG_20210624_232121_jpg.rf.e617e9e43ed91001339f1a91915a8667.txt,c851dbce1ce97489d7e698ad48e1e7d037960c72e163beecd96be451bc7cc8ed,79
.txt,IMG_20210624_232146_jpg.rf.4b10d6d6335dedc7fba1fbf13af56e2e.txt,0,0,0,,0,1,1,0,0,,"{""metric"": ""f1"", ""multimodal"": ""arsl""}",2022-02-06T21:10:20,data\raw\ArSL\train\labels\IMG_20210624_232146_jpg.rf.4b10d6d6335dedc7fba1fbf13af56e2e.txt,a74a6088da75053999b524ecfdc2e1718ba50b2fb39ec9036732f693c7c6bf7a,65
.txt,IMG_20210624_232236_jpg.rf.b2426a676ec9ff1f1e45b16b693eda7a.txt,0,0,0,,0,1,1,0,0,,"{""metric"": ""f1"", ""multimodal"": ""arsl""}",2022-02-06T21:10:20,data\raw\ArSL\train\labels\IMG_20210624_232236_jpg.rf.b2426a676ec9ff1f1e45b16b693eda7a.txt,e99195635d3b18d5438f44e49b7db36ccc0e6c718372a39ad3b38da522ff6030,80
.txt,IMG_20210624_232300_jpg.rf.30a5fa674f2856b92bbb0f5f652f1397.txt,0,0,0,,0,1,1,0,0,,"{""metric"": ""f1"", ""multimodal"": ""arsl""}",2022-02-06T21:10:20,data\raw\ArSL\train\labels\IMG_20210624_232300_jpg.rf.30a5fa674f2856b92bbb0f5f652f1397.txt,344332fcca46724a25ffbca3a6c697abc24b14bc1e25d5a70d15323cf6c0325b,79
.txt,IMG_20210624_232313_jpg.rf.d2dc6d1c0fc29fc93f8f10f0d4ca0185.txt,0,0,0,,0,1,1,0,0,,"{""metric"": ""f1"", ""multimodal"": ""arsl""}",2022-02-06T21:10:20,data\raw\ArSL\train\labels\IMG_20210624_232313_jpg.rf.d2dc6d1c0fc29fc93f8f10f0d4ca0185.txt,3a37a3d9292195c21b91a33e63884701d18188fc23871cb6c8916f9fdb97c3cb,67
.txt,IMG_20210624_232512_jpg.rf.248281b6b11c01901f669bded57fdff1.txt,0,0,0,,0,1,1,0,0,,"{""metric"": ""f1"", ""multimodal"": ""arsl""}",2022-02-06T21:10:20,data\raw\ArSL\train\labels\IMG_20210624_232512_jpg.rf.248281b6b11c01901f669bded57fdff1.txt,6542fe38f6f737f842f5ffbec61e517c3dca0e95933a4435deeb8e54e4993a48,79
.txt,IMG_20210624_232622_jpg.rf.e6c091fe21c380e2a1e27caef5ef33f1.txt,0,0,0,,0,1,1,0,0,,"{""metric"": ""f1"", ""multimodal"": ""arsl""}",2022-02-06T21:10:20,data\raw\ArSL\train\labels\IMG_20210624_232622_jpg.rf.e6c091fe21c380e2a1e27caef5ef33f1.txt,14f45dc5e8c3db6d0fa77d7aac608044fbf342e7c937171caa38f3d45dbd18e0,68
.txt,IMG_20210624_232633_jpg.rf.17c39288c5f1463b609cfd043b3e1210.txt,0,0,0,,0,1,1,0,0,,"{""metric"": ""f1"", ""multimodal"": ""arsl""}",2022-02-06T21:10:20,data\raw\ArSL\train\labels\IMG_20210624_232633_jpg.rf.17c39288c5f1463b609cfd043b3e1210.txt,d91481dd4bdb58c9f97210aabbee9fcdbaa7e5988bcbe572c04f883a2dfa9c61,78
.txt,IMG_20210624_232744_jpg.rf.d37ad8fdf10dd8c530b894d114e208b8.txt,0,0,0,,0,1,1,0,0,,"{""metric"": ""f1"", ""multimodal"": ""arsl""}",2022-02-06T21:10:20,data\raw\ArSL\train\labels\IMG_20210624_232744_jpg.rf.d37ad8fdf10dd8c530b894d114e208b8.txt,f7b2df24574debe2c0b2a643575b7e43e598994bc4b997a8ad35e04196be9ba7,79
.txt,IMG_20210624_233018_jpg.rf.31278284b2cb6c5f122286b36c087f73.txt,0,0,0,,0,1,1,0,0,,"{""metric"": ""f1"", ""multimodal"": ""arsl""}",2022-02-06T21:10:20,data\raw\ArSL\train\labels\IMG_20210624_233018_jpg.rf.31278284b2cb6c5f122286b36c087f73.txt,4b31c8e8c0f56bf64d4d49d25740e3c1a138167a40b53e33c5f0ef92ca6474f0,81
.txt,IMG_20210625_011154_jpg.rf.2f58683940d0433487fdf1b2b2f7b1f0.txt,0,0,0,,0,1,1,0,0,,"{""metric"": ""f1"", ""multimodal"": ""arsl""}",2022-02-06T21:10:20,data\raw\ArSL\train\labels\IMG_20210625_011154_jpg.rf.2f58683940d0433487fdf1b2b2f7b1f0.txt,96ba253167438ff461c8443610b59db0b0541804bcec8f44e672ff356f68d41a,78
.txt,IMG_20210625_011214_jpg.rf.64e844fa35fa4ae8bc7f17656cef2948.txt,0,0,0,,0,1,1,0,0,,"{""metric"": ""f1"", ""multimodal"": ""arsl""}",2022-02-06T21:10:20,data\raw\ArSL\train\labels\IMG_20210625_011214_jpg.rf.64e844fa35fa4ae8bc7f17656cef2948.txt,32dc723f7453d32b8a8f14665cdcc39ffc7c1c9b79c633655281f9b7fe4c3540,57
.txt,IMG_20210625_011235_jpg.rf.c6beebf1ba9426f2bd0d481151b6ffdc.txt,0,0,0,,0,1,1,0,0,,"{""metric"": ""f1"", ""multimodal"": ""arsl""}",2022-02-06T21:10:20,data\raw\ArSL\train\labels\IMG_20210625_011235_jpg.rf.c6beebf1ba9426f2bd0d481151b6ffdc.txt,309f16987d1864b39a8d742e3d7d2a04c2f239fb2653c4dcd6dd19368d7a3c1b,78
.txt,IMG_20210625_011239_jpg.rf.19ce77982d2939033fcfd3ecfeeedf14.txt,0,0,0,,0,1,1,0,0,,"{""metric"": ""f1"", ""multimodal"": ""arsl""}",2022-02-06T21:10:20,data\raw\ArSL\train\labels\IMG_20210625_011239_jpg.rf.19ce77982d2939033fcfd3ecfeeedf14.txt,83c0838dd8d8a57652f6ae1725576252b2ee7ced285bee9c15f83f41f14ee622,78
.txt,IMG_20210625_011332_jpg.rf.1d163d30aa21236a6f199414ba5ac8c8.txt,0,0,0,,0,1,1,0,0,,"{""metric"": ""f1"", ""multimodal"": ""arsl""}",2022-02-06T21:10:20,data\raw\ArSL\train\labels\IMG_20210625_011332_jpg.rf.1d163d30aa21236a6f199414ba5ac8c8.txt,5464f7fbc52237fb0f6fdd21c795a8b9548e67788356ebe2cc00ffc15fad8e7e,67
.txt,IMG_20210625_011914_jpg.rf.f18ddbfd6f969aa750e53b2ad4e58a1f.txt,0,0,0,,0,1,1,0,0,,"{""metric"": ""f1"", ""multimodal"": ""arsl""}",2022-02-06T21:10:20,data\raw\ArSL\train\labels\IMG_20210625_011914_jpg.rf.f18ddbfd6f969aa750e53b2ad4e58a1f.txt,3868d29dfdfe107b916cb12ee8b66da50129de0e7a4cefb5b98cf803ac7aa6e6,80
.txt,IMG_20210625_011953_jpg.rf.15c93582c5ef165acba4eccd32ee4b8a.txt,0,0,0,,0,1,1,0,0,,"{""metric"": ""f1"", ""multimodal"": ""arsl""}",2022-02-06T21:10:20,data\raw\ArSL\train\labels\IMG_20210625_011953_jpg.rf.15c93582c5ef165acba4eccd32ee4b8a.txt,7dae168ff2b89b130699fe3c31d1c0a74ab560a05908a2032eff3f3fa2a22ec3,68
.txt,IMG_20210625_012005_jpg.rf.827a30f1a94e2fa7cdac6f2e86e3c81f.txt,0,0,0,,0,1,1,0,0,,"{""metric"": ""f1"", ""multimodal"": ""arsl""}",2022-02-06T21:10:20,data\raw\ArSL\train\labels\IMG_20210625_012005_jpg.rf.827a30f1a94e2fa7cdac6f2e86e3c81f.txt,aeac1f0bfbeb14c4f7aaf65ddc2e67cf3456ec6ffe698ae058ab5f93ecdcd012,80
.txt,IMG_20210625_012058_jpg.rf.2ccbabcf2ada8ad769fb1fb9569259f1.txt,0,0,0,,0,1,1,0,0,,"{""metric"": ""f1"", ""multimodal"": ""arsl""}",2022-02-06T21:10:20,data\raw\ArSL\train\labels\IMG_20210625_012058_jpg.rf.2ccbabcf2ada8ad769fb1fb9569259f1.txt,faa10f5efd75b61ac230a9fe126c86cba95747f40e934fee03f6c79358c51e1a,79
.txt,IMG_20210625_012126_jpg.rf.0ba807bb288c733a1f1ae1be5622744f.txt,0,0,0,,0,1,1,0,0,,"{""metric"": ""f1"", ""multimodal"": ""arsl""}",2022-02-06T21:10:20,data\raw\ArSL\train\labels\IMG_20210625_012126_jpg.rf.0ba807bb288c733a1f1ae1be5622744f.txt,542ec3bfd5fc4a0a82df068d5216d662a6af9ca50221b35b10f71c58b943ca81,80
.txt,IMG_20210625_012131_jpg.rf.e940e8af13ce4246b08b2b960ee1f6b5.txt,0,0,0,,0,1,1,0,0,,"{""metric"": ""f1"", ""multimodal"": ""arsl""}",2022-02-06T21:10:20,data\raw\ArSL\train\labels\IMG_20210625_012131_jpg.rf.e940e8af13ce4246b08b2b960ee1f6b5.txt,882f1a20e296bd405721954d096a4f3a67dcc183dbd5b70148f455407012b9db,80
.txt,IMG_20210625_012756_jpg.rf.4e80974c37f12e505a8ab200fbf7cdeb.txt,0,0,0,,0,1,1,0,0,,"{""metric"": ""f1"", ""multimodal"": ""arsl""}",2022-02-06T21:10:20,data\raw\ArSL\train\labels\IMG_20210625_012756_jpg.rf.4e80974c37f12e505a8ab200fbf7cdeb.txt,53d629c9fceb15752e5fa80ed8ad90b2a214a46a8e5432a3d4a67b5964bfa946,68
.txt,IMG_20210625_013115_jpg.rf.9f13dedab3477fb5764c3c251a9d2a7b.txt,0,0,0,,0,1,1,0,0,,"{""metric"": ""f1"", ""multimodal"": ""arsl""}",2022-02-06T21:10:20,data\raw\ArSL\train\labels\IMG_20210625_013115_jpg.rf.9f13dedab3477fb5764c3c251a9d2a7b.txt,8a6ff7e788466fa2672aedb21b6d3c179d33d28cb4fd235b137da23cdf62da50,78
.txt,IMG_20210625_013445_jpg.rf.9f0bff11f96ae68275ce0879322e8459.txt,0,0,0,,0,1,1,0,0,,"{""metric"": ""f1"", ""multimodal"": ""arsl""}",2022-02-06T21:10:20,data\raw\ArSL\train\labels\IMG_20210625_013445_jpg.rf.9f0bff11f96ae68275ce0879322e8459.txt,764494cf34821fe2e4b3e6970a9c6cebf039fab219542c0f9a2d50cdee9b372c,64
.txt,IMG_20210625_013615_jpg.rf.eef3d516f1ea5004760637da69876d0b.txt,0,0,0,,0,1,1,0,0,,"{""metric"": ""f1"", ""multimodal"": ""arsl""}",2022-02-06T21:10:20,data\raw\ArSL\train\labels\IMG_20210625_013615_jpg.rf.eef3d516f1ea5004760637da69876d0b.txt,f3c8a1f586fa057d965ffd2e357caa5d42070ca45560c2659243520b80da0407,79
.txt,IMG_20210625_013637_jpg.rf.3ef06573ebbc709daab48ad08df1963d.txt,0,0,0,,0,1,1,0,0,,"{""metric"": ""f1"", ""multimodal"": ""arsl""}",2022-02-06T21:10:20,data\raw\ArSL\train\labels\IMG_20210625_013637_jpg.rf.3ef06573ebbc709daab48ad08df1963d.txt,3a7e57c9cdfea1625b342970b0795d4c7a218107fee88ae94582290cf2b5c458,79
.txt,IMG_20210625_013743_jpg.rf.67f14c12670c26d0d81e60156cb758b8.txt,0,0,0,,0,1,1,0,0,,"{""metric"": ""f1"", ""multimodal"": ""arsl""}",2022-02-06T21:10:20,data\raw\ArSL\train\labels\IMG_20210625_013743_jpg.rf.67f14c12670c26d0d81e60156cb758b8.txt,3f35ceb44133e23347095eae7b1db4d01221bd4f426fba712306b982d4a84050,79
.txt,IMG_20210625_023919_jpg.rf.cc29d88e5bd74029035c5d01ff1dd708.txt,0,0,0,,0,1,1,0,0,,"{""metric"": ""f1"", ""multimodal"": ""arsl""}",2022-02-06T21:10:20,data\raw\ArSL\train\labels\IMG_20210625_023919_jpg.rf.cc29d88e5bd74029035c5d01ff1dd708.txt,c1466347061f3b253bc1d3889ddae783e18f722a80851edf63b80ff32d86282e,80
.txt,IMG_20210625_023924_jpg.rf.1cb3543f16bc505cbc130a933de713d7.txt,0,0,0,,0,1,1,0,0,,"{""metric"": ""f1"", ""multimodal"": ""arsl""}",2022-02-06T21:10:20,data\raw\ArSL\train\labels\IMG_20210625_023924_jpg.rf.1cb3543f16bc505cbc130a933de713d7.txt,26b5d12c74f55f747c5673ebec085f2608cdae1794e4267bc0a8d52e5f898c53,80
.txt,IMG_20210625_024011_jpg.rf.9df40b51b9c5b171ef45d292f1b6c641.txt,0,0,0,,0,1,1,0,0,,"{""metric"": ""f1"", ""multimodal"": ""arsl""}",2022-02-06T21:10:20,data\raw\ArSL\train\labels\IMG_20210625_024011_jpg.rf.9df40b51b9c5b171ef45d292f1b6c641.txt,f7b5be67993300fb3dab610b1c382e9b20a2e851ac6c08b68cdf8061d2b02278,63
.txt,IMG_20210625_024033_jpg.rf.5da16f0dd32e3a6ab7294cfff1a9c9a8.txt,0,0,0,,0,1,1,0,0,,"{""metric"": ""f1"", ""multimodal"": ""arsl""}",2022-02-06T21:10:20,data\raw\ArSL\train\labels\IMG_20210625_024033_jpg.rf.5da16f0dd32e3a6ab7294cfff1a9c9a8.txt,4372181d0b329a39cf73d3eb26050cc1de3b1dd8df5c672aeace1717ebd12ce3,81
.txt,IMG_20210625_024138_jpg.rf.0ed40bc6c89052f1ca6f64f33303bbf9.txt,0,0,0,,0,1,1,0,0,,"{""metric"": ""f1"", ""multimodal"": ""arsl""}",2022-02-06T21:10:20,data\raw\ArSL\train\labels\IMG_20210625_024138_jpg.rf.0ed40bc6c89052f1ca6f64f33303bbf9.txt,4291e910e630d8edb761ee7a9441147b2df30a221e32a5e1deff3fcb20e50871,70
.txt,IMG_20210625_024740_jpg.rf.d2c3eb490c4f1badaa72d735ecfd79ca.txt,0,0,0,,0,1,1,0,0,,"{""metric"": ""f1"", ""multimodal"": ""arsl""}",2022-02-06T21:10:20,data\raw\ArSL\train\labels\IMG_20210625_024740_jpg.rf.d2c3eb490c4f1badaa72d735ecfd79ca.txt,5903f40a234ba9407f1c7ffd1bdbd795c90ee05d98ab2127eb1e6a7100a9c8c2,80
.txt,IMG_20210625_024918_jpg.rf.184009f17823d6133d69ca93d8bd2a41.txt,0,0,0,,0,1,1,0,0,,"{""metric"": ""f1"", ""multimodal"": ""arsl""}",2022-02-06T21:10:20,data\raw\ArSL\train\labels\IMG_20210625_024918_jpg.rf.184009f17823d6133d69ca93d8bd2a41.txt,0e9796109fa63f97f1d1a5ff686811dd539d0ab0f7e1216ef6c6e056fb237b68,79
.txt,IMG_20210625_024955_jpg.rf.74f61a1a8b83e4fd6dd12c2a11cb42f1.txt,0,0,0,,0,1,1,0,0,,"{""metric"": ""f1"", ""multimodal"": ""arsl""}",2022-02-06T21:10:20,data\raw\ArSL\train\labels\IMG_20210625_024955_jpg.rf.74f61a1a8b83e4fd6dd12c2a11cb42f1.txt,817f490e0b0cb2e92aeb89e75d6a44ff3281a2925b34f1cfbdb1cd4b67351f2d,79
.txt,IMG_20210625_025016_jpg.rf.652b11c6f11fd411a763541fd7c35e88.txt,0,0,0,,0,1,1,0,0,,"{""metric"": ""f1"", ""multimodal"": ""arsl""}",2022-02-06T21:10:20,data\raw\ArSL\train\labels\IMG_20210625_025016_jpg.rf.652b11c6f11fd411a763541fd7c35e88.txt,e9039c3c1329350bcc1c3310148523007d6ff0625ec6d0acb9a016dfa703a73c,79
.txt,IMG_20210625_025044_jpg.rf.ae69e177affaf1a6018213a9999f4521.txt,0,0,0,,0,1,1,0,0,,"{""metric"": ""f1"", ""multimodal"": ""arsl""}",2022-02-06T21:10:20,data\raw\ArSL\train\labels\IMG_20210625_025044_jpg.rf.ae69e177affaf1a6018213a9999f4521.txt,73924784cd438b72f6bb66191aa848707542253f9608f546e1c0d52f821bf5cd,70
.txt,IMG_20210625_025206_jpg.rf.a41cf1ee8149f2ab2267f9d9d86dd40d.txt,0,0,0,,0,1,1,0,0,,"{""metric"": ""f1"", ""multimodal"": ""arsl""}",2022-02-06T21:10:20,data\raw\ArSL\train\labels\IMG_20210625_025206_jpg.rf.a41cf1ee8149f2ab2267f9d9d86dd40d.txt,d7d30266db24a65ec668986a513546850ea5911ca070599c4ded08105d56f50f,79
.txt,IMG_20210625_025208_jpg.rf.85abdf3888d012e1f4adf14b71905183.txt,0,0,0,,0,1,1,0,0,,"{""metric"": ""f1"", ""multimodal"": ""arsl""}",2022-02-06T21:10:20,data\raw\ArSL\train\labels\IMG_20210625_025208_jpg.rf.85abdf3888d012e1f4adf14b71905183.txt,c0de8e0811b2eb8d129bfe27957375006c82042e242cb2d6ebde1ebad6be2b58,78
.txt,IMG_20210625_134228_jpg.rf.07440a2164119f1e528f9ffa80e673a9.txt,0,0,0,,0,1,1,0,0,,"{""metric"": ""f1"", ""multimodal"": ""arsl""}",2022-02-06T21:10:20,data\raw\ArSL\train\labels\IMG_20210625_134228_jpg.rf.07440a2164119f1e528f9ffa80e673a9.txt,6198e00133576d5547b7e8f718b201929e35c71ccbc20de25229056dbb5b8f8c,79
.txt,IMG_20210625_134449_jpg.rf.216f121b136a21c69982ce752205d342.txt,0,0,0,,0,1,1,0,0,,"{""metric"": ""f1"", ""multimodal"": ""arsl""}",2022-02-06T21:10:20,data\raw\ArSL\train\labels\IMG_20210625_134449_jpg.rf.216f121b136a21c69982ce752205d342.txt,dd73ef02f698caa9e817a034f0163b31e6d69d90321b37b91ecce36de5fddb6a,79
.txt,IMG_20210625_134643_jpg.rf.8b9b96e96ee3f1ef029d8cdc9d8633a2.txt,0,0,0,,0,1,1,0,0,,"{""metric"": ""f1"", ""multimodal"": ""arsl""}",2022-02-06T21:10:20,data\raw\ArSL\train\labels\IMG_20210625_134643_jpg.rf.8b9b96e96ee3f1ef029d8cdc9d8633a2.txt,9a7df06030a1ea9d1c77cf283819516e98ef4bfa16c9893c878358c5e7988dfd,80
.txt,IMG_20210625_134707_jpg.rf.49778dbcaf193e1e989c49f1f858c675.txt,0,0,0,,0,1,1,0,0,,"{""metric"": ""f1"", ""multimodal"": ""arsl""}",2022-02-06T21:10:20,data\raw\ArSL\train\labels\IMG_20210625_134707_jpg.rf.49778dbcaf193e1e989c49f1f858c675.txt,107f583bf0d380bf53590013a079c9d9344afd5ec24254150f2ab43a6d2e7b8a,78
.txt,IMG_20210625_190231_jpg.rf.fbf1e28471f48d9b839648aeeb71df30.txt,0,0,0,,0,1,1,0,0,,"{""metric"": ""f1"", ""multimodal"": ""arsl""}",2022-02-06T21:10:20,data\raw\ArSL\train\labels\IMG_20210625_190231_jpg.rf.fbf1e28471f48d9b839648aeeb71df30.txt,37d6f4c22807eeaa254ffb08b458350b5a6f226adcd13ce859aa34d235a9ebe4,80
.txt,IMG_20210625_190352_jpg.rf.6ef4499421d23e32a391f135ff9c256a.txt,0,0,0,,0,1,1,0,0,,"{""metric"": ""f1"", ""multimodal"": ""arsl""}",2022-02-06T21:10:20,data\raw\ArSL\train\labels\IMG_20210625_190352_jpg.rf.6ef4499421d23e32a391f135ff9c256a.txt,779d9c3b290a07c3e69cf9f9b4832b16cf040e9b33e499c95b35b4a6c178bdbb,79
.txt,IMG_20210625_190359_jpg.rf.5adb534bb65515f687f9f1d416c3d346.txt,0,0,0,,0,1,1,0,0,,"{""metric"": ""f1"", ""multimodal"": ""arsl""}",2022-02-06T21:10:20,data\raw\ArSL\train\labels\IMG_20210625_190359_jpg.rf.5adb534bb65515f687f9f1d416c3d346.txt,77c961e6c00d928060238cc305072a4f201d44326427276b398655ba1161cc83,78
.txt,IMG_20210625_190405_jpg.rf.25e1a0f19725e76eec240d6423e076a6.txt,0,0,0,,0,1,1,0,0,,"{""metric"": ""f1"", ""multimodal"": ""arsl""}",2022-02-06T21:10:20,data\raw\ArSL\train\labels\IMG_20210625_190405_jpg.rf.25e1a0f19725e76eec240d6423e076a6.txt,7f918acd381450f665abd62637bc3135e497855fe0ffa0cd46a185f608156852,79
.txt,IMG_20210625_190426_jpg.rf.0eebb6ec27df422ddeed7b46ff1642ec.txt,0,0,0,,0,1,1,0,0,,"{""metric"": ""f1"", ""multimodal"": ""arsl""}",2022-02-06T21:10:20,data\raw\ArSL\train\labels\IMG_20210625_190426_jpg.rf.0eebb6ec27df422ddeed7b46ff1642ec.txt,426fd33006a4da2f794350dc5e8bbb76e82366f27398ba8a5026ccf40c657c58,81
.txt,IMG_20210625_190538_jpg.rf.c6585f0c9e58635388b321f16c1a3e4d.txt,0,0,0,,0,1,1,0,0,,"{""metric"": ""f1"", ""multimodal"": ""arsl""}",2022-02-06T21:10:20,data\raw\ArSL\train\labels\IMG_20210625_190538_jpg.rf.c6585f0c9e58635388b321f16c1a3e4d.txt,49f55d5eaab19f5688ad77f58133dfe7b8f86162a8691f8085912730b6374e8e,79
.txt,IMG_20210625_190740_jpg.rf.fbefaab1ea6ce839fad44754f178de61.txt,0,0,0,,0,1,1,0,0,,"{""metric"": ""f1"", ""multimodal"": ""arsl""}",2022-02-06T21:10:20,data\raw\ArSL\train\labels\IMG_20210625_190740_jpg.rf.fbefaab1ea6ce839fad44754f178de61.txt,54a230bd58c690f9160929e550875656c6a7c7902aa2d89211bb0cf2829dfa4a,79
.txt,IMG_20210625_190954_jpg.rf.43217bf14cb34e092127760e9c212fbe.txt,0,0,0,,0,1,1,0,0,,"{""metric"": ""f1"", ""multimodal"": ""arsl""}",2022-02-06T21:10:20,data\raw\ArSL\train\labels\IMG_20210625_190954_jpg.rf.43217bf14cb34e092127760e9c212fbe.txt,b781d4f7e8231a3210529d466e8bb56b9ec1e7ac28aa9e73a4c98fc42fb63765,79
.txt,IMG_20210625_191024_jpg.rf.47b1334f16084330bcfad2e15a9f4516.txt,0,0,0,,0,1,1,0,0,,"{""metric"": ""f1"", ""multimodal"": ""arsl""}",2022-02-06T21:10:20,data\raw\ArSL\train\labels\IMG_20210625_191024_jpg.rf.47b1334f16084330bcfad2e15a9f4516.txt,63f42436bdd94ca514db7a048859732e512014723176f313dc20e1ba7d9c68c4,80
.txt,IMG_20210625_191043_jpg.rf.0cb198fdf1978f7769d8a6a38b0eb5a4.txt,0,0,0,,0,1,1,0,0,,"{""metric"": ""f1"", ""multimodal"": ""arsl""}",2022-02-06T21:10:20,data\raw\ArSL\train\labels\IMG_20210625_191043_jpg.rf.0cb198fdf1978f7769d8a6a38b0eb5a4.txt,2d370f5fbe9cee217162d8ae04faf7e30a5c006a855c40f30cb11e25cda387a2,78
.txt,IMG_20210625_191321_jpg.rf.0e02344f18bd934a223b9bd12409c072.txt,0,0,0,,0,1,1,0,0,,"{""metric"": ""f1"", ""multimodal"": ""arsl""}",2022-02-06T21:10:20,data\raw\ArSL\train\labels\IMG_20210625_191321_jpg.rf.0e02344f18bd934a223b9bd12409c072.txt,182a9e63ef74db7cfa5ec30890df2fbbd79b7dd881d15976fd5246d7b5de72c0,79
.txt,IMG_20210625_191354_jpg.rf.79ef8583f350c3e917adf1d79ad0a905.txt,0,0,0,,0,1,1,0,0,,"{""metric"": ""f1"", ""multimodal"": ""arsl""}",2022-02-06T21:10:20,data\raw\ArSL\train\labels\IMG_20210625_191354_jpg.rf.79ef8583f350c3e917adf1d79ad0a905.txt,227fb1f1ef4bf702da94b1f06c2cda43bb3a525d83b6256fd0f728bc379a4736,65
.txt,IMG_20210625_191455_jpg.rf.9acf28a6a6c2739f43f1f1bb91b2c003.txt,0,0,0,,0,1,1,0,0,,"{""metric"": ""f1"", ""multimodal"": ""arsl""}",2022-02-06T21:10:20,data\raw\ArSL\train\labels\IMG_20210625_191455_jpg.rf.9acf28a6a6c2739f43f1f1bb91b2c003.txt,facd86e29d5a61e86cf0a4c816867b573ac8b1574d5b2ce60330c6195eb560e8,79
.txt,IMG_20210625_191601_jpg.rf.df1fd95f2f2cd6befa2902b454d97bef.txt,0,0,0,,0,1,1,0,0,,"{""metric"": ""f1"", ""multimodal"": ""arsl""}",2022-02-06T21:10:20,data\raw\ArSL\train\labels\IMG_20210625_191601_jpg.rf.df1fd95f2f2cd6befa2902b454d97bef.txt,3c5b8ec1835af0714212982224d33c99a8ec11ce671235cd223c53fcad2549ef,59
.txt,IMG_20210625_191655_jpg.rf.cb550d2f131a0b1b59860a3b7ab1e01d.txt,0,0,0,,0,1,1,0,0,,"{""metric"": ""f1"", ""multimodal"": ""arsl""}",2022-02-06T21:10:20,data\raw\ArSL\train\labels\IMG_20210625_191655_jpg.rf.cb550d2f131a0b1b59860a3b7ab1e01d.txt,cdd161506b8812d2d95a51e2606ca46ca09886d7e509f68842b505f40ae3b9db,79
.txt,IMG_20210625_191804_jpg.rf.5f19488eaadcb0ce7edcac8df7246353.txt,0,0,0,,0,1,1,0,0,,"{""metric"": ""f1"", ""multimodal"": ""arsl""}",2022-02-06T21:10:20,data\raw\ArSL\train\labels\IMG_20210625_191804_jpg.rf.5f19488eaadcb0ce7edcac8df7246353.txt,bb1bcbb59ddc8811f72edf17c3a8af30a56e946d311d9527e07fb972e40508d3,78
.txt,IMG_20210625_191928_jpg.rf.d2f3508f119d87bc8caea374668c21c5.txt,0,0,0,,0,1,1,0,0,,"{""metric"": ""f1"", ""multimodal"": ""arsl""}",2022-02-06T21:10:20,data\raw\ArSL\train\labels\IMG_20210625_191928_jpg.rf.d2f3508f119d87bc8caea374668c21c5.txt,fa327deb122303ebf044d492b986fb464c3ebb53f57b9c61b180b6b2981b96b8,79
.txt,IMG_20210625_192017_jpg.rf.4cdab78431c069a0f1c98854b6dafad2.txt,0,0,0,,0,1,1,0,0,,"{""metric"": ""f1"", ""multimodal"": ""arsl""}",2022-02-06T21:10:20,data\raw\ArSL\train\labels\IMG_20210625_192017_jpg.rf.4cdab78431c069a0f1c98854b6dafad2.txt,c06e2c5947829f877829464a195af2e3568d6ad714f8a62080d7cca6b6be2a50,78
.txt,IMG_20210625_192126_jpg.rf.5c7cda48f16e59ffd1fbd961cef97f68.txt,0,0,0,,0,1,1,0,0,,"{""metric"": ""f1"", ""multimodal"": ""arsl""}",2022-02-06T21:10:20,data\raw\ArSL\train\labels\IMG_20210625_192126_jpg.rf.5c7cda48f16e59ffd1fbd961cef97f68.txt,dad79e21b03e186f1d6e0d05bf921bfba49d4d260ddeb309dcd847aa26c5d9e3,69
.txt,IMG_20210625_192142_jpg.rf.7f18e4f5a4bb3279d9a008f5b486b1cf.txt,0,0,0,,0,1,1,0,0,,"{""metric"": ""f1"", ""multimodal"": ""arsl""}",2022-02-06T21:10:20,data\raw\ArSL\train\labels\IMG_20210625_192142_jpg.rf.7f18e4f5a4bb3279d9a008f5b486b1cf.txt,660743a044559bbd2d34281bb7559145b96066fccdb5f68faa7b727179237850,78
.txt,IMG_20210625_192311_jpg.rf.7963da68657946be0ed73617c0f1a894.txt,0,0,0,,0,1,1,0,0,,"{""metric"": ""f1"", ""multimodal"": ""arsl""}",2022-02-06T21:10:20,data\raw\ArSL\train\labels\IMG_20210625_192311_jpg.rf.7963da68657946be0ed73617c0f1a894.txt,56c85c434b9d2eb218750a0b860f270380c223df454276400ab18cd38a25f199,78
.txt,IMG_20210625_192447_jpg.rf.5a6bf1703016b3a5b3ee4ca16698b956.txt,0,0,0,,0,1,1,0,0,,"{""metric"": ""f1"", ""multimodal"": ""arsl""}",2022-02-06T21:10:20,data\raw\ArSL\train\labels\IMG_20210625_192447_jpg.rf.5a6bf1703016b3a5b3ee4ca16698b956.txt,549694147ff8c6370c19fc97a32774e5940e760eb8bfac992648ba029fa314cb,66
.txt,IMG_20210625_192520_jpg.rf.ada749ba520f11c7c9597fd436ba58a9.txt,0,0,0,,0,1,1,0,0,,"{""metric"": ""f1"", ""multimodal"": ""arsl""}",2022-02-06T21:10:20,data\raw\ArSL\train\labels\IMG_20210625_192520_jpg.rf.ada749ba520f11c7c9597fd436ba58a9.txt,73354a9349566e2a4611a6cf0c3e060fa0fa7e3526458fbc8cc1abd340339992,68
.txt,IMG_20210625_192525_jpg.rf.c965ca0d05c4489cf1c6b81e0f392313.txt,0,0,0,,0,1,1,0,0,,"{""metric"": ""f1"", ""multimodal"": ""arsl""}",2022-02-06T21:10:20,data\raw\ArSL\train\labels\IMG_20210625_192525_jpg.rf.c965ca0d05c4489cf1c6b81e0f392313.txt,d22e342d0d0f8f33e56e424fe798de5cd6326de701e3871403f8788ba92f323f,78
.txt,IMG_20210625_192628_jpg.rf.19d73ccc0addf17170bc7942cdf8e409.txt,0,0,0,,0,1,1,0,0,,"{""metric"": ""f1"", ""multimodal"": ""arsl""}",2022-02-06T21:10:20,data\raw\ArSL\train\labels\IMG_20210625_192628_jpg.rf.19d73ccc0addf17170bc7942cdf8e409.txt,00a6d4c010fc230ccf97e832af1a7706ba95809f1e9bb8fa96e3551c6260fd18,70
.txt,IMG_20210625_192645_jpg.rf.1636f102d9ff285b98916ff332af2780.txt,0,0,0,,0,1,1,0,0,,"{""metric"": ""f1"", ""multimodal"": ""arsl""}",2022-02-06T21:10:20,data\raw\ArSL\train\labels\IMG_20210625_192645_jpg.rf.1636f102d9ff285b98916ff332af2780.txt,cdbc7462a16efb57f6a1e2a01f08e9b82468ae53c66040f9f74e4bde9665ac79,80
.txt,IMG_20210625_192654_jpg.rf.7aa53cb520202ca713f3223f58af13ef.txt,0,0,0,,0,1,1,0,0,,"{""metric"": ""f1"", ""multimodal"": ""arsl""}",2022-02-06T21:10:20,data\raw\ArSL\train\labels\IMG_20210625_192654_jpg.rf.7aa53cb520202ca713f3223f58af13ef.txt,26adf770e87b4d9d3bc2a1121ec7448dcab60cf76714161da0b7e66a6426755e,80
.txt,IMG_20210625_192842_jpg.rf.fe4beef1e3b38f0132cb8c9ffa860218.txt,0,0,0,,0,1,1,0,0,,"{""metric"": ""f1"", ""multimodal"": ""arsl""}",2022-02-06T21:10:20,data\raw\ArSL\train\labels\IMG_20210625_192842_jpg.rf.fe4beef1e3b38f0132cb8c9ffa860218.txt,bba9c44d1981324ed04074b21f7443b5705d31920ea5df1767ce4dbfa90e0776,69
.txt,IMG_20210625_195328_jpg.rf.81c900460c7ae25366876f11390667a3.txt,0,0,0,,0,1,1,0,0,,"{""metric"": ""f1"", ""multimodal"": ""arsl""}",2022-02-06T21:10:20,data\raw\ArSL\train\labels\IMG_20210625_195328_jpg.rf.81c900460c7ae25366876f11390667a3.txt,8acb064e7ccabe052366f193b7d13278226625a2b738de3b1ac92ac0066ab787,80
.txt,IMG_20210625_195439_jpg.rf.e35e89115a883df11b5e09fb8a60b92d.txt,0,0,0,,0,1,1,0,0,,"{""metric"": ""f1"", ""multimodal"": ""arsl""}",2022-02-06T21:10:20,data\raw\ArSL\train\labels\IMG_20210625_195439_jpg.rf.e35e89115a883df11b5e09fb8a60b92d.txt,8bd1783eb5f4aaa37a2573a452a3b0950898011c56123f7a51412b678dc40f73,79
.txt,IMG_20210625_195528_jpg.rf.2f1644891f3181a4fca800ce29fbad49.txt,0,0,0,,0,1,1,0,0,,"{""metric"": ""f1"", ""multimodal"": ""arsl""}",2022-02-06T21:10:20,data\raw\ArSL\train\labels\IMG_20210625_195528_jpg.rf.2f1644891f3181a4fca800ce29fbad49.txt,075b53e8fece3193f0c428f4827a6dd318fe1ad0a6620fe9dc8caa3b610c277a,79
.txt,IMG_20210625_195613_jpg.rf.6f15ad86d3b19ad2fe830f01bdc98008.txt,0,0,0,,0,1,1,0,0,,"{""metric"": ""f1"", ""multimodal"": ""arsl""}",2022-02-06T21:10:20,data\raw\ArSL\train\labels\IMG_20210625_195613_jpg.rf.6f15ad86d3b19ad2fe830f01bdc98008.txt,36175fe6913d3a2b4b638243d217a31201fe7d0599fc299a7cefd68ed6a2aff3,79
.txt,IMG_20210625_195644_jpg.rf.2d2be4b0a50ce95a3da04b9f116bf95f.txt,0,0,0,,0,1,1,0,0,,"{""metric"": ""f1"", ""multimodal"": ""arsl""}",2022-02-06T21:10:20,data\raw\ArSL\train\labels\IMG_20210625_195644_jpg.rf.2d2be4b0a50ce95a3da04b9f116bf95f.txt,7b013283ee0bcbcfbffb4d33130f1a2514b6f036ebb99c7d1f36272bb1e4c52b,69
.txt,IMG_20210625_195655_jpg.rf.3bc092f1b37cb43b4473b04afffe635b.txt,0,0,0,,0,1,1,0,0,,"{""metric"": ""f1"", ""multimodal"": ""arsl""}",2022-02-06T21:10:20,data\raw\ArSL\train\labels\IMG_20210625_195655_jpg.rf.3bc092f1b37cb43b4473b04afffe635b.txt,0604e3ff4dadedda3138ba8c3bf85817f54dc4dd04a9da9a00f6ae55cf8aacf5,79
.txt,IMG_20210625_195658_jpg.rf.be77d06757be618d5f1136397e6cd70a.txt,0,0,0,,0,1,1,0,0,,"{""metric"": ""f1"", ""multimodal"": ""arsl""}",2022-02-06T21:10:20,data\raw\ArSL\train\labels\IMG_20210625_195658_jpg.rf.be77d06757be618d5f1136397e6cd70a.txt,b95ae443e38ad44adfb9649c36fe18cdacd27418f178e370030c49274ba3c19a,79
.txt,IMG_20210625_195857_jpg.rf.b8de75f1fd379345a8a8d6dad727be41.txt,0,0,0,,0,1,1,0,0,,"{""metric"": ""f1"", ""multimodal"": ""arsl""}",2022-02-06T21:10:20,data\raw\ArSL\train\labels\IMG_20210625_195857_jpg.rf.b8de75f1fd379345a8a8d6dad727be41.txt,27a4d379cf23cf8a890055e8f8edeb0d15050437a7a0cea79f6dd78697ce6050,79
.txt,IMG_20210625_195903_jpg.rf.f1b3cc4e3f925f7c463a13abb232b0f7.txt,0,0,0,,0,1,1,0,0,,"{""metric"": ""f1"", ""multimodal"": ""arsl""}",2022-02-06T21:10:20,data\raw\ArSL\train\labels\IMG_20210625_195903_jpg.rf.f1b3cc4e3f925f7c463a13abb232b0f7.txt,037dd0c94b2999bbbc4169403d4ce24db981e187cea322253dab7b0fb0c06772,80
.txt,IMG_20210625_195910_jpg.rf.dd6ec6398c69ef13350b202ca67a9ef2.txt,0,0,0,,0,1,1,0,0,,"{""metric"": ""f1"", ""multimodal"": ""arsl""}",2022-02-06T21:10:20,data\raw\ArSL\train\labels\IMG_20210625_195910_jpg.rf.dd6ec6398c69ef13350b202ca67a9ef2.txt,259a5fa5e255126cd148c3e6db7dcbb24041dd3edd429a8403ae56be101a31f6,79
.txt,IMG_20210625_200017_jpg.rf.5a562575c610b6857fe90f1248e4c7f4.txt,0,0,0,,0,1,1,0,0,,"{""metric"": ""f1"", ""multimodal"": ""arsl""}",2022-02-06T21:10:20,data\raw\ArSL\train\labels\IMG_20210625_200017_jpg.rf.5a562575c610b6857fe90f1248e4c7f4.txt,54dd7ca2e344f8007290bda9ca49e1ff107fe635a8f34bf0e427cdc7fb2e875f,78
.txt,IMG_20210625_200524_jpg.rf.039da333fbf4c98f162b95672636b97c.txt,0,0,0,,0,1,1,0,0,,"{""metric"": ""f1"", ""multimodal"": ""arsl""}",2022-02-06T21:10:20,data\raw\ArSL\train\labels\IMG_20210625_200524_jpg.rf.039da333fbf4c98f162b95672636b97c.txt,9b9a2e489cc9d6d83ba913f9bc82e5af1d4f8f3fc3b11a453be01a48ac74bb2b,81
.txt,IMG_20210625_200558_jpg.rf.fedd57a7f14943b653dec52cc42417e3.txt,0,0,0,,0,1,1,0,0,,"{""metric"": ""f1"", ""multimodal"": ""arsl""}",2022-02-06T21:10:20,data\raw\ArSL\train\labels\IMG_20210625_200558_jpg.rf.fedd57a7f14943b653dec52cc42417e3.txt,61093296bb4e5c3b768414538660a109431b2bb29e6faca9e77390cc2ff87c59,80
.txt,IMG_20210625_201659_jpg.rf.d9eabc3d9355d7ebfe3d9f17fa44ae0b.txt,0,0,0,,0,1,1,0,0,,"{""metric"": ""f1"", ""multimodal"": ""arsl""}",2022-02-06T21:10:20,data\raw\ArSL\train\labels\IMG_20210625_201659_jpg.rf.d9eabc3d9355d7ebfe3d9f17fa44ae0b.txt,f9330ec217b790134c15fff3310bedf5d15c6b44db26812581fe1e7d37c12446,80
.txt,IMG_20210625_201755_jpg.rf.99914cf13622f99dbd162331d3d7001b.txt,0,0,0,,0,1,1,0,0,,"{""metric"": ""f1"", ""multimodal"": ""arsl""}",2022-02-06T21:10:20,data\raw\ArSL\train\labels\IMG_20210625_201755_jpg.rf.99914cf13622f99dbd162331d3d7001b.txt,2106e0e734c6838efb6d14f24afa75d48df9963e853c364a109af777807d44d3,79
.txt,IMG_20210625_201826_jpg.rf.6d13f01f11a7f5df9c188176b4e297e2.txt,0,0,0,,0,1,1,0,0,,"{""metric"": ""f1"", ""multimodal"": ""arsl""}",2022-02-06T21:10:20,data\raw\ArSL\train\labels\IMG_20210625_201826_jpg.rf.6d13f01f11a7f5df9c188176b4e297e2.txt,259ece78dfac540d80430524bd453ed4b4ae66f0bfa3c89411fc7e60f0433c5c,69
.txt,IMG_20210625_201944_jpg.rf.52f66f16df94da446e3d4ac67cadfad2.txt,0,0,0,,0,1,1,0,0,,"{""metric"": ""f1"", ""multimodal"": ""arsl""}",2022-02-06T21:10:20,data\raw\ArSL\train\labels\IMG_20210625_201944_jpg.rf.52f66f16df94da446e3d4ac67cadfad2.txt,273b0bb3afa130e3099b7a7fac008f1a229b3f53d908d17311fdb80713f2126c,80
.txt,IMG_20210625_202125_jpg.rf.7a5797e02c3873d11df174cd0b17f74a.txt,0,0,0,,0,1,1,0,0,,"{""metric"": ""f1"", ""multimodal"": ""arsl""}",2022-02-06T21:10:20,data\raw\ArSL\train\labels\IMG_20210625_202125_jpg.rf.7a5797e02c3873d11df174cd0b17f74a.txt,2246226a54229be5e8fa6471f36369fa2f575ae6261d3f89bef917f3cc5cd31f,69
.txt,IMG_20210625_202139_jpg.rf.cb4d9da4cf1e29e0a8c6d7d75cd83f19.txt,0,0,0,,0,1,1,0,0,,"{""metric"": ""f1"", ""multimodal"": ""arsl""}",2022-02-06T21:10:20,data\raw\ArSL\train\labels\IMG_20210625_202139_jpg.rf.cb4d9da4cf1e29e0a8c6d7d75cd83f19.txt,d9b3c30888dfeda4e543d5e2601cccdd466a8fb8109ccdee641982a667102d94,80
.txt,IMG_20210625_202153_jpg.rf.7d751499d9d173443a7c34f176f98a95.txt,0,0,0,,0,1,1,0,0,,"{""metric"": ""f1"", ""multimodal"": ""arsl""}",2022-02-06T21:10:20,data\raw\ArSL\train\labels\IMG_20210625_202153_jpg.rf.7d751499d9d173443a7c34f176f98a95.txt,6b0af8b7ebf29dcf7aa059faee9918ac751c66654d97af0cdf6185ce1d32d44c,80
.txt,IMG_20210625_202407_jpg.rf.f57dc1247ddcf246417f1d78cd83f478.txt,0,0,0,,0,1,1,0,0,,"{""metric"": ""f1"", ""multimodal"": ""arsl""}",2022-02-06T21:10:20,data\raw\ArSL\train\labels\IMG_20210625_202407_jpg.rf.f57dc1247ddcf246417f1d78cd83f478.txt,833b9f8f54028b8475973b25eeec4fa54e165a991367579670d6d844442b2ab2,69
.txt,IMG_20210625_202411_jpg.rf.97956df1dfd0844436660382548ca898.txt,0,0,0,,0,1,1,0,0,,"{""metric"": ""f1"", ""multimodal"": ""arsl""}",2022-02-06T21:10:20,data\raw\ArSL\train\labels\IMG_20210625_202411_jpg.rf.97956df1dfd0844436660382548ca898.txt,11ade842fc424f552f4f8d7582c3c1e8e323fec4ab3a35c1816dee0d33b68a0c,68
.txt,IMG_20210625_202543_jpg.rf.d7de0ff1a26db38c5c852bde136047d1.txt,0,0,0,,0,1,1,0,0,,"{""metric"": ""f1"", ""multimodal"": ""arsl""}",2022-02-06T21:10:20,data\raw\ArSL\train\labels\IMG_20210625_202543_jpg.rf.d7de0ff1a26db38c5c852bde136047d1.txt,cfd31ff8ba015f34a4a38048760ca3527cad6e4b25d798141fd15c283324a6ed,80
.txt,IMG_20210625_202957_jpg.rf.845fb2053e512f2cc8a35092a6f1fc02.txt,0,0,0,,0,1,1,0,0,,"{""metric"": ""f1"", ""multimodal"": ""arsl""}",2022-02-06T21:10:20,data\raw\ArSL\train\labels\IMG_20210625_202957_jpg.rf.845fb2053e512f2cc8a35092a6f1fc02.txt,d50eb242c1bbb49afa7133c7686b14be6c4b8c41aa33121a0fe52ef71e5d7e4e,68
.txt,IMG_20210625_204040_jpg.rf.4adb2d4e5ec1283f115265ed224bc358.txt,0,0,0,,0,1,1,0,0,,"{""metric"": ""f1"", ""multimodal"": ""arsl""}",2022-02-06T21:10:20,data\raw\ArSL\train\labels\IMG_20210625_204040_jpg.rf.4adb2d4e5ec1283f115265ed224bc358.txt,9d63dcd4696254cd1ec11227db9d44d227f013c60dd4bcb5b59d0fcc077b5196,80
.txt,IMG_20210625_204303_jpg.rf.0ba0241e7ec7dffb36ef1b4f9d0b2ae9.txt,0,0,0,,0,1,1,0,0,,"{""metric"": ""f1"", ""multimodal"": ""arsl""}",2022-02-06T21:10:20,data\raw\ArSL\train\labels\IMG_20210625_204303_jpg.rf.0ba0241e7ec7dffb36ef1b4f9d0b2ae9.txt,76c94bd3feea52758ee33e03cbc2d5bdb9fc75cdc29856d4f2771e9953b42355,79
.txt,IMG_20210625_204437_jpg.rf.621c4a857a8aaa3f6ff4823c8f1f20c4.txt,0,0,0,,0,1,1,0,0,,"{""metric"": ""f1"", ""multimodal"": ""arsl""}",2022-02-06T21:10:20,data\raw\ArSL\train\labels\IMG_20210625_204437_jpg.rf.621c4a857a8aaa3f6ff4823c8f1f20c4.txt,57b3ee572996649db66eed37bb5e431711182ea9782c8594f476cad01837387d,79
.txt,IMG_20210625_204529_jpg.rf.1d631df969ba5f2f16acbd118121421b.txt,0,0,0,,0,1,1,0,0,,"{""metric"": ""f1"", ""multimodal"": ""arsl""}",2022-02-06T21:10:20,data\raw\ArSL\train\labels\IMG_20210625_204529_jpg.rf.1d631df969ba5f2f16acbd118121421b.txt,7e2af8d499b548b32df9642f2ef704e4800f07d4f09a1fca7f157c608eca04a3,82
.txt,IMG_20210625_204536_jpg.rf.b75ee7f13565b52206633dc390d507a5.txt,0,0,0,,0,1,1,0,0,,"{""metric"": ""f1"", ""multimodal"": ""arsl""}",2022-02-06T21:10:20,data\raw\ArSL\train\labels\IMG_20210625_204536_jpg.rf.b75ee7f13565b52206633dc390d507a5.txt,b4dc4ec45729acf398ba7fb0ba56f71b5ba33b2b02db69860e2e23a777bed22f,79
.txt,IMG_20210625_204744_jpg.rf.d187b2923827f8cb018f190c3d4735b2.txt,0,0,0,,0,1,1,0,0,,"{""metric"": ""f1"", ""multimodal"": ""arsl""}",2022-02-06T21:10:20,data\raw\ArSL\train\labels\IMG_20210625_204744_jpg.rf.d187b2923827f8cb018f190c3d4735b2.txt,ba5d3ce79417a62927f2cdc20f2837b0e32da8845b4e481ecd5a29d014ea9066,68
.txt,IMG_20210625_204830_jpg.rf.6fbeb47f4908fcfb09bc9e06f1cf2ef7.txt,0,0,0,,0,1,1,0,0,,"{""metric"": ""f1"", ""multimodal"": ""arsl""}",2022-02-06T21:10:20,data\raw\ArSL\train\labels\IMG_20210625_204830_jpg.rf.6fbeb47f4908fcfb09bc9e06f1cf2ef7.txt,f9d919d9ff7bd8f22a9c7abbb3ca59743a4bcf83cbea70503aa639e8aa4d633c,79
.txt,IMG_20210625_205142_jpg.rf.9e96f3873bf7c85c4995c4c575cf1efd.txt,0,0,0,,0,1,1,0,0,,"{""metric"": ""f1"", ""multimodal"": ""arsl""}",2022-02-06T21:10:20,data\raw\ArSL\train\labels\IMG_20210625_205142_jpg.rf.9e96f3873bf7c85c4995c4c575cf1efd.txt,75a01d5fde8b63a0826174482843f7a5577468f9a57fd11fb76ebac155f6f3e7,79
.txt,IMG_20210625_205228_jpg.rf.d994f1f2e34a0d89d4f417f542bf38c1.txt,0,0,0,,0,1,1,0,0,,"{""metric"": ""f1"", ""multimodal"": ""arsl""}",2022-02-06T21:10:20,data\raw\ArSL\train\labels\IMG_20210625_205228_jpg.rf.d994f1f2e34a0d89d4f417f542bf38c1.txt,76b1f17a403adc2eed7b68f454a3d8ce83a9f9833f25e2d74858e8b20a776cab,67
.txt,IMG_20210625_205427_jpg.rf.042cec6e6e0bf1080642a33f2d79c849.txt,0,0,0,,0,1,1,0,0,,"{""metric"": ""f1"", ""multimodal"": ""arsl""}",2022-02-06T21:10:20,data\raw\ArSL\train\labels\IMG_20210625_205427_jpg.rf.042cec6e6e0bf1080642a33f2d79c849.txt,2c0fe7e620eef717d9fa0cd2268e0b79cc73e1d2f388c2414b6673da1a4b7e7a,80
.txt,IMG_20210625_210855_jpg.rf.84f64aea38f6991f4ab88bbf1ddd567c.txt,0,0,0,,0,1,1,0,0,,"{""metric"": ""f1"", ""multimodal"": ""arsl""}",2022-02-06T21:10:20,data\raw\ArSL\train\labels\IMG_20210625_210855_jpg.rf.84f64aea38f6991f4ab88bbf1ddd567c.txt,e44a6951679466a95c87773036202dbb2bffa99409de59acfa333254092e9a8d,67
.txt,IMG_20210625_210945_jpg.rf.0f429e14bb3ebadf14507102aa046319.txt,0,0,0,,0,1,1,0,0,,"{""metric"": ""f1"", ""multimodal"": ""arsl""}",2022-02-06T21:10:20,data\raw\ArSL\train\labels\IMG_20210625_210945_jpg.rf.0f429e14bb3ebadf14507102aa046319.txt,84ce1f41c63691c04f583dfcc4df1146de1734168a70787140bbed14ded4c594,80
.txt,IMG_20210625_211116_jpg.rf.d7f14d651a4595fe5b5082cd5caec8cb.txt,0,0,0,,0,1,1,0,0,,"{""metric"": ""f1"", ""multimodal"": ""arsl""}",2022-02-06T21:10:20,data\raw\ArSL\train\labels\IMG_20210625_211116_jpg.rf.d7f14d651a4595fe5b5082cd5caec8cb.txt,2e32fee45965f387a9f18f5fe34276bb9e970ff3229c8e41be4d05e5f5123d05,79
.txt,IMG_20210625_211121_jpg.rf.0ce8c91a40b2fcbf1c662f7f8d7edcc9.txt,0,0,0,,0,1,1,0,0,,"{""metric"": ""f1"", ""multimodal"": ""arsl""}",2022-02-06T21:10:20,data\raw\ArSL\train\labels\IMG_20210625_211121_jpg.rf.0ce8c91a40b2fcbf1c662f7f8d7edcc9.txt,9ca94f1fcc01672d2fc94e8f2717effca7d21b4458b849026fdc096effaeaf3e,78
.txt,IMG_20210625_211145_jpg.rf.c318d35c7df1017aa950dbc403a14535.txt,0,0,0,,0,1,1,0,0,,"{""metric"": ""f1"", ""multimodal"": ""arsl""}",2022-02-06T21:10:20,data\raw\ArSL\train\labels\IMG_20210625_211145_jpg.rf.c318d35c7df1017aa950dbc403a14535.txt,16636f5b6826e9f234f0799ef9cb8b967e5a54804b0afbe4ef2521ed932b43b0,78
.txt,IMG_20210625_211357_jpg.rf.ab2644bff1c200603bd0fc2fb2be829f.txt,0,0,0,,0,1,1,0,0,,"{""metric"": ""f1"", ""multimodal"": ""arsl""}",2022-02-06T21:10:20,data\raw\ArSL\train\labels\IMG_20210625_211357_jpg.rf.ab2644bff1c200603bd0fc2fb2be829f.txt,5133eec79dafa28edbb74575e4226510ad93e076e7041effbbe81a94dd85cc64,79
.txt,IMG_20210625_211511_jpg.rf.9de7c088119bf1005e42f5f7e9c907d6.txt,0,0,0,,0,1,1,0,0,,"{""metric"": ""f1"", ""multimodal"": ""arsl""}",2022-02-06T21:10:20,data\raw\ArSL\train\labels\IMG_20210625_211511_jpg.rf.9de7c088119bf1005e42f5f7e9c907d6.txt,f21fc0971c781be36005d1ab27a6cd26de26ffeb4316b7348717d5a46f4b3e9e,79
.txt,IMG_20210625_211521_jpg.rf.037611f9c03da622b743578fcf1383f8.txt,0,0,0,,0,1,1,0,0,,"{""metric"": ""f1"", ""multimodal"": ""arsl""}",2022-02-06T21:10:20,data\raw\ArSL\train\labels\IMG_20210625_211521_jpg.rf.037611f9c03da622b743578fcf1383f8.txt,92a37a8e0c183c953696cb65bae8d2fb50c06d3048af351523b8392c118557c8,79
.txt,IMG_20210625_211524_jpg.rf.476d89518cf6f1fdecca015d468db395.txt,0,0,0,,0,1,1,0,0,,"{""metric"": ""f1"", ""multimodal"": ""arsl""}",2022-02-06T21:10:20,data\raw\ArSL\train\labels\IMG_20210625_211524_jpg.rf.476d89518cf6f1fdecca015d468db395.txt,b4a7507adb653df977f36e22bb4912b1933f6c18b8f27e8ae4c152708bef54c7,78
.txt,IMG_20210625_211535_jpg.rf.88ac0e127a5626b0f140f0ba70dfab98.txt,0,0,0,,0,1,1,0,0,,"{""metric"": ""f1"", ""multimodal"": ""arsl""}",2022-02-06T21:10:20,data\raw\ArSL\train\labels\IMG_20210625_211535_jpg.rf.88ac0e127a5626b0f140f0ba70dfab98.txt,5e2942d2c9e52ed93d0e7a0127efc34780984ff37b0645b70c16f2b03c8c79e4,78
.txt,IMG_20210625_211548_jpg.rf.5ac5a494dafa385fff1def7d85873494.txt,0,0,0,,0,1,1,0,0,,"{""metric"": ""f1"", ""multimodal"": ""arsl""}",2022-02-06T21:10:20,data\raw\ArSL\train\labels\IMG_20210625_211548_jpg.rf.5ac5a494dafa385fff1def7d85873494.txt,b748036e5108cc01df6462fd854aca1496df8a00008c01d7deedf50f5c6a325f,78
.txt,IMG_20210625_211607_jpg.rf.50d84bd10d7abc63d4f26f1c508ffe01.txt,0,0,0,,0,1,1,0,0,,"{""metric"": ""f1"", ""multimodal"": ""arsl""}",2022-02-06T21:10:20,data\raw\ArSL\train\labels\IMG_20210625_211607_jpg.rf.50d84bd10d7abc63d4f26f1c508ffe01.txt,c22bfe9a6e0ccdb757a762359bee089868610539b5a912307e422528928af752,80
.txt,IMG_20210625_211650_jpg.rf.41e32015f306c927b24f1d1357e8c02e.txt,0,0,0,,0,1,1,0,0,,"{""metric"": ""f1"", ""multimodal"": ""arsl""}",2022-02-06T21:10:20,data\raw\ArSL\train\labels\IMG_20210625_211650_jpg.rf.41e32015f306c927b24f1d1357e8c02e.txt,e3a41465924d228fe36aefe65580ff0556000a4f4c7e79f8ea7363d2fdae5da8,80
.txt,IMG_20210625_211837_jpg.rf.1d9d22e310d5c933c5b6f14e1c3b15b6.txt,0,0,0,,0,1,1,0,0,,"{""metric"": ""f1"", ""multimodal"": ""arsl""}",2022-02-06T21:10:20,data\raw\ArSL\train\labels\IMG_20210625_211837_jpg.rf.1d9d22e310d5c933c5b6f14e1c3b15b6.txt,924195ff0a934ab1da6b6c535f35aecf246f72ac308d6063d6011ea11deac0da,79
.txt,IMG_20210625_223926_jpg.rf.5e9651932f591e24efc6ff1d268074b6.txt,0,0,0,,0,1,1,0,0,,"{""metric"": ""f1"", ""multimodal"": ""arsl""}",2022-02-06T21:10:20,data\raw\ArSL\train\labels\IMG_20210625_223926_jpg.rf.5e9651932f591e24efc6ff1d268074b6.txt,79037f9c63fd93ae0a9a896df9c33e8dc6ad703cc81a7e35f9b1f2f351fe0635,80
.txt,IMG_20210625_223939_jpg.rf.35830a03633eaf6f19c252dc86242f73.txt,0,0,0,,0,1,1,0,0,,"{""metric"": ""f1"", ""multimodal"": ""arsl""}",2022-02-06T21:10:20,data\raw\ArSL\train\labels\IMG_20210625_223939_jpg.rf.35830a03633eaf6f19c252dc86242f73.txt,46304374c5797bc8ae64aa5f093ccbd925e59a4fc7f45b60254ef09b21295311,80
.txt,IMG_20210625_224004_jpg.rf.59cfeb7cf45f896a896055af1c72122e.txt,0,0,0,,0,1,1,0,0,,"{""metric"": ""f1"", ""multimodal"": ""arsl""}",2022-02-06T21:10:20,data\raw\ArSL\train\labels\IMG_20210625_224004_jpg.rf.59cfeb7cf45f896a896055af1c72122e.txt,7a654700243c685651f6513d266b0d6e6fbce777d3cf811b88c1d96a5f1eb6b8,59
.txt,IMG_20210625_224013_jpg.rf.6bd686237ea3c749444f1cfce87fb975.txt,0,0,0,,0,1,1,0,0,,"{""metric"": ""f1"", ""multimodal"": ""arsl""}",2022-02-06T21:10:20,data\raw\ArSL\train\labels\IMG_20210625_224013_jpg.rf.6bd686237ea3c749444f1cfce87fb975.txt,4b285aaf80d7dde2b60dea931988bb2e15e04325b8da0d8bb92085683e2ed3f9,79
.txt,IMG_20210625_224029_jpg.rf.da48f136319548e5144a290746a93e39.txt,0,0,0,,0,1,1,0,0,,"{""metric"": ""f1"", ""multimodal"": ""arsl""}",2022-02-06T21:10:20,data\raw\ArSL\train\labels\IMG_20210625_224029_jpg.rf.da48f136319548e5144a290746a93e39.txt,5fa30614db0b3d732c4ec6cf549814a1957b20f6ebe32445ae3fa37f27ea2e5b,70
.txt,IMG_20210625_224223_jpg.rf.32ba1393c4f14cd8c85398a7c6f94e91.txt,0,0,0,,0,1,1,0,0,,"{""metric"": ""f1"", ""multimodal"": ""arsl""}",2022-02-06T21:10:20,data\raw\ArSL\train\labels\IMG_20210625_224223_jpg.rf.32ba1393c4f14cd8c85398a7c6f94e91.txt,c8005c37e3fcef988ff760f1daf1dab2400716cad1d25d1da6d9e13b8f9d6b72,82
.txt,IMG_20210625_224225_jpg.rf.0f1272523ef57fdefb3fa23be8fc64cb.txt,0,0,0,,0,1,1,0,0,,"{""metric"": ""f1"", ""multimodal"": ""arsl""}",2022-02-06T21:10:20,data\raw\ArSL\train\labels\IMG_20210625_224225_jpg.rf.0f1272523ef57fdefb3fa23be8fc64cb.txt,cedaa47a6e84dff4ad44aa8c0ea6c924ed784e73290877cc68e57257746a9907,70
.txt,IMG_20210625_224350_jpg.rf.425e72eaec4a15242f17004d9c03a252.txt,0,0,0,,0,1,1,0,0,,"{""metric"": ""f1"", ""multimodal"": ""arsl""}",2022-02-06T21:10:20,data\raw\ArSL\train\labels\IMG_20210625_224350_jpg.rf.425e72eaec4a15242f17004d9c03a252.txt,7dc10f0c41347cd0946900b09a747c7b499fec9734a323eefab5a217363e1fa3,79
.txt,IMG_20210625_224535_jpg.rf.72978207ede010f1e03516b98aff752e.txt,0,0,0,,0,1,1,0,0,,"{""metric"": ""f1"", ""multimodal"": ""arsl""}",2022-02-06T21:10:20,data\raw\ArSL\train\labels\IMG_20210625_224535_jpg.rf.72978207ede010f1e03516b98aff752e.txt,b3364a4f1bdc09ee6276248f5eb4c55a738ecbcfd2afcf7c0dec6be088865232,80
.txt,IMG_20210625_224551_jpg.rf.f145f6632bbe64c112746ca33baf865b.txt,0,0,0,,0,1,1,0,0,,"{""metric"": ""f1"", ""multimodal"": ""arsl""}",2022-02-06T21:10:20,data\raw\ArSL\train\labels\IMG_20210625_224551_jpg.rf.f145f6632bbe64c112746ca33baf865b.txt,fb3a92d05c8d9bbb211cca7cb7a7ae0e05510b7401ffb133377c8215d5ea6232,78
.txt,IMG_20210625_224631_jpg.rf.9f1ab63cc34275e65eac91b777b7e6bd.txt,0,0,0,,0,1,1,0,0,,"{""metric"": ""f1"", ""multimodal"": ""arsl""}",2022-02-06T21:10:20,data\raw\ArSL\train\labels\IMG_20210625_224631_jpg.rf.9f1ab63cc34275e65eac91b777b7e6bd.txt,9a82586087e8a397a2e981d59e8aef13299dbf9d3a8c79761a3d656fc9ade241,69
.txt,IMG_20210625_224714_jpg.rf.31f3ae9ef65179a735b80cf3625f1658.txt,0,0,0,,0,1,1,0,0,,"{""metric"": ""f1"", ""multimodal"": ""arsl""}",2022-02-06T21:10:20,data\raw\ArSL\train\labels\IMG_20210625_224714_jpg.rf.31f3ae9ef65179a735b80cf3625f1658.txt,c56560bf8d291898d54f91d3633b5105924e490043c109d2b51e10aec857202c,63
.txt,IMG_20210625_224735_jpg.rf.b75635ec08fd30f0268e092e65f1c816.txt,0,0,0,,0,1,1,0,0,,"{""metric"": ""f1"", ""multimodal"": ""arsl""}",2022-02-06T21:10:20,data\raw\ArSL\train\labels\IMG_20210625_224735_jpg.rf.b75635ec08fd30f0268e092e65f1c816.txt,8e65ebbb2c10c4e266f1d6886541e193e4da2ddd4648f6df855b1896f88af2ee,78
.txt,IMG_20210625_225053_jpg.rf.2fafe8695f182cfb34222221d32c4c0b.txt,0,0,0,,0,1,1,0,0,,"{""metric"": ""f1"", ""multimodal"": ""arsl""}",2022-02-06T21:10:20,data\raw\ArSL\train\labels\IMG_20210625_225053_jpg.rf.2fafe8695f182cfb34222221d32c4c0b.txt,bf7bf82f8903429e015540af7f5234dc7d2194e04b802c33b7d8ce9820247a3d,81
.txt,IMG_20210625_225127_jpg.rf.57c5f1f1c89d90b4d7f100338c5ad07f.txt,0,0,0,,0,1,1,0,0,,"{""metric"": ""f1"", ""multimodal"": ""arsl""}",2022-02-06T21:10:20,data\raw\ArSL\train\labels\IMG_20210625_225127_jpg.rf.57c5f1f1c89d90b4d7f100338c5ad07f.txt,5ddbc95b54872f973a04e9928be46aef9a71ba07949cc01c5ffff0028eacbf21,60
.txt,IMG_20210625_225249_jpg.rf.6f2a0913fec73bedba323b56f1c4ed4d.txt,0,0,0,,0,1,1,0,0,,"{""metric"": ""f1"", ""multimodal"": ""arsl""}",2022-02-06T21:10:20,data\raw\ArSL\train\labels\IMG_20210625_225249_jpg.rf.6f2a0913fec73bedba323b56f1c4ed4d.txt,057173c4b262652f87ddab9713e85e3802e041cdeb893a81e12c02e022140fb0,80
.txt,IMG_20210625_225505_jpg.rf.a9d81949b5c423b32442c944e77a7f1e.txt,0,0,0,,0,1,1,0,0,,"{""metric"": ""f1"", ""multimodal"": ""arsl""}",2022-02-06T21:10:20,data\raw\ArSL\train\labels\IMG_20210625_225505_jpg.rf.a9d81949b5c423b32442c944e77a7f1e.txt,2c228750bfe6343fe13a4c33664db8ef595f710eecc4eee33327e64582e700fa,79
.txt,IMG_20210625_225622_jpg.rf.02dde16650d7aff179ce5573446a63de.txt,0,0,0,,0,1,1,0,0,,"{""metric"": ""f1"", ""multimodal"": ""arsl""}",2022-02-06T21:10:20,data\raw\ArSL\train\labels\IMG_20210625_225622_jpg.rf.02dde16650d7aff179ce5573446a63de.txt,d58f9ddbe356347c972bc9a5d3487165536802184254bbfa37e3b759c85994f6,57
.txt,IMG_20210625_225637_jpg.rf.81a64da0236255b9c6ba6a496aebff1e.txt,0,0,0,,0,1,1,0,0,,"{""metric"": ""f1"", ""multimodal"": ""arsl""}",2022-02-06T21:10:20,data\raw\ArSL\train\labels\IMG_20210625_225637_jpg.rf.81a64da0236255b9c6ba6a496aebff1e.txt,6c6a3b2b7a21f324c1148e917c53682e109e46aabdfdaa63ebce44a51c59cd20,66
.txt,IMG_20210625_225640_jpg.rf.fc065e04c1ccb5239ef179a86074b1e0.txt,0,0,0,,0,1,1,0,0,,"{""metric"": ""f1"", ""multimodal"": ""arsl""}",2022-02-06T21:10:20,data\raw\ArSL\train\labels\IMG_20210625_225640_jpg.rf.fc065e04c1ccb5239ef179a86074b1e0.txt,dd50b952c59018906515e5a7c5444443d9cad08aabdb401c6d41cf6e3babdaec,69
.txt,IMG_20210625_225646_jpg.rf.0d7e0873a22bed658f159ded12682b99.txt,0,0,0,,0,1,1,0,0,,"{""metric"": ""f1"", ""multimodal"": ""arsl""}",2022-02-06T21:10:20,data\raw\ArSL\train\labels\IMG_20210625_225646_jpg.rf.0d7e0873a22bed658f159ded12682b99.txt,103eb608e542bfb71531fb92962116abc9f5c3d7d1dfed33b425cebfce63424a,71
.txt,IMG_20210625_225714_jpg.rf.9f176b0f66eadd0c775fcb914c8dd684.txt,0,0,0,,0,1,1,0,0,,"{""metric"": ""f1"", ""multimodal"": ""arsl""}",2022-02-06T21:10:20,data\raw\ArSL\train\labels\IMG_20210625_225714_jpg.rf.9f176b0f66eadd0c775fcb914c8dd684.txt,77d4d120a12593c456073f09afec529d0f4934269544b11ede2398920175bb89,68
.txt,IMG_20210625_225747_jpg.rf.266f106e1d2b52e7938533d6aca0c840.txt,0,0,0,,0,1,1,0,0,,"{""metric"": ""f1"", ""multimodal"": ""arsl""}",2022-02-06T21:10:20,data\raw\ArSL\train\labels\IMG_20210625_225747_jpg.rf.266f106e1d2b52e7938533d6aca0c840.txt,63fefb102f2f09c0dcf5457b64085da0cf74b0c0db296cd764319d6b281589d9,79
.txt,IMG_20210625_225756_jpg.rf.f55d3076554517f9af5f1a94e495d236.txt,0,0,0,,0,1,1,0,0,,"{""metric"": ""f1"", ""multimodal"": ""arsl""}",2022-02-06T21:10:20,data\raw\ArSL\train\labels\IMG_20210625_225756_jpg.rf.f55d3076554517f9af5f1a94e495d236.txt,e1a2ade732752ccfab433cc3b7c329f1e664d19039eb82ab731022118637c454,80
.txt,IMG_20210625_233846_jpg.rf.1b82e91fe643f0bd74b77f1bbb97da4c.txt,0,0,0,,0,1,1,0,0,,"{""metric"": ""f1"", ""multimodal"": ""arsl""}",2022-02-06T21:10:20,data\raw\ArSL\train\labels\IMG_20210625_233846_jpg.rf.1b82e91fe643f0bd74b77f1bbb97da4c.txt,2f4bf3db78d9ca556ed0681f52ecb2fd9b9ccfa2854b09160aaa0b6e149756ac,79
.txt,IMG_20210625_233925_jpg.rf.7ee5f82f8aca68bb291c4019b41f1766.txt,0,0,0,,0,1,1,0,0,,"{""metric"": ""f1"", ""multimodal"": ""arsl""}",2022-02-06T21:10:20,data\raw\ArSL\train\labels\IMG_20210625_233925_jpg.rf.7ee5f82f8aca68bb291c4019b41f1766.txt,2a2ab173abfff3ce51b4797082ec1eadf5756e9690d4f226383ab0255bcb2c1e,68
.txt,IMG_20210625_234224_jpg.rf.2e47c476a5bf31495cf114da87c5c7a4.txt,0,0,0,,0,1,1,0,0,,"{""metric"": ""f1"", ""multimodal"": ""arsl""}",2022-02-06T21:10:20,data\raw\ArSL\train\labels\IMG_20210625_234224_jpg.rf.2e47c476a5bf31495cf114da87c5c7a4.txt,6a1687e489f1967a7a1e0fd4bac2a820c3ae41932a3b4a0df924a74de188daac,68
.txt,IMG_20210625_234500_jpg.rf.e3a85ab03ae062456b3025e35b2397f1.txt,0,0,0,,0,1,1,0,0,,"{""metric"": ""f1"", ""multimodal"": ""arsl""}",2022-02-06T21:10:20,data\raw\ArSL\train\labels\IMG_20210625_234500_jpg.rf.e3a85ab03ae062456b3025e35b2397f1.txt,bc8911a6d1e74b97e3e8e066c5c896c2614acc42efc62319625ec3c3cebef986,70
.txt,IMG_20210625_234516_jpg.rf.86341d222865f58efb7f1cb3b6bcd1f3.txt,0,0,0,,0,1,1,0,0,,"{""metric"": ""f1"", ""multimodal"": ""arsl""}",2022-02-06T21:10:20,data\raw\ArSL\train\labels\IMG_20210625_234516_jpg.rf.86341d222865f58efb7f1cb3b6bcd1f3.txt,02d6e0ebb4ec7ddec51b3d2427fe912023b33cfc470749102cc105db3bf665a7,68
.txt,IMG_20210625_234604_jpg.rf.3afd2f14ae47554dc4fc768e54f4212c.txt,0,0,0,,0,1,1,0,0,,"{""metric"": ""f1"", ""multimodal"": ""arsl""}",2022-02-06T21:10:20,data\raw\ArSL\train\labels\IMG_20210625_234604_jpg.rf.3afd2f14ae47554dc4fc768e54f4212c.txt,2909a5fc141b2c8e5cf3a723a6346040227296fbbea0a437b0993ac3a965f956,65
.txt,IMG_20210625_234802_jpg.rf.49bf6d72fad5890308809733098f13e8.txt,0,0,0,,0,1,1,0,0,,"{""metric"": ""f1"", ""multimodal"": ""arsl""}",2022-02-06T21:10:20,data\raw\ArSL\train\labels\IMG_20210625_234802_jpg.rf.49bf6d72fad5890308809733098f13e8.txt,f2ee1c8b304737d5649701d93c6f779de7a573aa565d68bfc289892032154b35,69
.txt,IMG_20210625_234811_jpg.rf.f1623f06cb8e3fd0dd159379175dfa4d.txt,0,0,0,,0,1,1,0,0,,"{""metric"": ""f1"", ""multimodal"": ""arsl""}",2022-02-06T21:10:20,data\raw\ArSL\train\labels\IMG_20210625_234811_jpg.rf.f1623f06cb8e3fd0dd159379175dfa4d.txt,43752a55214d6cb6c53a888ee9fad6fe258888f90bb5337bc547088e55eae658,81
.txt,IMG_20210625_234822_jpg.rf.1e4fc4aab3d206fbe62fd1147e5f1e1c.txt,0,0,0,,0,1,1,0,0,,"{""metric"": ""f1"", ""multimodal"": ""arsl""}",2022-02-06T21:10:20,data\raw\ArSL\train\labels\IMG_20210625_234822_jpg.rf.1e4fc4aab3d206fbe62fd1147e5f1e1c.txt,088410f3b726da231e22bb856571e5073e391017a68a1cc0e25abe72f3a04b64,57
.txt,IMG_20210625_234900_jpg.rf.e7dbc65a70f4d31a92f1d8932e1272c8.txt,0,0,0,,0,1,1,0,0,,"{""metric"": ""f1"", ""multimodal"": ""arsl""}",2022-02-06T21:10:20,data\raw\ArSL\train\labels\IMG_20210625_234900_jpg.rf.e7dbc65a70f4d31a92f1d8932e1272c8.txt,427efc1862f583b06ef3e58199c0daaa92886425c2479d8ca58ab3a64f353ee8,68
.txt,IMG_20210625_234908_jpg.rf.4611b9498cbb26b48b69f14a00c03aea.txt,0,0,0,,0,1,1,0,0,,"{""metric"": ""f1"", ""multimodal"": ""arsl""}",2022-02-06T21:10:20,data\raw\ArSL\train\labels\IMG_20210625_234908_jpg.rf.4611b9498cbb26b48b69f14a00c03aea.txt,bdfae89b5a1f8da2e65600f8d5969b64cc27d6a7dcd7257ed8a506df0757209e,58
.txt,IMG_20210625_234944_jpg.rf.eb71590fd85105bf1f146c58cc470053.txt,0,0,0,,0,1,1,0,0,,"{""metric"": ""f1"", ""multimodal"": ""arsl""}",2022-02-06T21:10:20,data\raw\ArSL\train\labels\IMG_20210625_234944_jpg.rf.eb71590fd85105bf1f146c58cc470053.txt,e27ecd2b81debae449fd73a7d3f64451d86694976c0072575135fc9586d0c372,78
.txt,IMG_20210625_235009_jpg.rf.7af15d6d2b6d28e49a9e279d91b54d5c.txt,0,0,0,,0,1,1,0,0,,"{""metric"": ""f1"", ""multimodal"": ""arsl""}",2022-02-06T21:10:20,data\raw\ArSL\train\labels\IMG_20210625_235009_jpg.rf.7af15d6d2b6d28e49a9e279d91b54d5c.txt,a4cc4780fef79fb1519c2424da0838ed3f9625ad5cc19e3fc0a5a223d756bb55,80
.txt,IMG_20210625_235207_jpg.rf.61f184c3014486acd5f531e7409c5b7d.txt,0,0,0,,0,1,1,0,0,,"{""metric"": ""f1"", ""multimodal"": ""arsl""}",2022-02-06T21:10:20,data\raw\ArSL\train\labels\IMG_20210625_235207_jpg.rf.61f184c3014486acd5f531e7409c5b7d.txt,46877d61fbf5cb31321689a5c9de23ba9ed66a88ddec6167a4b8938accb363ef,81
.txt,IMG_20210625_235210_jpg.rf.592b86faa40c30f1ac87e9a888cd2047.txt,0,0,0,,0,1,1,0,0,,"{""metric"": ""f1"", ""multimodal"": ""arsl""}",2022-02-06T21:10:20,data\raw\ArSL\train\labels\IMG_20210625_235210_jpg.rf.592b86faa40c30f1ac87e9a888cd2047.txt,74a7e9110db8c3298bee00e661312b835992fbda0adb1376548633818b438b64,69
.jpg,IMG_20210609_185131_jpg.rf.694078212c691632597bcaa1fdf1841a.jpg,0,0,0,1,0,1,1,0,0,,"{""metric"": ""f1"", ""multimodal"": ""image; arsl""}",2022-02-06T21:10:20,data\raw\ArSL\valid\images\IMG_20210609_185131_jpg.rf.694078212c691632597bcaa1fdf1841a.jpg,b564e5538796c696f087985cedaa55ebdec4b8e918d1d40cdccab7305ee1505f,24711
.jpg,IMG_20210609_191557_jpg.rf.4ad6ca70ff1b5194e9980fb94968fe4a.jpg,0,0,0,1,0,1,1,0,0,,"{""metric"": ""f1"", ""multimodal"": ""image; arsl""}",2022-02-06T21:10:20,data\raw\ArSL\valid\images\IMG_20210609_191557_jpg.rf.4ad6ca70ff1b5194e9980fb94968fe4a.jpg,4e9bb7182e25b0e497857ee31697abe80c154b056e535b80f581b1e7cad7b8c9,21090
.jpg,IMG_20210609_191601_jpg.rf.8d1916315c011b62b4237de128f18ab2.jpg,0,0,0,1,0,1,1,0,0,,"{""metric"": ""f1"", ""multimodal"": ""image; arsl""}",2022-02-06T21:10:20,data\raw\ArSL\valid\images\IMG_20210609_191601_jpg.rf.8d1916315c011b62b4237de128f18ab2.jpg,78e6fd9d011b1f08198dbe356bc648ded2d263619b6259f4ff00cd2035cbd6e1,21232
.jpg,IMG_20210610_210435_jpg.rf.97c59ee4df1395d9f8d0211f35517c20.jpg,0,0,0,1,0,1,1,0,0,,"{""metric"": ""f1"", ""multimodal"": ""image; arsl""}",2022-02-06T21:10:20,data\raw\ArSL\valid\images\IMG_20210610_210435_jpg.rf.97c59ee4df1395d9f8d0211f35517c20.jpg,6089a766fe319824734a20d7903361f4d645bd331729dc47f8222b7c67967535,14165
.jpg,IMG_20210610_210622_jpg.rf.0028235f1e79cfad37b0760d591fbdc9.jpg,0,0,0,1,0,1,1,0,0,,"{""metric"": ""f1"", ""multimodal"": ""image; arsl""}",2022-02-06T21:10:20,data\raw\ArSL\valid\images\IMG_20210610_210622_jpg.rf.0028235f1e79cfad37b0760d591fbdc9.jpg,73d1a221d5cdf7d27a0bd75ea2dfcd1d18cddd76e22136dcc2662e4449760328,12701
.jpg,IMG_20210611_204600_jpg.rf.8e56a90579d57ca29ad2f1cb67f20b67.jpg,0,0,0,1,0,1,1,0,0,,"{""metric"": ""f1"", ""multimodal"": ""image; arsl""}",2022-02-06T21:10:20,data\raw\ArSL\valid\images\IMG_20210611_204600_jpg.rf.8e56a90579d57ca29ad2f1cb67f20b67.jpg,26cc87a4f9e400dd21b0df83b518566b6b910af4f5998af659e72eea5acdad2b,21329
.jpg,IMG_20210611_205221_jpg.rf.01aff24401ab01f116911b05204e4965.jpg,0,0,0,1,0,1,1,0,0,,"{""metric"": ""f1"", ""multimodal"": ""image; arsl""}",2022-02-06T21:10:20,data\raw\ArSL\valid\images\IMG_20210611_205221_jpg.rf.01aff24401ab01f116911b05204e4965.jpg,bdbd4b16c05eb8373cda8ed4cfefb921550c61e29c816381a3c07c66db8aeb9b,21636
.jpg,IMG_20210611_211033_jpg.rf.e55dca7eaa0df68bd84fc8714e3f1109.jpg,0,0,0,1,0,1,1,0,0,,"{""metric"": ""f1"", ""multimodal"": ""image; arsl""}",2022-02-06T21:10:20,data\raw\ArSL\valid\images\IMG_20210611_211033_jpg.rf.e55dca7eaa0df68bd84fc8714e3f1109.jpg,225f01b5be4cce4ec5b9add95c6dddd8b764da01d952773f1d1d8e6a80711a32,34752
.jpg,IMG_20210612_194608_jpg.rf.ff844a3c26766dff16e1e25f979bfcbc.jpg,0,0,0,1,0,1,1,0,0,,"{""metric"": ""f1"", ""multimodal"": ""image; arsl""}",2022-02-06T21:10:20,data\raw\ArSL\valid\images\IMG_20210612_194608_jpg.rf.ff844a3c26766dff16e1e25f979bfcbc.jpg,0a60535ecec679af03b8ef5773c9fb19a06ffd211204b427600952dbb5a47388,29001
.jpg,IMG_20210612_194849_jpg.rf.f14c15f03763217ca139ba334ed6bf21.jpg,0,0,0,1,0,1,1,0,0,,"{""metric"": ""f1"", ""multimodal"": ""image; arsl""}",2022-02-06T21:10:20,data\raw\ArSL\valid\images\IMG_20210612_194849_jpg.rf.f14c15f03763217ca139ba334ed6bf21.jpg,9effd46be8154acb60fe735b75edf89192ed57fc22d7b20c7e4bede251fc9130,13733
.jpg,IMG_20210612_205535_jpg.rf.24fcc01d72cc25beca5c1308aff18f5e.jpg,0,0,0,1,0,1,1,0,0,,"{""metric"": ""f1"", ""multimodal"": ""image; arsl""}",2022-02-06T21:10:20,data\raw\ArSL\valid\images\IMG_20210612_205535_jpg.rf.24fcc01d72cc25beca5c1308aff18f5e.jpg,3f76d35f0d532c80115afa9317fe55b5bfe6c2be0e254d93e9d4ec5985a3b452,18164
.jpg,IMG_20210612_205607_jpg.rf.a54320f43f9c022428ce590d2f108359.jpg,0,0,0,1,0,1,1,0,0,,"{""metric"": ""f1"", ""multimodal"": ""image; arsl""}",2022-02-06T21:10:20,data\raw\ArSL\valid\images\IMG_20210612_205607_jpg.rf.a54320f43f9c022428ce590d2f108359.jpg,db46c31781dfafa455c493c0e04ac39e926d9830fa4e827cec8e0df552510e0d,16562
.jpg,IMG_20210615_163653_jpg.rf.2f1cd101f990ba3beb8c617540c12571.jpg,0,0,0,1,0,1,1,0,0,,"{""metric"": ""f1"", ""multimodal"": ""image; arsl""}",2022-02-06T21:10:20,data\raw\ArSL\valid\images\IMG_20210615_163653_jpg.rf.2f1cd101f990ba3beb8c617540c12571.jpg,4e586e44c7dad405e1d753d5ca21d7f01dd106d13faf45f347b2d7646d5c5e42,14280
.jpg,IMG_20210615_163829_jpg.rf.1a4951a1236d5b6d70f5b3c710166f1b.jpg,0,0,0,1,0,1,1,0,0,,"{""metric"": ""f1"", ""multimodal"": ""image; arsl""}",2022-02-06T21:10:20,data\raw\ArSL\valid\images\IMG_20210615_163829_jpg.rf.1a4951a1236d5b6d70f5b3c710166f1b.jpg,6eac64e705d61a945e8cc6f74ca71a0dc7fa7aa9faf498a8f74ebd71318b0581,42083
.jpg,IMG_20210615_164113_jpg.rf.367655ee3ba5845eaf1d93d58cc2bd76.jpg,0,0,0,1,0,1,1,0,0,,"{""metric"": ""f1"", ""multimodal"": ""image; arsl""}",2022-02-06T21:10:20,data\raw\ArSL\valid\images\IMG_20210615_164113_jpg.rf.367655ee3ba5845eaf1d93d58cc2bd76.jpg,10fe8e5ddd6cbc018c6cadeb34390a2fad3f2bb1749043d28389938bb3f4b708,23736
.jpg,IMG_20210615_164120_jpg.rf.2f38dbf23ca1a3cf9869d9f1596b998c.jpg,0,0,0,1,0,1,1,0,0,,"{""metric"": ""f1"", ""multimodal"": ""image; arsl""}",2022-02-06T21:10:20,data\raw\ArSL\valid\images\IMG_20210615_164120_jpg.rf.2f38dbf23ca1a3cf9869d9f1596b998c.jpg,2875d4d729cf5ecad3a80e41f3bc65049a28ef096709bfa5d8a8ac9c4cca9d5e,28439
.jpg,IMG_20210615_200406_jpg.rf.0096c6bbb0bd11135f13521ac8ae2f50.jpg,0,0,0,1,0,1,1,0,0,,"{""metric"": ""f1"", ""multimodal"": ""image; arsl""}",2022-02-06T21:10:20,data\raw\ArSL\valid\images\IMG_20210615_200406_jpg.rf.0096c6bbb0bd11135f13521ac8ae2f50.jpg,055a7d7a5f491547e2646a8d83817177cc903abbb7b89970b15be7a98bda95ff,38673
.jpg,IMG_20210615_205248_jpg.rf.db7c5f8f151eb105d761ceee2e548763.jpg,0,0,0,1,0,1,1,0,0,,"{""metric"": ""f1"", ""multimodal"": ""image; arsl""}",2022-02-06T21:10:20,data\raw\ArSL\valid\images\IMG_20210615_205248_jpg.rf.db7c5f8f151eb105d761ceee2e548763.jpg,79729e2358a6b1d00c8ad37b7e5df08cbfeacce20acc6b89c307fdee467d42fc,18197
.jpg,IMG_20210615_211600_jpg.rf.44f8389bc724c16327e550a38f1e394a.jpg,0,0,0,1,0,1,1,0,0,,"{""metric"": ""f1"", ""multimodal"": ""image; arsl""}",2022-02-06T21:10:20,data\raw\ArSL\valid\images\IMG_20210615_211600_jpg.rf.44f8389bc724c16327e550a38f1e394a.jpg,a81f961a2452aa86a5bb192b8ed883fccec1ca48e7884036bbbd2f8c214e1134,11535
.jpg,IMG_20210615_212230_jpg.rf.467f152f35ef32141917cfbf98504427.jpg,0,0,0,1,0,1,1,0,0,,"{""metric"": ""f1"", ""multimodal"": ""image; arsl""}",2022-02-06T21:10:20,data\raw\ArSL\valid\images\IMG_20210615_212230_jpg.rf.467f152f35ef32141917cfbf98504427.jpg,781b5112051424e8df2ef953df63cad4a46ce2e443858033ead93773d1b6cfa4,25468
.jpg,IMG_20210616_001659_jpg.rf.f0b1ef69fc9dda91960c568d0bcaf1ef.jpg,0,0,0,1,0,1,1,0,0,,"{""metric"": ""f1"", ""multimodal"": ""image; arsl""}",2022-02-06T21:10:20,data\raw\ArSL\valid\images\IMG_20210616_001659_jpg.rf.f0b1ef69fc9dda91960c568d0bcaf1ef.jpg,7e907e06989000de482ee6bc50660b17131075ff50389024c741f353c06cd234,25986
.jpg,IMG_20210616_002431_jpg.rf.f138646ba6fce0ad83d493f2a98979f2.jpg,0,0,0,1,0,1,1,0,0,,"{""metric"": ""f1"", ""multimodal"": ""image; arsl""}",2022-02-06T21:10:20,data\raw\ArSL\valid\images\IMG_20210616_002431_jpg.rf.f138646ba6fce0ad83d493f2a98979f2.jpg,a00eff4e52f7cf5905d90b30df9725668d09897a45f32f784069207368f2ccd3,22039
.jpg,IMG_20210616_002910_jpg.rf.fdadc92613b2e5a86990770c1f1d9aa4.jpg,0,0,0,1,0,1,1,0,0,,"{""metric"": ""f1"", ""multimodal"": ""image; arsl""}",2022-02-06T21:10:20,data\raw\ArSL\valid\images\IMG_20210616_002910_jpg.rf.fdadc92613b2e5a86990770c1f1d9aa4.jpg,feaca4c45aa094ef38f6d3ba78879a3f47e86e3fe9cc7f684ded694acdd86341,19890
.jpg,IMG_20210619_003816_jpg.rf.ea26e51e2b5ed4538981bf14c05ce175.jpg,0,0,0,1,0,1,1,0,0,,"{""metric"": ""f1"", ""multimodal"": ""image; arsl""}",2022-02-06T21:10:20,data\raw\ArSL\valid\images\IMG_20210619_003816_jpg.rf.ea26e51e2b5ed4538981bf14c05ce175.jpg,9ac403da8f57318b6ed5141bcd6d43977cbbb7f200a646dc3bc9df4c60ffafc2,27055
.jpg,IMG_20210619_010041_jpg.rf.d0de5933f06232e8f12bd9ab462c1698.jpg,0,0,0,1,0,1,1,0,0,,"{""metric"": ""f1"", ""multimodal"": ""image; arsl""}",2022-02-06T21:10:20,data\raw\ArSL\valid\images\IMG_20210619_010041_jpg.rf.d0de5933f06232e8f12bd9ab462c1698.jpg,4bd1e7d6d4ff4ea23a5278ed6391a946cb5253e142296955e07ffa4ce9d63501,20496
.jpg,IMG_20210619_011109_jpg.rf.541af49a19f110ba49fad90ada963634.jpg,0,0,0,1,0,1,1,0,0,,"{""metric"": ""f1"", ""multimodal"": ""image; arsl""}",2022-02-06T21:10:20,data\raw\ArSL\valid\images\IMG_20210619_011109_jpg.rf.541af49a19f110ba49fad90ada963634.jpg,b2f71bb92e042ac6ce1cbc40236902b72a2b55577c3cde952ed5329dad140d65,23918
.jpg,IMG_20210619_012152_jpg.rf.df157a9908b0470c766f97a629fbbb2b.jpg,0,0,0,1,0,1,1,0,0,,"{""metric"": ""f1"", ""multimodal"": ""image; arsl""}",2022-02-06T21:10:20,data\raw\ArSL\valid\images\IMG_20210619_012152_jpg.rf.df157a9908b0470c766f97a629fbbb2b.jpg,6bf185fa364f830178794bc561ebfa7879ef40ca000fb3505f3120be85a2a001,21677
.jpg,IMG_20210619_163555_jpg.rf.1f1c2aa64ca82e73f5d88f7e09bc409f.jpg,0,0,0,1,0,1,1,0,0,,"{""metric"": ""f1"", ""multimodal"": ""image; arsl""}",2022-02-06T21:10:20,data\raw\ArSL\valid\images\IMG_20210619_163555_jpg.rf.1f1c2aa64ca82e73f5d88f7e09bc409f.jpg,b19d7073fa76bc9c4ba1b89f63b58a8b74ea9f3fd3b1f0391fe6b90699e27728,16948
.jpg,IMG_20210619_163709_jpg.rf.5e00cf478f1a91bdc803e5bfe17fddd2.jpg,0,0,0,1,0,1,1,0,0,,"{""metric"": ""f1"", ""multimodal"": ""image; arsl""}",2022-02-06T21:10:20,data\raw\ArSL\valid\images\IMG_20210619_163709_jpg.rf.5e00cf478f1a91bdc803e5bfe17fddd2.jpg,b1815df1d99050813ba92c832795cf0a37b4436eba5fe969b37c1a2e50af617f,18311
.jpg,IMG_20210619_165102_jpg.rf.ac6357a1f14f5ab7d1c98d72ec1981de.jpg,0,0,0,1,0,1,1,0,0,,"{""metric"": ""f1"", ""multimodal"": ""image; arsl""}",2022-02-06T21:10:20,data\raw\ArSL\valid\images\IMG_20210619_165102_jpg.rf.ac6357a1f14f5ab7d1c98d72ec1981de.jpg,3a94685a7d3d12b8c3550d9f40369981425895744ea60256603b700946003d23,22826
.jpg,IMG_20210619_170038_jpg.rf.e62776a7e7828bf11b987b821f946d58.jpg,0,0,0,1,0,1,1,0,0,,"{""metric"": ""f1"", ""multimodal"": ""image; arsl""}",2022-02-06T21:10:20,data\raw\ArSL\valid\images\IMG_20210619_170038_jpg.rf.e62776a7e7828bf11b987b821f946d58.jpg,5d6e7d66aee8d0d5dbacd9e17eff10fbafa74c69c65beeef385e8569b44667bf,19301
.jpg,IMG_20210619_170109_jpg.rf.3b4942352117dcbb0e892561943ac6f1.jpg,0,0,0,1,0,1,1,0,0,,"{""metric"": ""f1"", ""multimodal"": ""image; arsl""}",2022-02-06T21:10:20,data\raw\ArSL\valid\images\IMG_20210619_170109_jpg.rf.3b4942352117dcbb0e892561943ac6f1.jpg,d014e5682861e1ec9ef766016408ae439335a9d25fb8ace75c83ac2f750c9f3a,17053
.jpg,IMG_20210619_170504_jpg.rf.8d61caf0207638996a3e57f1f3b0de63.jpg,0,0,0,1,0,1,1,0,0,,"{""metric"": ""f1"", ""multimodal"": ""image; arsl""}",2022-02-06T21:10:20,data\raw\ArSL\valid\images\IMG_20210619_170504_jpg.rf.8d61caf0207638996a3e57f1f3b0de63.jpg,7cfc498c39c48d7e3f3eb21defd5e2f0b2c824f184814979bda6f30d4abdd604,23341
.jpg,IMG_20210622_101444_jpg.rf.75f1ff37f0cff83fda05234a8cf145ce.jpg,0,0,0,1,0,1,1,0,0,,"{""metric"": ""f1"", ""multimodal"": ""image; arsl""}",2022-02-06T21:10:20,data\raw\ArSL\valid\images\IMG_20210622_101444_jpg.rf.75f1ff37f0cff83fda05234a8cf145ce.jpg,e9fb3c19d296ddfee0c89de7e5aad3447be5c657b8747ec51613ae6be2bdb4c9,19718
.jpg,IMG_20210622_101507_jpg.rf.0f1a421951af097366f71180238f9351.jpg,0,0,0,1,0,1,1,0,0,,"{""metric"": ""f1"", ""multimodal"": ""image; arsl""}",2022-02-06T21:10:20,data\raw\ArSL\valid\images\IMG_20210622_101507_jpg.rf.0f1a421951af097366f71180238f9351.jpg,ab7d029f8fc6e066827e6c4ef85aabf77ffaad6005755024b5cf53b3c4b21f79,17440
.jpg,IMG_20210622_102256_jpg.rf.74d0cf4e06deaf1fc52acfb6268b08af.jpg,0,0,0,1,0,1,1,0,0,,"{""metric"": ""f1"", ""multimodal"": ""image; arsl""}",2022-02-06T21:10:20,data\raw\ArSL\valid\images\IMG_20210622_102256_jpg.rf.74d0cf4e06deaf1fc52acfb6268b08af.jpg,222ec70ff2e61611d569dc7d15f4d45c120043847ad35d5d968a2004e00858d8,35483
.jpg,IMG_20210622_102914_jpg.rf.6daa8aaaa6090fd9720d4761cbf483f1.jpg,0,0,0,1,0,1,1,0,0,,"{""metric"": ""f1"", ""multimodal"": ""image; arsl""}",2022-02-06T21:10:20,data\raw\ArSL\valid\images\IMG_20210622_102914_jpg.rf.6daa8aaaa6090fd9720d4761cbf483f1.jpg,6f3ee1945d2a360c2f7acfac4e4b93f125ff4f22ae929bd65dcf477e22661a9b,21563
.jpg,IMG_20210622_103227_jpg.rf.3eb3fb13f1e588810acead75e1302eca.jpg,0,0,0,1,0,1,1,0,0,,"{""metric"": ""f1"", ""multimodal"": ""image; arsl""}",2022-02-06T21:10:20,data\raw\ArSL\valid\images\IMG_20210622_103227_jpg.rf.3eb3fb13f1e588810acead75e1302eca.jpg,101ab031100172a6f19db3b14ab173695dbe5033c1fbb29fbef307ed17cf8f00,28197
.jpg,IMG_20210622_103339_jpg.rf.cc2f2e2af1e08ed71adbb833ed56f90a.jpg,0,0,0,1,0,1,1,0,0,,"{""metric"": ""f1"", ""multimodal"": ""image; arsl""}",2022-02-06T21:10:20,data\raw\ArSL\valid\images\IMG_20210622_103339_jpg.rf.cc2f2e2af1e08ed71adbb833ed56f90a.jpg,c7b8044cc17a3820a04364bc50b678427a1b1ba1bdcb4ffa84ff61d3aaec9e75,22115
.jpg,IMG_20210622_103422_jpg.rf.624876e1cfb8fa9e0f115258eedc1b3a.jpg,0,0,0,1,0,1,1,0,0,,"{""metric"": ""f1"", ""multimodal"": ""image; arsl""}",2022-02-06T21:10:20,data\raw\ArSL\valid\images\IMG_20210622_103422_jpg.rf.624876e1cfb8fa9e0f115258eedc1b3a.jpg,cfbd27fe586e133ec24411ac5a1019844a157ff12b055cf5083b321fe9d358ae,39946
.jpg,IMG_20210623_134441_jpg.rf.1a7ed6d9417fb1e90af238af1f80bb2a.jpg,0,0,0,1,0,1,1,0,0,,"{""metric"": ""f1"", ""multimodal"": ""image; arsl""}",2022-02-06T21:10:20,data\raw\ArSL\valid\images\IMG_20210623_134441_jpg.rf.1a7ed6d9417fb1e90af238af1f80bb2a.jpg,e82f22628f766e7e8d05dbe79fc94e9f7745b438133e8187e785c10e843c61bb,33556
.jpg,IMG_20210623_134738_jpg.rf.a3b2eda01f1c89ac06389bf1eff7c05c.jpg,0,0,0,1,0,1,1,0,0,,"{""metric"": ""f1"", ""multimodal"": ""image; arsl""}",2022-02-06T21:10:20,data\raw\ArSL\valid\images\IMG_20210623_134738_jpg.rf.a3b2eda01f1c89ac06389bf1eff7c05c.jpg,c22a7d73d78e5b07cbdb0976bc9e61f76876978eed6baeaaca968c3f333ca079,43504
.jpg,IMG_20210623_135122_jpg.rf.f1e5f3f1e760849aca729c12a7c9ea7f.jpg,0,0,0,1,0,1,1,0,0,,"{""metric"": ""f1"", ""multimodal"": ""image; arsl""}",2022-02-06T21:10:20,data\raw\ArSL\valid\images\IMG_20210623_135122_jpg.rf.f1e5f3f1e760849aca729c12a7c9ea7f.jpg,8e8a0f7ae349c33c39122ece8f855f3feef0c7b5b449df7a02e4d79104eeb700,46442
.jpg,IMG_20210623_135853_jpg.rf.f13ce63cb5a87200d088e24e89581703.jpg,0,0,0,1,0,1,1,0,0,,"{""metric"": ""f1"", ""multimodal"": ""image; arsl""}",2022-02-06T21:10:22,data\raw\ArSL\valid\images\IMG_20210623_135853_jpg.rf.f13ce63cb5a87200d088e24e89581703.jpg,cd4e12f091314d4e89f1b468a06339b2d8dca8a0cae5fa6a6fff0b4cef35b3ea,11481
.jpg,IMG_20210623_140411_jpg.rf.2f18c5f9d9d7addde6557b43ca638aaf.jpg,0,0,0,1,0,1,1,0,0,,"{""metric"": ""f1"", ""multimodal"": ""image; arsl""}",2022-02-06T21:10:22,data\raw\ArSL\valid\images\IMG_20210623_140411_jpg.rf.2f18c5f9d9d7addde6557b43ca638aaf.jpg,4194fb33d31229db5449a5f9da4b11652dabc0a70b7fbae18a2896992c0edc21,19884
.jpg,IMG_20210623_161837_jpg.rf.e3ca4453eb7ff1413534cff15b9c2b9b.jpg,0,0,0,1,0,1,1,0,0,,"{""metric"": ""f1"", ""multimodal"": ""image; arsl""}",2022-02-06T21:10:22,data\raw\ArSL\valid\images\IMG_20210623_161837_jpg.rf.e3ca4453eb7ff1413534cff15b9c2b9b.jpg,9458df10fb4ac8cd895c5758ca45623521eb8093d8f12f90181729a5d9a217f4,26224
.jpg,IMG_20210623_162334_jpg.rf.f18a0fd522411b45fd234db15291a943.jpg,0,0,0,1,0,1,1,0,0,,"{""metric"": ""f1"", ""multimodal"": ""image; arsl""}",2022-02-06T21:10:22,data\raw\ArSL\valid\images\IMG_20210623_162334_jpg.rf.f18a0fd522411b45fd234db15291a943.jpg,7d3e1bb942815da030609726f1342d21ac17dfca1a73aa63f2547480f88ab05b,25404
.jpg,IMG_20210623_162547_jpg.rf.70c5f5339b6d101b5b1bc60f16d3fd2c.jpg,0,0,0,1,0,1,1,0,0,,"{""metric"": ""f1"", ""multimodal"": ""image; arsl""}",2022-02-06T21:10:22,data\raw\ArSL\valid\images\IMG_20210623_162547_jpg.rf.70c5f5339b6d101b5b1bc60f16d3fd2c.jpg,93547747b6f34b446256cd4ab68bb4e351c2957bde98bef76ad261b1da095833,20561
.jpg,IMG_20210623_162855_jpg.rf.acbf1c467dbd8af1c5da6d5603a75d93.jpg,0,0,0,1,0,1,1,0,0,,"{""metric"": ""f1"", ""multimodal"": ""image; arsl""}",2022-02-06T21:10:22,data\raw\ArSL\valid\images\IMG_20210623_162855_jpg.rf.acbf1c467dbd8af1c5da6d5603a75d93.jpg,cfd85bc051f1d20f3aba8466675e559e6ad0947a2c899f255622aab95bff7af9,23153
.jpg,IMG_20210623_170104_jpg.rf.f1d0714c546cd94260088da208616347.jpg,0,0,0,1,0,1,1,0,0,,"{""metric"": ""f1"", ""multimodal"": ""image; arsl""}",2022-02-06T21:10:22,data\raw\ArSL\valid\images\IMG_20210623_170104_jpg.rf.f1d0714c546cd94260088da208616347.jpg,d3ac72586137d21d82da63b64055847a9c284b6e1f91b7e888c8221fd6c45330,31340
.jpg,IMG_20210623_170634_jpg.rf.2165556c756a2234d10471f5f1733aed.jpg,0,0,0,1,0,1,1,0,0,,"{""metric"": ""f1"", ""multimodal"": ""image; arsl""}",2022-02-06T21:10:22,data\raw\ArSL\valid\images\IMG_20210623_170634_jpg.rf.2165556c756a2234d10471f5f1733aed.jpg,3f92429ad2bd247c7263855af4da30bb8494df728126105724c1d912199daffd,15800
.jpg,IMG_20210623_172413_jpg.rf.27f51e2d7dba17c70cc0ff14f82bb4cb.jpg,0,0,0,1,0,1,1,0,0,,"{""metric"": ""f1"", ""multimodal"": ""image; arsl""}",2022-02-06T21:10:22,data\raw\ArSL\valid\images\IMG_20210623_172413_jpg.rf.27f51e2d7dba17c70cc0ff14f82bb4cb.jpg,5dfee89efe5724cd96ceaba90ff55b8d8028c274fbf5b9af7f08bfa997432d6b,17091
.jpg,IMG_20210623_173014_jpg.rf.28a6bbd39ae63603a19eafd05988f141.jpg,0,0,0,1,0,1,1,0,0,,"{""metric"": ""f1"", ""multimodal"": ""image; arsl""}",2022-02-06T21:10:22,data\raw\ArSL\valid\images\IMG_20210623_173014_jpg.rf.28a6bbd39ae63603a19eafd05988f141.jpg,e3cc1036de038885b947a76fef4c59debeb281476753c8d127b7530c948eac36,24448
.jpg,IMG_20210623_175909_jpg.rf.288b6cf51938d146ace833aa859f1e43.jpg,0,0,0,1,0,1,1,0,0,,"{""metric"": ""f1"", ""multimodal"": ""image; arsl""}",2022-02-06T21:10:22,data\raw\ArSL\valid\images\IMG_20210623_175909_jpg.rf.288b6cf51938d146ace833aa859f1e43.jpg,b4f0c1f568e873495a7731349edbf2ab2d1d64c779570b4b91db7dd89afc53d9,23524
.jpg,IMG_20210623_180208_jpg.rf.71f77caeef3f1a932ae45ff2ee59886d.jpg,0,0,0,1,0,1,1,0,0,,"{""metric"": ""f1"", ""multimodal"": ""image; arsl""}",2022-02-06T21:10:22,data\raw\ArSL\valid\images\IMG_20210623_180208_jpg.rf.71f77caeef3f1a932ae45ff2ee59886d.jpg,f21526d1433897e1e131df2fc6d1586a233b9391b1995f5d665afd989d800fe0,21861
.jpg,IMG_20210624_213801_jpg.rf.b402c78e4c2f4772d42ed0f114ac239d.jpg,0,0,0,1,0,1,1,0,0,,"{""metric"": ""f1"", ""multimodal"": ""image; arsl""}",2022-02-06T21:10:22,data\raw\ArSL\valid\images\IMG_20210624_213801_jpg.rf.b402c78e4c2f4772d42ed0f114ac239d.jpg,608c85458cf9571bd50f526c96fb73691dd62a34e6fb47dcccf10dc943b40461,23898
.jpg,IMG_20210624_213956_jpg.rf.7a243044657c4b7f4197fb5f10aa9936.jpg,0,0,0,1,0,1,1,0,0,,"{""metric"": ""f1"", ""multimodal"": ""image; arsl""}",2022-02-06T21:10:22,data\raw\ArSL\valid\images\IMG_20210624_213956_jpg.rf.7a243044657c4b7f4197fb5f10aa9936.jpg,2d09329705d702e5686e0b59c05d2ade733c088909851747b8ec34c316dd0ecf,30094
.jpg,IMG_20210624_214017_jpg.rf.93b38c1f188777e7bca79b9c19159883.jpg,0,0,0,1,0,1,1,0,0,,"{""metric"": ""f1"", ""multimodal"": ""image; arsl""}",2022-02-06T21:10:22,data\raw\ArSL\valid\images\IMG_20210624_214017_jpg.rf.93b38c1f188777e7bca79b9c19159883.jpg,fe231a35b7da3adaa268f96f9426818d67c32628b643b266cdd2df8cbb222a81,16742
.jpg,IMG_20210624_215333_jpg.rf.45feb0f17f6f70b1e9ed93f240c82cdd.jpg,0,0,0,1,0,1,1,0,0,,"{""metric"": ""f1"", ""multimodal"": ""image; arsl""}",2022-02-06T21:10:22,data\raw\ArSL\valid\images\IMG_20210624_215333_jpg.rf.45feb0f17f6f70b1e9ed93f240c82cdd.jpg,514f952a1774c17b8fd0d23c2e90d9593f5ba31e46212572d18cb64a5e845bb7,24586
.jpg,IMG_20210624_220132_jpg.rf.3ac5da7b89bc415f1d1d3942c6d9388f.jpg,0,0,0,1,0,1,1,0,0,,"{""metric"": ""f1"", ""multimodal"": ""image; arsl""}",2022-02-06T21:10:22,data\raw\ArSL\valid\images\IMG_20210624_220132_jpg.rf.3ac5da7b89bc415f1d1d3942c6d9388f.jpg,264c945b04cf9fe1e2d0c853948a0f06eeb1bec3c1dc3dc3c5917d98cd17228f,30908
.jpg,IMG_20210624_220825_jpg.rf.d339216bd1f8eeeee3f1d87ea8f2fb45.jpg,0,0,0,1,0,1,1,0,0,,"{""metric"": ""f1"", ""multimodal"": ""image; arsl""}",2022-02-06T21:10:22,data\raw\ArSL\valid\images\IMG_20210624_220825_jpg.rf.d339216bd1f8eeeee3f1d87ea8f2fb45.jpg,b9fff406ec9c008190c451cddf35a6211434d98df0e3c8845c246e32899308a1,29276
.jpg,IMG_20210624_221138_jpg.rf.7e1b264c0a9fa82ef12d5dab2aa7cc05.jpg,0,0,0,1,0,1,1,0,0,,"{""metric"": ""f1"", ""multimodal"": ""image; arsl""}",2022-02-06T21:10:22,data\raw\ArSL\valid\images\IMG_20210624_221138_jpg.rf.7e1b264c0a9fa82ef12d5dab2aa7cc05.jpg,9dbd22900b89ae158e3b2dc3f56dbc207e82d8142f61b0ed50039ab9660f232c,20171
.jpg,IMG_20210624_223436_jpg.rf.04f1b11e59eeda015fd663a9b3c03f94.jpg,0,0,0,1,0,1,1,0,0,,"{""metric"": ""f1"", ""multimodal"": ""image; arsl""}",2022-02-06T21:10:22,data\raw\ArSL\valid\images\IMG_20210624_223436_jpg.rf.04f1b11e59eeda015fd663a9b3c03f94.jpg,a803a9f89bcad91e6e1f8dba0f4815ad9f25742c7bada011f578503fdb8a099d,19228
.jpg,IMG_20210624_225208_jpg.rf.88d1e37b3aabf854b7f160e5e5f9230a.jpg,0,0,0,1,0,1,1,0,0,,"{""metric"": ""f1"", ""multimodal"": ""image; arsl""}",2022-02-06T21:10:22,data\raw\ArSL\valid\images\IMG_20210624_225208_jpg.rf.88d1e37b3aabf854b7f160e5e5f9230a.jpg,3668e5b5e9b90802603078a79633cba993fc0316cfaa2316fe17b416dec25018,18281
.jpg,IMG_20210624_225226_jpg.rf.eea41bf150223f103266b3a41b108eb3.jpg,0,0,0,1,0,1,1,0,0,,"{""metric"": ""f1"", ""multimodal"": ""image; arsl""}",2022-02-06T21:10:22,data\raw\ArSL\valid\images\IMG_20210624_225226_jpg.rf.eea41bf150223f103266b3a41b108eb3.jpg,bf366b527b8de484b33dfdf17c316f9495dc3cd19e73b01a348aa79dca61f8e3,25638
.jpg,IMG_20210624_225347_jpg.rf.5b2ef127e81dc196bea12c9ea2b49bc2.jpg,0,0,0,1,0,1,1,0,0,,"{""metric"": ""f1"", ""multimodal"": ""image; arsl""}",2022-02-06T21:10:22,data\raw\ArSL\valid\images\IMG_20210624_225347_jpg.rf.5b2ef127e81dc196bea12c9ea2b49bc2.jpg,a367de8be4b8b0ec684e0873805226802b5d88e23d1ccc5d9cea0da926142973,13077
.jpg,IMG_20210624_230503_jpg.rf.992f7abe2798f6a84f1d8f9485e384b3.jpg,0,0,0,1,0,1,1,0,0,,"{""metric"": ""f1"", ""multimodal"": ""image; arsl""}",2022-02-06T21:10:22,data\raw\ArSL\valid\images\IMG_20210624_230503_jpg.rf.992f7abe2798f6a84f1d8f9485e384b3.jpg,160e5d3192bbe6b95c467221479cbe4ac07ba09ad039f3179624d2be910fa846,19714
.jpg,IMG_20210625_011813_jpg.rf.86d062f1b0e3cb6cb7341f6ad3b2ad7b.jpg,0,0,0,1,0,1,1,0,0,,"{""metric"": ""f1"", ""multimodal"": ""image; arsl""}",2022-02-06T21:10:22,data\raw\ArSL\valid\images\IMG_20210625_011813_jpg.rf.86d062f1b0e3cb6cb7341f6ad3b2ad7b.jpg,6031bfdbc5ae6999b7a7e0deb5991623cef12292c1c6d318fed0d7365ddc529f,26495
.jpg,IMG_20210625_024906_jpg.rf.ebe64df3df1f303139a54acc4db1b16e.jpg,0,0,0,1,0,1,1,0,0,,"{""metric"": ""f1"", ""multimodal"": ""image; arsl""}",2022-02-06T21:10:22,data\raw\ArSL\valid\images\IMG_20210625_024906_jpg.rf.ebe64df3df1f303139a54acc4db1b16e.jpg,6b78a5c6ddc0ada716a408666dceba71af98a0be4de0e0d9bd788251e031f374,18817
.jpg,IMG_20210625_190134_jpg.rf.e3007270ce940e4703c6bbf1e4bb010a.jpg,0,0,0,1,0,1,1,0,0,,"{""metric"": ""f1"", ""multimodal"": ""image; arsl""}",2022-02-06T21:10:22,data\raw\ArSL\valid\images\IMG_20210625_190134_jpg.rf.e3007270ce940e4703c6bbf1e4bb010a.jpg,128ef1b5250f0bfd631a7bca25aeb79022c39e1c4a07b9ff1e7ed7060ee279ac,28732
.jpg,IMG_20210625_191925_jpg.rf.3905c644f6d2cac55f60dbbba4b87f1e.jpg,0,0,0,1,0,1,1,0,0,,"{""metric"": ""f1"", ""multimodal"": ""image; arsl""}",2022-02-06T21:10:22,data\raw\ArSL\valid\images\IMG_20210625_191925_jpg.rf.3905c644f6d2cac55f60dbbba4b87f1e.jpg,66da8b0547bbafe3d4789f3b33906f0a3104a72c5f72cfa9b083017737d177ad,23177
.jpg,IMG_20210625_191940_jpg.rf.73e8c86770ce660ef1796c95b0f0063d.jpg,0,0,0,1,0,1,1,0,0,,"{""metric"": ""f1"", ""multimodal"": ""image; arsl""}",2022-02-06T21:10:22,data\raw\ArSL\valid\images\IMG_20210625_191940_jpg.rf.73e8c86770ce660ef1796c95b0f0063d.jpg,3422c2176128ca2264dcb228abcd664c8efefef3968ecd3a5b38b158462c4f15,25762
.jpg,IMG_20210625_192232_jpg.rf.af1e8d861c2494ab529d9cb6078441bb.jpg,0,0,0,1,0,1,1,0,0,,"{""metric"": ""f1"", ""multimodal"": ""image; arsl""}",2022-02-06T21:10:22,data\raw\ArSL\valid\images\IMG_20210625_192232_jpg.rf.af1e8d861c2494ab529d9cb6078441bb.jpg,3150ccdd37c5aa4ba39d98008443be7af57fc00459b2b5e056cff9a16a3253f4,15108
.jpg,IMG_20210625_192549_jpg.rf.8977d3b1a67314ee9e7ccf11bf9bd352.jpg,0,0,0,1,0,1,1,0,0,,"{""metric"": ""f1"", ""multimodal"": ""image; arsl""}",2022-02-06T21:10:22,data\raw\ArSL\valid\images\IMG_20210625_192549_jpg.rf.8977d3b1a67314ee9e7ccf11bf9bd352.jpg,74cf303769ce4e15024b6669ae6124e59bb13503504dcaf07dc9dcde076fec04,21297
.jpg,IMG_20210625_195151_jpg.rf.cce615b758e6c64e2f1bf76693fabccf.jpg,0,0,0,1,0,1,1,0,0,,"{""metric"": ""f1"", ""multimodal"": ""image; arsl""}",2022-02-06T21:10:22,data\raw\ArSL\valid\images\IMG_20210625_195151_jpg.rf.cce615b758e6c64e2f1bf76693fabccf.jpg,d1c056f7de3554cadacc1f09284f20584e38826fc0587efe748045386f658448,12650
.jpg,IMG_20210625_195953_jpg.rf.ecfb4999888bb492bd1f1bcfb119e196.jpg,0,0,0,1,0,1,1,0,0,,"{""metric"": ""f1"", ""multimodal"": ""image; arsl""}",2022-02-06T21:10:22,data\raw\ArSL\valid\images\IMG_20210625_195953_jpg.rf.ecfb4999888bb492bd1f1bcfb119e196.jpg,74e0c511d8929b0227b42bbd98c90f1af576337d5e9e7e03207df1f8d5f8a097,19221
.jpg,IMG_20210625_200331_jpg.rf.9867a755f7e0fb4eb2cf3a89c1decf1f.jpg,0,0,0,1,0,1,1,0,0,,"{""metric"": ""f1"", ""multimodal"": ""image; arsl""}",2022-02-06T21:10:22,data\raw\ArSL\valid\images\IMG_20210625_200331_jpg.rf.9867a755f7e0fb4eb2cf3a89c1decf1f.jpg,8c3790f51fcb7f012b835dbb33319a760c00a9f285a97d4b1171687c1f64da9c,23226
.jpg,IMG_20210625_202559_jpg.rf.501646090be274d0a2367f157bf54ace.jpg,0,0,0,1,0,1,1,0,0,,"{""metric"": ""f1"", ""multimodal"": ""image; arsl""}",2022-02-06T21:10:22,data\raw\ArSL\valid\images\IMG_20210625_202559_jpg.rf.501646090be274d0a2367f157bf54ace.jpg,c0d3857f204feb3d665a91f389491759066db3987f19843935ec9c428ecdf5d5,19154
.jpg,IMG_20210625_204413_jpg.rf.8e16aed28c35fd2d78e734cb8f18c8e4.jpg,0,0,0,1,0,1,1,0,0,,"{""metric"": ""f1"", ""multimodal"": ""image; arsl""}",2022-02-06T21:10:22,data\raw\ArSL\valid\images\IMG_20210625_204413_jpg.rf.8e16aed28c35fd2d78e734cb8f18c8e4.jpg,9f4c21deaedbb5f2e96ecb1987ba754a2bdbbd660ffbb2e8394a6cfd116618b7,15680
.jpg,IMG_20210625_204708_jpg.rf.8fd8f2f3bdb9d55e40a548588d13aff1.jpg,0,0,0,1,0,1,1,0,0,,"{""metric"": ""f1"", ""multimodal"": ""image; arsl""}",2022-02-06T21:10:22,data\raw\ArSL\valid\images\IMG_20210625_204708_jpg.rf.8fd8f2f3bdb9d55e40a548588d13aff1.jpg,a956b0c227f427e3c3b023262849c1b45accc67cae567268e89089c4508049f2,25511
.jpg,IMG_20210625_204813_jpg.rf.ada2a7f1f6f7479e7031b46016a4d8b3.jpg,0,0,0,1,0,1,1,0,0,,"{""metric"": ""f1"", ""multimodal"": ""image; arsl""}",2022-02-06T21:10:22,data\raw\ArSL\valid\images\IMG_20210625_204813_jpg.rf.ada2a7f1f6f7479e7031b46016a4d8b3.jpg,97f85261dc520581abde3fa7e287d0a847aa0968ad7127c85e1ae96c143a5aff,24513
.jpg,IMG_20210625_205006_jpg.rf.9269e3e0845c6659f14e8f2606518d06.jpg,0,0,0,1,0,1,1,0,0,,"{""metric"": ""f1"", ""multimodal"": ""image; arsl""}",2022-02-06T21:10:22,data\raw\ArSL\valid\images\IMG_20210625_205006_jpg.rf.9269e3e0845c6659f14e8f2606518d06.jpg,c8f2c48529e169be8930e2d07929d7350af0c57dc959215844130f6d57d51558,20750
.jpg,IMG_20210625_211653_jpg.rf.39d5bbbb82ef4f139d0a5fe48823c571.jpg,0,0,0,1,0,1,1,0,0,,"{""metric"": ""f1"", ""multimodal"": ""image; arsl""}",2022-02-06T21:10:22,data\raw\ArSL\valid\images\IMG_20210625_211653_jpg.rf.39d5bbbb82ef4f139d0a5fe48823c571.jpg,564d8073e30a5404d501d049536ef663869d68657556afe1b38f18d925a97500,32681
.jpg,IMG_20210625_224724_jpg.rf.c95ec725f7846b9719a3ecff1133cda7.jpg,0,0,0,1,0,1,1,0,0,,"{""metric"": ""f1"", ""multimodal"": ""image; arsl""}",2022-02-06T21:10:22,data\raw\ArSL\valid\images\IMG_20210625_224724_jpg.rf.c95ec725f7846b9719a3ecff1133cda7.jpg,254eb6f8f7e252816d9030449058d5c406af845365cfea1cd2c7b2dd5b36c034,33874
.jpg,IMG_20210625_233839_jpg.rf.d281a8f1fe3a4b28cb9538c177fbd511.jpg,0,0,0,1,0,1,1,0,0,,"{""metric"": ""f1"", ""multimodal"": ""image; arsl""}",2022-02-06T21:10:22,data\raw\ArSL\valid\images\IMG_20210625_233839_jpg.rf.d281a8f1fe3a4b28cb9538c177fbd511.jpg,b4c7ad189d14a53c574078e3b372492a0ec4be397741ae232e6f07b91f529ede,21668
.jpg,IMG_20210625_233907_jpg.rf.f1adbb966c763187b9c6f1b79d2b8139.jpg,0,0,0,1,0,1,1,0,0,,"{""metric"": ""f1"", ""multimodal"": ""image; arsl""}",2022-02-06T21:10:22,data\raw\ArSL\valid\images\IMG_20210625_233907_jpg.rf.f1adbb966c763187b9c6f1b79d2b8139.jpg,3f3e517a69295bdbd924d2c0eb4b6ed3db0a09c6963a385ddc4508451dc7a52b,27426
.jpg,IMG_20210625_234555_jpg.rf.7f520c49d2535ff1ab069663f6b91d96.jpg,0,0,0,1,0,1,1,0,0,,"{""metric"": ""f1"", ""multimodal"": ""image; arsl""}",2022-02-06T21:10:22,data\raw\ArSL\valid\images\IMG_20210625_234555_jpg.rf.7f520c49d2535ff1ab069663f6b91d96.jpg,149c2a896346641ce54ee0a6a93113c423b7d215271a1a1a61a460edcaa8e36f,19039
.jpg,IMG_20210625_235216_jpg.rf.d3aea313b95eb3179624761fa73cfef1.jpg,0,0,0,1,0,1,1,0,0,,"{""metric"": ""f1"", ""multimodal"": ""image; arsl""}",2022-02-06T21:10:22,data\raw\ArSL\valid\images\IMG_20210625_235216_jpg.rf.d3aea313b95eb3179624761fa73cfef1.jpg,4cbbf62555ad141815eb6b7c3ddd821108df8bdd35c9000f7bd1cea5547902fb,38498
.txt,IMG_20210609_185131_jpg.rf.694078212c691632597bcaa1fdf1841a.txt,0,0,0,,0,1,1,0,0,,"{""metric"": ""f1"", ""multimodal"": ""arsl""}",2022-02-06T21:10:22,data\raw\ArSL\valid\labels\IMG_20210609_185131_jpg.rf.694078212c691632597bcaa1fdf1841a.txt,163ef5b9091b3e9d881383e41c09a5e4a0f2aa05c92e0abcc1525cf6ee72ff29,68
.txt,IMG_20210609_191557_jpg.rf.4ad6ca70ff1b5194e9980fb94968fe4a.txt,0,0,0,,0,1,1,0,0,,"{""metric"": ""f1"", ""multimodal"": ""arsl""}",2022-02-06T21:10:22,data\raw\ArSL\valid\labels\IMG_20210609_191557_jpg.rf.4ad6ca70ff1b5194e9980fb94968fe4a.txt,40335dc7fe668dd0aa553f45efa243b6d89aafb99a83c01440b267c988e6e5a1,79
.txt,IMG_20210609_191601_jpg.rf.8d1916315c011b62b4237de128f18ab2.txt,0,0,0,,0,1,1,0,0,,"{""metric"": ""f1"", ""multimodal"": ""arsl""}",2022-02-06T21:10:22,data\raw\ArSL\valid\labels\IMG_20210609_191601_jpg.rf.8d1916315c011b62b4237de128f18ab2.txt,4c55414540cfd24770aef29e0da56eb71368c54659ef5e844dfe950307c682b0,77
.txt,IMG_20210610_210435_jpg.rf.97c59ee4df1395d9f8d0211f35517c20.txt,0,0,0,,0,1,1,0,0,,"{""metric"": ""f1"", ""multimodal"": ""arsl""}",2022-02-06T21:10:22,data\raw\ArSL\valid\labels\IMG_20210610_210435_jpg.rf.97c59ee4df1395d9f8d0211f35517c20.txt,c4b483d5f75c4ba203a950965489abe7aa594627e898d840f278a2a12628d92d,79
.txt,IMG_20210610_210622_jpg.rf.0028235f1e79cfad37b0760d591fbdc9.txt,0,0,0,,0,1,1,0,0,,"{""metric"": ""f1"", ""multimodal"": ""arsl""}",2022-02-06T21:10:22,data\raw\ArSL\valid\labels\IMG_20210610_210622_jpg.rf.0028235f1e79cfad37b0760d591fbdc9.txt,d7f7cac616135482e14e37def6ba93d3d6061cad9c0f8ac269e4300c7e8e26c1,80
.txt,IMG_20210611_204600_jpg.rf.8e56a90579d57ca29ad2f1cb67f20b67.txt,0,0,0,,0,1,1,0,0,,"{""metric"": ""f1"", ""multimodal"": ""arsl""}",2022-02-06T21:10:22,data\raw\ArSL\valid\labels\IMG_20210611_204600_jpg.rf.8e56a90579d57ca29ad2f1cb67f20b67.txt,cd52dff28dbf122c3db63a653ec7ed0d46775b478704c50361a4ddd600f58c21,68
.txt,IMG_20210611_205221_jpg.rf.01aff24401ab01f116911b05204e4965.txt,0,0,0,,0,1,1,0,0,,"{""metric"": ""f1"", ""multimodal"": ""arsl""}",2022-02-06T21:10:22,data\raw\ArSL\valid\labels\IMG_20210611_205221_jpg.rf.01aff24401ab01f116911b05204e4965.txt,e9b8cf5ef3664861b985beb45e7baf17a7e9e8edbca63a20ecef579e72ea26f4,67
.txt,IMG_20210611_211033_jpg.rf.e55dca7eaa0df68bd84fc8714e3f1109.txt,0,0,0,,0,1,1,0,0,,"{""metric"": ""f1"", ""multimodal"": ""arsl""}",2022-02-06T21:10:22,data\raw\ArSL\valid\labels\IMG_20210611_211033_jpg.rf.e55dca7eaa0df68bd84fc8714e3f1109.txt,297e6a352303edbd121f99867c2b329f4e3a2821518699b7758a5b9998b97224,77
.txt,IMG_20210612_194608_jpg.rf.ff844a3c26766dff16e1e25f979bfcbc.txt,0,0,0,,0,1,1,0,0,,"{""metric"": ""f1"", ""multimodal"": ""arsl""}",2022-02-06T21:10:22,data\raw\ArSL\valid\labels\IMG_20210612_194608_jpg.rf.ff844a3c26766dff16e1e25f979bfcbc.txt,9422cfe124dca89576ff3ee4e6b16d3fb809c2eed105911699833e0c7b24aa93,80
.txt,IMG_20210612_194849_jpg.rf.f14c15f03763217ca139ba334ed6bf21.txt,0,0,0,,0,1,1,0,0,,"{""metric"": ""f1"", ""multimodal"": ""arsl""}",2022-02-06T21:10:22,data\raw\ArSL\valid\labels\IMG_20210612_194849_jpg.rf.f14c15f03763217ca139ba334ed6bf21.txt,76790d0c52111e10891c13eab17967bc2d34c26c50c8aa2a970b24cbae61f2a7,67
.txt,IMG_20210612_205535_jpg.rf.24fcc01d72cc25beca5c1308aff18f5e.txt,0,0,0,,0,1,1,0,0,,"{""metric"": ""f1"", ""multimodal"": ""arsl""}",2022-02-06T21:10:22,data\raw\ArSL\valid\labels\IMG_20210612_205535_jpg.rf.24fcc01d72cc25beca5c1308aff18f5e.txt,bf19ab39a23841d4667753afd8617844514491c18c6439bbddba74322dcaeaec,57
.txt,IMG_20210612_205607_jpg.rf.a54320f43f9c022428ce590d2f108359.txt,0,0,0,,0,1,1,0,0,,"{""metric"": ""f1"", ""multimodal"": ""arsl""}",2022-02-06T21:10:22,data\raw\ArSL\valid\labels\IMG_20210612_205607_jpg.rf.a54320f43f9c022428ce590d2f108359.txt,497caa878fa7d383cc9bb1fe8bf5e53cb51538522429545afef5fc5999abfc3b,68
.txt,IMG_20210615_163653_jpg.rf.2f1cd101f990ba3beb8c617540c12571.txt,0,0,0,,0,1,1,0,0,,"{""metric"": ""f1"", ""multimodal"": ""arsl""}",2022-02-06T21:10:22,data\raw\ArSL\valid\labels\IMG_20210615_163653_jpg.rf.2f1cd101f990ba3beb8c617540c12571.txt,1cfe9ec9456ef6a549dd528cf5f24608883863a2a9b269d54489006e6d5ae739,67
.txt,IMG_20210615_163829_jpg.rf.1a4951a1236d5b6d70f5b3c710166f1b.txt,0,0,0,,0,1,1,0,0,,"{""metric"": ""f1"", ""multimodal"": ""arsl""}",2022-02-06T21:10:22,data\raw\ArSL\valid\labels\IMG_20210615_163829_jpg.rf.1a4951a1236d5b6d70f5b3c710166f1b.txt,9a18b1ed6f78d6e9ec8e7a04480d3f525d432f61bb974f28fab80ecbec3ae872,79
.txt,IMG_20210615_164113_jpg.rf.367655ee3ba5845eaf1d93d58cc2bd76.txt,0,0,0,,0,1,1,0,0,,"{""metric"": ""f1"", ""multimodal"": ""arsl""}",2022-02-06T21:10:22,data\raw\ArSL\valid\labels\IMG_20210615_164113_jpg.rf.367655ee3ba5845eaf1d93d58cc2bd76.txt,7b9da9d9ebf61edb832514be8d01ba10742adedb6d0214a667f0814768a964a4,67
.txt,IMG_20210615_164120_jpg.rf.2f38dbf23ca1a3cf9869d9f1596b998c.txt,0,0,0,,0,1,1,0,0,,"{""metric"": ""f1"", ""multimodal"": ""arsl""}",2022-02-06T21:10:22,data\raw\ArSL\valid\labels\IMG_20210615_164120_jpg.rf.2f38dbf23ca1a3cf9869d9f1596b998c.txt,bd087017e5fa4d77343521f7bc09e18395dadfd19573d79be08743e4ae248de1,70
.txt,IMG_20210615_200406_jpg.rf.0096c6bbb0bd11135f13521ac8ae2f50.txt,0,0,0,,0,1,1,0,0,,"{""metric"": ""f1"", ""multimodal"": ""arsl""}",2022-02-06T21:10:22,data\raw\ArSL\valid\labels\IMG_20210615_200406_jpg.rf.0096c6bbb0bd11135f13521ac8ae2f50.txt,3e986974a9b87daddbba7433ef995cb3f4377eac49414cac4043e00935e7686b,79
.txt,IMG_20210615_205248_jpg.rf.db7c5f8f151eb105d761ceee2e548763.txt,0,0,0,,0,1,1,0,0,,"{""metric"": ""f1"", ""multimodal"": ""arsl""}",2022-02-06T21:10:22,data\raw\ArSL\valid\labels\IMG_20210615_205248_jpg.rf.db7c5f8f151eb105d761ceee2e548763.txt,ef58fa602b78c6ed0b9195bf8b98e18aceb0c1327041778c83d22db22234acd3,78
.txt,IMG_20210615_211600_jpg.rf.44f8389bc724c16327e550a38f1e394a.txt,0,0,0,,0,1,1,0,0,,"{""metric"": ""f1"", ""multimodal"": ""arsl""}",2022-02-06T21:10:22,data\raw\ArSL\valid\labels\IMG_20210615_211600_jpg.rf.44f8389bc724c16327e550a38f1e394a.txt,0bd6ff51e62ed9e14f3a41724ff23af8b9a1ff9962df8ce641bff9069b7cc14c,77
.txt,IMG_20210615_212230_jpg.rf.467f152f35ef32141917cfbf98504427.txt,0,0,0,,0,1,1,0,0,,"{""metric"": ""f1"", ""multimodal"": ""arsl""}",2022-02-06T21:10:22,data\raw\ArSL\valid\labels\IMG_20210615_212230_jpg.rf.467f152f35ef32141917cfbf98504427.txt,4c8c535fca6b441a6b9b2f2f2410ebdb9562db1008a147da65902c03603c2c0c,67
.txt,IMG_20210616_001659_jpg.rf.f0b1ef69fc9dda91960c568d0bcaf1ef.txt,0,0,0,,0,1,1,0,0,,"{""metric"": ""f1"", ""multimodal"": ""arsl""}",2022-02-06T21:10:22,data\raw\ArSL\valid\labels\IMG_20210616_001659_jpg.rf.f0b1ef69fc9dda91960c568d0bcaf1ef.txt,a35d6bdc9db6ac167caeff265051afa375ceb1ffb323b2ec1828e73e0f099b96,78
.txt,IMG_20210616_002431_jpg.rf.f138646ba6fce0ad83d493f2a98979f2.txt,0,0,0,,0,1,1,0,0,,"{""metric"": ""f1"", ""multimodal"": ""arsl""}",2022-02-06T21:10:22,data\raw\ArSL\valid\labels\IMG_20210616_002431_jpg.rf.f138646ba6fce0ad83d493f2a98979f2.txt,78ca5f5f83d95fe19b49ec5a00f3c647d577ed86871a023baadcd1fbf300e3d7,78
.txt,IMG_20210616_002910_jpg.rf.fdadc92613b2e5a86990770c1f1d9aa4.txt,0,0,0,,0,1,1,0,0,,"{""metric"": ""f1"", ""multimodal"": ""arsl""}",2022-02-06T21:10:22,data\raw\ArSL\valid\labels\IMG_20210616_002910_jpg.rf.fdadc92613b2e5a86990770c1f1d9aa4.txt,54b2312838d79e32a7d275bf81d444b8c2ce19d392dcc6bbbe5ffb02fe3b660d,67
.txt,IMG_20210619_003816_jpg.rf.ea26e51e2b5ed4538981bf14c05ce175.txt,0,0,0,,0,1,1,0,0,,"{""metric"": ""f1"", ""multimodal"": ""arsl""}",2022-02-06T21:10:22,data\raw\ArSL\valid\labels\IMG_20210619_003816_jpg.rf.ea26e51e2b5ed4538981bf14c05ce175.txt,36a34d3136d5b8326e1e8ec870603157718c107e83b71dc2dcfc1b5819b77da7,77
.txt,IMG_20210619_010041_jpg.rf.d0de5933f06232e8f12bd9ab462c1698.txt,0,0,0,,0,1,1,0,0,,"{""metric"": ""f1"", ""multimodal"": ""arsl""}",2022-02-06T21:10:22,data\raw\ArSL\valid\labels\IMG_20210619_010041_jpg.rf.d0de5933f06232e8f12bd9ab462c1698.txt,f72cfe7722a9032d48b152ad5923c1f8af06bc03766c5091b938f3b24509584f,81
.txt,IMG_20210619_011109_jpg.rf.541af49a19f110ba49fad90ada963634.txt,0,0,0,,0,1,1,0,0,,"{""metric"": ""f1"", ""multimodal"": ""arsl""}",2022-02-06T21:10:22,data\raw\ArSL\valid\labels\IMG_20210619_011109_jpg.rf.541af49a19f110ba49fad90ada963634.txt,b55f21606a1c9fd08f38e4d4cf772a8571c9d9cace65391641f8ed2293f78a85,79
.txt,IMG_20210619_012152_jpg.rf.df157a9908b0470c766f97a629fbbb2b.txt,0,0,0,,0,1,1,0,0,,"{""metric"": ""f1"", ""multimodal"": ""arsl""}",2022-02-06T21:10:22,data\raw\ArSL\valid\labels\IMG_20210619_012152_jpg.rf.df157a9908b0470c766f97a629fbbb2b.txt,0140a5ad4e07bc96204b02b6bb930e3dca65e8c38920ff44dc471686139027bd,79
.txt,IMG_20210619_163555_jpg.rf.1f1c2aa64ca82e73f5d88f7e09bc409f.txt,0,0,0,,0,1,1,0,0,,"{""metric"": ""f1"", ""multimodal"": ""arsl""}",2022-02-06T21:10:22,data\raw\ArSL\valid\labels\IMG_20210619_163555_jpg.rf.1f1c2aa64ca82e73f5d88f7e09bc409f.txt,2e44e39c414ed3a7313122acac80f29af255ae30bc4f7a455d6799d3606028ee,68
.txt,IMG_20210619_163709_jpg.rf.5e00cf478f1a91bdc803e5bfe17fddd2.txt,0,0,0,,0,1,1,0,0,,"{""metric"": ""f1"", ""multimodal"": ""arsl""}",2022-02-06T21:10:22,data\raw\ArSL\valid\labels\IMG_20210619_163709_jpg.rf.5e00cf478f1a91bdc803e5bfe17fddd2.txt,b6444bb384c60fb87b983021cd7aea253fa8fd19f502a9297c39ca5e8a97a0e4,69
.txt,IMG_20210619_165102_jpg.rf.ac6357a1f14f5ab7d1c98d72ec1981de.txt,0,0,0,,0,1,1,0,0,,"{""metric"": ""f1"", ""multimodal"": ""arsl""}",2022-02-06T21:10:22,data\raw\ArSL\valid\labels\IMG_20210619_165102_jpg.rf.ac6357a1f14f5ab7d1c98d72ec1981de.txt,5eb95e6c3338c098395010b83fe81fc8cce5bdea44cac580fe5407320f6d7e04,79
.txt,IMG_20210619_170038_jpg.rf.e62776a7e7828bf11b987b821f946d58.txt,0,0,0,,0,1,1,0,0,,"{""metric"": ""f1"", ""multimodal"": ""arsl""}",2022-02-06T21:10:22,data\raw\ArSL\valid\labels\IMG_20210619_170038_jpg.rf.e62776a7e7828bf11b987b821f946d58.txt,d7e4f8b51802b41c6d7865a4bf401862103f1b2f068c822fec62b7599e9195e8,67
.txt,IMG_20210619_170109_jpg.rf.3b4942352117dcbb0e892561943ac6f1.txt,0,0,0,,0,1,1,0,0,,"{""metric"": ""f1"", ""multimodal"": ""arsl""}",2022-02-06T21:10:22,data\raw\ArSL\valid\labels\IMG_20210619_170109_jpg.rf.3b4942352117dcbb0e892561943ac6f1.txt,2f9071ea5c9ba2d85334e7f2cee59d18e72360298727fbe96fe3e64d8f1c6fc1,57
.txt,IMG_20210619_170504_jpg.rf.8d61caf0207638996a3e57f1f3b0de63.txt,0,0,0,,0,1,1,0,0,,"{""metric"": ""f1"", ""multimodal"": ""arsl""}",2022-02-06T21:10:22,data\raw\ArSL\valid\labels\IMG_20210619_170504_jpg.rf.8d61caf0207638996a3e57f1f3b0de63.txt,df6c8b58dd1e04bad361eb5b0a8b5a6fae4651e8fc34ae4630fe0c3b76cf9a34,78
.txt,IMG_20210622_101444_jpg.rf.75f1ff37f0cff83fda05234a8cf145ce.txt,0,0,0,,0,1,1,0,0,,"{""metric"": ""f1"", ""multimodal"": ""arsl""}",2022-02-06T21:10:22,data\raw\ArSL\valid\labels\IMG_20210622_101444_jpg.rf.75f1ff37f0cff83fda05234a8cf145ce.txt,0f389f46a39a35e4f1de408236c2a70f16874c36c06947e256f775e9441fd99f,78
.txt,IMG_20210622_101507_jpg.rf.0f1a421951af097366f71180238f9351.txt,0,0,0,,0,1,1,0,0,,"{""metric"": ""f1"", ""multimodal"": ""arsl""}",2022-02-06T21:10:22,data\raw\ArSL\valid\labels\IMG_20210622_101507_jpg.rf.0f1a421951af097366f71180238f9351.txt,1bb492eaf4d8138d154dbc5398bb052afe789c9e5fb962ecff05e95c7661a8dd,79
.txt,IMG_20210622_102256_jpg.rf.74d0cf4e06deaf1fc52acfb6268b08af.txt,0,0,0,,0,1,1,0,0,,"{""metric"": ""f1"", ""multimodal"": ""arsl""}",2022-02-06T21:10:22,data\raw\ArSL\valid\labels\IMG_20210622_102256_jpg.rf.74d0cf4e06deaf1fc52acfb6268b08af.txt,942a44ba46385157fe6a16e37d6e655f2db86bda6be8628e30ff082ddc0af6c4,78
.txt,IMG_20210622_102914_jpg.rf.6daa8aaaa6090fd9720d4761cbf483f1.txt,0,0,0,,0,1,1,0,0,,"{""metric"": ""f1"", ""multimodal"": ""arsl""}",2022-02-06T21:10:22,data\raw\ArSL\valid\labels\IMG_20210622_102914_jpg.rf.6daa8aaaa6090fd9720d4761cbf483f1.txt,f58041e9a9ffa0e990e847b46f804346faa864ac89d791c534a2262b22e9ec92,80
.txt,IMG_20210622_103227_jpg.rf.3eb3fb13f1e588810acead75e1302eca.txt,0,0,0,,0,1,1,0,0,,"{""metric"": ""f1"", ""multimodal"": ""arsl""}",2022-02-06T21:10:22,data\raw\ArSL\valid\labels\IMG_20210622_103227_jpg.rf.3eb3fb13f1e588810acead75e1302eca.txt,7ddae45739509f3f4c47264f3a67149dcd8d47c12a353c641f99bbc192338bc8,79
.txt,IMG_20210622_103339_jpg.rf.cc2f2e2af1e08ed71adbb833ed56f90a.txt,0,0,0,,0,1,1,0,0,,"{""metric"": ""f1"", ""multimodal"": ""arsl""}",2022-02-06T21:10:22,data\raw\ArSL\valid\labels\IMG_20210622_103339_jpg.rf.cc2f2e2af1e08ed71adbb833ed56f90a.txt,4891a147ff7ddae197c8d343e3a0cf4348fdae25ee293ef6025e0eb0498a0391,81
.txt,IMG_20210622_103422_jpg.rf.624876e1cfb8fa9e0f115258eedc1b3a.txt,0,0,0,,0,1,1,0,0,,"{""metric"": ""f1"", ""multimodal"": ""arsl""}",2022-02-06T21:10:22,data\raw\ArSL\valid\labels\IMG_20210622_103422_jpg.rf.624876e1cfb8fa9e0f115258eedc1b3a.txt,914d8983333af4c49bd2d671454c34214b2872827be4677b072ad6bd5c82ff6d,70
.txt,IMG_20210623_134441_jpg.rf.1a7ed6d9417fb1e90af238af1f80bb2a.txt,0,0,0,,0,1,1,0,0,,"{""metric"": ""f1"", ""multimodal"": ""arsl""}",2022-02-06T21:10:22,data\raw\ArSL\valid\labels\IMG_20210623_134441_jpg.rf.1a7ed6d9417fb1e90af238af1f80bb2a.txt,eef122991f2c504de0fe49d83c7b3b6e05f85cf65dfbdd6b281a46e44d7148e4,69
.txt,IMG_20210623_134738_jpg.rf.a3b2eda01f1c89ac06389bf1eff7c05c.txt,0,0,0,,0,1,1,0,0,,"{""metric"": ""f1"", ""multimodal"": ""arsl""}",2022-02-06T21:10:22,data\raw\ArSL\valid\labels\IMG_20210623_134738_jpg.rf.a3b2eda01f1c89ac06389bf1eff7c05c.txt,8af4dad4df1daf0dd9df76e9eb8035f1d63135be963dbbbe2e39734a330f36a0,67
.txt,IMG_20210623_135122_jpg.rf.f1e5f3f1e760849aca729c12a7c9ea7f.txt,0,0,0,,0,1,1,0,0,,"{""metric"": ""f1"", ""multimodal"": ""arsl""}",2022-02-06T21:10:22,data\raw\ArSL\valid\labels\IMG_20210623_135122_jpg.rf.f1e5f3f1e760849aca729c12a7c9ea7f.txt,1c032689785581e2e734f7fafde25c195a7f921e68feaee693eb58cc9f0edf0b,79
.txt,IMG_20210623_135853_jpg.rf.f13ce63cb5a87200d088e24e89581703.txt,0,0,0,,0,1,1,0,0,,"{""metric"": ""f1"", ""multimodal"": ""arsl""}",2022-02-06T21:10:22,data\raw\ArSL\valid\labels\IMG_20210623_135853_jpg.rf.f13ce63cb5a87200d088e24e89581703.txt,ac048fc5bd1c60062589ae8596a2b845ecfabb655334899e0526b0097d976f5a,79
.txt,IMG_20210623_140411_jpg.rf.2f18c5f9d9d7addde6557b43ca638aaf.txt,0,0,0,,0,1,1,0,0,,"{""metric"": ""f1"", ""multimodal"": ""arsl""}",2022-02-06T21:10:22,data\raw\ArSL\valid\labels\IMG_20210623_140411_jpg.rf.2f18c5f9d9d7addde6557b43ca638aaf.txt,10def6efeeec72f7f86c7afc3aa35f67f317e995588fea4f73d2a7036a8fb3f7,79
.txt,IMG_20210623_161837_jpg.rf.e3ca4453eb7ff1413534cff15b9c2b9b.txt,0,0,0,,0,1,1,0,0,,"{""metric"": ""f1"", ""multimodal"": ""arsl""}",2022-02-06T21:10:22,data\raw\ArSL\valid\labels\IMG_20210623_161837_jpg.rf.e3ca4453eb7ff1413534cff15b9c2b9b.txt,1836016c924d566e539aac532d7bbd456691d90f6879faa9676ca8f69dae6440,77
.txt,IMG_20210623_162334_jpg.rf.f18a0fd522411b45fd234db15291a943.txt,0,0,0,,0,1,1,0,0,,"{""metric"": ""f1"", ""multimodal"": ""arsl""}",2022-02-06T21:10:22,data\raw\ArSL\valid\labels\IMG_20210623_162334_jpg.rf.f18a0fd522411b45fd234db15291a943.txt,5e54b7aee97c6404a50de56b28182bf108953d047a496e4bc3215f885ca870f0,67
.txt,IMG_20210623_162547_jpg.rf.70c5f5339b6d101b5b1bc60f16d3fd2c.txt,0,0,0,,0,1,1,0,0,,"{""metric"": ""f1"", ""multimodal"": ""arsl""}",2022-02-06T21:10:22,data\raw\ArSL\valid\labels\IMG_20210623_162547_jpg.rf.70c5f5339b6d101b5b1bc60f16d3fd2c.txt,2ba3ed1852982a3f9ce46b48881f96f445ce08609eae2c18c6cc33c472c740d8,79
.txt,IMG_20210623_162855_jpg.rf.acbf1c467dbd8af1c5da6d5603a75d93.txt,0,0,0,,0,1,1,0,0,,"{""metric"": ""f1"", ""multimodal"": ""arsl""}",2022-02-06T21:10:22,data\raw\ArSL\valid\labels\IMG_20210623_162855_jpg.rf.acbf1c467dbd8af1c5da6d5603a75d93.txt,020bcd5070009f032ab9f4e912304eaf30f50ac7529b55cc4df9c11c0ea33618,79
.txt,IMG_20210623_170104_jpg.rf.f1d0714c546cd94260088da208616347.txt,0,0,0,,0,1,1,0,0,,"{""metric"": ""f1"", ""multimodal"": ""arsl""}",2022-02-06T21:10:22,data\raw\ArSL\valid\labels\IMG_20210623_170104_jpg.rf.f1d0714c546cd94260088da208616347.txt,1db57cfbc38c94f720c6dd5517574e92996108e11ac60c5d92e566c6830c67a0,78
.txt,IMG_20210623_170634_jpg.rf.2165556c756a2234d10471f5f1733aed.txt,0,0,0,,0,1,1,0,0,,"{""metric"": ""f1"", ""multimodal"": ""arsl""}",2022-02-06T21:10:22,data\raw\ArSL\valid\labels\IMG_20210623_170634_jpg.rf.2165556c756a2234d10471f5f1733aed.txt,8c16b656da92182cc4a0fe817a2f8585c1e14f643d2750fff52478520f2d5b2c,80
.txt,IMG_20210623_172413_jpg.rf.27f51e2d7dba17c70cc0ff14f82bb4cb.txt,0,0,0,,0,1,1,0,0,,"{""metric"": ""f1"", ""multimodal"": ""arsl""}",2022-02-06T21:10:22,data\raw\ArSL\valid\labels\IMG_20210623_172413_jpg.rf.27f51e2d7dba17c70cc0ff14f82bb4cb.txt,ecb6d05692c0b2051afbd5f853d899fb124a5b5ff0082b07404cbff9615ae8dc,67
.txt,IMG_20210623_173014_jpg.rf.28a6bbd39ae63603a19eafd05988f141.txt,0,0,0,,0,1,1,0,0,,"{""metric"": ""f1"", ""multimodal"": ""arsl""}",2022-02-06T21:10:22,data\raw\ArSL\valid\labels\IMG_20210623_173014_jpg.rf.28a6bbd39ae63603a19eafd05988f141.txt,5a7471aa044634c71f366c1beb0f1f121eb55ac565370168dd8404d0bc1a555c,54
.txt,IMG_20210623_175909_jpg.rf.288b6cf51938d146ace833aa859f1e43.txt,0,0,0,,0,1,1,0,0,,"{""metric"": ""f1"", ""multimodal"": ""arsl""}",2022-02-06T21:10:22,data\raw\ArSL\valid\labels\IMG_20210623_175909_jpg.rf.288b6cf51938d146ace833aa859f1e43.txt,1d3fd605568f55e027cfb00d12af308a824cb18bcaebbb9258ef876d73979daf,68
.txt,IMG_20210623_180208_jpg.rf.71f77caeef3f1a932ae45ff2ee59886d.txt,0,0,0,,0,1,1,0,0,,"{""metric"": ""f1"", ""multimodal"": ""arsl""}",2022-02-06T21:10:22,data\raw\ArSL\valid\labels\IMG_20210623_180208_jpg.rf.71f77caeef3f1a932ae45ff2ee59886d.txt,d66cef560fb8f8d80f00a66a24630a09edbe25c156c6080693d78d501228b8ad,79
.txt,IMG_20210624_213801_jpg.rf.b402c78e4c2f4772d42ed0f114ac239d.txt,0,0,0,,0,1,1,0,0,,"{""metric"": ""f1"", ""multimodal"": ""arsl""}",2022-02-06T21:10:22,data\raw\ArSL\valid\labels\IMG_20210624_213801_jpg.rf.b402c78e4c2f4772d42ed0f114ac239d.txt,c04c3e1f0af24971eed4b6310f611ce95ca075409d604728526b1eb77d88c934,67
.txt,IMG_20210624_213956_jpg.rf.7a243044657c4b7f4197fb5f10aa9936.txt,0,0,0,,0,1,1,0,0,,"{""metric"": ""f1"", ""multimodal"": ""arsl""}",2022-02-06T21:10:22,data\raw\ArSL\valid\labels\IMG_20210624_213956_jpg.rf.7a243044657c4b7f4197fb5f10aa9936.txt,01057b63de8e491f8f08610d95501f3696ac969cbbfe0ce5d7d282aaad88cb3a,78
.txt,IMG_20210624_214017_jpg.rf.93b38c1f188777e7bca79b9c19159883.txt,0,0,0,,0,1,1,0,0,,"{""metric"": ""f1"", ""multimodal"": ""arsl""}",2022-02-06T21:10:22,data\raw\ArSL\valid\labels\IMG_20210624_214017_jpg.rf.93b38c1f188777e7bca79b9c19159883.txt,243dc3adafcdd410c255dfbe022f3ae58485a0c52397e869d5d1117ece63c36c,67
.txt,IMG_20210624_215333_jpg.rf.45feb0f17f6f70b1e9ed93f240c82cdd.txt,0,0,0,,0,1,1,0,0,,"{""metric"": ""f1"", ""multimodal"": ""arsl""}",2022-02-06T21:10:22,data\raw\ArSL\valid\labels\IMG_20210624_215333_jpg.rf.45feb0f17f6f70b1e9ed93f240c82cdd.txt,e314324ee232fbb4a8e4df7b6329bf6cd2a1a4746adfc98cfd992e2d863b806d,79
.txt,IMG_20210624_220132_jpg.rf.3ac5da7b89bc415f1d1d3942c6d9388f.txt,0,0,0,,0,1,1,0,0,,"{""metric"": ""f1"", ""multimodal"": ""arsl""}",2022-02-06T21:10:22,data\raw\ArSL\valid\labels\IMG_20210624_220132_jpg.rf.3ac5da7b89bc415f1d1d3942c6d9388f.txt,15e86a36a81c251ce7daa44663f1c1ef0b46cd3d87792e0fbf32ef3c1f4e9490,70
.txt,IMG_20210624_220825_jpg.rf.d339216bd1f8eeeee3f1d87ea8f2fb45.txt,0,0,0,,0,1,1,0,0,,"{""metric"": ""f1"", ""multimodal"": ""arsl""}",2022-02-06T21:10:22,data\raw\ArSL\valid\labels\IMG_20210624_220825_jpg.rf.d339216bd1f8eeeee3f1d87ea8f2fb45.txt,0e90a357ac02a8891cce71c0aea8678b69eca61b8eb8424aeb607628a0c45720,69
.txt,IMG_20210624_221138_jpg.rf.7e1b264c0a9fa82ef12d5dab2aa7cc05.txt,0,0,0,,0,1,1,0,0,,"{""metric"": ""f1"", ""multimodal"": ""arsl""}",2022-02-06T21:10:22,data\raw\ArSL\valid\labels\IMG_20210624_221138_jpg.rf.7e1b264c0a9fa82ef12d5dab2aa7cc05.txt,ea5ec1c2c0226678e06a05f47656b8936043731ea69dc5200cea6d10fca677ce,80
.txt,IMG_20210624_223436_jpg.rf.04f1b11e59eeda015fd663a9b3c03f94.txt,0,0,0,,0,1,1,0,0,,"{""metric"": ""f1"", ""multimodal"": ""arsl""}",2022-02-06T21:10:22,data\raw\ArSL\valid\labels\IMG_20210624_223436_jpg.rf.04f1b11e59eeda015fd663a9b3c03f94.txt,1e812397cc90192601b4b9eb9dd077ea10b48a9a952a5e4d3ef2a509f8f2a8b3,67
.txt,IMG_20210624_225208_jpg.rf.88d1e37b3aabf854b7f160e5e5f9230a.txt,0,0,0,,0,1,1,0,0,,"{""metric"": ""f1"", ""multimodal"": ""arsl""}",2022-02-06T21:10:22,data\raw\ArSL\valid\labels\IMG_20210624_225208_jpg.rf.88d1e37b3aabf854b7f160e5e5f9230a.txt,bc284223cd1be2ca3b8320044c4d2208648d482c5ca3e578e4d5a1c06911e3ba,79
.txt,IMG_20210624_225226_jpg.rf.eea41bf150223f103266b3a41b108eb3.txt,0,0,0,,0,1,1,0,0,,"{""metric"": ""f1"", ""multimodal"": ""arsl""}",2022-02-06T21:10:22,data\raw\ArSL\valid\labels\IMG_20210624_225226_jpg.rf.eea41bf150223f103266b3a41b108eb3.txt,3a1c1de8eeaa3bc163425285fb6b2fa911afad05cd2b03619351c91b1a999dab,79
.txt,IMG_20210624_225347_jpg.rf.5b2ef127e81dc196bea12c9ea2b49bc2.txt,0,0,0,,0,1,1,0,0,,"{""metric"": ""f1"", ""multimodal"": ""arsl""}",2022-02-06T21:10:22,data\raw\ArSL\valid\labels\IMG_20210624_225347_jpg.rf.5b2ef127e81dc196bea12c9ea2b49bc2.txt,cafb926e548ac042d16466a5e7fde4ff6e04702d0d9d5dea6e9348e0002f89cb,79
.txt,IMG_20210624_230503_jpg.rf.992f7abe2798f6a84f1d8f9485e384b3.txt,0,0,0,,0,1,1,0,0,,"{""metric"": ""f1"", ""multimodal"": ""arsl""}",2022-02-06T21:10:22,data\raw\ArSL\valid\labels\IMG_20210624_230503_jpg.rf.992f7abe2798f6a84f1d8f9485e384b3.txt,dc8a6e8c0b5b6073bb044d5f945aae674941a5923f3f242defa71aa056b4f044,82
.txt,IMG_20210625_011813_jpg.rf.86d062f1b0e3cb6cb7341f6ad3b2ad7b.txt,0,0,0,,0,1,1,0,0,,"{""metric"": ""f1"", ""multimodal"": ""arsl""}",2022-02-06T21:10:22,data\raw\ArSL\valid\labels\IMG_20210625_011813_jpg.rf.86d062f1b0e3cb6cb7341f6ad3b2ad7b.txt,cde316c98e5b98d4b6666dceb2d5d010262fffecf9a9dc5b4c7abc83eff9df4e,66
.txt,IMG_20210625_024906_jpg.rf.ebe64df3df1f303139a54acc4db1b16e.txt,0,0,0,,0,1,1,0,0,,"{""metric"": ""f1"", ""multimodal"": ""arsl""}",2022-02-06T21:10:22,data\raw\ArSL\valid\labels\IMG_20210625_024906_jpg.rf.ebe64df3df1f303139a54acc4db1b16e.txt,86202a942add409b299d5de7233153b7e2c552a31dc4126626f5ce0a379f3045,78
.txt,IMG_20210625_190134_jpg.rf.e3007270ce940e4703c6bbf1e4bb010a.txt,0,0,0,,0,1,1,0,0,,"{""metric"": ""f1"", ""multimodal"": ""arsl""}",2022-02-06T21:10:22,data\raw\ArSL\valid\labels\IMG_20210625_190134_jpg.rf.e3007270ce940e4703c6bbf1e4bb010a.txt,f272113fe45429d8639ad25ee224d520ca07b9136fb318de713b704244aae6be,80
.txt,IMG_20210625_191925_jpg.rf.3905c644f6d2cac55f60dbbba4b87f1e.txt,0,0,0,,0,1,1,0,0,,"{""metric"": ""f1"", ""multimodal"": ""arsl""}",2022-02-06T21:10:22,data\raw\ArSL\valid\labels\IMG_20210625_191925_jpg.rf.3905c644f6d2cac55f60dbbba4b87f1e.txt,9d0eda395df56ca6c6650d40e320a3066ee770048608636e29b0db7c3ab076f5,70
.txt,IMG_20210625_191940_jpg.rf.73e8c86770ce660ef1796c95b0f0063d.txt,0,0,0,,0,1,1,0,0,,"{""metric"": ""f1"", ""multimodal"": ""arsl""}",2022-02-06T21:10:22,data\raw\ArSL\valid\labels\IMG_20210625_191940_jpg.rf.73e8c86770ce660ef1796c95b0f0063d.txt,03f9f500e2be4cfb23b02bd86ef5a54d549ae037d9f2a4571a9eaf1423f643a5,80
.txt,IMG_20210625_192232_jpg.rf.af1e8d861c2494ab529d9cb6078441bb.txt,0,0,0,,0,1,1,0,0,,"{""metric"": ""f1"", ""multimodal"": ""arsl""}",2022-02-06T21:10:22,data\raw\ArSL\valid\labels\IMG_20210625_192232_jpg.rf.af1e8d861c2494ab529d9cb6078441bb.txt,8e630b31e540c002807227c8aed7fee24525728673de1ab379e3114f9b266f23,56
.txt,IMG_20210625_192549_jpg.rf.8977d3b1a67314ee9e7ccf11bf9bd352.txt,0,0,0,,0,1,1,0,0,,"{""metric"": ""f1"", ""multimodal"": ""arsl""}",2022-02-06T21:10:22,data\raw\ArSL\valid\labels\IMG_20210625_192549_jpg.rf.8977d3b1a67314ee9e7ccf11bf9bd352.txt,d95fab6a74b766ece40f63fbe1960aaa5a5d119643e35451443ba7dba7c04d6b,78
.txt,IMG_20210625_195151_jpg.rf.cce615b758e6c64e2f1bf76693fabccf.txt,0,0,0,,0,1,1,0,0,,"{""metric"": ""f1"", ""multimodal"": ""arsl""}",2022-02-06T21:10:22,data\raw\ArSL\valid\labels\IMG_20210625_195151_jpg.rf.cce615b758e6c64e2f1bf76693fabccf.txt,0bcf493c8c97b1f064457bef652fbf125f6f278e55a1cbcb10a42b13763a82ef,78
.txt,IMG_20210625_195953_jpg.rf.ecfb4999888bb492bd1f1bcfb119e196.txt,0,0,0,,0,1,1,0,0,,"{""metric"": ""f1"", ""multimodal"": ""arsl""}",2022-02-06T21:10:22,data\raw\ArSL\valid\labels\IMG_20210625_195953_jpg.rf.ecfb4999888bb492bd1f1bcfb119e196.txt,263a6c2c55c2dae58c3efbdd8e85b88ed32edaefa8dc47964ea240c568fb4d98,79
.txt,IMG_20210625_200331_jpg.rf.9867a755f7e0fb4eb2cf3a89c1decf1f.txt,0,0,0,,0,1,1,0,0,,"{""metric"": ""f1"", ""multimodal"": ""arsl""}",2022-02-06T21:10:22,data\raw\ArSL\valid\labels\IMG_20210625_200331_jpg.rf.9867a755f7e0fb4eb2cf3a89c1decf1f.txt,852fd941b6dd90043d0a29f4ca1397bf28acc031e2b9d836df8b98ff2c79ca41,67
.txt,IMG_20210625_202559_jpg.rf.501646090be274d0a2367f157bf54ace.txt,0,0,0,,0,1,1,0,0,,"{""metric"": ""f1"", ""multimodal"": ""arsl""}",2022-02-06T21:10:22,data\raw\ArSL\valid\labels\IMG_20210625_202559_jpg.rf.501646090be274d0a2367f157bf54ace.txt,c1c8c2f820aa59b4a8c8855e7647895bf5a34f05b1ad08af8d876d55f4ff3d1b,67
.txt,IMG_20210625_204413_jpg.rf.8e16aed28c35fd2d78e734cb8f18c8e4.txt,0,0,0,,0,1,1,0,0,,"{""metric"": ""f1"", ""multimodal"": ""arsl""}",2022-02-06T21:10:22,data\raw\ArSL\valid\labels\IMG_20210625_204413_jpg.rf.8e16aed28c35fd2d78e734cb8f18c8e4.txt,094a5ac5cd7f0e683292467975bd57fb4c03073736338b5ef93e5e17cf631acb,79
.txt,IMG_20210625_204708_jpg.rf.8fd8f2f3bdb9d55e40a548588d13aff1.txt,0,0,0,,0,1,1,0,0,,"{""metric"": ""f1"", ""multimodal"": ""arsl""}",2022-02-06T21:10:22,data\raw\ArSL\valid\labels\IMG_20210625_204708_jpg.rf.8fd8f2f3bdb9d55e40a548588d13aff1.txt,d5709dc8053e064f1559faf61099bb002d58b26ab1e9f5213c14d70e8b2ddb41,78
.txt,IMG_20210625_204813_jpg.rf.ada2a7f1f6f7479e7031b46016a4d8b3.txt,0,0,0,,0,1,1,0,0,,"{""metric"": ""f1"", ""multimodal"": ""arsl""}",2022-02-06T21:10:22,data\raw\ArSL\valid\labels\IMG_20210625_204813_jpg.rf.ada2a7f1f6f7479e7031b46016a4d8b3.txt,f716bcd36a6a10110d7d0b3b5102e20261ebe8eb3c12ae711995eaadacb7e5ae,79
.txt,IMG_20210625_205006_jpg.rf.9269e3e0845c6659f14e8f2606518d06.txt,0,0,0,,0,1,1,0,0,,"{""metric"": ""f1"", ""multimodal"": ""arsl""}",2022-02-06T21:10:22,data\raw\ArSL\valid\labels\IMG_20210625_205006_jpg.rf.9269e3e0845c6659f14e8f2606518d06.txt,539c513435150535bea736057de1302223707f21ac4f129f20d53a841dbf95b4,80
.txt,IMG_20210625_211653_jpg.rf.39d5bbbb82ef4f139d0a5fe48823c571.txt,0,0,0,,0,1,1,0,0,,"{""metric"": ""f1"", ""multimodal"": ""arsl""}",2022-02-06T21:10:22,data\raw\ArSL\valid\labels\IMG_20210625_211653_jpg.rf.39d5bbbb82ef4f139d0a5fe48823c571.txt,8882c72c271dc21cb4e85323f42334c0703319fa90e80290266040ab44b4cb60,65
.txt,IMG_20210625_224724_jpg.rf.c95ec725f7846b9719a3ecff1133cda7.txt,0,0,0,,0,1,1,0,0,,"{""metric"": ""f1"", ""multimodal"": ""arsl""}",2022-02-06T21:10:22,data\raw\ArSL\valid\labels\IMG_20210625_224724_jpg.rf.c95ec725f7846b9719a3ecff1133cda7.txt,d32c781082185e52cd0e7fe297b18356f6c4d3c42d9d9b2ed1450262baecd7d4,80
.txt,IMG_20210625_233839_jpg.rf.d281a8f1fe3a4b28cb9538c177fbd511.txt,0,0,0,,0,1,1,0,0,,"{""metric"": ""f1"", ""multimodal"": ""arsl""}",2022-02-06T21:10:22,data\raw\ArSL\valid\labels\IMG_20210625_233839_jpg.rf.d281a8f1fe3a4b28cb9538c177fbd511.txt,0ee7a5f7acf5ba3473ae5b50883f37d6595f320a2e1358dc5d52ac1cc4a69d55,67
.txt,IMG_20210625_233907_jpg.rf.f1adbb966c763187b9c6f1b79d2b8139.txt,0,0,0,,0,1,1,0,0,,"{""metric"": ""f1"", ""multimodal"": ""arsl""}",2022-02-06T21:10:22,data\raw\ArSL\valid\labels\IMG_20210625_233907_jpg.rf.f1adbb966c763187b9c6f1b79d2b8139.txt,713317aeb1afadc8ab40ddc6547430f24916dd9733f7b742e3df8b9bad848029,80
.txt,IMG_20210625_234555_jpg.rf.7f520c49d2535ff1ab069663f6b91d96.txt,0,0,0,,0,1,1,0,0,,"{""metric"": ""f1"", ""multimodal"": ""arsl""}",2022-02-06T21:10:22,data\raw\ArSL\valid\labels\IMG_20210625_234555_jpg.rf.7f520c49d2535ff1ab069663f6b91d96.txt,52914d45085961bba9ed63ad69a5e87f33b7f147e24d5fbed7788e5b163d7d7d,69
.txt,IMG_20210625_235216_jpg.rf.d3aea313b95eb3179624761fa73cfef1.txt,0,0,0,,0,1,1,0,0,,"{""metric"": ""f1"", ""multimodal"": ""arsl""}",2022-02-06T21:10:22,data\raw\ArSL\valid\labels\IMG_20210625_235216_jpg.rf.d3aea313b95eb3179624761fa73cfef1.txt,13fa9bebeb6055845aa5f4b5ee157245a9010f139f33607452a9c92846c510cb,70
.csv,all_seeds_generations_ArSL.csv,0,0,0,,0,1,1,0,0,1,"{""metric"": ""metric; metrics"", ""multimodal"": ""arsl""}",2025-10-27T05:28:30,experiments\New_EXP2\metrics\all_seeds_generations_ArSL.csv,aa27da2226ce04fbb23d134d54fd4d2d2e627d9ab477f978616fb3b0ba11bed7,1156
.csv,per_seed_ArSL_seed42.csv,0,0,0,,0,1,1,0,0,1,"{""metric"": ""metric; metrics"", ""multimodal"": ""arsl""}",2025-10-27T01:15:32,experiments\New_EXP2\metrics\per_seed_ArSL_seed42.csv,3ad9e06242d8bfb3aaa3c1be78dd9f04e1cbe7acc466b09d572e504e28ddf39a,434
.csv,per_seed_ArSL_seed47.csv,0,0,0,,0,1,1,0,0,1,"{""metric"": ""metric; metrics"", ""multimodal"": ""arsl""}",2025-10-27T03:13:00,experiments\New_EXP2\metrics\per_seed_ArSL_seed47.csv,4d31938bc0aff64acca91a6f5062463516a06f3fcc3a0f700a12caf581baa6bc,436
.csv,per_seed_ArSL_seed53.csv,0,0,0,,0,1,1,0,0,1,"{""metric"": ""metric; metrics"", ""multimodal"": ""arsl""}",2025-10-27T05:28:30,experiments\New_EXP2\metrics\per_seed_ArSL_seed53.csv,274394f40226bad787c1a6580b4a08e48d3ef6ef5594d585b0870cd4aaa394a7,432
.csv,summary_by_generation_ArSL.csv,0,0,0,,0,1,1,0,0,1,"{""metric"": ""metric; metrics; summary"", ""multimodal"": ""arsl""}",2025-10-27T05:28:30,experiments\New_EXP2\metrics\summary_by_generation_ArSL.csv,359f74703d2cb8750163e667ec01d2070c397eb3d76853e3c623e541fb3c1625,500
.csv,summary_by_generation.csv,0,0,0,,0,1,0,0,0,1,"{""metric"": ""metric; metrics; summary""}",2025-10-27T17:43:44,experiments\New_EXP3\metrics\summary_by_generation.csv,6c373954191a22a2cbda00b3bce49fe6929b56f2c00bebd558784a3624e2cafc,302
.csv,all_seeds_generations.csv,0,0,0,,0,1,0,0,0,1,"{""metric"": ""metric; metrics""}",2025-10-26T00:22:24,experiments\New_EXPs\metrics\all_seeds_generations.csv,170c15b8dd3afa0657d820b52020fd03b9123848b21b01543e9000545fa9a774,1473
.csv,per_seed_results_seed42.csv,0,0,0,,0,1,0,0,0,1,"{""metric"": ""metric; metrics; results""}",2025-10-26T00:22:16,experiments\New_EXPs\metrics\per_seed_results_seed42.csv,11e05d7906d8e542ae2664666a50922dda41b6ecbc2b959ba9184dcacc4d6720,476
.csv,per_seed_results_seed47.csv,0,0,0,,0,1,0,0,0,1,"{""metric"": ""metric; metrics; results""}",2025-10-26T00:22:20,experiments\New_EXPs\metrics\per_seed_results_seed47.csv,cd8758027b5ff8a09ce1fd1fb8186c71557561ca72f95660737e327af2c6aec4,547
.csv,per_seed_results_seed53.csv,0,0,0,,0,1,0,0,0,1,"{""metric"": ""metric; metrics; results""}",2025-10-26T00:22:24,experiments\New_EXPs\metrics\per_seed_results_seed53.csv,ae39a715b3941616a46b3c5daea4b324302e9ec8936d4c6e94fca31220f258e7,556
.csv,summary_by_generation.csv,0,0,0,,0,1,0,0,0,1,"{""metric"": ""metric; metrics; summary""}",2025-10-26T00:22:24,experiments\New_EXPs\metrics\summary_by_generation.csv,b6e5c05c03b05fffa8bca7783c2018559e8dbfa661e9da8858f6f14e45f58da6,1393
.py,evaluate_fairness.py,0,0,1,,0,1,0,0,0,,"{""metric"": ""metric; metrics"", ""fairness"": ""fairness""}",2025-06-12T20:27:22,metrics\evaluate_fairness.py,3e452ef73faf37159e5e35dc3421f1ebd0a29df92d6a153bc347bdc2590fd41d,2804
.py,evaluate_fairness1.py,0,0,1,,0,1,0,0,0,,"{""metric"": ""metric; metrics"", ""fairness"": ""fairness""}",2025-06-12T20:35:52,metrics\evaluate_fairness1.py,839ccd7468932ecfa1c1706f1e667074bdd95c4a8c45dba977fdfbee2e4c7b7d,3641
.py,01_audit_existing_results.py,0,0,0,,0,1,0,0,0,,"{""metric"": ""results""}",2026-09-02T15:35:10,New_Code\01_audit_existing_results.py,92fa842144c5fa89a3b9c2ceddb3d58612e9c812ce4ac9cabfad12d08ea267d8,47829
