category,line_number,pattern,relative_path,statement
synthetic,11,synthetic,CreatingSubfolders.py,"""data/synthetic"","
synthetic,13,generate,CreatingSubfolders.py,"""models/generators"","
synthetic,27,generate,CreatingSubfolders.py,"""saved_models/generators"","
synthetic,46,sample,preprocess_covid_clinical.py,"df_balanced = df_balanced.sample(frac=1, random_state=42)  # Shuffle"
synthetic,89,generate,metrics\evaluate_fairness1.py,# Generate PDF with images
synthetic,18,generate,New_Code\01_audit_existing_results.py,- prediction generation/saving
synthetic,231,synthetic,New_Code\01_audit_existing_results.py,"""description"": ""Baseline synthetic accuracy around 0.957"","
synthetic,303,synthetic,New_Code\01_audit_existing_results.py,"""description"": ""Synthetic workload N=500"","
synthetic,304,synthetic,New_Code\01_audit_existing_results.py,"""metric_terms"": [""sample"", ""samples"", ""dataset size"", ""synthetic size""],"
synthetic,311,synthetic,New_Code\01_audit_existing_results.py,"""description"": ""Synthetic workload N=100000"","
synthetic,312,synthetic,New_Code\01_audit_existing_results.py,"""metric_terms"": [""sample"", ""samples"", ""dataset size"", ""synthetic size""],"
synthetic,1954,generate,New_Code\01_audit_existing_results.py,"f""Generated: """
synthetic,773,generate,New_Code\02B_regenerate_existing_predictions.py,# 8. PREDICTION GENERATION
synthetic,1418,generate,New_Code\02B_regenerate_existing_predictions.py,# Generate hard predictions
synthetic,1451,generate,New_Code\02B_regenerate_existing_predictions.py,"""Generated prediction count differs from y_test."""
synthetic,1455,generate,New_Code\02B_regenerate_existing_predictions.py,# Generate genuine probability / decision score
synthetic,1628,generate,New_Code\02B_regenerate_existing_predictions.py,"f""Generated: """
synthetic,20,synthetic,New_Code\02C_verify_split_and_leakage.py,9. Whether synthetic generation may have used test records.
synthetic,20,generate,New_Code\02C_verify_split_and_leakage.py,9. Whether synthetic generation may have used test records.
synthetic,34,synthetic,New_Code\02C_verify_split_and_leakage.py,- create synthetic samples;
synthetic,317,synthetic,New_Code\02C_verify_split_and_leakage.py,"""synthetic"":"
synthetic,320,generator,New_Code\02C_verify_split_and_leakage.py,"""generator"":"
synthetic,320,generate,New_Code\02C_verify_split_and_leakage.py,"""generator"":"
synthetic,323,generate,New_Code\02C_verify_split_and_leakage.py,"""generate"":"
synthetic,326,GAN,New_Code\02C_verify_split_and_leakage.py,"""GAN"":"
synthetic,329,VAE,New_Code\02C_verify_split_and_leakage.py,"""VAE"":"
synthetic,332,diffusion,New_Code\02C_verify_split_and_leakage.py,"""diffusion"":"
synthetic,1491,synthetic,New_Code\02C_verify_split_and_leakage.py,"""synthetic"":"
synthetic,1492,synthetic,New_Code\02C_verify_split_and_leakage.py,"r""(synthetic|generator|generate|gan|vae|diffusion)"","
synthetic,1492,generator,New_Code\02C_verify_split_and_leakage.py,"r""(synthetic|generator|generate|gan|vae|diffusion)"","
synthetic,1492,generate,New_Code\02C_verify_split_and_leakage.py,"r""(synthetic|generator|generate|gan|vae|diffusion)"","
synthetic,1492,GAN,New_Code\02C_verify_split_and_leakage.py,"r""(synthetic|generator|generate|gan|vae|diffusion)"","
synthetic,1492,VAE,New_Code\02C_verify_split_and_leakage.py,"r""(synthetic|generator|generate|gan|vae|diffusion)"","
synthetic,1492,diffusion,New_Code\02C_verify_split_and_leakage.py,"r""(synthetic|generator|generate|gan|vae|diffusion)"","
synthetic,2103,synthetic,New_Code\02C_verify_split_and_leakage.py,# F11 - Synthetic generation interaction
synthetic,2103,generate,New_Code\02C_verify_split_and_leakage.py,# F11 - Synthetic generation interaction
synthetic,2113,synthetic,New_Code\02C_verify_split_and_leakage.py,"""Synthetic/generative code exists in the project."","
synthetic,2113,generate,New_Code\02C_verify_split_and_leakage.py,"""Synthetic/generative code exists in the project."","
synthetic,2115,generate,New_Code\02C_verify_split_and_leakage.py,"f""{len(synthetic_code)} generative-related statements found."""
synthetic,2119,generator,New_Code\02C_verify_split_and_leakage.py,"""not used to fit the generator."""
synthetic,2119,generate,New_Code\02C_verify_split_and_leakage.py,"""not used to fit the generator."""
synthetic,2130,synthetic,New_Code\02C_verify_split_and_leakage.py,"""Synthetic-generation interaction with the test set was not established."","
synthetic,2130,generate,New_Code\02C_verify_split_and_leakage.py,"""Synthetic-generation interaction with the test set was not established."","
synthetic,2131,generate,New_Code\02C_verify_split_and_leakage.py,"""No matching generative statements in inspected code."","
synthetic,2132,generator,New_Code\02C_verify_split_and_leakage.py,"""Generator/test-set independence cannot be inferred automatically."""
synthetic,2132,generate,New_Code\02C_verify_split_and_leakage.py,"""Generator/test-set independence cannot be inferred automatically."""
synthetic,2589,synthetic,New_Code\02C_verify_split_and_leakage.py,"""synthetic"""
synthetic,2770,generate,New_Code\02C_verify_split_and_leakage.py,"f""Generated: """
synthetic,2833,synthetic,New_Code\02C_verify_split_and_leakage.py,"f""Synthetic-generation statements: """
synthetic,2833,generate,New_Code\02C_verify_split_and_leakage.py,"f""Synthetic-generation statements: """
synthetic,2881,synthetic,New_Code\02C_verify_split_and_leakage.py,"""and synthetic-generation code must still agree with the preserved files."","
synthetic,2881,generate,New_Code\02C_verify_split_and_leakage.py,"""and synthetic-generation code must still agree with the preserved files."","
synthetic,2890,synthetic,New_Code\02C_verify_split_and_leakage.py,"""4. Synthetic generators were fitted only on training data when evaluated"","
synthetic,2890,generate,New_Code\02C_verify_split_and_leakage.py,"""4. Synthetic generators were fitted only on training data when evaluated"","
synthetic,16,generate,New_Code\02_reconstruct_and_recompute_primary_metrics.py,4. Inspect source code for prediction-generation logic.
synthetic,256,generator,New_Code\02_reconstruct_and_recompute_primary_metrics.py,"""generator"","
synthetic,256,generate,New_Code\02_reconstruct_and_recompute_primary_metrics.py,"""generator"","
synthetic,257,generate,New_Code\02_reconstruct_and_recompute_primary_metrics.py,"""generation"","
synthetic,2671,generate,New_Code\02_reconstruct_and_recompute_primary_metrics.py,"""No saved predictions found, but prediction-generating """
synthetic,2732,generate,New_Code\02_reconstruct_and_recompute_primary_metrics.py,"f""Generated: """
synthetic,2746,generate,New_Code\02_reconstruct_and_recompute_primary_metrics.py,"f""Prediction-generating code evidence rows: """
synthetic,232,generator,New_Code\.venv_sklearn152\Lib\site-packages\dateutil\rrule.py,Generator which yields up to `count` recurrences after the given
synthetic,232,generate,New_Code\.venv_sklearn152\Lib\site-packages\dateutil\rrule.py,Generator which yields up to `count` recurrences after the given
synthetic,236,generate,New_Code\.venv_sklearn152\Lib\site-packages\dateutil\rrule.py,The datetime at which to start generating recurrences.
synthetic,239,generate,New_Code\.venv_sklearn152\Lib\site-packages\dateutil\rrule.py,"The maximum number of recurrences to generate. If `None` (default),"
synthetic,240,generate,New_Code\.venv_sklearn152\Lib\site-packages\dateutil\rrule.py,dates are generated until the recurrence rule is exhausted.
synthetic,260,generate,New_Code\.venv_sklearn152\Lib\site-packages\dateutil\rrule.py,# Generate dates
synthetic,320,generate,New_Code\.venv_sklearn152\Lib\site-packages\dateutil\rrule.py,Recurrence rules may generate recurrence instances with an invalid
synthetic,357,generate,New_Code\.venv_sklearn152\Lib\site-packages\dateutil\rrule.py,"If given, this determines how many occurrences will be generated."
synthetic,453,generate,New_Code\.venv_sklearn152\Lib\site-packages\dateutil\rrule.py,# a problem in generating the strings. Only store things if they've
synthetic,702,generate,New_Code\.venv_sklearn152\Lib\site-packages\dateutil\rrule.py,Output a string that would generate this RRULE if passed to rrulestr.
synthetic,727,generate,New_Code\.venv_sklearn152\Lib\site-packages\dateutil\rrule.py,# The str() method on weekday objects doesn't generate
synthetic,1075,generate,New_Code\.venv_sklearn152\Lib\site-packages\dateutil\rrule.py,"raise ValueError(""Invalid rrule byxxx generates an empty set."")"
synthetic,1088,generate,New_Code\.venv_sklearn152\Lib\site-packages\dateutil\rrule.py,"The `BYXXX` set, which should have been generated by"
synthetic,1359,generate,New_Code\.venv_sklearn152\Lib\site-packages\dateutil\rrule.py,"generation. """""""
synthetic,1365,generate,New_Code\.venv_sklearn152\Lib\site-packages\dateutil\rrule.py,"set generation. """""""
synthetic,1372,generate,New_Code\.venv_sklearn152\Lib\site-packages\dateutil\rrule.py,"be generated, even if some inclusive rrule or rdate matches them."
synthetic,1379,generate,New_Code\.venv_sklearn152\Lib\site-packages\dateutil\rrule.py,"exclusion list. Dates included that way will not be generated,"
synthetic,1,generate,New_Code\.venv_sklearn152\Lib\site-packages\dateutil\_version.py,# file generated by setuptools_scm
synthetic,378,generate,New_Code\.venv_sklearn152\Lib\site-packages\joblib\numpy_pickle.py,# The next line is for backward compatibility with pickle generated
synthetic,579,generate,New_Code\.venv_sklearn152\Lib\site-packages\joblib\numpy_pickle.py,"warnings.warn(""The file '%s' has been generated with a """
synthetic,588,generate,New_Code\.venv_sklearn152\Lib\site-packages\joblib\numpy_pickle.py,'python 3 a joblib pickle generated with python 2. '
synthetic,654,generate,New_Code\.venv_sklearn152\Lib\site-packages\joblib\numpy_pickle.py,# try to load a pickle file generated with an version of
synthetic,237,generate,New_Code\.venv_sklearn152\Lib\site-packages\joblib\numpy_pickle_compat.py,'python 3 a joblib pickle generated with python 2. '
synthetic,155,generate,New_Code\.venv_sklearn152\Lib\site-packages\joblib\numpy_pickle_utils.py,"warnings.warn(""The file '%s' has been generated with a joblib """
synthetic,306,generate,New_Code\.venv_sklearn152\Lib\site-packages\joblib\parallel.py,https://numpy.org/doc/stable/reference/generated/numpy.memmap.html
synthetic,999,generator,New_Code\.venv_sklearn152\Lib\site-packages\joblib\parallel.py,"return_as: str in {'list', 'generator', 'generator_unordered'}, default='list'"
synthetic,999,generate,New_Code\.venv_sklearn152\Lib\site-packages\joblib\parallel.py,"return_as: str in {'list', 'generator', 'generator_unordered'}, default='list'"
synthetic,1002,generator,New_Code\.venv_sklearn152\Lib\site-packages\joblib\parallel.py,"If 'generator', it will return a generator that yields the results"
synthetic,1002,generate,New_Code\.venv_sklearn152\Lib\site-packages\joblib\parallel.py,"If 'generator', it will return a generator that yields the results"
synthetic,1005,generator,New_Code\.venv_sklearn152\Lib\site-packages\joblib\parallel.py,"If 'generator_unordered', the generator will immediately yield"
synthetic,1005,generate,New_Code\.venv_sklearn152\Lib\site-packages\joblib\parallel.py,"If 'generator_unordered', the generator will immediately yield"
synthetic,1072,generate,New_Code\.venv_sklearn152\Lib\site-packages\joblib\parallel.py,https://numpy.org/doc/stable/reference/generated/numpy.memmap.html
synthetic,1171,generate,New_Code\.venv_sklearn152\Lib\site-packages\joblib\parallel.py,data is generated on the fly. Note how the producer is first
synthetic,1173,generate,New_Code\.venv_sklearn152\Lib\site-packages\joblib\parallel.py,called to generate new data on the fly:
synthetic,1229,generator,New_Code\.venv_sklearn152\Lib\site-packages\joblib\parallel.py,"if return_as not in {""list"", ""generator"", ""generator_unordered""}:"
synthetic,1229,generate,New_Code\.venv_sklearn152\Lib\site-packages\joblib\parallel.py,"if return_as not in {""list"", ""generator"", ""generator_unordered""}:"
synthetic,1232,generator,New_Code\.venv_sklearn152\Lib\site-packages\joblib\parallel.py,"f',""generator"" or ""generator_unordered"", but got {return_as} '"
synthetic,1232,generate,New_Code\.venv_sklearn152\Lib\site-packages\joblib\parallel.py,"f',""generator"" or ""generator_unordered"", but got {return_as} '"
synthetic,1237,generate,New_Code\.venv_sklearn152\Lib\site-packages\joblib\parallel.py,"self.return_ordered = return_as != ""generator_unordered"""
synthetic,1471,generator,New_Code\.venv_sklearn152\Lib\site-packages\joblib\parallel.py,# Handle the fact that the generator of task raised an
synthetic,1471,generate,New_Code\.venv_sklearn152\Lib\site-packages\joblib\parallel.py,# Handle the fact that the generator of task raised an
synthetic,1652,generate,New_Code\.venv_sklearn152\Lib\site-packages\joblib\parallel.py,except GeneratorExit:
synthetic,1653,generator,New_Code\.venv_sklearn152\Lib\site-packages\joblib\parallel.py,# The generator has been garbage collected before being fully
synthetic,1653,generate,New_Code\.venv_sklearn152\Lib\site-packages\joblib\parallel.py,# The generator has been garbage collected before being fully
synthetic,1658,generate,New_Code\.venv_sklearn152\Lib\site-packages\joblib\parallel.py,"# In some interpreters such as PyPy, GeneratorExit can be raised in"
synthetic,1668,generator,New_Code\.venv_sklearn152\Lib\site-packages\joblib\parallel.py,"""A generator produced by joblib.Parallel has been """
synthetic,1668,generate,New_Code\.venv_sklearn152\Lib\site-packages\joblib\parallel.py,"""A generator produced by joblib.Parallel has been """
synthetic,1687,generate,New_Code\.venv_sklearn152\Lib\site-packages\joblib\parallel.py,"name=""GeneratorExitThread"""
synthetic,1739,generator,New_Code\.venv_sklearn152\Lib\site-packages\joblib\parallel.py,# will be collected in the `finally` step of the generator.
synthetic,1739,generate,New_Code\.venv_sklearn152\Lib\site-packages\joblib\parallel.py,# will be collected in the `finally` step of the generator.
synthetic,1751,generate,New_Code\.venv_sklearn152\Lib\site-packages\joblib\parallel.py,"# exception (e.g. `GeneratorExit`), exit the loop and surface the"
synthetic,1787,generator,New_Code\.venv_sklearn152\Lib\site-packages\joblib\parallel.py,# called directly or if the generator is gc'ed.
synthetic,1787,generate,New_Code\.venv_sklearn152\Lib\site-packages\joblib\parallel.py,# called directly or if the generator is gc'ed.
synthetic,1792,generator,New_Code\.venv_sklearn152\Lib\site-packages\joblib\parallel.py,"""""""Warn the user if the generator is gc'ed before being consumned."""""""
synthetic,1792,generate,New_Code\.venv_sklearn152\Lib\site-packages\joblib\parallel.py,"""""""Warn the user if the generator is gc'ed before being consumned."""""""
synthetic,1840,generator,New_Code\.venv_sklearn152\Lib\site-packages\joblib\parallel.py,# that we enter the try/except block and setup the generator.
synthetic,1840,generate,New_Code\.venv_sklearn152\Lib\site-packages\joblib\parallel.py,# that we enter the try/except block and setup the generator.
synthetic,1875,generator,New_Code\.venv_sklearn152\Lib\site-packages\joblib\parallel.py,"""references to the output generator."""
synthetic,1875,generate,New_Code\.venv_sklearn152\Lib\site-packages\joblib\parallel.py,"""references to the output generator."""
synthetic,1886,generator,New_Code\.venv_sklearn152\Lib\site-packages\joblib\parallel.py,"# on the output generator, it is used to prepare an informative"
synthetic,1886,generate,New_Code\.venv_sklearn152\Lib\site-packages\joblib\parallel.py,"# on the output generator, it is used to prepare an informative"
synthetic,1887,generator,New_Code\.venv_sklearn152\Lib\site-packages\joblib\parallel.py,# warning message in case the generator is deleted before all the
synthetic,1887,generate,New_Code\.venv_sklearn152\Lib\site-packages\joblib\parallel.py,# warning message in case the generator is deleted before all the
synthetic,2002,generator,New_Code\.venv_sklearn152\Lib\site-packages\joblib\parallel.py,# progress until it enters the Try/Except block of the generator and
synthetic,2002,generate,New_Code\.venv_sklearn152\Lib\site-packages\joblib\parallel.py,# progress until it enters the Try/Except block of the generator and
synthetic,269,generate,New_Code\.venv_sklearn152\Lib\site-packages\joblib\_dask.py,# Futures that are dynamically generated during a single call to
synthetic,47,generate,New_Code\.venv_sklearn152\Lib\site-packages\joblib\_memmapping_reducer.py,# Folder and file permissions to chmod temporary files generated by the
synthetic,406,generate,New_Code\.venv_sklearn152\Lib\site-packages\joblib\_memmapping_reducer.py,# Generate a new unique random filename. The process and thread
synthetic,548,generate,New_Code\.venv_sklearn152\Lib\site-packages\joblib\_memmapping_reducer.py,# generated by each instance of the Parallel class). Do not create in
synthetic,600,generator,New_Code\.venv_sklearn152\Lib\site-packages\joblib\_parallel_backends.py,"""generator from a call to Parallel with return_as='generator'."""
synthetic,600,generate,New_Code\.venv_sklearn152\Lib\site-packages\joblib\_parallel_backends.py,"""generator from a call to Parallel with return_as='generator'."""
synthetic,601,generator,New_Code\.venv_sklearn152\Lib\site-packages\joblib\_parallel_backends.py,""" Make sure the generator is not garbage collected when """
synthetic,601,generate,New_Code\.venv_sklearn152\Lib\site-packages\joblib\_parallel_backends.py,""" Make sure the generator is not garbage collected when """
synthetic,78,generate,New_Code\.venv_sklearn152\Lib\site-packages\joblib\externals\cloudpickle\cloudpickle.py,# namespace to be able to load pickle files generated with older versions of
synthetic,314,generate,New_Code\.venv_sklearn152\Lib\site-packages\joblib\externals\cloudpickle\cloudpickle.py,# generates a constant code object corresponding to the one of the
synthetic,395,generate,New_Code\.venv_sklearn152\Lib\site-packages\joblib\externals\cloudpickle\cloudpickle.py,# Backward compat to load pickle files generated with cloudpickle
synthetic,3,generate,New_Code\.venv_sklearn152\Lib\site-packages\joblib\externals\cloudpickle\cloudpickle_fast.py,It can be necessary to load files generated by previous versions of cloudpickle
synthetic,569,generate,New_Code\.venv_sklearn152\Lib\site-packages\joblib\externals\loky\process_executor.py,# A ctx.SimpleQueue of _ResultItems generated by the process workers.
synthetic,1271,generate,New_Code\.venv_sklearn152\Lib\site-packages\joblib\externals\loky\process_executor.py,TimeoutError: If the entire result iterator could not be generated
synthetic,388,generate,New_Code\.venv_sklearn152\Lib\site-packages\joblib\test\test_hashing.py,# Expected results have been generated with joblib 0.9.2
synthetic,433,generate,New_Code\.venv_sklearn152\Lib\site-packages\joblib\test\test_hashing.py,# 'f8' for float arrays because 'f8' arrays generated by
synthetic,439,generate,New_Code\.venv_sklearn152\Lib\site-packages\joblib\test\test_memmapping.py,"# references to pickled objects, generating race condition during"
synthetic,631,generate,New_Code\.venv_sklearn152\Lib\site-packages\joblib\test\test_memmapping.py,"# references to pickled objects, generating race condition during"
synthetic,900,generate,New_Code\.venv_sklearn152\Lib\site-packages\joblib\test\test_memmapping.py,# pickling procedure generate one .pkl file:
synthetic,405,generate,New_Code\.venv_sklearn152\Lib\site-packages\joblib\test\test_numpy_pickle.py,"""The file '{0}' has been generated with a joblib """
synthetic,423,generate,New_Code\.venv_sklearn152\Lib\site-packages\joblib\test\test_numpy_pickle.py,# When trying to read with python 3 a pickle generated
synthetic,428,generate,New_Code\.venv_sklearn152\Lib\site-packages\joblib\test\test_numpy_pickle.py,'python 3 a joblib pickle generated with python 2.')
synthetic,451,generate,New_Code\.venv_sklearn152\Lib\site-packages\joblib\test\test_numpy_pickle.py,# because the pickles can be generated on one architecture and
synthetic,465,generate,New_Code\.venv_sklearn152\Lib\site-packages\joblib\test\test_numpy_pickle.py,# pickles in joblib/test/data. These pickles were generated by
synthetic,634,generate,New_Code\.venv_sklearn152\Lib\site-packages\joblib\test\test_numpy_pickle.py,# Test that BinaryZlibFile generates valid gzip and zlib compressed files.
synthetic,969,generator,New_Code\.venv_sklearn152\Lib\site-packages\joblib\test\test_parallel.py,# iterable generator that is not thread-safe natively.
synthetic,969,generate,New_Code\.venv_sklearn152\Lib\site-packages\joblib\test\test_parallel.py,# iterable generator that is not thread-safe natively.
synthetic,1231,generate,New_Code\.venv_sklearn152\Lib\site-packages\joblib\test\test_parallel.py,def generate_arrays(n):
synthetic,1237,generate,New_Code\.venv_sklearn152\Lib\site-packages\joblib\test\test_parallel.py,delayed(check_memmap)(a) for a in generate_arrays(100))
synthetic,1238,generate,New_Code\.venv_sklearn152\Lib\site-packages\joblib\test\test_parallel.py,"for result, expected in zip(results, generate_arrays(len(results))):"
synthetic,1245,generate,New_Code\.venv_sklearn152\Lib\site-packages\joblib\test\test_parallel.py,delayed(check_memmap)(a) for a in generate_arrays(100))
synthetic,1246,generate,New_Code\.venv_sklearn152\Lib\site-packages\joblib\test\test_parallel.py,"for result, expected in zip(results, generate_arrays(len(results))):"
synthetic,1289,generator,New_Code\.venv_sklearn152\Lib\site-packages\joblib\test\test_parallel.py,# respected by Parallel output generator.
synthetic,1289,generate,New_Code\.venv_sklearn152\Lib\site-packages\joblib\test\test_parallel.py,# respected by Parallel output generator.
synthetic,1291,generator,New_Code\.venv_sklearn152\Lib\site-packages\joblib\test\test_parallel.py,"result = Parallel(n_jobs=n_jobs, return_as=""generator"","
synthetic,1291,generate,New_Code\.venv_sklearn152\Lib\site-packages\joblib\test\test_parallel.py,"result = Parallel(n_jobs=n_jobs, return_as=""generator"","
synthetic,1310,generate,New_Code\.venv_sklearn152\Lib\site-packages\joblib\test\test_parallel.py,# `return_as` parameter is set to `'generator_unordered'`
synthetic,1311,generate,New_Code\.venv_sklearn152\Lib\site-packages\joblib\test\test_parallel.py,"result = Parallel(n_jobs=n_jobs, return_as=""generator_unordered"","
synthetic,1383,generator,New_Code\.venv_sklearn152\Lib\site-packages\joblib\test\test_parallel.py,"@parametrize('return_as', [""generator"", ""generator_unordered""])"
synthetic,1383,generate,New_Code\.venv_sklearn152\Lib\site-packages\joblib\test\test_parallel.py,"@parametrize('return_as', [""generator"", ""generator_unordered""])"
synthetic,1391,generator,New_Code\.venv_sklearn152\Lib\site-packages\joblib\test\test_parallel.py,"@parametrize('return_as', [""generator"", ""generator_unordered""])"
synthetic,1391,generate,New_Code\.venv_sklearn152\Lib\site-packages\joblib\test\test_parallel.py,"@parametrize('return_as', [""generator"", ""generator_unordered""])"
synthetic,1402,generator,New_Code\.venv_sklearn152\Lib\site-packages\joblib\test\test_parallel.py,"@parametrize('return_as', [""generator"", ""generator_unordered""])"
synthetic,1402,generate,New_Code\.venv_sklearn152\Lib\site-packages\joblib\test\test_parallel.py,"@parametrize('return_as', [""generator"", ""generator_unordered""])"
synthetic,1407,generator,New_Code\.venv_sklearn152\Lib\site-packages\joblib\test\test_parallel.py,# assumption that only one generator can be submitted at a time.
synthetic,1407,generate,New_Code\.venv_sklearn152\Lib\site-packages\joblib\test\test_parallel.py,# assumption that only one generator can be submitted at a time.
synthetic,1428,generator,New_Code\.venv_sklearn152\Lib\site-packages\joblib\test\test_parallel.py,"@parametrize('return_as', [""generator"", ""generator_unordered""])"
synthetic,1428,generate,New_Code\.venv_sklearn152\Lib\site-packages\joblib\test\test_parallel.py,"@parametrize('return_as', [""generator"", ""generator_unordered""])"
synthetic,1433,generator,New_Code\.venv_sklearn152\Lib\site-packages\joblib\test\test_parallel.py,# assumption that only one generator can be submitted at a time.
synthetic,1433,generate,New_Code\.venv_sklearn152\Lib\site-packages\joblib\test\test_parallel.py,# assumption that only one generator can be submitted at a time.
synthetic,1455,generator,New_Code\.venv_sklearn152\Lib\site-packages\joblib\test\test_parallel.py,"@parametrize('return_as_1', [""generator"", ""generator_unordered""])"
synthetic,1455,generate,New_Code\.venv_sklearn152\Lib\site-packages\joblib\test\test_parallel.py,"@parametrize('return_as_1', [""generator"", ""generator_unordered""])"
synthetic,1456,generator,New_Code\.venv_sklearn152\Lib\site-packages\joblib\test\test_parallel.py,"@parametrize('return_as_2', [""generator"", ""generator_unordered""])"
synthetic,1456,generate,New_Code\.venv_sklearn152\Lib\site-packages\joblib\test\test_parallel.py,"@parametrize('return_as_2', [""generator"", ""generator_unordered""])"
synthetic,1469,generate,New_Code\.venv_sklearn152\Lib\site-packages\joblib\test\test_parallel.py,"if return_as_1 == ""generator_unordered"":"
synthetic,1472,generate,New_Code\.venv_sklearn152\Lib\site-packages\joblib\test\test_parallel.py,"if return_as_2 == ""generator_unordered"":"
synthetic,1484,generator,New_Code\.venv_sklearn152\Lib\site-packages\joblib\test\test_parallel.py,"@parametrize('return_as_1', [""generator"", ""generator_unordered""])"
synthetic,1484,generate,New_Code\.venv_sklearn152\Lib\site-packages\joblib\test\test_parallel.py,"@parametrize('return_as_1', [""generator"", ""generator_unordered""])"
synthetic,1485,generator,New_Code\.venv_sklearn152\Lib\site-packages\joblib\test\test_parallel.py,"@parametrize('return_as_2', [""generator"", ""generator_unordered""])"
synthetic,1485,generate,New_Code\.venv_sklearn152\Lib\site-packages\joblib\test\test_parallel.py,"@parametrize('return_as_2', [""generator"", ""generator_unordered""])"
synthetic,1497,generator,New_Code\.venv_sklearn152\Lib\site-packages\joblib\test\test_parallel.py,"g_wr = weakref.finalize(g, lambda: print(""Generator collected""))"
synthetic,1497,generate,New_Code\.venv_sklearn152\Lib\site-packages\joblib\test\test_parallel.py,"g_wr = weakref.finalize(g, lambda: print(""Generator collected""))"
synthetic,1504,generator,New_Code\.venv_sklearn152\Lib\site-packages\joblib\test\test_parallel.py,# generator will shutdown the shared executor.
synthetic,1504,generate,New_Code\.venv_sklearn152\Lib\site-packages\joblib\test\test_parallel.py,# generator will shutdown the shared executor.
synthetic,1516,generate,New_Code\.venv_sklearn152\Lib\site-packages\joblib\test\test_parallel.py,"if return_as_2 == ""generator_unordered"":"
synthetic,1523,generator,New_Code\.venv_sklearn152\Lib\site-packages\joblib\test\test_parallel.py,# Make sure that the computation are stopped for the gc'ed generator
synthetic,1523,generate,New_Code\.venv_sklearn152\Lib\site-packages\joblib\test\test_parallel.py,# Make sure that the computation are stopped for the gc'ed generator
synthetic,2,generate,New_Code\.venv_sklearn152\Lib\site-packages\joblib\test\data\create_numpy_pickle.py,This script is used to generate test data for joblib/test/test_numpy_pickle.py
synthetic,41,generate,New_Code\.venv_sklearn152\Lib\site-packages\joblib\test\data\create_numpy_pickle.py,# The game here is to generate the right filename according to the options.
synthetic,64,generate,New_Code\.venv_sklearn152\Lib\site-packages\joblib\test\data\create_numpy_pickle.py,"print(""Error: cannot generate file '{}' with arguments '{}'. """
synthetic,67,generate,New_Code\.venv_sklearn152\Lib\site-packages\joblib\test\data\create_numpy_pickle.py,"print(""File '{}' generated successfully."".format(pickle_filename))"
synthetic,73,generator,New_Code\.venv_sklearn152\Lib\site-packages\joblib\test\data\create_numpy_pickle.py,"""generator."")"
synthetic,73,generate,New_Code\.venv_sklearn152\Lib\site-packages\joblib\test\data\create_numpy_pickle.py,"""generator."")"
synthetic,78,generate,New_Code\.venv_sklearn152\Lib\site-packages\joblib\test\data\create_numpy_pickle.py,"help=""Generate compress pickles."")"
synthetic,83,generate,New_Code\.venv_sklearn152\Lib\site-packages\joblib\test\data\create_numpy_pickle.py,# because the pickles can be generated on one architecture and
synthetic,18,generate,New_Code\.venv_sklearn152\Lib\site-packages\numpy\exceptions.py,:toctree: generated/
synthetic,26,generate,New_Code\.venv_sklearn152\Lib\site-packages\numpy\exceptions.py,:toctree: generated/
synthetic,281,generate,New_Code\.venv_sklearn152\Lib\site-packages\numpy\matlib.py,`randn` generates a matrix filled with random floats sampled from a
synthetic,1,generate,New_Code\.venv_sklearn152\Lib\site-packages\numpy\__config__.py,# This file is generated by numpy's build process
synthetic,8,generate,New_Code\.venv_sklearn152\Lib\site-packages\numpy\__init__.py,"3. Linear Algebra, Fourier Transforms, Random Number Generation"
synthetic,141,generate,New_Code\.venv_sklearn152\Lib\site-packages\numpy\array_api\_data_type_functions.py,https://data-apis.org/array-api/latest/API_specification/generated/array_api.isdtype.html
synthetic,1068,generate,New_Code\.venv_sklearn152\Lib\site-packages\numpy\core\arrayprint.py,"If `True`, use a digit-generation strategy which gives the shortest"
synthetic,1074,generate,New_Code\.venv_sklearn152\Lib\site-packages\numpy\core\arrayprint.py,"If `False`, digits are generated as if printing an infinite-precision"
synthetic,1148,generate,New_Code\.venv_sklearn152\Lib\site-packages\numpy\core\arrayprint.py,"If `True`, use a digit-generation strategy which gives the shortest"
synthetic,1154,generate,New_Code\.venv_sklearn152\Lib\site-packages\numpy\core\arrayprint.py,"If `False`, digits are generated as if printing an infinite-precision"
synthetic,31,generate,New_Code\.venv_sklearn152\Lib\site-packages\numpy\core\fromnumeric.py,_gentype = types.GeneratorType
synthetic,2303,generator,New_Code\.venv_sklearn152\Lib\site-packages\numpy\core\fromnumeric.py,"""Calling np.sum(generator) is deprecated, and in the future will give a different result. """
synthetic,2303,generate,New_Code\.venv_sklearn152\Lib\site-packages\numpy\core\fromnumeric.py,"""Calling np.sum(generator) is deprecated, and in the future will give a different result. """
synthetic,2304,generator,New_Code\.venv_sklearn152\Lib\site-packages\numpy\core\fromnumeric.py,"""Use np.sum(np.fromiter(generator)) or the python sum builtin instead."","
synthetic,2304,generate,New_Code\.venv_sklearn152\Lib\site-packages\numpy\core\fromnumeric.py,"""Use np.sum(np.fromiter(generator)) or the python sum builtin instead."","
synthetic,53,generate,New_Code\.venv_sklearn152\Lib\site-packages\numpy\core\function_base.py,Number of samples to generate. Default is 50. Must be non-negative.
synthetic,216,generate,New_Code\.venv_sklearn152\Lib\site-packages\numpy\core\function_base.py,Number of samples to generate.  Default is 50.
synthetic,328,generate,New_Code\.venv_sklearn152\Lib\site-packages\numpy\core\function_base.py,Number of samples to generate.  Default is 50.
synthetic,1978,generator,New_Code\.venv_sklearn152\Lib\site-packages\numpy\core\numeric.py,bin: Python's built-in binary representation generator of an integer.
synthetic,1978,generate,New_Code\.venv_sklearn152\Lib\site-packages\numpy\core\numeric.py,bin: Python's built-in binary representation generator of an integer.
synthetic,1539,generate,New_Code\.venv_sklearn152\Lib\site-packages\numpy\core\_add_newdocs.py,"data storage, as the binary files generated are not platform"
synthetic,1697,generate,New_Code\.venv_sklearn152\Lib\site-packages\numpy\core\_add_newdocs.py,* ``arange(stop)``: Values are generated within the half-open interval
synthetic,1700,generate,New_Code\.venv_sklearn152\Lib\site-packages\numpy\core\_add_newdocs.py,"* ``arange(start, stop)``: Values are generated within the half-open"
synthetic,1702,generate,New_Code\.venv_sklearn152\Lib\site-packages\numpy\core\_add_newdocs.py,"* ``arange(start, stop, step)`` Values are generated within the half-open"
synthetic,1765,generate,New_Code\.venv_sklearn152\Lib\site-packages\numpy\core\_add_newdocs.py,The built-in :py:class:`range` generates :std:doc:`Python built-in integers
synthetic,4,generate,New_Code\.venv_sklearn152\Lib\site-packages\numpy\core\_string_helpers.py,Used primarily to generate type name aliases.
synthetic,22,generator,New_Code\.venv_sklearn152\Lib\site-packages\numpy\core\tests\test_array_coercion.py,Generator for functions converting an array into various array-likes.
synthetic,22,generate,New_Code\.venv_sklearn152\Lib\site-packages\numpy\core\tests\test_array_coercion.py,Generator for functions converting an array into various array-likes.
synthetic,9,generate,New_Code\.venv_sklearn152\Lib\site-packages\numpy\core\tests\test_array_interface.py,""""""" Some codes to generate data and manage temporary buffers use when"
synthetic,9,generate,New_Code\.venv_sklearn152\Lib\site-packages\numpy\core\tests\test_casting_floatingpoint_errors.py,Generate value+dtype pairs that generate floating point errors during
synthetic,10,generate,New_Code\.venv_sklearn152\Lib\site-packages\numpy\core\tests\test_casting_floatingpoint_errors.py,"casts.  The invalid casts to integers will generate ""invalid"" value"
synthetic,11,generate,New_Code\.venv_sklearn152\Lib\site-packages\numpy\core\tests\test_casting_floatingpoint_errors.py,"warnings, the float casts all generate ""overflow""."
synthetic,25,generate,New_Code\.venv_sklearn152\Lib\site-packages\numpy\core\tests\test_casting_unittests.py,"# Remove l and L, the table was generated with 64bit linux in mind."
synthetic,436,generate,New_Code\.venv_sklearn152\Lib\site-packages\numpy\core\tests\test_casting_unittests.py,# Test a few values for casting (results generated with NumPy 1.19)
synthetic,18,generate,New_Code\.venv_sklearn152\Lib\site-packages\numpy\core\tests\test_cpu_dispatcher.py,"# skip baseline features, by the default `CCompilerOpt` do not generate separated objects"
synthetic,170,generate,New_Code\.venv_sklearn152\Lib\site-packages\numpy\core\tests\test_cpu_features.py,"no_error_msg=""Failed to generate error"""
synthetic,2340,generate,New_Code\.venv_sklearn152\Lib\site-packages\numpy\core\tests\test_datetime.py,# only the first generated date is in the future of 2011-12-31
synthetic,1263,sample,New_Code\.venv_sklearn152\Lib\site-packages\numpy\core\tests\test_dtype.py,"field_subset = random.sample(dtype.names, k=4)"
synthetic,23,generate,New_Code\.venv_sklearn152\Lib\site-packages\numpy\core\tests\test_item_selection.py,"# Currently all types but object, use the same function generation."
synthetic,70,generate,New_Code\.venv_sklearn152\Lib\site-packages\numpy\core\tests\test_mem_overlap.py,# Test automatically generated assignments which overlap in memory.
synthetic,192,generate,New_Code\.venv_sklearn152\Lib\site-packages\numpy\core\tests\test_mem_overlap.py,# Generate all negative stride combinations
synthetic,420,generate,New_Code\.venv_sklearn152\Lib\site-packages\numpy\core\tests\test_mem_overlap.py,# Slicing an array never generates internal overlap
synthetic,9949,sample,New_Code\.venv_sklearn152\Lib\site-packages\numpy\core\tests\test_multiarray.py,arr = -0.5 + np.random.sample(N).astype(dtype)
synthetic,444,generate,New_Code\.venv_sklearn152\Lib\site-packages\numpy\core\tests\test_numeric.py,# generate values for all permutation of 256bit simd vectors
synthetic,482,generate,New_Code\.venv_sklearn152\Lib\site-packages\numpy\core\tests\test_numeric.py,# NaNs are always positive.  See section 11.3 NaN Generation and
synthetic,1224,generator,New_Code\.venv_sklearn152\Lib\site-packages\numpy\core\tests\test_numeric.py,# Test iteration exceptions are correctly raised. The data/generator
synthetic,1224,generate,New_Code\.venv_sklearn152\Lib\site-packages\numpy\core\tests\test_numeric.py,# Test iteration exceptions are correctly raised. The data/generator
synthetic,2391,generate,New_Code\.venv_sklearn152\Lib\site-packages\numpy\core\tests\test_numeric.py,This aims for maximum generality: it could in principle generate *any*
synthetic,2392,generate,New_Code\.venv_sklearn152\Lib\site-packages\numpy\core\tests\test_numeric.py,"valid inputs to np.clip, and in practice generates much more varied"
synthetic,2405,generate,New_Code\.venv_sklearn152\Lib\site-packages\numpy\core\tests\test_numeric.py,# Generate shapes for the bounds which can be broadcast with each other
synthetic,2407,generate,New_Code\.venv_sklearn152\Lib\site-packages\numpy\core\tests\test_numeric.py,# but it's clearer to generate these shapes unconditionally in advance.
synthetic,3443,generate,New_Code\.venv_sklearn152\Lib\site-packages\numpy\core\tests\test_numeric.py,"def generate_all_false(self, dtype):"
synthetic,3474,generate,New_Code\.venv_sklearn152\Lib\site-packages\numpy\core\tests\test_numeric.py,a = self.generate_all_false(idtype)
synthetic,3478,generate,New_Code\.venv_sklearn152\Lib\site-packages\numpy\core\tests\test_numeric.py,a = self.generate_all_false('f8')
synthetic,3490,generate,New_Code\.venv_sklearn152\Lib\site-packages\numpy\core\tests\test_numeric.py,a = self.generate_all_false('f8')
synthetic,1084,generate,New_Code\.venv_sklearn152\Lib\site-packages\numpy\core\tests\test_regression.py,# The test data file was generated by scipy.io.savemat.
synthetic,2557,generate,New_Code\.venv_sklearn152\Lib\site-packages\numpy\core\tests\test_regression.py,"""in generate_umath.py"")"
synthetic,66,generate,New_Code\.venv_sklearn152\Lib\site-packages\numpy\core\tests\test_scalar_methods.py,# dtype test cases generated using hypothesis
synthetic,67,generate,New_Code\.venv_sklearn152\Lib\site-packages\numpy\core\tests\test_scalar_methods.py,# first five generated cases per dtype
synthetic,476,generate,New_Code\.venv_sklearn152\Lib\site-packages\numpy\core\tests\test_shape_base.py,# do not accept generators
synthetic,225,generate,New_Code\.venv_sklearn152\Lib\site-packages\numpy\core\tests\test_ufunc.py,The list of ufuncs comes from generate_umath.py and is as follows:
synthetic,1161,generate,New_Code\.venv_sklearn152\Lib\site-packages\numpy\core\tests\test_umath.py,#Complex powers with positive real part will not generate a warning
synthetic,1169,generate,New_Code\.venv_sklearn152\Lib\site-packages\numpy\core\tests\test_umath.py,# part is not zero) will generate a NAN and hence a RUNTIME warning
synthetic,26,generator,New_Code\.venv_sklearn152\Lib\site-packages\numpy\core\tests\test_umath_complex.py,# TODO This can be xfail when the generator functions are got rid of.
synthetic,26,generate,New_Code\.venv_sklearn152\Lib\site-packages\numpy\core\tests\test_umath_complex.py,# TODO This can be xfail when the generator functions are got rid of.
synthetic,122,generator,New_Code\.venv_sklearn152\Lib\site-packages\numpy\core\tests\test_umath_complex.py,# TODO This can be xfail when the generator functions are got rid of.
synthetic,122,generate,New_Code\.venv_sklearn152\Lib\site-packages\numpy\core\tests\test_umath_complex.py,# TODO This can be xfail when the generator functions are got rid of.
synthetic,479,generator,New_Code\.venv_sklearn152\Lib\site-packages\numpy\core\tests\test_umath_complex.py,# TODO This can be xfail when the generator functions are got rid of.
synthetic,479,generate,New_Code\.venv_sklearn152\Lib\site-packages\numpy\core\tests\test_umath_complex.py,# TODO This can be xfail when the generator functions are got rid of.
synthetic,352,generate,New_Code\.venv_sklearn152\Lib\site-packages\numpy\distutils\ccompiler.py,"# build f90 modules serial, module files are generated during"
synthetic,4,generate,New_Code\.venv_sklearn152\Lib\site-packages\numpy\distutils\ccompiler_opt.py,also generating the required C headers and ending with compiling
synthetic,32,generate,New_Code\.venv_sklearn152\Lib\site-packages\numpy\distutils\ccompiler_opt.py,in this case `CCompilerOpt` tends to generate all
synthetic,458,generate,New_Code\.venv_sklearn152\Lib\site-packages\numpy\distutils\ccompiler_opt.py,# always generate instructions belong to (VL/VW/DQ)
synthetic,601,generate,New_Code\.venv_sklearn152\Lib\site-packages\numpy\distutils\ccompiler_opt.py,The generate instance that returned from `distutils.ccompiler.new_compiler()`.
synthetic,878,generator,New_Code\.venv_sklearn152\Lib\site-packages\numpy\distutils\ccompiler_opt.py,# Please make changes to the code generator \
synthetic,878,generate,New_Code\.venv_sklearn152\Lib\site-packages\numpy\distutils\ccompiler_opt.py,# Please make changes to the code generator \
synthetic,1664,generate,New_Code\.venv_sklearn152\Lib\site-packages\numpy\distutils\ccompiler_opt.py,Generate C preprocessor definitions and include headers of a CPU feature.
synthetic,1671,generate,New_Code\.venv_sklearn152\Lib\site-packages\numpy\distutils\ccompiler_opt.py,"if > 0, align the generated strings to the right depend on number of tabs."
synthetic,1675,generate,New_Code\.venv_sklearn152\Lib\site-packages\numpy\distutils\ccompiler_opt.py,"str, generated C preprocessor"
synthetic,2271,generate,New_Code\.venv_sklearn152\Lib\site-packages\numpy\distutils\ccompiler_opt.py,"Compile one or more dispatch-able sources and generates object files,"
synthetic,2272,generate,New_Code\.venv_sklearn152\Lib\site-packages\numpy\distutils\ccompiler_opt.py,also generates abstract C config headers and macros that
synthetic,2289,generate,New_Code\.venv_sklearn152\Lib\site-packages\numpy\distutils\ccompiler_opt.py,Path of parent directory for the generated headers and wrapped sources.
synthetic,2290,generate,New_Code\.venv_sklearn152\Lib\site-packages\numpy\distutils\ccompiler_opt.py,If None(default) the files will generated in-place.
synthetic,2302,generate,New_Code\.venv_sklearn152\Lib\site-packages\numpy\distutils\ccompiler_opt.py,list : generated object files
synthetic,2326,generate,New_Code\.venv_sklearn152\Lib\site-packages\numpy\distutils\ccompiler_opt.py,# To allow including the generated config header(*.dispatch.h)
synthetic,2346,generate,New_Code\.venv_sklearn152\Lib\site-packages\numpy\distutils\ccompiler_opt.py,"# - To generate all config headers of the dispatchable sources,"
synthetic,2356,generate,New_Code\.venv_sklearn152\Lib\site-packages\numpy\distutils\ccompiler_opt.py,"def generate_dispatch_header(self, header_path):"
synthetic,2358,generate,New_Code\.venv_sklearn152\Lib\site-packages\numpy\distutils\ccompiler_opt.py,Generate the dispatch header which contains the #definitions and headers
synthetic,2362,generate,New_Code\.venv_sklearn152\Lib\site-packages\numpy\distutils\ccompiler_opt.py,Its highly recommended to take a look at the generated header
synthetic,2363,generate,New_Code\.venv_sklearn152\Lib\site-packages\numpy\distutils\ccompiler_opt.py,also the generated source files via `try_dispatch()`
synthetic,2366,generate,New_Code\.venv_sklearn152\Lib\site-packages\numpy\distutils\ccompiler_opt.py,"self.dist_log(""generate CPU dispatch header: (%s)"" % header_path)"
synthetic,2397,generator,New_Code\.venv_sklearn152\Lib\site-packages\numpy\distutils\ccompiler_opt.py,* Please make changes to the code generator (distutils/ccompiler_opt.py)
synthetic,2397,generate,New_Code\.venv_sklearn152\Lib\site-packages\numpy\distutils\ccompiler_opt.py,* Please make changes to the code generator (distutils/ccompiler_opt.py)
synthetic,2488,generate,New_Code\.venv_sklearn152\Lib\site-packages\numpy\distutils\ccompiler_opt.py,########## Generated ##########
synthetic,2493,generate,New_Code\.venv_sklearn152\Lib\site-packages\numpy\distutils\ccompiler_opt.py,#   generated due compiler support
synthetic,2502,generate,New_Code\.venv_sklearn152\Lib\site-packages\numpy\distutils\ccompiler_opt.py,"generated = """""
synthetic,2506,generate,New_Code\.venv_sklearn152\Lib\site-packages\numpy\distutils\ccompiler_opt.py,"generated += name + ""[%d] "" % len(sources)"
synthetic,2507,generate,New_Code\.venv_sklearn152\Lib\site-packages\numpy\distutils\ccompiler_opt.py,"dispatch_rows.append((""Generated"", generated[:-1] if generated else ""none""))"
synthetic,2509,generate,New_Code\.venv_sklearn152\Lib\site-packages\numpy\distutils\ccompiler_opt.py,"dispatch_rows.append((""Generated"", ''))"
synthetic,2573,generator,New_Code\.venv_sklearn152\Lib\site-packages\numpy\distutils\ccompiler_opt.py,* Please make changes to the code generator \
synthetic,2573,generate,New_Code\.venv_sklearn152\Lib\site-packages\numpy\distutils\ccompiler_opt.py,* Please make changes to the code generator \
synthetic,2602,generate,New_Code\.venv_sklearn152\Lib\site-packages\numpy\distutils\ccompiler_opt.py,"self.dist_log(""generate dispatched config -> "", config_path)"
synthetic,2631,generator,New_Code\.venv_sklearn152\Lib\site-packages\numpy\distutils\ccompiler_opt.py,* Please make changes to the code generator (distutils/ccompiler_opt.py)
synthetic,2631,generate,New_Code\.venv_sklearn152\Lib\site-packages\numpy\distutils\ccompiler_opt.py,* Please make changes to the code generator (distutils/ccompiler_opt.py)
synthetic,2650,generate,New_Code\.venv_sklearn152\Lib\site-packages\numpy\distutils\ccompiler_opt.py,Create a new instance of 'CCompilerOpt' and generate the dispatch header
synthetic,2667,generate,New_Code\.venv_sklearn152\Lib\site-packages\numpy\distutils\ccompiler_opt.py,opt.generate_dispatch_header(dispatch_hpath)
synthetic,26,generate,New_Code\.venv_sklearn152\Lib\site-packages\numpy\distutils\conv_template.py,the result is being generated.
synthetic,144,generate,New_Code\.venv_sklearn152\Lib\site-packages\numpy\distutils\conv_template.py,"# with 'a,b,c,a,b,c,a,b,c,a,b,c'. Empty braces generate"
synthetic,201,generate,New_Code\.venv_sklearn152\Lib\site-packages\numpy\distutils\conv_template.py,"# generate list of dictionaries, one for each template iteration"
synthetic,5,generate,New_Code\.venv_sklearn152\Lib\site-packages\numpy\distutils\lib2def.py,"__doc__ = """"""This module generates a DEF file from the symbols in"
synthetic,40,generate,New_Code\.venv_sklearn152\Lib\site-packages\numpy\distutils\mingw32ccompiler.py,# Useful to generate table of symbols from a dll
synthetic,193,generate,New_Code\.venv_sklearn152\Lib\site-packages\numpy\distutils\mingw32ccompiler.py,# generate possible combinations of directory trees and sub-directories
synthetic,224,generate,New_Code\.venv_sklearn152\Lib\site-packages\numpy\distutils\mingw32ccompiler.py,"def generate_def(dll, dfile):"
synthetic,329,generate,New_Code\.venv_sklearn152\Lib\site-packages\numpy\distutils\mingw32ccompiler.py,# Generate a symbol definition file from the msvcr dll
synthetic,330,generate,New_Code\.venv_sklearn152\Lib\site-packages\numpy\distutils\mingw32ccompiler.py,"generate_def(dll_file, def_file)"
synthetic,372,generate,New_Code\.venv_sklearn152\Lib\site-packages\numpy\distutils\mingw32ccompiler.py,# generate a list of candidate locations
synthetic,400,generate,New_Code\.venv_sklearn152\Lib\site-packages\numpy\distutils\mingw32ccompiler.py,# generate symbol list from this library
synthetic,403,generate,New_Code\.venv_sklearn152\Lib\site-packages\numpy\distutils\mingw32ccompiler.py,"generate_def(dll_file, def_file)"
synthetic,405,generate,New_Code\.venv_sklearn152\Lib\site-packages\numpy\distutils\mingw32ccompiler.py,# generate import library from this symbol list
synthetic,531,generate,New_Code\.venv_sklearn152\Lib\site-packages\numpy\distutils\mingw32ccompiler.py,"""""""Return the rc file used to generate the res file which will be embedded"
synthetic,581,generate,New_Code\.venv_sklearn152\Lib\site-packages\numpy\distutils\mingw32ccompiler.py,def generate_manifest(config):
synthetic,35,generate,New_Code\.venv_sklearn152\Lib\site-packages\numpy\distutils\misc_util.py,"'dict_append', 'appendpath', 'generate_config_py',"
synthetic,1256,generate,New_Code\.venv_sklearn152\Lib\site-packages\numpy\distutils\misc_util.py,the data-files. This is useful when the data files are generated while
synthetic,1455,generate,New_Code\.venv_sklearn152\Lib\site-packages\numpy\distutils\misc_util.py,(called source generators) which must take an extension instance
synthetic,1458,generate,New_Code\.venv_sklearn152\Lib\site-packages\numpy\distutils\misc_util.py,generated. If the Extension instance has no sources after
synthetic,1459,generate,New_Code\.venv_sklearn152\Lib\site-packages\numpy\distutils\misc_util.py,"processing all source generators, then no extension module is"
synthetic,1555,generate,New_Code\.venv_sklearn152\Lib\site-packages\numpy\distutils\misc_util.py,(called source generators) which must take an extension instance
synthetic,1558,generate,New_Code\.venv_sklearn152\Lib\site-packages\numpy\distutils\misc_util.py,generated. If the Extension instance has no sources after
synthetic,1559,generate,New_Code\.venv_sklearn152\Lib\site-packages\numpy\distutils\misc_util.py,"processing all source generators, then no extension module is"
synthetic,1650,generate,New_Code\.venv_sklearn152\Lib\site-packages\numpy\distutils\misc_util.py,Generate and install a npy-pkg config file from a template.
synthetic,1652,generate,New_Code\.venv_sklearn152\Lib\site-packages\numpy\distutils\misc_util.py,The config file generated from `template` is installed in the
synthetic,1694,generate,New_Code\.venv_sklearn152\Lib\site-packages\numpy\distutils\misc_util.py,The generated file will have the following content::
synthetic,1708,generate,New_Code\.venv_sklearn152\Lib\site-packages\numpy\distutils\misc_util.py,use modified npy-pkg-config files.  Using the default/generated files
synthetic,1835,generate,New_Code\.venv_sklearn152\Lib\site-packages\numpy\distutils\misc_util.py,Use it inside source generating function to ensure that
synthetic,1854,generate,New_Code\.venv_sklearn152\Lib\site-packages\numpy\distutils\misc_util.py,Use it inside source generating function to ensure that
synthetic,2028,generate,New_Code\.venv_sklearn152\Lib\site-packages\numpy\distutils\misc_util.py,"""""""Appends a data function to the data_files list that will generate"
synthetic,2031,generate,New_Code\.venv_sklearn152\Lib\site-packages\numpy\distutils\misc_util.py,"Generate package __svn_version__.py file from SVN revision number,"
synthetic,2048,generate,New_Code\.venv_sklearn152\Lib\site-packages\numpy\distutils\misc_util.py,def generate_svn_version_py():
synthetic,2066,generate,New_Code\.venv_sklearn152\Lib\site-packages\numpy\distutils\misc_util.py,"self.add_data_files(('', generate_svn_version_py()))"
synthetic,2069,generate,New_Code\.venv_sklearn152\Lib\site-packages\numpy\distutils\misc_util.py,"""""""Appends a data function to the data_files list that will generate"
synthetic,2072,generate,New_Code\.venv_sklearn152\Lib\site-packages\numpy\distutils\misc_util.py,"Generate package __hg_version__.py file from Mercurial revision,"
synthetic,2088,generate,New_Code\.venv_sklearn152\Lib\site-packages\numpy\distutils\misc_util.py,def generate_hg_version_py():
synthetic,2106,generate,New_Code\.venv_sklearn152\Lib\site-packages\numpy\distutils\misc_util.py,"self.add_data_files(('', generate_hg_version_py()))"
synthetic,2109,generate,New_Code\.venv_sklearn152\Lib\site-packages\numpy\distutils\misc_util.py,"""""""Generate package __config__.py file containing system_info"
synthetic,2116,generate,New_Code\.venv_sklearn152\Lib\site-packages\numpy\distutils\misc_util.py,"self.py_modules.append((self.name, name, generate_config_py))"
synthetic,2328,generate,New_Code\.venv_sklearn152\Lib\site-packages\numpy\distutils\misc_util.py,def generate_config_py(target):
synthetic,2329,generate,New_Code\.venv_sklearn152\Lib\site-packages\numpy\distutils\misc_util.py,"""""""Generate config.py file containing system_info information"
synthetic,2333,generate,New_Code\.venv_sklearn152\Lib\site-packages\numpy\distutils\misc_util.py,"config['py_modules'].append((packagename, '__config__',generate_config_py))"
synthetic,2339,generate,New_Code\.venv_sklearn152\Lib\site-packages\numpy\distutils\misc_util.py,f.write('# This file is generated by numpy\'s %s\n' % (os.path.basename(sys.argv[0])))
synthetic,12,generate,New_Code\.venv_sklearn152\Lib\site-packages\numpy\distutils\numpy_distribution.py,# A dict of pkg_config files to generate/install
synthetic,1767,generate,New_Code\.venv_sklearn152\Lib\site-packages\numpy\distutils\system_info.py,/* This file is generated from numpy/distutils/system_info.py */
synthetic,2385,generate,New_Code\.venv_sklearn152\Lib\site-packages\numpy\distutils\system_info.py,# Generate numpy.distutils virtual static library file
synthetic,175,generate,New_Code\.venv_sklearn152\Lib\site-packages\numpy\distutils\command\build_ext.py,# Setup directory for storing generated extra DLL files on Windows
synthetic,462,generate,New_Code\.venv_sklearn152\Lib\site-packages\numpy\distutils\command\build_ext.py,# Always generate the generated config files and
synthetic,465,generate,New_Code\.venv_sklearn152\Lib\site-packages\numpy\distutils\command\build_ext.py,# This approach prevents conflicts with Meson-generated
synthetic,467,generate,New_Code\.venv_sklearn152\Lib\site-packages\numpy\distutils\command\build_ext.py,"# these headers, they might overwrite the generated Meson headers,"
synthetic,15,generate,New_Code\.venv_sklearn152\Lib\site-packages\numpy\distutils\command\build_py.py,# Find build_src generated *.py files.
synthetic,10,generate,New_Code\.venv_sklearn152\Lib\site-packages\numpy\distutils\command\build_scripts.py,"def generate_scripts(self, scripts):"
synthetic,39,generate,New_Code\.venv_sklearn152\Lib\site-packages\numpy\distutils\command\build_scripts.py,self.scripts = self.generate_scripts(self.scripts)
synthetic,209,generate,New_Code\.venv_sklearn152\Lib\site-packages\numpy\distutils\command\build_src.py,"generated_dir = os.path.join(template_dir, install_dir)"
synthetic,211,generate,New_Code\.venv_sklearn152\Lib\site-packages\numpy\distutils\command\build_src.py,"generated_dir = os.path.join(self.build_src, template_dir,"
synthetic,213,generate,New_Code\.venv_sklearn152\Lib\site-packages\numpy\distutils\command\build_src.py,generated = os.path.basename(os.path.splitext(template)[0])
synthetic,214,generate,New_Code\.venv_sklearn152\Lib\site-packages\numpy\distutils\command\build_src.py,"generated_path = os.path.join(generated_dir, generated)"
synthetic,215,generate,New_Code\.venv_sklearn152\Lib\site-packages\numpy\distutils\command\build_src.py,if not os.path.exists(generated_dir):
synthetic,216,generate,New_Code\.venv_sklearn152\Lib\site-packages\numpy\distutils\command\build_src.py,os.makedirs(generated_dir)
synthetic,218,generate,New_Code\.venv_sklearn152\Lib\site-packages\numpy\distutils\command\build_src.py,"subst_vars(generated_path, template, subst_dict)"
synthetic,222,generate,New_Code\.venv_sklearn152\Lib\site-packages\numpy\distutils\command\build_src.py,"return full_install_dir, generated_path"
synthetic,250,generate,New_Code\.venv_sklearn152\Lib\site-packages\numpy\distutils\command\build_src.py,"install_dir, generated = self._build_npy_pkg_config(info, d)"
synthetic,252,generate,New_Code\.venv_sklearn152\Lib\site-packages\numpy\distutils\command\build_src.py,[generated]))
synthetic,288,generate,New_Code\.venv_sklearn152\Lib\site-packages\numpy\distutils\command\build_src.py,"sources = self.generate_sources(sources, (lib_name, build_info))"
synthetic,318,generate,New_Code\.venv_sklearn152\Lib\site-packages\numpy\distutils\command\build_src.py,"sources = self.generate_sources(sources, ext)"
synthetic,344,generate,New_Code\.venv_sklearn152\Lib\site-packages\numpy\distutils\command\build_src.py,"def generate_sources(self, sources, extension):"
synthetic,450,generate,New_Code\.venv_sklearn152\Lib\site-packages\numpy\distutils\command\build_src.py,"target_file = self.generate_a_pyrex_source(base, ext_name,"
synthetic,458,generate,New_Code\.venv_sklearn152\Lib\site-packages\numpy\distutils\command\build_src.py,"def generate_a_pyrex_source(self, base, ext_name, source, extension):"
synthetic,497,generate,New_Code\.venv_sklearn152\Lib\site-packages\numpy\distutils\command\build_src.py,'Assuming %smodule.c was generated with '\
synthetic,570,generate,New_Code\.venv_sklearn152\Lib\site-packages\numpy\distutils\command\build_src.py,"raise DistutilsError(""f2py target file %r not generated"" % (target_file,))"
synthetic,612,generate,New_Code\.venv_sklearn152\Lib\site-packages\numpy\distutils\command\build_src.py,py_files = []     # swig generated .py files
synthetic,672,generate,New_Code\.venv_sklearn152\Lib\site-packages\numpy\distutils\command\build_src.py,"'Assuming %s_wrap.{c,cpp} was generated with '\"
synthetic,19,generate,New_Code\.venv_sklearn152\Lib\site-packages\numpy\distutils\command\config.py,from numpy.distutils.mingw32ccompiler import generate_manifest
synthetic,161,generate,New_Code\.venv_sklearn152\Lib\site-packages\numpy\distutils\command\config.py,generate_manifest(self)
synthetic,2,generate,New_Code\.venv_sklearn152\Lib\site-packages\numpy\distutils\command\develop.py,generated files (from build_src or build_scripts) are properly converted to real
synthetic,23,generate,New_Code\.venv_sklearn152\Lib\site-packages\numpy\distutils\command\egg_info.py,# generate files.
synthetic,7,generate,New_Code\.venv_sklearn152\Lib\site-packages\numpy\distutils\fcompiler\absoft.py,#   generated extension modules (works for f2py v2.45.241_1936 and up)
synthetic,568,generate,New_Code\.venv_sklearn152\Lib\site-packages\numpy\distutils\fcompiler\__init__.py,"for l in pretty_printer.generate_help(""%s instance properties:"" \"
synthetic,736,generate,New_Code\.venv_sklearn152\Lib\site-packages\numpy\distutils\fcompiler\__init__.py,Output directory to place generated object files.
synthetic,880,generate,New_Code\.venv_sklearn152\Lib\site-packages\numpy\distutils\fcompiler\__init__.py,"""""""Generate an instance of some FCompiler subclass for the supplied"
synthetic,606,generate,New_Code\.venv_sklearn152\Lib\site-packages\numpy\distutils\tests\test_ccompiler_opt.py,"# 'keep_baseline', generate objects for baseline features"
synthetic,65,generate,New_Code\.venv_sklearn152\Lib\site-packages\numpy\distutils\tests\test_system_info.py,/* This file is generated from numpy/distutils/testing/test_system_info.py */
synthetic,78,generate,New_Code\.venv_sklearn152\Lib\site-packages\numpy\doc\ufuncs.py,**.accumulate(arr)** applies the binary operator and generates an
synthetic,94,generate,New_Code\.venv_sklearn152\Lib\site-packages\numpy\doc\ufuncs.py,"**.outer(arr1,arr2)** generates an outer operation on the two arrays arr1 and"
synthetic,830,generate,New_Code\.venv_sklearn152\Lib\site-packages\numpy\f2py\cfuncs.py,"# TODO: These should be dynamically generated, too many mapped to int things,"
synthetic,1453,generate,New_Code\.venv_sklearn152\Lib\site-packages\numpy\f2py\crackfortran.py,# Fixes gh-24746 pyf generation
synthetic,1454,generate,New_Code\.venv_sklearn152\Lib\site-packages\numpy\f2py\crackfortran.py,# XXX: This essentially ignores the value for generating the pyf which is fine:
synthetic,2806,generate,New_Code\.venv_sklearn152\Lib\site-packages\numpy\f2py\crackfortran.py,"# generate some consistency checks for n, and when n is an"
synthetic,2807,generate,New_Code\.venv_sklearn152\Lib\site-packages\numpy\f2py\crackfortran.py,"# array, generate checks for its dimensions and construct"
synthetic,3552,generate,New_Code\.venv_sklearn152\Lib\site-packages\numpy\f2py\crackfortran.py,! This file was auto-generated with f2py (version:%s).
synthetic,4,generator,New_Code\.venv_sklearn152\Lib\site-packages\numpy\f2py\f2py2e.py,f2py2e - Fortran to Python C/API generator. 2nd Edition.
synthetic,4,generate,New_Code\.venv_sklearn152\Lib\site-packages\numpy\f2py\f2py2e.py,f2py2e - Fortran to Python C/API generator. 2nd Edition.
synthetic,54,generate,New_Code\.venv_sklearn152\Lib\site-packages\numpy\f2py\f2py2e.py,3) To generate signature files:
synthetic,58,generate,New_Code\.venv_sklearn152\Lib\site-packages\numpy\f2py\f2py2e.py,Description: This program generates a Python C/API file (<modulename>module.c)
synthetic,70,generate,New_Code\.venv_sklearn152\Lib\site-packages\numpy\f2py\f2py2e.py,functions will be generated. Default is all that are found
synthetic,78,generate,New_Code\.venv_sklearn152\Lib\site-packages\numpy\f2py\f2py2e.py,-m <modulename>  Name of the module; f2py generates a Python/C API
synthetic,83,generate,New_Code\.venv_sklearn152\Lib\site-packages\numpy\f2py\f2py2e.py,"multiple times, generates #include <header> each time."
synthetic,88,generate,New_Code\.venv_sklearn152\Lib\site-packages\numpy\f2py\f2py2e.py,--build-dir <dirname>  All f2py generated files are created in <dirname>.
synthetic,121,generate,New_Code\.venv_sklearn152\Lib\site-packages\numpy\f2py\f2py2e.py,--skip-empty-wrappers   Only generate wrapper files when needed.
synthetic,424,generate,New_Code\.venv_sklearn152\Lib\site-packages\numpy\f2py\f2py2e.py,information on generated modules and their dependencies on source
synthetic,110,generate,New_Code\.venv_sklearn152\Lib\site-packages\numpy\f2py\rules.py,"generationtime = int(os.environ.get('SOURCE_DATE_EPOCH', time.time()))"
synthetic,114,generate,New_Code\.venv_sklearn152\Lib\site-packages\numpy\f2py\rules.py,* This file is auto-generated with f2py (version:#f2py_version#).
synthetic,115,generator,New_Code\.venv_sklearn152\Lib\site-packages\numpy\f2py\rules.py,"* f2py is a Fortran to Python Interface Generator (FPIG), Second Edition,"
synthetic,115,generate,New_Code\.venv_sklearn152\Lib\site-packages\numpy\f2py\rules.py,"* f2py is a Fortran to Python Interface Generator (FPIG), Second Edition,"
synthetic,117,generate,New_Code\.venv_sklearn152\Lib\site-packages\numpy\f2py\rules.py,"* Generation date: """""" + time.asctime(time.gmtime(generationtime)) + """""""
synthetic,216,generate,New_Code\.venv_sklearn152\Lib\site-packages\numpy\f2py\rules.py,"\""This module '#modulename#' is auto-generated with f2py (version:#f2py_version#).\\nFunctions:\\n\""\n#docs#\"".\"");"
synthetic,1283,generate,New_Code\.venv_sklearn152\Lib\site-packages\numpy\f2py\rules.py,"outmess('    Generating possibly empty wrappers""\n')"
synthetic,1382,generate,New_Code\.venv_sklearn152\Lib\site-packages\numpy\f2py\rules.py,'%% This file is auto-generated with f2py (version:%s)\n' % (f2py_version))
synthetic,56,generate,New_Code\.venv_sklearn152\Lib\site-packages\numpy\f2py\setup.py,"'Topic :: Software Development :: Code Generators',"
synthetic,59,generator,New_Code\.venv_sklearn152\Lib\site-packages\numpy\f2py\setup.py,"description=""F2PY - Fortran to Python Interface Generator"","
synthetic,59,generate,New_Code\.venv_sklearn152\Lib\site-packages\numpy\f2py\setup.py,"description=""F2PY - Fortran to Python Interface Generator"","
synthetic,67,generator,New_Code\.venv_sklearn152\Lib\site-packages\numpy\f2py\setup.py,"The Fortran to Python Interface Generator, or F2PY for short, is a"
synthetic,67,generate,New_Code\.venv_sklearn152\Lib\site-packages\numpy\f2py\setup.py,"The Fortran to Python Interface Generator, or F2PY for short, is a"
synthetic,68,generate,New_Code\.venv_sklearn152\Lib\site-packages\numpy\f2py\setup.py,command line tool (f2py) for generating Python C/API modules for
synthetic,1162,generate,New_Code\.venv_sklearn152\Lib\site-packages\numpy\f2py\symbolic.py,# Used internally to generate unique dummy symbols
synthetic,2,generator,New_Code\.venv_sklearn152\Lib\site-packages\numpy\f2py\__init__.py,"""""""Fortran to Python Interface Generator."
synthetic,2,generate,New_Code\.venv_sklearn152\Lib\site-packages\numpy\f2py\__init__.py,"""""""Fortran to Python Interface Generator."
synthetic,142,generate,New_Code\.venv_sklearn152\Lib\site-packages\numpy\f2py\__init__.py,Python extension modules built with f2py-generated code need to use
synthetic,162,generate,New_Code\.venv_sklearn152\Lib\site-packages\numpy\f2py\__init__.py,generates ``_mymodmodule.c`` and (if needed)
synthetic,168,generate,New_Code\.venv_sklearn152\Lib\site-packages\numpy\f2py\__init__.py,* ``_mymod-f2pywrappers.f`` (if it was generated in Step 1)
synthetic,21,generate,New_Code\.venv_sklearn152\Lib\site-packages\numpy\f2py\tests\test_f2py2e.py,Here expected output is essentially one of any of the possible generated
synthetic,39,generate,New_Code\.venv_sklearn152\Lib\site-packages\numpy\f2py\tests\test_f2py2e.py,"The possible paths which are generated, not all of which exist"
synthetic,59,generate,New_Code\.venv_sklearn152\Lib\site-packages\numpy\f2py\tests\test_f2py2e.py,"""""""Generates a single f90 file for testing"""""""
synthetic,86,generate,New_Code\.venv_sklearn152\Lib\site-packages\numpy\f2py\tests\test_f2py2e.py,"""""""Generates a single f77 file for testing"""""""
synthetic,95,generate,New_Code\.venv_sklearn152\Lib\site-packages\numpy\f2py\tests\test_f2py2e.py,"""""""Generates a single f77 file for testing"""""""
synthetic,103,generate,New_Code\.venv_sklearn152\Lib\site-packages\numpy\f2py\tests\test_f2py2e.py,"""""""Generates a single f90 file for testing"""""""
synthetic,126,generate,New_Code\.venv_sklearn152\Lib\site-packages\numpy\f2py\tests\test_f2py2e.py,"assert ""blahmodule.c"" not in gen_paths # shouldn't be generated"
synthetic,153,generate,New_Code\.venv_sklearn152\Lib\site-packages\numpy\f2py\tests\test_f2py2e.py,f2pycli()  # Generate files
synthetic,159,generate,New_Code\.venv_sklearn152\Lib\site-packages\numpy\f2py\tests\test_f2py2e.py,"""""""Ensures that a signature file is generated via the CLI"
synthetic,167,generate,New_Code\.venv_sklearn152\Lib\site-packages\numpy\f2py\tests\test_f2py2e.py,f2pycli()  # Generate wrappers
synthetic,326,generate,New_Code\.venv_sklearn152\Lib\site-packages\numpy\f2py\tests\test_f2py2e.py,"""""""Checks the generation of files based on a module name"
synthetic,336,generate,New_Code\.venv_sklearn152\Lib\site-packages\numpy\f2py\tests\test_f2py2e.py,# Always generate C module
synthetic,343,generate,New_Code\.venv_sklearn152\Lib\site-packages\numpy\f2py\tests\test_f2py2e.py,"""""""Check that pyf files are correctly generated with module structure"
synthetic,17,generate,New_Code\.venv_sklearn152\Lib\site-packages\numpy\f2py\_backends\_distutils.py,"""Use the Meson backend instead, or generate wrappers"""
synthetic,18,generate,New_Code\.venv_sklearn152\Lib\site-packages\numpy\f2py\_backends\_meson.py,"""""""Template meson build file generation class."""""""
synthetic,114,generate,New_Code\.venv_sklearn152\Lib\site-packages\numpy\f2py\_backends\_meson.py,def generate_meson_build(self):
synthetic,160,generate,New_Code\.venv_sklearn152\Lib\site-packages\numpy\f2py\_backends\_meson.py,src = meson_template.generate_meson_build()
synthetic,189,generate,New_Code\.venv_sklearn152\Lib\site-packages\numpy\f2py\_backends\_meson.py,generated_sources = [
synthetic,195,generate,New_Code\.venv_sklearn152\Lib\site-packages\numpy\f2py\_backends\_meson.py,for generated_source in generated_sources:
synthetic,196,generate,New_Code\.venv_sklearn152\Lib\site-packages\numpy\f2py\_backends\_meson.py,if generated_source.exists():
synthetic,197,generate,New_Code\.venv_sklearn152\Lib\site-packages\numpy\f2py\_backends\_meson.py,"shutil.copy(generated_source, bdir / generated_source.name)"
synthetic,198,generate,New_Code\.venv_sklearn152\Lib\site-packages\numpy\f2py\_backends\_meson.py,extended_sources.append(generated_source.name)
synthetic,199,generate,New_Code\.venv_sklearn152\Lib\site-packages\numpy\f2py\_backends\_meson.py,generated_source.unlink()
synthetic,14,generate,New_Code\.venv_sklearn152\Lib\site-packages\numpy\fft\__init__.py,:toctree: generated/
synthetic,27,generate,New_Code\.venv_sklearn152\Lib\site-packages\numpy\fft\__init__.py,:toctree: generated/
synthetic,40,generate,New_Code\.venv_sklearn152\Lib\site-packages\numpy\fft\__init__.py,:toctree: generated/
synthetic,49,generate,New_Code\.venv_sklearn152\Lib\site-packages\numpy\fft\__init__.py,:toctree: generated/
synthetic,574,generate,New_Code\.venv_sklearn152\Lib\site-packages\numpy\lib\format.py,for token in tokenize.generate_tokens(StringIO(s).readline):
synthetic,1141,generate,New_Code\.venv_sklearn152\Lib\site-packages\numpy\lib\function_base.py,.. [3]  Fornberg B. (1988) Generation of Finite Difference Formulas on
synthetic,2823,generate,New_Code\.venv_sklearn152\Lib\site-packages\numpy\lib\function_base.py,"In this example we generate two random arrays, ``xarr`` and ``yarr``, and"
synthetic,3022,generate,New_Code\.venv_sklearn152\Lib\site-packages\numpy\lib\function_base.py,"processing for tapering a signal, without generating too much"
synthetic,318,generate,New_Code\.venv_sklearn152\Lib\site-packages\numpy\lib\npyio.py,"Only useful when loading Python 2 generated pickled files on Python 3,"
synthetic,324,generate,New_Code\.venv_sklearn152\Lib\site-packages\numpy\lib\npyio.py,"loading Python 2 generated pickled files in Python 3, which includes"
synthetic,798,generator,New_Code\.venv_sklearn152\Lib\site-packages\numpy\lib\npyio.py,Generator that consumes a line iterated iterable and strips out the
synthetic,798,generate,New_Code\.venv_sklearn152\Lib\site-packages\numpy\lib\npyio.py,Generator that consumes a line iterated iterable and strips out the
synthetic,1006,generator,New_Code\.venv_sklearn152\Lib\site-packages\numpy\lib\npyio.py,"f""or generator. Got {type(fname)} instead."") from e"
synthetic,1006,generate,New_Code\.venv_sklearn152\Lib\site-packages\numpy\lib\npyio.py,"f""or generator. Got {type(fname)} instead."") from e"
synthetic,1109,generator,New_Code\.venv_sklearn152\Lib\site-packages\numpy\lib\npyio.py,"fname : file, str, pathlib.Path, list of str, generator"
synthetic,1109,generate,New_Code\.venv_sklearn152\Lib\site-packages\numpy\lib\npyio.py,"fname : file, str, pathlib.Path, list of str, generator"
synthetic,1110,generator,New_Code\.venv_sklearn152\Lib\site-packages\numpy\lib\npyio.py,"File, filename, list, or generator to read.  If the filename"
synthetic,1110,generate,New_Code\.venv_sklearn152\Lib\site-packages\numpy\lib\npyio.py,"File, filename, list, or generator to read.  If the filename"
synthetic,1112,generate,New_Code\.venv_sklearn152\Lib\site-packages\numpy\lib\npyio.py,that generators must return bytes or strings. The strings
synthetic,1113,generator,New_Code\.venv_sklearn152\Lib\site-packages\numpy\lib\npyio.py,in a list or produced by a generator are treated as lines.
synthetic,1113,generate,New_Code\.venv_sklearn152\Lib\site-packages\numpy\lib\npyio.py,in a list or produced by a generator are treated as lines.
synthetic,1761,generator,New_Code\.venv_sklearn152\Lib\site-packages\numpy\lib\npyio.py,"fname : file, str, pathlib.Path, list of str, generator"
synthetic,1761,generate,New_Code\.venv_sklearn152\Lib\site-packages\numpy\lib\npyio.py,"fname : file, str, pathlib.Path, list of str, generator"
synthetic,1762,generator,New_Code\.venv_sklearn152\Lib\site-packages\numpy\lib\npyio.py,"File, filename, list, or generator to read.  If the filename"
synthetic,1762,generate,New_Code\.venv_sklearn152\Lib\site-packages\numpy\lib\npyio.py,"File, filename, list, or generator to read.  If the filename"
synthetic,1764,generate,New_Code\.venv_sklearn152\Lib\site-packages\numpy\lib\npyio.py,that generators must return bytes or strings. The strings
synthetic,1765,generator,New_Code\.venv_sklearn152\Lib\site-packages\numpy\lib\npyio.py,in a list or produced by a generator are treated as lines.
synthetic,1765,generate,New_Code\.venv_sklearn152\Lib\site-packages\numpy\lib\npyio.py,in a list or produced by a generator are treated as lines.
synthetic,20,generate,New_Code\.venv_sklearn152\Lib\site-packages\numpy\lib\scimath.py,:toctree: generated/
synthetic,537,generate,New_Code\.venv_sklearn152\Lib\site-packages\numpy\lib\twodim_base.py,Generate a Vandermonde matrix.
synthetic,763,generate,New_Code\.venv_sklearn152\Lib\site-packages\numpy\lib\twodim_base.py,>>> # Generate non-symmetric test data
synthetic,774,generate,New_Code\.venv_sklearn152\Lib\site-packages\numpy\lib\utils.py,Whether to re-generate the docstring cache. Default is False.
synthetic,880,generate,New_Code\.venv_sklearn152\Lib\site-packages\numpy\lib\utils.py,Generate docstring cache for given module.
synthetic,885,generate,New_Code\.venv_sklearn152\Lib\site-packages\numpy\lib\utils.py,Module for which to generate docstring cache
synthetic,889,generate,New_Code\.venv_sklearn152\Lib\site-packages\numpy\lib\utils.py,Re-generate the docstring cache
synthetic,895,generate,New_Code\.venv_sklearn152\Lib\site-packages\numpy\lib\utils.py,or newly generated.
synthetic,292,generate,New_Code\.venv_sklearn152\Lib\site-packages\numpy\lib\tests\test_format.py,# Generate some basic arrays to test with.
synthetic,520,generate,New_Code\.venv_sklearn152\Lib\site-packages\numpy\lib\tests\test_io.py,"# Previous to 1.15, some formats generated x+-yj, gh 7895"
synthetic,1068,generate,New_Code\.venv_sklearn152\Lib\site-packages\numpy\lib\tests\test_io.py,# some complex formats used to generate x+-yj
synthetic,51,generate,New_Code\.venv_sklearn152\Lib\site-packages\numpy\lib\tests\test__datasource.py,# Generate and return a valid temporary file.
synthetic,58,generate,New_Code\.venv_sklearn152\Lib\site-packages\numpy\lib\tests\test__datasource.py,# Generate and return an invalid filename.
synthetic,837,generate,New_Code\.venv_sklearn152\Lib\site-packages\numpy\linalg\linalg.py,The array h contains the Householder reflectors that generate q
synthetic,274,generate,New_Code\.venv_sklearn152\Lib\site-packages\numpy\linalg\tests\test_linalg.py,# Generate stride combination variations of the above
synthetic,278,generate,New_Code\.venv_sklearn152\Lib\site-packages\numpy\linalg\tests\test_linalg.py,Generate cartesian product of strides for all axes
synthetic,305,generate,New_Code\.venv_sklearn152\Lib\site-packages\numpy\linalg\tests\test_linalg.py,# generate also zero strides if possible
synthetic,1801,generate,New_Code\.venv_sklearn152\Lib\site-packages\numpy\ma\core.py,"""Generates a flattened version of the sequence."""
synthetic,16,generate,New_Code\.venv_sklearn152\Lib\site-packages\numpy\polynomial\chebyshev.py,:toctree: generated/
synthetic,25,generate,New_Code\.venv_sklearn152\Lib\site-packages\numpy\polynomial\chebyshev.py,:toctree: generated/
synthetic,36,generate,New_Code\.venv_sklearn152\Lib\site-packages\numpy\polynomial\chebyshev.py,:toctree: generated/
synthetic,54,generate,New_Code\.venv_sklearn152\Lib\site-packages\numpy\polynomial\chebyshev.py,:toctree: generated/
synthetic,63,generate,New_Code\.venv_sklearn152\Lib\site-packages\numpy\polynomial\chebyshev.py,:toctree: generated/
synthetic,516,generate,New_Code\.venv_sklearn152\Lib\site-packages\numpy\polynomial\chebyshev.py,Generate a Chebyshev series with given roots.
synthetic,1150,synthetic,New_Code\.venv_sklearn152\Lib\site-packages\numpy\polynomial\chebyshev.py,"The evaluation uses Clenshaw recursion, aka synthetic division."
synthetic,1430,generate,New_Code\.venv_sklearn152\Lib\site-packages\numpy\polynomial\chebyshev.py,# Use forward recursion to generate the entries.
synthetic,15,generate,New_Code\.venv_sklearn152\Lib\site-packages\numpy\polynomial\hermite.py,:toctree: generated/
synthetic,22,generate,New_Code\.venv_sklearn152\Lib\site-packages\numpy\polynomial\hermite.py,:toctree: generated/
synthetic,32,generate,New_Code\.venv_sklearn152\Lib\site-packages\numpy\polynomial\hermite.py,:toctree: generated/
synthetic,49,generate,New_Code\.venv_sklearn152\Lib\site-packages\numpy\polynomial\hermite.py,:toctree: generated/
synthetic,57,generate,New_Code\.venv_sklearn152\Lib\site-packages\numpy\polynomial\hermite.py,:toctree: generated/
synthetic,259,generate,New_Code\.venv_sklearn152\Lib\site-packages\numpy\polynomial\hermite.py,Generate a Hermite series with given roots.
synthetic,858,synthetic,New_Code\.venv_sklearn152\Lib\site-packages\numpy\polynomial\hermite.py,"The evaluation uses Clenshaw recursion, aka synthetic division."
synthetic,15,generate,New_Code\.venv_sklearn152\Lib\site-packages\numpy\polynomial\hermite_e.py,:toctree: generated/
synthetic,22,generate,New_Code\.venv_sklearn152\Lib\site-packages\numpy\polynomial\hermite_e.py,:toctree: generated/
synthetic,32,generate,New_Code\.venv_sklearn152\Lib\site-packages\numpy\polynomial\hermite_e.py,:toctree: generated/
synthetic,49,generate,New_Code\.venv_sklearn152\Lib\site-packages\numpy\polynomial\hermite_e.py,:toctree: generated/
synthetic,57,generate,New_Code\.venv_sklearn152\Lib\site-packages\numpy\polynomial\hermite_e.py,:toctree: generated/
synthetic,258,generate,New_Code\.venv_sklearn152\Lib\site-packages\numpy\polynomial\hermite_e.py,Generate a HermiteE series with given roots.
synthetic,851,synthetic,New_Code\.venv_sklearn152\Lib\site-packages\numpy\polynomial\hermite_e.py,"The evaluation uses Clenshaw recursion, aka synthetic division."
synthetic,15,generate,New_Code\.venv_sklearn152\Lib\site-packages\numpy\polynomial\laguerre.py,:toctree: generated/
synthetic,22,generate,New_Code\.venv_sklearn152\Lib\site-packages\numpy\polynomial\laguerre.py,:toctree: generated/
synthetic,32,generate,New_Code\.venv_sklearn152\Lib\site-packages\numpy\polynomial\laguerre.py,:toctree: generated/
synthetic,49,generate,New_Code\.venv_sklearn152\Lib\site-packages\numpy\polynomial\laguerre.py,:toctree: generated/
synthetic,57,generate,New_Code\.venv_sklearn152\Lib\site-packages\numpy\polynomial\laguerre.py,:toctree: generated/
synthetic,253,generate,New_Code\.venv_sklearn152\Lib\site-packages\numpy\polynomial\laguerre.py,Generate a Laguerre series with given roots.
synthetic,857,synthetic,New_Code\.venv_sklearn152\Lib\site-packages\numpy\polynomial\laguerre.py,"The evaluation uses Clenshaw recursion, aka synthetic division."
synthetic,15,generate,New_Code\.venv_sklearn152\Lib\site-packages\numpy\polynomial\legendre.py,:toctree: generated/
synthetic,23,generate,New_Code\.venv_sklearn152\Lib\site-packages\numpy\polynomial\legendre.py,:toctree: generated/
synthetic,34,generate,New_Code\.venv_sklearn152\Lib\site-packages\numpy\polynomial\legendre.py,:toctree: generated/
synthetic,52,generate,New_Code\.venv_sklearn152\Lib\site-packages\numpy\polynomial\legendre.py,:toctree: generated/
synthetic,61,generate,New_Code\.venv_sklearn152\Lib\site-packages\numpy\polynomial\legendre.py,:toctree: generated/
synthetic,269,generate,New_Code\.venv_sklearn152\Lib\site-packages\numpy\polynomial\legendre.py,Generate a Legendre series with given roots.
synthetic,888,synthetic,New_Code\.venv_sklearn152\Lib\site-packages\numpy\polynomial\legendre.py,"The evaluation uses Clenshaw recursion, aka synthetic division."
synthetic,1169,generate,New_Code\.venv_sklearn152\Lib\site-packages\numpy\polynomial\legendre.py,# Use forward recursion to generate the entries. This is not as accurate
synthetic,15,generate,New_Code\.venv_sklearn152\Lib\site-packages\numpy\polynomial\polynomial.py,:toctree: generated/
synthetic,22,generate,New_Code\.venv_sklearn152\Lib\site-packages\numpy\polynomial\polynomial.py,:toctree: generated/
synthetic,32,generate,New_Code\.venv_sklearn152\Lib\site-packages\numpy\polynomial\polynomial.py,:toctree: generated/
synthetic,49,generate,New_Code\.venv_sklearn152\Lib\site-packages\numpy\polynomial\polynomial.py,:toctree: generated/
synthetic,57,generate,New_Code\.venv_sklearn152\Lib\site-packages\numpy\polynomial\polynomial.py,:toctree: generated/
synthetic,153,generate,New_Code\.venv_sklearn152\Lib\site-packages\numpy\polynomial\polynomial.py,Generate a monic polynomial with given roots.
synthetic,11,generate,New_Code\.venv_sklearn152\Lib\site-packages\numpy\polynomial\polyutils.py,:toctree: generated/
synthetic,19,generate,New_Code\.venv_sklearn152\Lib\site-packages\numpy\polynomial\polyutils.py,:toctree: generated/
synthetic,362,generate,New_Code\.venv_sklearn152\Lib\site-packages\numpy\polynomial\_polybase.py,"Generate the full string representation of the polynomial, using"
synthetic,363,generate,New_Code\.venv_sklearn152\Lib\site-packages\numpy\polynomial\_polybase.py,``term_method`` to generate each polynomial term.
synthetic,6,generator,New_Code\.venv_sklearn152\Lib\site-packages\numpy\random\_pickle.py,from ._generator import Generator
synthetic,6,generate,New_Code\.venv_sklearn152\Lib\site-packages\numpy\random\_pickle.py,from ._generator import Generator
synthetic,19,generator,New_Code\.venv_sklearn152\Lib\site-packages\numpy\random\_pickle.py,Pickling helper function that returns a bit generator object
synthetic,19,generate,New_Code\.venv_sklearn152\Lib\site-packages\numpy\random\_pickle.py,Pickling helper function that returns a bit generator object
synthetic,43,generator,New_Code\.venv_sklearn152\Lib\site-packages\numpy\random\_pickle.py,Pickling helper function that returns a Generator object
synthetic,43,generate,New_Code\.venv_sklearn152\Lib\site-packages\numpy\random\_pickle.py,Pickling helper function that returns a Generator object
synthetic,51,generator,New_Code\.venv_sklearn152\Lib\site-packages\numpy\random\_pickle.py,and returns an instantized bit generator.
synthetic,51,generate,New_Code\.venv_sklearn152\Lib\site-packages\numpy\random\_pickle.py,and returns an instantized bit generator.
synthetic,55,generator,New_Code\.venv_sklearn152\Lib\site-packages\numpy\random\_pickle.py,rg : Generator
synthetic,55,generate,New_Code\.venv_sklearn152\Lib\site-packages\numpy\random\_pickle.py,rg : Generator
synthetic,56,generator,New_Code\.venv_sklearn152\Lib\site-packages\numpy\random\_pickle.py,Generator using the named core BitGenerator
synthetic,56,generate,New_Code\.venv_sklearn152\Lib\site-packages\numpy\random\_pickle.py,Generator using the named core BitGenerator
synthetic,58,generator,New_Code\.venv_sklearn152\Lib\site-packages\numpy\random\_pickle.py,return Generator(bit_generator_ctor(bit_generator_name))
synthetic,58,generate,New_Code\.venv_sklearn152\Lib\site-packages\numpy\random\_pickle.py,return Generator(bit_generator_ctor(bit_generator_name))
synthetic,72,generator,New_Code\.venv_sklearn152\Lib\site-packages\numpy\random\_pickle.py,and returns an instantized bit generator.
synthetic,72,generate,New_Code\.venv_sklearn152\Lib\site-packages\numpy\random\_pickle.py,and returns an instantized bit generator.
synthetic,3,generate,New_Code\.venv_sklearn152\Lib\site-packages\numpy\random\__init__.py,Random Number Generation
synthetic,6,generator,New_Code\.venv_sklearn152\Lib\site-packages\numpy\random\__init__.py,Use ``default_rng()`` to create a `Generator` and call its methods.
synthetic,6,generate,New_Code\.venv_sklearn152\Lib\site-packages\numpy\random\__init__.py,Use ``default_rng()`` to create a `Generator` and call its methods.
synthetic,9,generator,New_Code\.venv_sklearn152\Lib\site-packages\numpy\random\__init__.py,Generator
synthetic,9,generate,New_Code\.venv_sklearn152\Lib\site-packages\numpy\random\__init__.py,Generator
synthetic,11,generator,New_Code\.venv_sklearn152\Lib\site-packages\numpy\random\__init__.py,Generator       Class implementing all of the random number distributions
synthetic,11,generate,New_Code\.venv_sklearn152\Lib\site-packages\numpy\random\__init__.py,Generator       Class implementing all of the random number distributions
synthetic,12,generator,New_Code\.venv_sklearn152\Lib\site-packages\numpy\random\__init__.py,default_rng     Default constructor for ``Generator``
synthetic,12,generate,New_Code\.venv_sklearn152\Lib\site-packages\numpy\random\__init__.py,default_rng     Default constructor for ``Generator``
synthetic,16,generator,New_Code\.venv_sklearn152\Lib\site-packages\numpy\random\__init__.py,BitGenerator Streams that work with Generator
synthetic,16,generate,New_Code\.venv_sklearn152\Lib\site-packages\numpy\random\__init__.py,BitGenerator Streams that work with Generator
synthetic,37,generator,New_Code\.venv_sklearn152\Lib\site-packages\numpy\random\__init__.py,use the new `Generator` API.
synthetic,37,generate,New_Code\.venv_sklearn152\Lib\site-packages\numpy\random\__init__.py,use the new `Generator` API.
synthetic,44,generate,New_Code\.venv_sklearn152\Lib\site-packages\numpy\random\__init__.py,permutation          Randomly permute a sequence / generate a random sequence.
synthetic,61,generator,New_Code\.venv_sklearn152\Lib\site-packages\numpy\random\__init__.py,seed                 Seed the legacy random number generator.
synthetic,61,generate,New_Code\.venv_sklearn152\Lib\site-packages\numpy\random\__init__.py,seed                 Seed the legacy random number generator.
synthetic,120,generator,New_Code\.venv_sklearn152\Lib\site-packages\numpy\random\__init__.py,get_state            Get tuple representing internal state of generator.
synthetic,120,generate,New_Code\.venv_sklearn152\Lib\site-packages\numpy\random\__init__.py,get_state            Get tuple representing internal state of generator.
synthetic,121,generator,New_Code\.venv_sklearn152\Lib\site-packages\numpy\random\__init__.py,set_state            Set state of generator.
synthetic,121,generate,New_Code\.venv_sklearn152\Lib\site-packages\numpy\random\__init__.py,set_state            Set state of generator.
synthetic,184,generator,New_Code\.venv_sklearn152\Lib\site-packages\numpy\random\__init__.py,"from ._generator import Generator, default_rng"
synthetic,184,generate,New_Code\.venv_sklearn152\Lib\site-packages\numpy\random\__init__.py,"from ._generator import Generator, default_rng"
synthetic,192,generator,New_Code\.venv_sklearn152\Lib\site-packages\numpy\random\__init__.py,"__all__ += ['Generator', 'RandomState', 'SeedSequence', 'MT19937',"
synthetic,192,generate,New_Code\.venv_sklearn152\Lib\site-packages\numpy\random\__init__.py,"__all__ += ['Generator', 'RandomState', 'SeedSequence', 'MT19937',"
synthetic,11,generator,New_Code\.venv_sklearn152\Lib\site-packages\numpy\random\tests\test_direct.py,"Generator, MT19937, PCG64, PCG64DXSM, Philox, RandomState, SeedSequence,"
synthetic,11,generate,New_Code\.venv_sklearn152\Lib\site-packages\numpy\random\tests\test_direct.py,"Generator, MT19937, PCG64, PCG64DXSM, Philox, RandomState, SeedSequence,"
synthetic,147,generate,New_Code\.venv_sklearn152\Lib\site-packages\numpy\random\tests\test_direct.py,"assert_raises(NotImplementedError, dummy.generate_state, 10)"
synthetic,152,generate,New_Code\.venv_sklearn152\Lib\site-packages\numpy\random\tests\test_direct.py,""""""" Test spawning new generators and bit_generators directly."
synthetic,177,generate,New_Code\.venv_sklearn152\Lib\site-packages\numpy\random\tests\test_direct.py,"def generate_state(self, n_words, dtype=np.uint32):"
synthetic,248,generator,New_Code\.venv_sklearn152\Lib\site-packages\numpy\random\tests\test_direct.py,rs = Generator(self.bit_generator(*self.data1['seed']))
synthetic,248,generate,New_Code\.venv_sklearn152\Lib\site-packages\numpy\random\tests\test_direct.py,rs = Generator(self.bit_generator(*self.data1['seed']))
synthetic,254,generator,New_Code\.venv_sklearn152\Lib\site-packages\numpy\random\tests\test_direct.py,rs = Generator(self.bit_generator(*self.data2['seed']))
synthetic,254,generate,New_Code\.venv_sklearn152\Lib\site-packages\numpy\random\tests\test_direct.py,rs = Generator(self.bit_generator(*self.data2['seed']))
synthetic,261,generator,New_Code\.venv_sklearn152\Lib\site-packages\numpy\random\tests\test_direct.py,rs = Generator(self.bit_generator(*self.data1['seed']))
synthetic,261,generate,New_Code\.venv_sklearn152\Lib\site-packages\numpy\random\tests\test_direct.py,rs = Generator(self.bit_generator(*self.data1['seed']))
synthetic,267,generator,New_Code\.venv_sklearn152\Lib\site-packages\numpy\random\tests\test_direct.py,rs = Generator(self.bit_generator(*self.data2['seed']))
synthetic,267,generate,New_Code\.venv_sklearn152\Lib\site-packages\numpy\random\tests\test_direct.py,rs = Generator(self.bit_generator(*self.data2['seed']))
synthetic,274,generator,New_Code\.venv_sklearn152\Lib\site-packages\numpy\random\tests\test_direct.py,rs = Generator(self.bit_generator(*self.data1['seed']))
synthetic,274,generate,New_Code\.venv_sklearn152\Lib\site-packages\numpy\random\tests\test_direct.py,rs = Generator(self.bit_generator(*self.data1['seed']))
synthetic,275,generator,New_Code\.venv_sklearn152\Lib\site-packages\numpy\random\tests\test_direct.py,assert 'Generator' in repr(rs)
synthetic,275,generate,New_Code\.venv_sklearn152\Lib\site-packages\numpy\random\tests\test_direct.py,assert 'Generator' in repr(rs)
synthetic,279,generator,New_Code\.venv_sklearn152\Lib\site-packages\numpy\random\tests\test_direct.py,rs = Generator(self.bit_generator(*self.data1['seed']))
synthetic,279,generate,New_Code\.venv_sklearn152\Lib\site-packages\numpy\random\tests\test_direct.py,rs = Generator(self.bit_generator(*self.data1['seed']))
synthetic,280,generator,New_Code\.venv_sklearn152\Lib\site-packages\numpy\random\tests\test_direct.py,assert 'Generator' in str(rs)
synthetic,280,generate,New_Code\.venv_sklearn152\Lib\site-packages\numpy\random\tests\test_direct.py,assert 'Generator' in str(rs)
synthetic,292,generator,New_Code\.venv_sklearn152\Lib\site-packages\numpy\random\tests\test_direct.py,"assert_array_equal(Generator(bit_generator).standard_normal(1000),"
synthetic,292,generate,New_Code\.venv_sklearn152\Lib\site-packages\numpy\random\tests\test_direct.py,"assert_array_equal(Generator(bit_generator).standard_normal(1000),"
synthetic,293,generator,New_Code\.venv_sklearn152\Lib\site-packages\numpy\random\tests\test_direct.py,Generator(reloaded).standard_normal(1000))
synthetic,293,generate,New_Code\.venv_sklearn152\Lib\site-packages\numpy\random\tests\test_direct.py,Generator(reloaded).standard_normal(1000))
synthetic,390,generator,New_Code\.venv_sklearn152\Lib\site-packages\numpy\random\tests\test_direct.py,rs = Generator(self.bit_generator(*self.data1['seed']))
synthetic,390,generate,New_Code\.venv_sklearn152\Lib\site-packages\numpy\random\tests\test_direct.py,rs = Generator(self.bit_generator(*self.data1['seed']))
synthetic,405,generator,New_Code\.venv_sklearn152\Lib\site-packages\numpy\random\tests\test_direct.py,rs = Generator(self.bit_generator(38219308213743))
synthetic,405,generate,New_Code\.venv_sklearn152\Lib\site-packages\numpy\random\tests\test_direct.py,rs = Generator(self.bit_generator(38219308213743))
synthetic,429,generator,New_Code\.venv_sklearn152\Lib\site-packages\numpy\random\tests\test_direct.py,rs = Generator(self.bit_generator(*self.data1['seed']))
synthetic,429,generate,New_Code\.venv_sklearn152\Lib\site-packages\numpy\random\tests\test_direct.py,rs = Generator(self.bit_generator(*self.data1['seed']))
synthetic,444,generator,New_Code\.venv_sklearn152\Lib\site-packages\numpy\random\tests\test_direct.py,rs = Generator(self.bit_generator(38219308213743))
synthetic,444,generate,New_Code\.venv_sklearn152\Lib\site-packages\numpy\random\tests\test_direct.py,rs = Generator(self.bit_generator(38219308213743))
synthetic,476,generator,New_Code\.venv_sklearn152\Lib\site-packages\numpy\random\tests\test_direct.py,rs = Generator(self.bit_generator(*self.data1['seed']))
synthetic,476,generate,New_Code\.venv_sklearn152\Lib\site-packages\numpy\random\tests\test_direct.py,rs = Generator(self.bit_generator(*self.data1['seed']))
synthetic,13,generator,New_Code\.venv_sklearn152\Lib\site-packages\numpy\random\tests\test_generator_mt19937.py,"from numpy.random import Generator, MT19937, SeedSequence, RandomState"
synthetic,13,generate,New_Code\.venv_sklearn152\Lib\site-packages\numpy\random\tests\test_generator_mt19937.py,"from numpy.random import Generator, MT19937, SeedSequence, RandomState"
synthetic,15,generator,New_Code\.venv_sklearn152\Lib\site-packages\numpy\random\tests\test_generator_mt19937.py,random = Generator(MT19937())
synthetic,15,generate,New_Code\.venv_sklearn152\Lib\site-packages\numpy\random\tests\test_generator_mt19937.py,random = Generator(MT19937())
synthetic,46,generator,New_Code\.venv_sklearn152\Lib\site-packages\numpy\random\tests\test_generator_mt19937.py,s = Generator(MT19937(0))
synthetic,46,generate,New_Code\.venv_sklearn152\Lib\site-packages\numpy\random\tests\test_generator_mt19937.py,s = Generator(MT19937(0))
synthetic,48,generator,New_Code\.venv_sklearn152\Lib\site-packages\numpy\random\tests\test_generator_mt19937.py,s = Generator(MT19937(4294967295))
synthetic,48,generate,New_Code\.venv_sklearn152\Lib\site-packages\numpy\random\tests\test_generator_mt19937.py,s = Generator(MT19937(4294967295))
synthetic,52,generator,New_Code\.venv_sklearn152\Lib\site-packages\numpy\random\tests\test_generator_mt19937.py,s = Generator(MT19937(range(10)))
synthetic,52,generate,New_Code\.venv_sklearn152\Lib\site-packages\numpy\random\tests\test_generator_mt19937.py,s = Generator(MT19937(range(10)))
synthetic,54,generator,New_Code\.venv_sklearn152\Lib\site-packages\numpy\random\tests\test_generator_mt19937.py,s = Generator(MT19937(np.arange(10)))
synthetic,54,generate,New_Code\.venv_sklearn152\Lib\site-packages\numpy\random\tests\test_generator_mt19937.py,s = Generator(MT19937(np.arange(10)))
synthetic,56,generator,New_Code\.venv_sklearn152\Lib\site-packages\numpy\random\tests\test_generator_mt19937.py,s = Generator(MT19937([0]))
synthetic,56,generate,New_Code\.venv_sklearn152\Lib\site-packages\numpy\random\tests\test_generator_mt19937.py,s = Generator(MT19937([0]))
synthetic,58,generator,New_Code\.venv_sklearn152\Lib\site-packages\numpy\random\tests\test_generator_mt19937.py,s = Generator(MT19937([4294967295]))
synthetic,58,generate,New_Code\.venv_sklearn152\Lib\site-packages\numpy\random\tests\test_generator_mt19937.py,s = Generator(MT19937([4294967295]))
synthetic,77,generator,New_Code\.venv_sklearn152\Lib\site-packages\numpy\random\tests\test_generator_mt19937.py,"assert_raises(ValueError, Generator, MT19937)"
synthetic,77,generate,New_Code\.venv_sklearn152\Lib\site-packages\numpy\random\tests\test_generator_mt19937.py,"assert_raises(ValueError, Generator, MT19937)"
synthetic,134,generator,New_Code\.venv_sklearn152\Lib\site-packages\numpy\random\tests\test_generator_mt19937.py,random = Generator(MT19937(1432985819))
synthetic,134,generate,New_Code\.venv_sklearn152\Lib\site-packages\numpy\random\tests\test_generator_mt19937.py,random = Generator(MT19937(1432985819))
synthetic,136,generator,New_Code\.venv_sklearn152\Lib\site-packages\numpy\random\tests\test_generator_mt19937.py,random = Generator(MT19937(1432985819))
synthetic,136,generate,New_Code\.venv_sklearn152\Lib\site-packages\numpy\random\tests\test_generator_mt19937.py,random = Generator(MT19937(1432985819))
synthetic,144,generator,New_Code\.venv_sklearn152\Lib\site-packages\numpy\random\tests\test_generator_mt19937.py,random = Generator(MT19937(1432985819))
synthetic,144,generate,New_Code\.venv_sklearn152\Lib\site-packages\numpy\random\tests\test_generator_mt19937.py,random = Generator(MT19937(1432985819))
synthetic,192,generator,New_Code\.venv_sklearn152\Lib\site-packages\numpy\random\tests\test_generator_mt19937.py,random = Generator(MT19937(self.seed))
synthetic,192,generate,New_Code\.venv_sklearn152\Lib\site-packages\numpy\random\tests\test_generator_mt19937.py,random = Generator(MT19937(self.seed))
synthetic,227,generator,New_Code\.venv_sklearn152\Lib\site-packages\numpy\random\tests\test_generator_mt19937.py,random = Generator(MT19937(self.seed))
synthetic,227,generate,New_Code\.venv_sklearn152\Lib\site-packages\numpy\random\tests\test_generator_mt19937.py,random = Generator(MT19937(self.seed))
synthetic,249,generator,New_Code\.venv_sklearn152\Lib\site-packages\numpy\random\tests\test_generator_mt19937.py,random = Generator(MT19937(self.seed))
synthetic,249,generate,New_Code\.venv_sklearn152\Lib\site-packages\numpy\random\tests\test_generator_mt19937.py,random = Generator(MT19937(self.seed))
synthetic,260,generator,New_Code\.venv_sklearn152\Lib\site-packages\numpy\random\tests\test_generator_mt19937.py,random = Generator(MT19937(self.seed))
synthetic,260,generate,New_Code\.venv_sklearn152\Lib\site-packages\numpy\random\tests\test_generator_mt19937.py,random = Generator(MT19937(self.seed))
synthetic,272,generator,New_Code\.venv_sklearn152\Lib\site-packages\numpy\random\tests\test_generator_mt19937.py,random = Generator(MT19937(self.seed))
synthetic,272,generate,New_Code\.venv_sklearn152\Lib\site-packages\numpy\random\tests\test_generator_mt19937.py,random = Generator(MT19937(self.seed))
synthetic,287,generator,New_Code\.venv_sklearn152\Lib\site-packages\numpy\random\tests\test_generator_mt19937.py,self.rg = Generator(MT19937(self.seed))
synthetic,287,generate,New_Code\.venv_sklearn152\Lib\site-packages\numpy\random\tests\test_generator_mt19937.py,self.rg = Generator(MT19937(self.seed))
synthetic,456,generator,New_Code\.venv_sklearn152\Lib\site-packages\numpy\random\tests\test_generator_mt19937.py,random = Generator(MT19937())
synthetic,456,generate,New_Code\.venv_sklearn152\Lib\site-packages\numpy\random\tests\test_generator_mt19937.py,random = Generator(MT19937())
synthetic,477,generator,New_Code\.venv_sklearn152\Lib\site-packages\numpy\random\tests\test_generator_mt19937.py,random = Generator(MT19937(1234))
synthetic,477,generate,New_Code\.venv_sklearn152\Lib\site-packages\numpy\random\tests\test_generator_mt19937.py,random = Generator(MT19937(1234))
synthetic,481,generator,New_Code\.venv_sklearn152\Lib\site-packages\numpy\random\tests\test_generator_mt19937.py,random = Generator(MT19937(1234))
synthetic,481,generate,New_Code\.venv_sklearn152\Lib\site-packages\numpy\random\tests\test_generator_mt19937.py,random = Generator(MT19937(1234))
synthetic,485,generator,New_Code\.venv_sklearn152\Lib\site-packages\numpy\random\tests\test_generator_mt19937.py,random = Generator(MT19937(1234))
synthetic,485,generate,New_Code\.venv_sklearn152\Lib\site-packages\numpy\random\tests\test_generator_mt19937.py,random = Generator(MT19937(1234))
synthetic,492,generate,New_Code\.venv_sklearn152\Lib\site-packages\numpy\random\tests\test_generator_mt19937.py,# We use a sha256 hash of generated sequences of 1000 samples
synthetic,506,generator,New_Code\.venv_sklearn152\Lib\site-packages\numpy\random\tests\test_generator_mt19937.py,random = Generator(MT19937(1234))
synthetic,506,generate,New_Code\.venv_sklearn152\Lib\site-packages\numpy\random\tests\test_generator_mt19937.py,random = Generator(MT19937(1234))
synthetic,520,generator,New_Code\.venv_sklearn152\Lib\site-packages\numpy\random\tests\test_generator_mt19937.py,random = Generator(MT19937(1234))
synthetic,520,generate,New_Code\.venv_sklearn152\Lib\site-packages\numpy\random\tests\test_generator_mt19937.py,random = Generator(MT19937(1234))
synthetic,533,generator,New_Code\.venv_sklearn152\Lib\site-packages\numpy\random\tests\test_generator_mt19937.py,random = Generator(MT19937(1234))
synthetic,533,generate,New_Code\.venv_sklearn152\Lib\site-packages\numpy\random\tests\test_generator_mt19937.py,random = Generator(MT19937(1234))
synthetic,537,generator,New_Code\.venv_sklearn152\Lib\site-packages\numpy\random\tests\test_generator_mt19937.py,random = Generator(MT19937(1234))
synthetic,537,generate,New_Code\.venv_sklearn152\Lib\site-packages\numpy\random\tests\test_generator_mt19937.py,random = Generator(MT19937(1234))
synthetic,543,generator,New_Code\.venv_sklearn152\Lib\site-packages\numpy\random\tests\test_generator_mt19937.py,random = Generator(MT19937(1234))
synthetic,543,generate,New_Code\.venv_sklearn152\Lib\site-packages\numpy\random\tests\test_generator_mt19937.py,random = Generator(MT19937(1234))
synthetic,560,generator,New_Code\.venv_sklearn152\Lib\site-packages\numpy\random\tests\test_generator_mt19937.py,random = Generator(MT19937(1234))
synthetic,560,generate,New_Code\.venv_sklearn152\Lib\site-packages\numpy\random\tests\test_generator_mt19937.py,random = Generator(MT19937(1234))
synthetic,581,generator,New_Code\.venv_sklearn152\Lib\site-packages\numpy\random\tests\test_generator_mt19937.py,random = Generator(MT19937(12345))
synthetic,581,generate,New_Code\.venv_sklearn152\Lib\site-packages\numpy\random\tests\test_generator_mt19937.py,random = Generator(MT19937(12345))
synthetic,634,generate,New_Code\.venv_sklearn152\Lib\site-packages\numpy\random\tests\test_generator_mt19937.py,# generate a ValueError now.
synthetic,718,generator,New_Code\.venv_sklearn152\Lib\site-packages\numpy\random\tests\test_generator_mt19937.py,random = Generator(MT19937(self.seed))
synthetic,718,generate,New_Code\.venv_sklearn152\Lib\site-packages\numpy\random\tests\test_generator_mt19937.py,random = Generator(MT19937(self.seed))
synthetic,724,generate,New_Code\.venv_sklearn152\Lib\site-packages\numpy\random\tests\test_generator_mt19937.py,# Test masked rejection sampling algorithm to generate array of
synthetic,726,generator,New_Code\.venv_sklearn152\Lib\site-packages\numpy\random\tests\test_generator_mt19937.py,random = Generator(MT19937(self.seed))
synthetic,726,generate,New_Code\.venv_sklearn152\Lib\site-packages\numpy\random\tests\test_generator_mt19937.py,random = Generator(MT19937(self.seed))
synthetic,732,generator,New_Code\.venv_sklearn152\Lib\site-packages\numpy\random\tests\test_generator_mt19937.py,random = Generator(MT19937(self.seed))
synthetic,732,generate,New_Code\.venv_sklearn152\Lib\site-packages\numpy\random\tests\test_generator_mt19937.py,random = Generator(MT19937(self.seed))
synthetic,738,generate,New_Code\.venv_sklearn152\Lib\site-packages\numpy\random\tests\test_generator_mt19937.py,# Tests whether integers with closed=True can generate the
synthetic,742,generate,New_Code\.venv_sklearn152\Lib\site-packages\numpy\random\tests\test_generator_mt19937.py,# to generate this integer.
synthetic,750,generator,New_Code\.venv_sklearn152\Lib\site-packages\numpy\random\tests\test_generator_mt19937.py,random = Generator(MT19937(self.seed))
synthetic,750,generate,New_Code\.venv_sklearn152\Lib\site-packages\numpy\random\tests\test_generator_mt19937.py,random = Generator(MT19937(self.seed))
synthetic,757,generator,New_Code\.venv_sklearn152\Lib\site-packages\numpy\random\tests\test_generator_mt19937.py,random = Generator(MT19937(self.seed))
synthetic,757,generate,New_Code\.venv_sklearn152\Lib\site-packages\numpy\random\tests\test_generator_mt19937.py,random = Generator(MT19937(self.seed))
synthetic,762,generator,New_Code\.venv_sklearn152\Lib\site-packages\numpy\random\tests\test_generator_mt19937.py,random = Generator(MT19937(self.seed))
synthetic,762,generate,New_Code\.venv_sklearn152\Lib\site-packages\numpy\random\tests\test_generator_mt19937.py,random = Generator(MT19937(self.seed))
synthetic,770,generator,New_Code\.venv_sklearn152\Lib\site-packages\numpy\random\tests\test_generator_mt19937.py,random = Generator(MT19937(self.seed))
synthetic,770,generate,New_Code\.venv_sklearn152\Lib\site-packages\numpy\random\tests\test_generator_mt19937.py,random = Generator(MT19937(self.seed))
synthetic,779,generator,New_Code\.venv_sklearn152\Lib\site-packages\numpy\random\tests\test_generator_mt19937.py,random = Generator(MT19937(self.seed))
synthetic,779,generate,New_Code\.venv_sklearn152\Lib\site-packages\numpy\random\tests\test_generator_mt19937.py,random = Generator(MT19937(self.seed))
synthetic,791,generator,New_Code\.venv_sklearn152\Lib\site-packages\numpy\random\tests\test_generator_mt19937.py,random = Generator(MT19937(self.seed))
synthetic,791,generate,New_Code\.venv_sklearn152\Lib\site-packages\numpy\random\tests\test_generator_mt19937.py,random = Generator(MT19937(self.seed))
synthetic,797,generator,New_Code\.venv_sklearn152\Lib\site-packages\numpy\random\tests\test_generator_mt19937.py,random = Generator(MT19937(self.seed))
synthetic,797,generate,New_Code\.venv_sklearn152\Lib\site-packages\numpy\random\tests\test_generator_mt19937.py,random = Generator(MT19937(self.seed))
synthetic,803,generator,New_Code\.venv_sklearn152\Lib\site-packages\numpy\random\tests\test_generator_mt19937.py,random = Generator(MT19937(self.seed))
synthetic,803,generate,New_Code\.venv_sklearn152\Lib\site-packages\numpy\random\tests\test_generator_mt19937.py,random = Generator(MT19937(self.seed))
synthetic,812,generator,New_Code\.venv_sklearn152\Lib\site-packages\numpy\random\tests\test_generator_mt19937.py,random = Generator(MT19937(self.seed))
synthetic,812,generate,New_Code\.venv_sklearn152\Lib\site-packages\numpy\random\tests\test_generator_mt19937.py,random = Generator(MT19937(self.seed))
synthetic,818,generator,New_Code\.venv_sklearn152\Lib\site-packages\numpy\random\tests\test_generator_mt19937.py,random = Generator(MT19937(self.seed))
synthetic,818,generate,New_Code\.venv_sklearn152\Lib\site-packages\numpy\random\tests\test_generator_mt19937.py,random = Generator(MT19937(self.seed))
synthetic,824,generator,New_Code\.venv_sklearn152\Lib\site-packages\numpy\random\tests\test_generator_mt19937.py,random = Generator(MT19937(self.seed))
synthetic,824,generate,New_Code\.venv_sklearn152\Lib\site-packages\numpy\random\tests\test_generator_mt19937.py,random = Generator(MT19937(self.seed))
synthetic,830,generator,New_Code\.venv_sklearn152\Lib\site-packages\numpy\random\tests\test_generator_mt19937.py,random = Generator(MT19937(self.seed))
synthetic,830,generate,New_Code\.venv_sklearn152\Lib\site-packages\numpy\random\tests\test_generator_mt19937.py,random = Generator(MT19937(self.seed))
synthetic,907,generator,New_Code\.venv_sklearn152\Lib\site-packages\numpy\random\tests\test_generator_mt19937.py,random = Generator(MT19937(self.seed))
synthetic,907,generate,New_Code\.venv_sklearn152\Lib\site-packages\numpy\random\tests\test_generator_mt19937.py,random = Generator(MT19937(self.seed))
synthetic,909,generator,New_Code\.venv_sklearn152\Lib\site-packages\numpy\random\tests\test_generator_mt19937.py,random = Generator(MT19937(self.seed))
synthetic,909,generate,New_Code\.venv_sklearn152\Lib\site-packages\numpy\random\tests\test_generator_mt19937.py,random = Generator(MT19937(self.seed))
synthetic,927,generator,New_Code\.venv_sklearn152\Lib\site-packages\numpy\random\tests\test_generator_mt19937.py,random = Generator(MT19937(self.seed))
synthetic,927,generate,New_Code\.venv_sklearn152\Lib\site-packages\numpy\random\tests\test_generator_mt19937.py,random = Generator(MT19937(self.seed))
synthetic,935,generator,New_Code\.venv_sklearn152\Lib\site-packages\numpy\random\tests\test_generator_mt19937.py,random = Generator(MT19937(self.seed))
synthetic,935,generate,New_Code\.venv_sklearn152\Lib\site-packages\numpy\random\tests\test_generator_mt19937.py,random = Generator(MT19937(self.seed))
synthetic,960,generator,New_Code\.venv_sklearn152\Lib\site-packages\numpy\random\tests\test_generator_mt19937.py,random = Generator(MT19937(self.seed))
synthetic,960,generate,New_Code\.venv_sklearn152\Lib\site-packages\numpy\random\tests\test_generator_mt19937.py,random = Generator(MT19937(self.seed))
synthetic,968,generator,New_Code\.venv_sklearn152\Lib\site-packages\numpy\random\tests\test_generator_mt19937.py,random = Generator(MT19937(self.seed))
synthetic,968,generate,New_Code\.venv_sklearn152\Lib\site-packages\numpy\random\tests\test_generator_mt19937.py,random = Generator(MT19937(self.seed))
synthetic,976,generator,New_Code\.venv_sklearn152\Lib\site-packages\numpy\random\tests\test_generator_mt19937.py,random = Generator(MT19937(self.seed))
synthetic,976,generate,New_Code\.venv_sklearn152\Lib\site-packages\numpy\random\tests\test_generator_mt19937.py,random = Generator(MT19937(self.seed))
synthetic,982,generator,New_Code\.venv_sklearn152\Lib\site-packages\numpy\random\tests\test_generator_mt19937.py,random = Generator(MT19937(self.seed))
synthetic,982,generate,New_Code\.venv_sklearn152\Lib\site-packages\numpy\random\tests\test_generator_mt19937.py,random = Generator(MT19937(self.seed))
synthetic,992,generator,New_Code\.venv_sklearn152\Lib\site-packages\numpy\random\tests\test_generator_mt19937.py,random = Generator(MT19937(self.seed))
synthetic,992,generate,New_Code\.venv_sklearn152\Lib\site-packages\numpy\random\tests\test_generator_mt19937.py,random = Generator(MT19937(self.seed))
synthetic,994,generator,New_Code\.venv_sklearn152\Lib\site-packages\numpy\random\tests\test_generator_mt19937.py,random = Generator(MT19937(self.seed))
synthetic,994,generate,New_Code\.venv_sklearn152\Lib\site-packages\numpy\random\tests\test_generator_mt19937.py,random = Generator(MT19937(self.seed))
synthetic,1013,generator,New_Code\.venv_sklearn152\Lib\site-packages\numpy\random\tests\test_generator_mt19937.py,random = Generator(MT19937(self.seed))
synthetic,1013,generate,New_Code\.venv_sklearn152\Lib\site-packages\numpy\random\tests\test_generator_mt19937.py,random = Generator(MT19937(self.seed))
synthetic,1028,generator,New_Code\.venv_sklearn152\Lib\site-packages\numpy\random\tests\test_generator_mt19937.py,random = Generator(MT19937(self.seed))
synthetic,1028,generate,New_Code\.venv_sklearn152\Lib\site-packages\numpy\random\tests\test_generator_mt19937.py,random = Generator(MT19937(self.seed))
synthetic,1035,generator,New_Code\.venv_sklearn152\Lib\site-packages\numpy\random\tests\test_generator_mt19937.py,random = Generator(MT19937(self.seed))
synthetic,1035,generate,New_Code\.venv_sklearn152\Lib\site-packages\numpy\random\tests\test_generator_mt19937.py,random = Generator(MT19937(self.seed))
synthetic,1041,generator,New_Code\.venv_sklearn152\Lib\site-packages\numpy\random\tests\test_generator_mt19937.py,random = Generator(MT19937(self.seed))
synthetic,1041,generate,New_Code\.venv_sklearn152\Lib\site-packages\numpy\random\tests\test_generator_mt19937.py,random = Generator(MT19937(self.seed))
synthetic,1052,generator,New_Code\.venv_sklearn152\Lib\site-packages\numpy\random\tests\test_generator_mt19937.py,random = Generator(MT19937(self.seed))
synthetic,1052,generate,New_Code\.venv_sklearn152\Lib\site-packages\numpy\random\tests\test_generator_mt19937.py,random = Generator(MT19937(self.seed))
synthetic,1065,generator,New_Code\.venv_sklearn152\Lib\site-packages\numpy\random\tests\test_generator_mt19937.py,random = Generator(MT19937(self.seed))
synthetic,1065,generate,New_Code\.venv_sklearn152\Lib\site-packages\numpy\random\tests\test_generator_mt19937.py,random = Generator(MT19937(self.seed))
synthetic,1068,generator,New_Code\.venv_sklearn152\Lib\site-packages\numpy\random\tests\test_generator_mt19937.py,random = Generator(MT19937(self.seed))
synthetic,1068,generate,New_Code\.venv_sklearn152\Lib\site-packages\numpy\random\tests\test_generator_mt19937.py,random = Generator(MT19937(self.seed))
synthetic,1073,generator,New_Code\.venv_sklearn152\Lib\site-packages\numpy\random\tests\test_generator_mt19937.py,random = Generator(MT19937(self.seed))
synthetic,1073,generate,New_Code\.venv_sklearn152\Lib\site-packages\numpy\random\tests\test_generator_mt19937.py,random = Generator(MT19937(self.seed))
synthetic,1089,generator,New_Code\.venv_sklearn152\Lib\site-packages\numpy\random\tests\test_generator_mt19937.py,random = Generator(MT19937(self.seed))
synthetic,1089,generate,New_Code\.venv_sklearn152\Lib\site-packages\numpy\random\tests\test_generator_mt19937.py,random = Generator(MT19937(self.seed))
synthetic,1094,generator,New_Code\.venv_sklearn152\Lib\site-packages\numpy\random\tests\test_generator_mt19937.py,random = Generator(MT19937(self.seed))
synthetic,1094,generate,New_Code\.venv_sklearn152\Lib\site-packages\numpy\random\tests\test_generator_mt19937.py,random = Generator(MT19937(self.seed))
synthetic,1101,generator,New_Code\.venv_sklearn152\Lib\site-packages\numpy\random\tests\test_generator_mt19937.py,random = Generator(MT19937(self.seed))
synthetic,1101,generate,New_Code\.venv_sklearn152\Lib\site-packages\numpy\random\tests\test_generator_mt19937.py,random = Generator(MT19937(self.seed))
synthetic,1137,generator,New_Code\.venv_sklearn152\Lib\site-packages\numpy\random\tests\test_generator_mt19937.py,random = Generator(MT19937(self.seed))
synthetic,1137,generate,New_Code\.venv_sklearn152\Lib\site-packages\numpy\random\tests\test_generator_mt19937.py,random = Generator(MT19937(self.seed))
synthetic,1146,generator,New_Code\.venv_sklearn152\Lib\site-packages\numpy\random\tests\test_generator_mt19937.py,random = Generator(MT19937(self.seed))
synthetic,1146,generate,New_Code\.venv_sklearn152\Lib\site-packages\numpy\random\tests\test_generator_mt19937.py,random = Generator(MT19937(self.seed))
synthetic,1153,generator,New_Code\.venv_sklearn152\Lib\site-packages\numpy\random\tests\test_generator_mt19937.py,random = Generator(MT19937(self.seed))
synthetic,1153,generate,New_Code\.venv_sklearn152\Lib\site-packages\numpy\random\tests\test_generator_mt19937.py,random = Generator(MT19937(self.seed))
synthetic,1159,generator,New_Code\.venv_sklearn152\Lib\site-packages\numpy\random\tests\test_generator_mt19937.py,random = Generator(MT19937(self.seed))
synthetic,1159,generate,New_Code\.venv_sklearn152\Lib\site-packages\numpy\random\tests\test_generator_mt19937.py,random = Generator(MT19937(self.seed))
synthetic,1167,generator,New_Code\.venv_sklearn152\Lib\site-packages\numpy\random\tests\test_generator_mt19937.py,random = Generator(MT19937(self.seed))
synthetic,1167,generate,New_Code\.venv_sklearn152\Lib\site-packages\numpy\random\tests\test_generator_mt19937.py,random = Generator(MT19937(self.seed))
synthetic,1180,generator,New_Code\.venv_sklearn152\Lib\site-packages\numpy\random\tests\test_generator_mt19937.py,random = Generator(MT19937(self.seed))
synthetic,1180,generate,New_Code\.venv_sklearn152\Lib\site-packages\numpy\random\tests\test_generator_mt19937.py,random = Generator(MT19937(self.seed))
synthetic,1211,generator,New_Code\.venv_sklearn152\Lib\site-packages\numpy\random\tests\test_generator_mt19937.py,random = Generator(MT19937(self.seed))
synthetic,1211,generate,New_Code\.venv_sklearn152\Lib\site-packages\numpy\random\tests\test_generator_mt19937.py,random = Generator(MT19937(self.seed))
synthetic,1213,generator,New_Code\.venv_sklearn152\Lib\site-packages\numpy\random\tests\test_generator_mt19937.py,random = Generator(MT19937(self.seed))
synthetic,1213,generate,New_Code\.venv_sklearn152\Lib\site-packages\numpy\random\tests\test_generator_mt19937.py,random = Generator(MT19937(self.seed))
synthetic,1221,generator,New_Code\.venv_sklearn152\Lib\site-packages\numpy\random\tests\test_generator_mt19937.py,random = Generator(MT19937(self.seed))
synthetic,1221,generate,New_Code\.venv_sklearn152\Lib\site-packages\numpy\random\tests\test_generator_mt19937.py,random = Generator(MT19937(self.seed))
synthetic,1238,generator,New_Code\.venv_sklearn152\Lib\site-packages\numpy\random\tests\test_generator_mt19937.py,random = Generator(MT19937(self.seed))
synthetic,1238,generate,New_Code\.venv_sklearn152\Lib\site-packages\numpy\random\tests\test_generator_mt19937.py,random = Generator(MT19937(self.seed))
synthetic,1244,generate,New_Code\.venv_sklearn152\Lib\site-packages\numpy\random\tests\test_generator_mt19937.py,# alpha.max() < 0.1 to exercise both generation methods within the
synthetic,1263,generator,New_Code\.venv_sklearn152\Lib\site-packages\numpy\random\tests\test_generator_mt19937.py,random = Generator(MT19937(self.seed))
synthetic,1263,generate,New_Code\.venv_sklearn152\Lib\site-packages\numpy\random\tests\test_generator_mt19937.py,random = Generator(MT19937(self.seed))
synthetic,1275,generator,New_Code\.venv_sklearn152\Lib\site-packages\numpy\random\tests\test_generator_mt19937.py,random = Generator(MT19937(self.seed))
synthetic,1275,generate,New_Code\.venv_sklearn152\Lib\site-packages\numpy\random\tests\test_generator_mt19937.py,random = Generator(MT19937(self.seed))
synthetic,1283,generator,New_Code\.venv_sklearn152\Lib\site-packages\numpy\random\tests\test_generator_mt19937.py,random = Generator(MT19937(self.seed))
synthetic,1283,generate,New_Code\.venv_sklearn152\Lib\site-packages\numpy\random\tests\test_generator_mt19937.py,random = Generator(MT19937(self.seed))
synthetic,1295,generator,New_Code\.venv_sklearn152\Lib\site-packages\numpy\random\tests\test_generator_mt19937.py,random = Generator(MT19937(self.seed))
synthetic,1295,generate,New_Code\.venv_sklearn152\Lib\site-packages\numpy\random\tests\test_generator_mt19937.py,random = Generator(MT19937(self.seed))
synthetic,1312,generator,New_Code\.venv_sklearn152\Lib\site-packages\numpy\random\tests\test_generator_mt19937.py,random = Generator(MT19937(self.seed))
synthetic,1312,generate,New_Code\.venv_sklearn152\Lib\site-packages\numpy\random\tests\test_generator_mt19937.py,random = Generator(MT19937(self.seed))
synthetic,1324,generator,New_Code\.venv_sklearn152\Lib\site-packages\numpy\random\tests\test_generator_mt19937.py,random = Generator(MT19937(self.seed))
synthetic,1324,generate,New_Code\.venv_sklearn152\Lib\site-packages\numpy\random\tests\test_generator_mt19937.py,random = Generator(MT19937(self.seed))
synthetic,1350,generator,New_Code\.venv_sklearn152\Lib\site-packages\numpy\random\tests\test_generator_mt19937.py,random = Generator(MT19937(self.seed))
synthetic,1350,generate,New_Code\.venv_sklearn152\Lib\site-packages\numpy\random\tests\test_generator_mt19937.py,random = Generator(MT19937(self.seed))
synthetic,1362,generator,New_Code\.venv_sklearn152\Lib\site-packages\numpy\random\tests\test_generator_mt19937.py,random = Generator(MT19937(self.seed))
synthetic,1362,generate,New_Code\.venv_sklearn152\Lib\site-packages\numpy\random\tests\test_generator_mt19937.py,random = Generator(MT19937(self.seed))
synthetic,1370,generator,New_Code\.venv_sklearn152\Lib\site-packages\numpy\random\tests\test_generator_mt19937.py,random = Generator(MT19937(self.seed))
synthetic,1370,generate,New_Code\.venv_sklearn152\Lib\site-packages\numpy\random\tests\test_generator_mt19937.py,random = Generator(MT19937(self.seed))
synthetic,1382,generator,New_Code\.venv_sklearn152\Lib\site-packages\numpy\random\tests\test_generator_mt19937.py,random = Generator(MT19937(self.seed))
synthetic,1382,generate,New_Code\.venv_sklearn152\Lib\site-packages\numpy\random\tests\test_generator_mt19937.py,random = Generator(MT19937(self.seed))
synthetic,1390,generator,New_Code\.venv_sklearn152\Lib\site-packages\numpy\random\tests\test_generator_mt19937.py,random = Generator(MT19937(self.seed))
synthetic,1390,generate,New_Code\.venv_sklearn152\Lib\site-packages\numpy\random\tests\test_generator_mt19937.py,random = Generator(MT19937(self.seed))
synthetic,1395,generator,New_Code\.venv_sklearn152\Lib\site-packages\numpy\random\tests\test_generator_mt19937.py,random = Generator(MT19937(self.seed))
synthetic,1395,generate,New_Code\.venv_sklearn152\Lib\site-packages\numpy\random\tests\test_generator_mt19937.py,random = Generator(MT19937(self.seed))
synthetic,1407,generator,New_Code\.venv_sklearn152\Lib\site-packages\numpy\random\tests\test_generator_mt19937.py,random = Generator(MT19937(self.seed))
synthetic,1407,generate,New_Code\.venv_sklearn152\Lib\site-packages\numpy\random\tests\test_generator_mt19937.py,random = Generator(MT19937(self.seed))
synthetic,1420,generator,New_Code\.venv_sklearn152\Lib\site-packages\numpy\random\tests\test_generator_mt19937.py,random = Generator(MT19937(self.seed))
synthetic,1420,generate,New_Code\.venv_sklearn152\Lib\site-packages\numpy\random\tests\test_generator_mt19937.py,random = Generator(MT19937(self.seed))
synthetic,1494,generator,New_Code\.venv_sklearn152\Lib\site-packages\numpy\random\tests\test_generator_mt19937.py,random = Generator(MT19937(self.seed))
synthetic,1494,generate,New_Code\.venv_sklearn152\Lib\site-packages\numpy\random\tests\test_generator_mt19937.py,random = Generator(MT19937(self.seed))
synthetic,1500,generator,New_Code\.venv_sklearn152\Lib\site-packages\numpy\random\tests\test_generator_mt19937.py,random = Generator(MT19937(self.seed))
synthetic,1500,generate,New_Code\.venv_sklearn152\Lib\site-packages\numpy\random\tests\test_generator_mt19937.py,random = Generator(MT19937(self.seed))
synthetic,1512,generator,New_Code\.venv_sklearn152\Lib\site-packages\numpy\random\tests\test_generator_mt19937.py,random = Generator(MT19937(self.seed))
synthetic,1512,generate,New_Code\.venv_sklearn152\Lib\site-packages\numpy\random\tests\test_generator_mt19937.py,random = Generator(MT19937(self.seed))
synthetic,1538,generator,New_Code\.venv_sklearn152\Lib\site-packages\numpy\random\tests\test_generator_mt19937.py,random = Generator(MT19937(self.seed))
synthetic,1538,generate,New_Code\.venv_sklearn152\Lib\site-packages\numpy\random\tests\test_generator_mt19937.py,random = Generator(MT19937(self.seed))
synthetic,1551,generator,New_Code\.venv_sklearn152\Lib\site-packages\numpy\random\tests\test_generator_mt19937.py,random = Generator(MT19937(self.seed))
synthetic,1551,generate,New_Code\.venv_sklearn152\Lib\site-packages\numpy\random\tests\test_generator_mt19937.py,random = Generator(MT19937(self.seed))
synthetic,1559,generator,New_Code\.venv_sklearn152\Lib\site-packages\numpy\random\tests\test_generator_mt19937.py,random = Generator(MT19937(self.seed))
synthetic,1559,generate,New_Code\.venv_sklearn152\Lib\site-packages\numpy\random\tests\test_generator_mt19937.py,random = Generator(MT19937(self.seed))
synthetic,1568,generator,New_Code\.venv_sklearn152\Lib\site-packages\numpy\random\tests\test_generator_mt19937.py,random = Generator(MT19937(self.seed))
synthetic,1568,generate,New_Code\.venv_sklearn152\Lib\site-packages\numpy\random\tests\test_generator_mt19937.py,random = Generator(MT19937(self.seed))
synthetic,1573,generator,New_Code\.venv_sklearn152\Lib\site-packages\numpy\random\tests\test_generator_mt19937.py,random = Generator(MT19937(self.seed))
synthetic,1573,generate,New_Code\.venv_sklearn152\Lib\site-packages\numpy\random\tests\test_generator_mt19937.py,random = Generator(MT19937(self.seed))
synthetic,1585,generator,New_Code\.venv_sklearn152\Lib\site-packages\numpy\random\tests\test_generator_mt19937.py,random = Generator(MT19937(self.seed))
synthetic,1585,generate,New_Code\.venv_sklearn152\Lib\site-packages\numpy\random\tests\test_generator_mt19937.py,random = Generator(MT19937(self.seed))
synthetic,1599,generator,New_Code\.venv_sklearn152\Lib\site-packages\numpy\random\tests\test_generator_mt19937.py,random = Generator(MT19937(self.seed))
synthetic,1599,generate,New_Code\.venv_sklearn152\Lib\site-packages\numpy\random\tests\test_generator_mt19937.py,random = Generator(MT19937(self.seed))
synthetic,1618,generator,New_Code\.venv_sklearn152\Lib\site-packages\numpy\random\tests\test_generator_mt19937.py,random = Generator(MT19937(self.seed))
synthetic,1618,generate,New_Code\.venv_sklearn152\Lib\site-packages\numpy\random\tests\test_generator_mt19937.py,random = Generator(MT19937(self.seed))
synthetic,1626,generator,New_Code\.venv_sklearn152\Lib\site-packages\numpy\random\tests\test_generator_mt19937.py,random = Generator(MT19937(self.seed))
synthetic,1626,generate,New_Code\.venv_sklearn152\Lib\site-packages\numpy\random\tests\test_generator_mt19937.py,random = Generator(MT19937(self.seed))
synthetic,1638,generator,New_Code\.venv_sklearn152\Lib\site-packages\numpy\random\tests\test_generator_mt19937.py,random = Generator(MT19937(self.seed))
synthetic,1638,generate,New_Code\.venv_sklearn152\Lib\site-packages\numpy\random\tests\test_generator_mt19937.py,random = Generator(MT19937(self.seed))
synthetic,1646,generator,New_Code\.venv_sklearn152\Lib\site-packages\numpy\random\tests\test_generator_mt19937.py,random = Generator(MT19937(self.seed))
synthetic,1646,generate,New_Code\.venv_sklearn152\Lib\site-packages\numpy\random\tests\test_generator_mt19937.py,random = Generator(MT19937(self.seed))
synthetic,1657,generator,New_Code\.venv_sklearn152\Lib\site-packages\numpy\random\tests\test_generator_mt19937.py,random = Generator(MT19937(self.seed))
synthetic,1657,generate,New_Code\.venv_sklearn152\Lib\site-packages\numpy\random\tests\test_generator_mt19937.py,random = Generator(MT19937(self.seed))
synthetic,1665,generator,New_Code\.venv_sklearn152\Lib\site-packages\numpy\random\tests\test_generator_mt19937.py,random = Generator(MT19937(self.seed))
synthetic,1665,generate,New_Code\.venv_sklearn152\Lib\site-packages\numpy\random\tests\test_generator_mt19937.py,random = Generator(MT19937(self.seed))
synthetic,1671,generator,New_Code\.venv_sklearn152\Lib\site-packages\numpy\random\tests\test_generator_mt19937.py,random = Generator(MT19937(self.seed))
synthetic,1671,generate,New_Code\.venv_sklearn152\Lib\site-packages\numpy\random\tests\test_generator_mt19937.py,random = Generator(MT19937(self.seed))
synthetic,1680,generator,New_Code\.venv_sklearn152\Lib\site-packages\numpy\random\tests\test_generator_mt19937.py,random = Generator(MT19937(self.seed))
synthetic,1680,generate,New_Code\.venv_sklearn152\Lib\site-packages\numpy\random\tests\test_generator_mt19937.py,random = Generator(MT19937(self.seed))
synthetic,1687,generator,New_Code\.venv_sklearn152\Lib\site-packages\numpy\random\tests\test_generator_mt19937.py,random = Generator(MT19937(self.seed))
synthetic,1687,generate,New_Code\.venv_sklearn152\Lib\site-packages\numpy\random\tests\test_generator_mt19937.py,random = Generator(MT19937(self.seed))
synthetic,1707,generator,New_Code\.venv_sklearn152\Lib\site-packages\numpy\random\tests\test_generator_mt19937.py,random = Generator(MT19937(self.seed))
synthetic,1707,generate,New_Code\.venv_sklearn152\Lib\site-packages\numpy\random\tests\test_generator_mt19937.py,random = Generator(MT19937(self.seed))
synthetic,1718,generator,New_Code\.venv_sklearn152\Lib\site-packages\numpy\random\tests\test_generator_mt19937.py,random = Generator(MT19937(self.seed))
synthetic,1718,generate,New_Code\.venv_sklearn152\Lib\site-packages\numpy\random\tests\test_generator_mt19937.py,random = Generator(MT19937(self.seed))
synthetic,1726,generator,New_Code\.venv_sklearn152\Lib\site-packages\numpy\random\tests\test_generator_mt19937.py,random = Generator(MT19937(self.seed))
synthetic,1726,generate,New_Code\.venv_sklearn152\Lib\site-packages\numpy\random\tests\test_generator_mt19937.py,random = Generator(MT19937(self.seed))
synthetic,1735,generator,New_Code\.venv_sklearn152\Lib\site-packages\numpy\random\tests\test_generator_mt19937.py,random = Generator(MT19937(self.seed))
synthetic,1735,generate,New_Code\.venv_sklearn152\Lib\site-packages\numpy\random\tests\test_generator_mt19937.py,random = Generator(MT19937(self.seed))
synthetic,1796,generator,New_Code\.venv_sklearn152\Lib\site-packages\numpy\random\tests\test_generator_mt19937.py,random = Generator(MT19937(self.seed))
synthetic,1796,generate,New_Code\.venv_sklearn152\Lib\site-packages\numpy\random\tests\test_generator_mt19937.py,random = Generator(MT19937(self.seed))
synthetic,1805,generator,New_Code\.venv_sklearn152\Lib\site-packages\numpy\random\tests\test_generator_mt19937.py,random = Generator(MT19937(self.seed))
synthetic,1805,generate,New_Code\.venv_sklearn152\Lib\site-packages\numpy\random\tests\test_generator_mt19937.py,random = Generator(MT19937(self.seed))
synthetic,1810,generator,New_Code\.venv_sklearn152\Lib\site-packages\numpy\random\tests\test_generator_mt19937.py,random = Generator(MT19937(self.seed))
synthetic,1810,generate,New_Code\.venv_sklearn152\Lib\site-packages\numpy\random\tests\test_generator_mt19937.py,random = Generator(MT19937(self.seed))
synthetic,1816,generator,New_Code\.venv_sklearn152\Lib\site-packages\numpy\random\tests\test_generator_mt19937.py,random = Generator(MT19937(self.seed))
synthetic,1816,generate,New_Code\.venv_sklearn152\Lib\site-packages\numpy\random\tests\test_generator_mt19937.py,random = Generator(MT19937(self.seed))
synthetic,1831,generator,New_Code\.venv_sklearn152\Lib\site-packages\numpy\random\tests\test_generator_mt19937.py,random = Generator(MT19937(self.seed))
synthetic,1831,generate,New_Code\.venv_sklearn152\Lib\site-packages\numpy\random\tests\test_generator_mt19937.py,random = Generator(MT19937(self.seed))
synthetic,1836,generator,New_Code\.venv_sklearn152\Lib\site-packages\numpy\random\tests\test_generator_mt19937.py,random = Generator(MT19937(self.seed))
synthetic,1836,generate,New_Code\.venv_sklearn152\Lib\site-packages\numpy\random\tests\test_generator_mt19937.py,random = Generator(MT19937(self.seed))
synthetic,1844,generator,New_Code\.venv_sklearn152\Lib\site-packages\numpy\random\tests\test_generator_mt19937.py,random = Generator(MT19937(self.seed))
synthetic,1844,generate,New_Code\.venv_sklearn152\Lib\site-packages\numpy\random\tests\test_generator_mt19937.py,random = Generator(MT19937(self.seed))
synthetic,1852,generator,New_Code\.venv_sklearn152\Lib\site-packages\numpy\random\tests\test_generator_mt19937.py,random = Generator(MT19937(self.seed))
synthetic,1852,generate,New_Code\.venv_sklearn152\Lib\site-packages\numpy\random\tests\test_generator_mt19937.py,random = Generator(MT19937(self.seed))
synthetic,1857,generator,New_Code\.venv_sklearn152\Lib\site-packages\numpy\random\tests\test_generator_mt19937.py,random = Generator(MT19937(self.seed))
synthetic,1857,generate,New_Code\.venv_sklearn152\Lib\site-packages\numpy\random\tests\test_generator_mt19937.py,random = Generator(MT19937(self.seed))
synthetic,1872,generator,New_Code\.venv_sklearn152\Lib\site-packages\numpy\random\tests\test_generator_mt19937.py,random = Generator(MT19937(self.seed))
synthetic,1872,generate,New_Code\.venv_sklearn152\Lib\site-packages\numpy\random\tests\test_generator_mt19937.py,random = Generator(MT19937(self.seed))
synthetic,1878,generator,New_Code\.venv_sklearn152\Lib\site-packages\numpy\random\tests\test_generator_mt19937.py,random = Generator(MT19937(self.seed))
synthetic,1878,generate,New_Code\.venv_sklearn152\Lib\site-packages\numpy\random\tests\test_generator_mt19937.py,random = Generator(MT19937(self.seed))
synthetic,1882,generator,New_Code\.venv_sklearn152\Lib\site-packages\numpy\random\tests\test_generator_mt19937.py,random = Generator(MT19937(self.seed))
synthetic,1882,generate,New_Code\.venv_sklearn152\Lib\site-packages\numpy\random\tests\test_generator_mt19937.py,random = Generator(MT19937(self.seed))
synthetic,1890,generator,New_Code\.venv_sklearn152\Lib\site-packages\numpy\random\tests\test_generator_mt19937.py,random = Generator(MT19937(self.seed))
synthetic,1890,generate,New_Code\.venv_sklearn152\Lib\site-packages\numpy\random\tests\test_generator_mt19937.py,random = Generator(MT19937(self.seed))
synthetic,1893,generator,New_Code\.venv_sklearn152\Lib\site-packages\numpy\random\tests\test_generator_mt19937.py,random = Generator(MT19937(self.seed))
synthetic,1893,generate,New_Code\.venv_sklearn152\Lib\site-packages\numpy\random\tests\test_generator_mt19937.py,random = Generator(MT19937(self.seed))
synthetic,1898,generator,New_Code\.venv_sklearn152\Lib\site-packages\numpy\random\tests\test_generator_mt19937.py,random = Generator(MT19937(self.seed))
synthetic,1898,generate,New_Code\.venv_sklearn152\Lib\site-packages\numpy\random\tests\test_generator_mt19937.py,random = Generator(MT19937(self.seed))
synthetic,1911,generator,New_Code\.venv_sklearn152\Lib\site-packages\numpy\random\tests\test_generator_mt19937.py,random = Generator(MT19937(self.seed))
synthetic,1911,generate,New_Code\.venv_sklearn152\Lib\site-packages\numpy\random\tests\test_generator_mt19937.py,random = Generator(MT19937(self.seed))
synthetic,1918,generator,New_Code\.venv_sklearn152\Lib\site-packages\numpy\random\tests\test_generator_mt19937.py,random = Generator(MT19937(self.seed))
synthetic,1918,generate,New_Code\.venv_sklearn152\Lib\site-packages\numpy\random\tests\test_generator_mt19937.py,random = Generator(MT19937(self.seed))
synthetic,1927,generator,New_Code\.venv_sklearn152\Lib\site-packages\numpy\random\tests\test_generator_mt19937.py,random = Generator(MT19937(self.seed))
synthetic,1927,generate,New_Code\.venv_sklearn152\Lib\site-packages\numpy\random\tests\test_generator_mt19937.py,random = Generator(MT19937(self.seed))
synthetic,1937,generator,New_Code\.venv_sklearn152\Lib\site-packages\numpy\random\tests\test_generator_mt19937.py,random = Generator(MT19937(self.seed))
synthetic,1937,generate,New_Code\.venv_sklearn152\Lib\site-packages\numpy\random\tests\test_generator_mt19937.py,random = Generator(MT19937(self.seed))
synthetic,1950,generator,New_Code\.venv_sklearn152\Lib\site-packages\numpy\random\tests\test_generator_mt19937.py,random = Generator(MT19937(self.seed))
synthetic,1950,generate,New_Code\.venv_sklearn152\Lib\site-packages\numpy\random\tests\test_generator_mt19937.py,random = Generator(MT19937(self.seed))
synthetic,1957,generator,New_Code\.venv_sklearn152\Lib\site-packages\numpy\random\tests\test_generator_mt19937.py,random = Generator(MT19937(self.seed))
synthetic,1957,generate,New_Code\.venv_sklearn152\Lib\site-packages\numpy\random\tests\test_generator_mt19937.py,random = Generator(MT19937(self.seed))
synthetic,1971,generator,New_Code\.venv_sklearn152\Lib\site-packages\numpy\random\tests\test_generator_mt19937.py,random = Generator(MT19937(self.seed))
synthetic,1971,generate,New_Code\.venv_sklearn152\Lib\site-packages\numpy\random\tests\test_generator_mt19937.py,random = Generator(MT19937(self.seed))
synthetic,1978,generator,New_Code\.venv_sklearn152\Lib\site-packages\numpy\random\tests\test_generator_mt19937.py,random = Generator(MT19937(self.seed))
synthetic,1978,generate,New_Code\.venv_sklearn152\Lib\site-packages\numpy\random\tests\test_generator_mt19937.py,random = Generator(MT19937(self.seed))
synthetic,1994,generator,New_Code\.venv_sklearn152\Lib\site-packages\numpy\random\tests\test_generator_mt19937.py,random = Generator(MT19937(self.seed))
synthetic,1994,generate,New_Code\.venv_sklearn152\Lib\site-packages\numpy\random\tests\test_generator_mt19937.py,random = Generator(MT19937(self.seed))
synthetic,2004,generator,New_Code\.venv_sklearn152\Lib\site-packages\numpy\random\tests\test_generator_mt19937.py,random = Generator(MT19937(self.seed))
synthetic,2004,generate,New_Code\.venv_sklearn152\Lib\site-packages\numpy\random\tests\test_generator_mt19937.py,random = Generator(MT19937(self.seed))
synthetic,2012,generator,New_Code\.venv_sklearn152\Lib\site-packages\numpy\random\tests\test_generator_mt19937.py,random = Generator(MT19937(self.seed))
synthetic,2012,generate,New_Code\.venv_sklearn152\Lib\site-packages\numpy\random\tests\test_generator_mt19937.py,random = Generator(MT19937(self.seed))
synthetic,2021,generator,New_Code\.venv_sklearn152\Lib\site-packages\numpy\random\tests\test_generator_mt19937.py,random = Generator(MT19937(self.seed))
synthetic,2021,generate,New_Code\.venv_sklearn152\Lib\site-packages\numpy\random\tests\test_generator_mt19937.py,random = Generator(MT19937(self.seed))
synthetic,2031,generator,New_Code\.venv_sklearn152\Lib\site-packages\numpy\random\tests\test_generator_mt19937.py,random = Generator(MT19937(self.seed))
synthetic,2031,generate,New_Code\.venv_sklearn152\Lib\site-packages\numpy\random\tests\test_generator_mt19937.py,random = Generator(MT19937(self.seed))
synthetic,2043,generator,New_Code\.venv_sklearn152\Lib\site-packages\numpy\random\tests\test_generator_mt19937.py,random = Generator(MT19937(self.seed))
synthetic,2043,generate,New_Code\.venv_sklearn152\Lib\site-packages\numpy\random\tests\test_generator_mt19937.py,random = Generator(MT19937(self.seed))
synthetic,2050,generator,New_Code\.venv_sklearn152\Lib\site-packages\numpy\random\tests\test_generator_mt19937.py,random = Generator(MT19937(self.seed))
synthetic,2050,generate,New_Code\.venv_sklearn152\Lib\site-packages\numpy\random\tests\test_generator_mt19937.py,random = Generator(MT19937(self.seed))
synthetic,2062,generator,New_Code\.venv_sklearn152\Lib\site-packages\numpy\random\tests\test_generator_mt19937.py,random = Generator(MT19937(self.seed))
synthetic,2062,generate,New_Code\.venv_sklearn152\Lib\site-packages\numpy\random\tests\test_generator_mt19937.py,random = Generator(MT19937(self.seed))
synthetic,2073,generator,New_Code\.venv_sklearn152\Lib\site-packages\numpy\random\tests\test_generator_mt19937.py,random = Generator(MT19937(self.seed))
synthetic,2073,generate,New_Code\.venv_sklearn152\Lib\site-packages\numpy\random\tests\test_generator_mt19937.py,random = Generator(MT19937(self.seed))
synthetic,2078,generator,New_Code\.venv_sklearn152\Lib\site-packages\numpy\random\tests\test_generator_mt19937.py,random = Generator(MT19937(self.seed))
synthetic,2078,generate,New_Code\.venv_sklearn152\Lib\site-packages\numpy\random\tests\test_generator_mt19937.py,random = Generator(MT19937(self.seed))
synthetic,2088,generator,New_Code\.venv_sklearn152\Lib\site-packages\numpy\random\tests\test_generator_mt19937.py,random = Generator(MT19937(self.seed))
synthetic,2088,generate,New_Code\.venv_sklearn152\Lib\site-packages\numpy\random\tests\test_generator_mt19937.py,random = Generator(MT19937(self.seed))
synthetic,2098,generator,New_Code\.venv_sklearn152\Lib\site-packages\numpy\random\tests\test_generator_mt19937.py,random = Generator(MT19937(self.seed))
synthetic,2098,generate,New_Code\.venv_sklearn152\Lib\site-packages\numpy\random\tests\test_generator_mt19937.py,random = Generator(MT19937(self.seed))
synthetic,2108,generator,New_Code\.venv_sklearn152\Lib\site-packages\numpy\random\tests\test_generator_mt19937.py,random = Generator(MT19937(self.seed))
synthetic,2108,generate,New_Code\.venv_sklearn152\Lib\site-packages\numpy\random\tests\test_generator_mt19937.py,random = Generator(MT19937(self.seed))
synthetic,2119,generator,New_Code\.venv_sklearn152\Lib\site-packages\numpy\random\tests\test_generator_mt19937.py,random = Generator(MT19937(self.seed))
synthetic,2119,generate,New_Code\.venv_sklearn152\Lib\site-packages\numpy\random\tests\test_generator_mt19937.py,random = Generator(MT19937(self.seed))
synthetic,2125,generator,New_Code\.venv_sklearn152\Lib\site-packages\numpy\random\tests\test_generator_mt19937.py,random = Generator(MT19937(self.seed))
synthetic,2125,generate,New_Code\.venv_sklearn152\Lib\site-packages\numpy\random\tests\test_generator_mt19937.py,random = Generator(MT19937(self.seed))
synthetic,2137,generator,New_Code\.venv_sklearn152\Lib\site-packages\numpy\random\tests\test_generator_mt19937.py,random = Generator(MT19937(self.seed))
synthetic,2137,generate,New_Code\.venv_sklearn152\Lib\site-packages\numpy\random\tests\test_generator_mt19937.py,random = Generator(MT19937(self.seed))
synthetic,2143,generator,New_Code\.venv_sklearn152\Lib\site-packages\numpy\random\tests\test_generator_mt19937.py,random = Generator(MT19937(self.seed))
synthetic,2143,generate,New_Code\.venv_sklearn152\Lib\site-packages\numpy\random\tests\test_generator_mt19937.py,random = Generator(MT19937(self.seed))
synthetic,2155,generator,New_Code\.venv_sklearn152\Lib\site-packages\numpy\random\tests\test_generator_mt19937.py,random = Generator(MT19937(self.seed))
synthetic,2155,generate,New_Code\.venv_sklearn152\Lib\site-packages\numpy\random\tests\test_generator_mt19937.py,random = Generator(MT19937(self.seed))
synthetic,2160,generator,New_Code\.venv_sklearn152\Lib\site-packages\numpy\random\tests\test_generator_mt19937.py,random = Generator(MT19937(self.seed))
synthetic,2160,generate,New_Code\.venv_sklearn152\Lib\site-packages\numpy\random\tests\test_generator_mt19937.py,random = Generator(MT19937(self.seed))
synthetic,2172,generator,New_Code\.venv_sklearn152\Lib\site-packages\numpy\random\tests\test_generator_mt19937.py,random = Generator(MT19937(self.seed))
synthetic,2172,generate,New_Code\.venv_sklearn152\Lib\site-packages\numpy\random\tests\test_generator_mt19937.py,random = Generator(MT19937(self.seed))
synthetic,2178,generator,New_Code\.venv_sklearn152\Lib\site-packages\numpy\random\tests\test_generator_mt19937.py,random = Generator(MT19937(self.seed))
synthetic,2178,generate,New_Code\.venv_sklearn152\Lib\site-packages\numpy\random\tests\test_generator_mt19937.py,random = Generator(MT19937(self.seed))
synthetic,2191,generator,New_Code\.venv_sklearn152\Lib\site-packages\numpy\random\tests\test_generator_mt19937.py,random = Generator(MT19937(self.seed))
synthetic,2191,generate,New_Code\.venv_sklearn152\Lib\site-packages\numpy\random\tests\test_generator_mt19937.py,random = Generator(MT19937(self.seed))
synthetic,2203,generator,New_Code\.venv_sklearn152\Lib\site-packages\numpy\random\tests\test_generator_mt19937.py,random = Generator(MT19937(self.seed))
synthetic,2203,generate,New_Code\.venv_sklearn152\Lib\site-packages\numpy\random\tests\test_generator_mt19937.py,random = Generator(MT19937(self.seed))
synthetic,2209,generator,New_Code\.venv_sklearn152\Lib\site-packages\numpy\random\tests\test_generator_mt19937.py,random = Generator(MT19937(self.seed))
synthetic,2209,generate,New_Code\.venv_sklearn152\Lib\site-packages\numpy\random\tests\test_generator_mt19937.py,random = Generator(MT19937(self.seed))
synthetic,2224,generator,New_Code\.venv_sklearn152\Lib\site-packages\numpy\random\tests\test_generator_mt19937.py,random = Generator(MT19937(self.seed))
synthetic,2224,generate,New_Code\.venv_sklearn152\Lib\site-packages\numpy\random\tests\test_generator_mt19937.py,random = Generator(MT19937(self.seed))
synthetic,2233,generator,New_Code\.venv_sklearn152\Lib\site-packages\numpy\random\tests\test_generator_mt19937.py,random = Generator(MT19937(self.seed))
synthetic,2233,generate,New_Code\.venv_sklearn152\Lib\site-packages\numpy\random\tests\test_generator_mt19937.py,random = Generator(MT19937(self.seed))
synthetic,2242,generator,New_Code\.venv_sklearn152\Lib\site-packages\numpy\random\tests\test_generator_mt19937.py,random = Generator(MT19937(self.seed))
synthetic,2242,generate,New_Code\.venv_sklearn152\Lib\site-packages\numpy\random\tests\test_generator_mt19937.py,random = Generator(MT19937(self.seed))
synthetic,2263,generator,New_Code\.venv_sklearn152\Lib\site-packages\numpy\random\tests\test_generator_mt19937.py,random = Generator(MT19937(self.seed))
synthetic,2263,generate,New_Code\.venv_sklearn152\Lib\site-packages\numpy\random\tests\test_generator_mt19937.py,random = Generator(MT19937(self.seed))
synthetic,2271,generator,New_Code\.venv_sklearn152\Lib\site-packages\numpy\random\tests\test_generator_mt19937.py,random = Generator(MT19937(self.seed))
synthetic,2271,generate,New_Code\.venv_sklearn152\Lib\site-packages\numpy\random\tests\test_generator_mt19937.py,random = Generator(MT19937(self.seed))
synthetic,2286,generator,New_Code\.venv_sklearn152\Lib\site-packages\numpy\random\tests\test_generator_mt19937.py,random = Generator(MT19937(self.seed))
synthetic,2286,generate,New_Code\.venv_sklearn152\Lib\site-packages\numpy\random\tests\test_generator_mt19937.py,random = Generator(MT19937(self.seed))
synthetic,2294,generator,New_Code\.venv_sklearn152\Lib\site-packages\numpy\random\tests\test_generator_mt19937.py,random = Generator(MT19937(self.seed))
synthetic,2294,generate,New_Code\.venv_sklearn152\Lib\site-packages\numpy\random\tests\test_generator_mt19937.py,random = Generator(MT19937(self.seed))
synthetic,2308,generator,New_Code\.venv_sklearn152\Lib\site-packages\numpy\random\tests\test_generator_mt19937.py,random = Generator(MT19937(self.seed))
synthetic,2308,generate,New_Code\.venv_sklearn152\Lib\site-packages\numpy\random\tests\test_generator_mt19937.py,random = Generator(MT19937(self.seed))
synthetic,2322,generator,New_Code\.venv_sklearn152\Lib\site-packages\numpy\random\tests\test_generator_mt19937.py,random = Generator(MT19937(self.seed))
synthetic,2322,generate,New_Code\.venv_sklearn152\Lib\site-packages\numpy\random\tests\test_generator_mt19937.py,random = Generator(MT19937(self.seed))
synthetic,2337,generator,New_Code\.venv_sklearn152\Lib\site-packages\numpy\random\tests\test_generator_mt19937.py,random = Generator(MT19937(self.seed))
synthetic,2337,generate,New_Code\.venv_sklearn152\Lib\site-packages\numpy\random\tests\test_generator_mt19937.py,random = Generator(MT19937(self.seed))
synthetic,2354,generator,New_Code\.venv_sklearn152\Lib\site-packages\numpy\random\tests\test_generator_mt19937.py,random = Generator(MT19937(self.seed))
synthetic,2354,generate,New_Code\.venv_sklearn152\Lib\site-packages\numpy\random\tests\test_generator_mt19937.py,random = Generator(MT19937(self.seed))
synthetic,2362,generator,New_Code\.venv_sklearn152\Lib\site-packages\numpy\random\tests\test_generator_mt19937.py,random = Generator(MT19937(self.seed))
synthetic,2362,generate,New_Code\.venv_sklearn152\Lib\site-packages\numpy\random\tests\test_generator_mt19937.py,random = Generator(MT19937(self.seed))
synthetic,2370,generator,New_Code\.venv_sklearn152\Lib\site-packages\numpy\random\tests\test_generator_mt19937.py,random = Generator(MT19937(self.seed))
synthetic,2370,generate,New_Code\.venv_sklearn152\Lib\site-packages\numpy\random\tests\test_generator_mt19937.py,random = Generator(MT19937(self.seed))
synthetic,2395,generator,New_Code\.venv_sklearn152\Lib\site-packages\numpy\random\tests\test_generator_mt19937.py,random = Generator(MT19937(self.seed))
synthetic,2395,generate,New_Code\.venv_sklearn152\Lib\site-packages\numpy\random\tests\test_generator_mt19937.py,random = Generator(MT19937(self.seed))
synthetic,2403,generator,New_Code\.venv_sklearn152\Lib\site-packages\numpy\random\tests\test_generator_mt19937.py,random = Generator(MT19937(self.seed))
synthetic,2403,generate,New_Code\.venv_sklearn152\Lib\site-packages\numpy\random\tests\test_generator_mt19937.py,random = Generator(MT19937(self.seed))
synthetic,2413,generator,New_Code\.venv_sklearn152\Lib\site-packages\numpy\random\tests\test_generator_mt19937.py,random = Generator(MT19937(self.seed))
synthetic,2413,generate,New_Code\.venv_sklearn152\Lib\site-packages\numpy\random\tests\test_generator_mt19937.py,random = Generator(MT19937(self.seed))
synthetic,2419,generator,New_Code\.venv_sklearn152\Lib\site-packages\numpy\random\tests\test_generator_mt19937.py,random = Generator(MT19937(self.seed))
synthetic,2419,generate,New_Code\.venv_sklearn152\Lib\site-packages\numpy\random\tests\test_generator_mt19937.py,random = Generator(MT19937(self.seed))
synthetic,2425,generator,New_Code\.venv_sklearn152\Lib\site-packages\numpy\random\tests\test_generator_mt19937.py,random = Generator(MT19937(self.seed))
synthetic,2425,generate,New_Code\.venv_sklearn152\Lib\site-packages\numpy\random\tests\test_generator_mt19937.py,random = Generator(MT19937(self.seed))
synthetic,2439,generator,New_Code\.venv_sklearn152\Lib\site-packages\numpy\random\tests\test_generator_mt19937.py,random = Generator(MT19937(self.seed))
synthetic,2439,generate,New_Code\.venv_sklearn152\Lib\site-packages\numpy\random\tests\test_generator_mt19937.py,random = Generator(MT19937(self.seed))
synthetic,2462,generator,New_Code\.venv_sklearn152\Lib\site-packages\numpy\random\tests\test_generator_mt19937.py,random = Generator(MT19937(self.seed))
synthetic,2462,generate,New_Code\.venv_sklearn152\Lib\site-packages\numpy\random\tests\test_generator_mt19937.py,random = Generator(MT19937(self.seed))
synthetic,2468,generator,New_Code\.venv_sklearn152\Lib\site-packages\numpy\random\tests\test_generator_mt19937.py,random = Generator(MT19937(self.seed))
synthetic,2468,generate,New_Code\.venv_sklearn152\Lib\site-packages\numpy\random\tests\test_generator_mt19937.py,random = Generator(MT19937(self.seed))
synthetic,2490,generate,New_Code\.venv_sklearn152\Lib\site-packages\numpy\random\tests\test_generator_mt19937.py,# threaded generation
synthetic,2491,generator,New_Code\.venv_sklearn152\Lib\site-packages\numpy\random\tests\test_generator_mt19937.py,"t = [Thread(target=function, args=(Generator(MT19937(s)), o))"
synthetic,2491,generate,New_Code\.venv_sklearn152\Lib\site-packages\numpy\random\tests\test_generator_mt19937.py,"t = [Thread(target=function, args=(Generator(MT19937(s)), o))"
synthetic,2498,generator,New_Code\.venv_sklearn152\Lib\site-packages\numpy\random\tests\test_generator_mt19937.py,"function(Generator(MT19937(s)), o)"
synthetic,2498,generate,New_Code\.venv_sklearn152\Lib\site-packages\numpy\random\tests\test_generator_mt19937.py,"function(Generator(MT19937(s)), o)"
synthetic,2693,generator,New_Code\.venv_sklearn152\Lib\site-packages\numpy\random\tests\test_generator_mt19937.py,gen = Generator(MT19937(0))
synthetic,2693,generate,New_Code\.venv_sklearn152\Lib\site-packages\numpy\random\tests\test_generator_mt19937.py,gen = Generator(MT19937(0))
synthetic,2702,generator,New_Code\.venv_sklearn152\Lib\site-packages\numpy\random\tests\test_generator_mt19937.py,gen = Generator(MT19937(0))
synthetic,2702,generate,New_Code\.venv_sklearn152\Lib\site-packages\numpy\random\tests\test_generator_mt19937.py,gen = Generator(MT19937(0))
synthetic,2737,generator,New_Code\.venv_sklearn152\Lib\site-packages\numpy\random\tests\test_generator_mt19937.py,rg = np.random.Generator(np.random.PCG64DXSM(0))
synthetic,2737,generate,New_Code\.venv_sklearn152\Lib\site-packages\numpy\random\tests\test_generator_mt19937.py,rg = np.random.Generator(np.random.PCG64DXSM(0))
synthetic,4,generator,New_Code\.venv_sklearn152\Lib\site-packages\numpy\random\tests\test_generator_mt19937_regressions.py,"from numpy.random import Generator, MT19937"
synthetic,4,generate,New_Code\.venv_sklearn152\Lib\site-packages\numpy\random\tests\test_generator_mt19937_regressions.py,"from numpy.random import Generator, MT19937"
synthetic,10,generator,New_Code\.venv_sklearn152\Lib\site-packages\numpy\random\tests\test_generator_mt19937_regressions.py,self.mt19937 = Generator(MT19937(121263137472525314065))
synthetic,10,generate,New_Code\.venv_sklearn152\Lib\site-packages\numpy\random\tests\test_generator_mt19937_regressions.py,self.mt19937 = Generator(MT19937(121263137472525314065))
synthetic,13,generate,New_Code\.venv_sklearn152\Lib\site-packages\numpy\random\tests\test_generator_mt19937_regressions.py,"# Make sure generated random variables are in [-pi, pi]."
synthetic,49,generator,New_Code\.venv_sklearn152\Lib\site-packages\numpy\random\tests\test_generator_mt19937_regressions.py,mt19937 = Generator(MT19937(12345))
synthetic,49,generate,New_Code\.venv_sklearn152\Lib\site-packages\numpy\random\tests\test_generator_mt19937_regressions.py,mt19937 = Generator(MT19937(12345))
synthetic,59,generator,New_Code\.venv_sklearn152\Lib\site-packages\numpy\random\tests\test_generator_mt19937_regressions.py,mt19937 = Generator(MT19937(i))
synthetic,59,generate,New_Code\.venv_sklearn152\Lib\site-packages\numpy\random\tests\test_generator_mt19937_regressions.py,mt19937 = Generator(MT19937(i))
synthetic,60,generator,New_Code\.venv_sklearn152\Lib\site-packages\numpy\random\tests\test_generator_mt19937_regressions.py,m = Generator(MT19937(4321))
synthetic,60,generate,New_Code\.venv_sklearn152\Lib\site-packages\numpy\random\tests\test_generator_mt19937_regressions.py,m = Generator(MT19937(4321))
synthetic,83,generate,New_Code\.venv_sklearn152\Lib\site-packages\numpy\random\tests\test_generator_mt19937_regressions.py,# gh-24266: beta would generate nan when the parameters
synthetic,134,generator,New_Code\.venv_sklearn152\Lib\site-packages\numpy\random\tests\test_generator_mt19937_regressions.py,mt19937 = Generator(MT19937(1))
synthetic,134,generate,New_Code\.venv_sklearn152\Lib\site-packages\numpy\random\tests\test_generator_mt19937_regressions.py,mt19937 = Generator(MT19937(1))
synthetic,146,generator,New_Code\.venv_sklearn152\Lib\site-packages\numpy\random\tests\test_generator_mt19937_regressions.py,mt19937 = Generator(MT19937(1))
synthetic,146,generate,New_Code\.venv_sklearn152\Lib\site-packages\numpy\random\tests\test_generator_mt19937_regressions.py,mt19937 = Generator(MT19937(1))
synthetic,221,generate,New_Code\.venv_sklearn152\Lib\site-packages\numpy\random\tests\test_random.py,# We use a sha256 hash of generated sequences of 1000 samples
synthetic,271,generate,New_Code\.venv_sklearn152\Lib\site-packages\numpy\random\tests\test_random.py,# generate a ValueError now.
synthetic,337,generate,New_Code\.venv_sklearn152\Lib\site-packages\numpy\random\tests\test_random.py,# Tests whether random_integers can generate the
synthetic,341,generate,New_Code\.venv_sklearn152\Lib\site-packages\numpy\random\tests\test_random.py,# to generate this integer.
synthetic,548,generator,New_Code\.venv_sklearn152\Lib\site-packages\numpy\random\tests\test_random.py,"if use_array_like and not isinstance(random, np.random.Generator):"
synthetic,548,generate,New_Code\.venv_sklearn152\Lib\site-packages\numpy\random\tests\test_random.py,"if use_array_like and not isinstance(random, np.random.Generator):"
synthetic,1635,generate,New_Code\.venv_sklearn152\Lib\site-packages\numpy\random\tests\test_random.py,# threaded generation
synthetic,341,generate,New_Code\.venv_sklearn152\Lib\site-packages\numpy\random\tests\test_randomstate.py,# We use a sha256 hash of generated sequences of 1000 samples
synthetic,415,generate,New_Code\.venv_sklearn152\Lib\site-packages\numpy\random\tests\test_randomstate.py,# generate a ValueError now.
synthetic,518,generate,New_Code\.venv_sklearn152\Lib\site-packages\numpy\random\tests\test_randomstate.py,# Tests whether random_integers can generate the
synthetic,522,generate,New_Code\.venv_sklearn152\Lib\site-packages\numpy\random\tests\test_randomstate.py,# to generate this integer.
synthetic,1270,generator,New_Code\.venv_sklearn152\Lib\site-packages\numpy\random\tests\test_randomstate.py,# guard against changes in RandomState when Generator is fixed
synthetic,1270,generate,New_Code\.venv_sklearn152\Lib\site-packages\numpy\random\tests\test_randomstate.py,# guard against changes in RandomState when Generator is fixed
synthetic,1912,generate,New_Code\.venv_sklearn152\Lib\site-packages\numpy\random\tests\test_randomstate.py,# threaded generation
synthetic,16,generate,New_Code\.venv_sklearn152\Lib\site-packages\numpy\random\tests\test_randomstate_regression.py,"# Make sure generated random variables are in [-pi, pi]."
synthetic,191,generate,New_Code\.venv_sklearn152\Lib\site-packages\numpy\random\tests\test_randomstate_regression.py,# generate the same variates as version 1.16.
synthetic,198,generate,New_Code\.venv_sklearn152\Lib\site-packages\numpy\random\tests\test_randomstate_regression.py,# generate the same variates as version 1.16.
synthetic,12,generate,New_Code\.venv_sklearn152\Lib\site-packages\numpy\random\tests\test_regression.py,"# Make sure generated random variables are in [-pi, pi]."
synthetic,8,generate,New_Code\.venv_sklearn152\Lib\site-packages\numpy\random\tests\test_seed_sequence.py,""""""" Check that SeedSequence generates data the same as the C++ reference."
synthetic,51,generate,New_Code\.venv_sklearn152\Lib\site-packages\numpy\random\tests\test_seed_sequence.py,state = ss.generate_state(len(expected))
synthetic,53,generate,New_Code\.venv_sklearn152\Lib\site-packages\numpy\random\tests\test_seed_sequence.py,"state64 = ss.generate_state(len(expected64), dtype=np.uint64)"
synthetic,66,generate,New_Code\.venv_sklearn152\Lib\site-packages\numpy\random\tests\test_seed_sequence.py,"ss0.generate_state(4),"
synthetic,67,generate,New_Code\.venv_sklearn152\Lib\site-packages\numpy\random\tests\test_seed_sequence.py,ss1.generate_state(4))
synthetic,73,generate,New_Code\.venv_sklearn152\Lib\site-packages\numpy\random\tests\test_seed_sequence.py,"assert_array_equal(SeedSequence(42).generate_state(4), expected42)"
synthetic,79,generate,New_Code\.venv_sklearn152\Lib\site-packages\numpy\random\tests\test_seed_sequence.py,"SeedSequence(42, spawn_key=(0,)).generate_state(4),"
synthetic,7,generator,New_Code\.venv_sklearn152\Lib\site-packages\numpy\random\tests\test_smoke.py,"from numpy.random import (Generator, MT19937, PCG64, PCG64DXSM, Philox, SFC64)"
synthetic,7,generate,New_Code\.venv_sklearn152\Lib\site-packages\numpy\random\tests\test_smoke.py,"from numpy.random import (Generator, MT19937, PCG64, PCG64DXSM, Philox, SFC64)"
synthetic,101,generator,New_Code\.venv_sklearn152\Lib\site-packages\numpy\random\tests\test_smoke.py,cls.rg = Generator(cls.bit_generator(*cls.seed))
synthetic,101,generate,New_Code\.venv_sklearn152\Lib\site-packages\numpy\random\tests\test_smoke.py,cls.rg = Generator(cls.bit_generator(*cls.seed))
synthetic,117,generator,New_Code\.venv_sklearn152\Lib\site-packages\numpy\random\tests\test_smoke.py,rg = Generator(self.bit_generator())
synthetic,117,generate,New_Code\.venv_sklearn152\Lib\site-packages\numpy\random\tests\test_smoke.py,rg = Generator(self.bit_generator())
synthetic,226,generator,New_Code\.venv_sklearn152\Lib\site-packages\numpy\random\tests\test_smoke.py,rg = Generator(self.bit_generator())
synthetic,226,generate,New_Code\.venv_sklearn152\Lib\site-packages\numpy\random\tests\test_smoke.py,rg = Generator(self.bit_generator())
synthetic,227,generator,New_Code\.venv_sklearn152\Lib\site-packages\numpy\random\tests\test_smoke.py,rg2 = Generator(self.bit_generator())
synthetic,227,generate,New_Code\.venv_sklearn152\Lib\site-packages\numpy\random\tests\test_smoke.py,rg2 = Generator(self.bit_generator())
synthetic,232,generator,New_Code\.venv_sklearn152\Lib\site-packages\numpy\random\tests\test_smoke.py,rg = Generator(self.bit_generator(*self.seed))
synthetic,232,generate,New_Code\.venv_sklearn152\Lib\site-packages\numpy\random\tests\test_smoke.py,rg = Generator(self.bit_generator(*self.seed))
synthetic,233,generator,New_Code\.venv_sklearn152\Lib\site-packages\numpy\random\tests\test_smoke.py,rg2 = Generator(self.bit_generator(*self.seed))
synthetic,233,generate,New_Code\.venv_sklearn152\Lib\site-packages\numpy\random\tests\test_smoke.py,rg2 = Generator(self.bit_generator(*self.seed))
synthetic,239,generator,New_Code\.venv_sklearn152\Lib\site-packages\numpy\random\tests\test_smoke.py,rg = Generator(self.bit_generator(*self.seed))
synthetic,239,generate,New_Code\.venv_sklearn152\Lib\site-packages\numpy\random\tests\test_smoke.py,rg = Generator(self.bit_generator(*self.seed))
synthetic,243,generator,New_Code\.venv_sklearn152\Lib\site-packages\numpy\random\tests\test_smoke.py,rg2 = Generator(self.bit_generator())
synthetic,243,generate,New_Code\.venv_sklearn152\Lib\site-packages\numpy\random\tests\test_smoke.py,rg2 = Generator(self.bit_generator())
synthetic,249,generator,New_Code\.venv_sklearn152\Lib\site-packages\numpy\random\tests\test_smoke.py,rg = Generator(self.bit_generator(*self.seed))
synthetic,249,generate,New_Code\.venv_sklearn152\Lib\site-packages\numpy\random\tests\test_smoke.py,rg = Generator(self.bit_generator(*self.seed))
synthetic,253,generator,New_Code\.venv_sklearn152\Lib\site-packages\numpy\random\tests\test_smoke.py,rg2 = Generator(self.bit_generator())
synthetic,253,generate,New_Code\.venv_sklearn152\Lib\site-packages\numpy\random\tests\test_smoke.py,rg2 = Generator(self.bit_generator())
synthetic,259,generator,New_Code\.venv_sklearn152\Lib\site-packages\numpy\random\tests\test_smoke.py,rg = Generator(self.bit_generator(*self.seed))
synthetic,259,generate,New_Code\.venv_sklearn152\Lib\site-packages\numpy\random\tests\test_smoke.py,rg = Generator(self.bit_generator(*self.seed))
synthetic,263,generator,New_Code\.venv_sklearn152\Lib\site-packages\numpy\random\tests\test_smoke.py,rg2 = Generator(self.bit_generator())
synthetic,263,generate,New_Code\.venv_sklearn152\Lib\site-packages\numpy\random\tests\test_smoke.py,rg2 = Generator(self.bit_generator())
synthetic,486,generator,New_Code\.venv_sklearn152\Lib\site-packages\numpy\random\tests\test_smoke.py,rg = Generator(self.bit_generator(12345))
synthetic,486,generate,New_Code\.venv_sklearn152\Lib\site-packages\numpy\random\tests\test_smoke.py,rg = Generator(self.bit_generator(12345))
synthetic,490,generator,New_Code\.venv_sklearn152\Lib\site-packages\numpy\random\tests\test_smoke.py,rg2 = Generator(self.bit_generator())
synthetic,490,generate,New_Code\.venv_sklearn152\Lib\site-packages\numpy\random\tests\test_smoke.py,rg2 = Generator(self.bit_generator())
synthetic,499,generator,New_Code\.venv_sklearn152\Lib\site-packages\numpy\random\tests\test_smoke.py,rg = Generator(self.bit_generator())
synthetic,499,generate,New_Code\.venv_sklearn152\Lib\site-packages\numpy\random\tests\test_smoke.py,rg = Generator(self.bit_generator())
synthetic,503,generator,New_Code\.venv_sklearn152\Lib\site-packages\numpy\random\tests\test_smoke.py,rg2 = Generator(self.bit_generator())
synthetic,503,generate,New_Code\.venv_sklearn152\Lib\site-packages\numpy\random\tests\test_smoke.py,rg2 = Generator(self.bit_generator())
synthetic,512,generator,New_Code\.venv_sklearn152\Lib\site-packages\numpy\random\tests\test_smoke.py,rg = Generator(self.bit_generator())
synthetic,512,generate,New_Code\.venv_sklearn152\Lib\site-packages\numpy\random\tests\test_smoke.py,rg = Generator(self.bit_generator())
synthetic,516,generator,New_Code\.venv_sklearn152\Lib\site-packages\numpy\random\tests\test_smoke.py,rg2 = Generator(self.bit_generator())
synthetic,516,generate,New_Code\.venv_sklearn152\Lib\site-packages\numpy\random\tests\test_smoke.py,rg2 = Generator(self.bit_generator())
synthetic,525,generator,New_Code\.venv_sklearn152\Lib\site-packages\numpy\random\tests\test_smoke.py,rg = Generator(self.bit_generator())
synthetic,525,generate,New_Code\.venv_sklearn152\Lib\site-packages\numpy\random\tests\test_smoke.py,rg = Generator(self.bit_generator())
synthetic,529,generator,New_Code\.venv_sklearn152\Lib\site-packages\numpy\random\tests\test_smoke.py,rg2 = Generator(self.bit_generator())
synthetic,529,generate,New_Code\.venv_sklearn152\Lib\site-packages\numpy\random\tests\test_smoke.py,rg2 = Generator(self.bit_generator())
synthetic,725,generator,New_Code\.venv_sklearn152\Lib\site-packages\numpy\random\tests\test_smoke.py,cls.rg = Generator(cls.bit_generator(*cls.seed))
synthetic,725,generate,New_Code\.venv_sklearn152\Lib\site-packages\numpy\random\tests\test_smoke.py,cls.rg = Generator(cls.bit_generator(*cls.seed))
synthetic,747,generator,New_Code\.venv_sklearn152\Lib\site-packages\numpy\random\tests\test_smoke.py,cls.rg = Generator(cls.bit_generator(*cls.seed))
synthetic,747,generate,New_Code\.venv_sklearn152\Lib\site-packages\numpy\random\tests\test_smoke.py,cls.rg = Generator(cls.bit_generator(*cls.seed))
synthetic,759,generator,New_Code\.venv_sklearn152\Lib\site-packages\numpy\random\tests\test_smoke.py,cls.rg = Generator(cls.bit_generator(*cls.seed))
synthetic,759,generate,New_Code\.venv_sklearn152\Lib\site-packages\numpy\random\tests\test_smoke.py,cls.rg = Generator(cls.bit_generator(*cls.seed))
synthetic,771,generator,New_Code\.venv_sklearn152\Lib\site-packages\numpy\random\tests\test_smoke.py,cls.rg = Generator(cls.bit_generator(*cls.seed))
synthetic,771,generate,New_Code\.venv_sklearn152\Lib\site-packages\numpy\random\tests\test_smoke.py,cls.rg = Generator(cls.bit_generator(*cls.seed))
synthetic,783,generator,New_Code\.venv_sklearn152\Lib\site-packages\numpy\random\tests\test_smoke.py,cls.rg = Generator(cls.bit_generator(*cls.seed))
synthetic,783,generate,New_Code\.venv_sklearn152\Lib\site-packages\numpy\random\tests\test_smoke.py,cls.rg = Generator(cls.bit_generator(*cls.seed))
synthetic,793,generator,New_Code\.venv_sklearn152\Lib\site-packages\numpy\random\tests\test_smoke.py,"# Generator(), but that's okay."
synthetic,793,generate,New_Code\.venv_sklearn152\Lib\site-packages\numpy\random\tests\test_smoke.py,"# Generator(), but that's okay."
synthetic,24,generator,New_Code\.venv_sklearn152\Lib\site-packages\numpy\random\_examples\cffi\extending.py,# Generator.standard_random
synthetic,24,generate,New_Code\.venv_sklearn152\Lib\site-packages\numpy\random\_examples\cffi\extending.py,# Generator.standard_random
synthetic,26,generator,New_Code\.venv_sklearn152\Lib\site-packages\numpy\random\_examples\cffi\extending.py,rng = np.random.Generator(bit_gen)
synthetic,26,generate,New_Code\.venv_sklearn152\Lib\site-packages\numpy\random\_examples\cffi\extending.py,rng = np.random.Generator(bit_gen)
synthetic,35,generator,New_Code\.venv_sklearn152\Lib\site-packages\numpy\random\_examples\numba\extending.py,rg = np.random.Generator(PCG64())
synthetic,35,generate,New_Code\.venv_sklearn152\Lib\site-packages\numpy\random\_examples\numba\extending.py,rg = np.random.Generator(PCG64())
synthetic,1170,generate,New_Code\.venv_sklearn152\Lib\site-packages\numpy\testing\tests\test_utils.py,"# Generate 1 + small deviation, check that adding eps gives a few UNL"
synthetic,1177,generate,New_Code\.venv_sklearn152\Lib\site-packages\numpy\testing\tests\test_utils.py,"# Generate 1 + small deviation, check that adding eps gives a few UNL"
synthetic,194,generate,New_Code\.venv_sklearn152\Lib\site-packages\numpy\testing\_private\extbuild.py,link_extra = link_extra + ['/DEBUG']  # generate .pdb file
synthetic,77,generate,New_Code\.venv_sklearn152\Lib\site-packages\numpy\testing\_private\utils.py,optimized mode (the ``-O`` flag) - no byte-code is generated for it.
synthetic,1829,generator,New_Code\.venv_sklearn152\Lib\site-packages\numpy\testing\_private\utils.py,generator producing data with different alignment and offsets
synthetic,1829,generate,New_Code\.venv_sklearn152\Lib\site-packages\numpy\testing\_private\utils.py,generator producing data with different alignment and offsets
synthetic,327,generate,New_Code\.venv_sklearn152\Lib\site-packages\numpy\tests\test_public_api.py,"""numpy.core.code_generators.generate_umath"","
synthetic,329,generate,New_Code\.venv_sklearn152\Lib\site-packages\numpy\tests\test_public_api.py,"""numpy.core.code_generators.generate_numpy_api"","
synthetic,330,generate,New_Code\.venv_sklearn152\Lib\site-packages\numpy\tests\test_public_api.py,"""numpy.core.code_generators.generate_ufunc_api"","
synthetic,332,generate,New_Code\.venv_sklearn152\Lib\site-packages\numpy\tests\test_public_api.py,"""numpy.core.code_generators.generate_umath_doc"","
synthetic,335,generate,New_Code\.venv_sklearn152\Lib\site-packages\numpy\tests\test_public_api.py,"""numpy.core.generate_numpy_api"","
synthetic,44,generator,New_Code\.venv_sklearn152\Lib\site-packages\numpy\typing\__init__.py,"array(<generator object <genexpr> at ...>, dtype=object)"
synthetic,44,generate,New_Code\.venv_sklearn152\Lib\site-packages\numpy\typing\__init__.py,"array(<generator object <genexpr> at ...>, dtype=object)"
synthetic,62,generator,New_Code\.venv_sklearn152\Lib\site-packages\numpy\typing\__init__.py,"array(<generator object <genexpr> at ...>, dtype=object)"
synthetic,62,generate,New_Code\.venv_sklearn152\Lib\site-packages\numpy\typing\__init__.py,"array(<generator object <genexpr> at ...>, dtype=object)"
synthetic,34,generate,New_Code\.venv_sklearn152\Lib\site-packages\numpy\typing\tests\data\pass\random.py,# Bit Generators
synthetic,61,generate,New_Code\.venv_sklearn152\Lib\site-packages\numpy\typing\tests\data\pass\random.py,seed_seq.generate_state(3)
synthetic,62,generate,New_Code\.venv_sklearn152\Lib\site-packages\numpy\typing\tests\data\pass\random.py,"seed_seq.generate_state(3, ""u4"")"
synthetic,63,generate,New_Code\.venv_sklearn152\Lib\site-packages\numpy\typing\tests\data\pass\random.py,"seed_seq.generate_state(3, ""uint32"")"
synthetic,64,generate,New_Code\.venv_sklearn152\Lib\site-packages\numpy\typing\tests\data\pass\random.py,"seed_seq.generate_state(3, ""u8"")"
synthetic,65,generate,New_Code\.venv_sklearn152\Lib\site-packages\numpy\typing\tests\data\pass\random.py,"seed_seq.generate_state(3, ""uint64"")"
synthetic,66,generate,New_Code\.venv_sklearn152\Lib\site-packages\numpy\typing\tests\data\pass\random.py,"seed_seq.generate_state(3, np.uint32)"
synthetic,67,generate,New_Code\.venv_sklearn152\Lib\site-packages\numpy\typing\tests\data\pass\random.py,"seed_seq.generate_state(3, np.uint64)"
synthetic,70,generator,New_Code\.venv_sklearn152\Lib\site-packages\numpy\typing\tests\data\pass\random.py,def_gen: np.random.Generator = np.random.default_rng()
synthetic,70,generate,New_Code\.venv_sklearn152\Lib\site-packages\numpy\typing\tests\data\pass\random.py,def_gen: np.random.Generator = np.random.default_rng()
synthetic,20,generate,New_Code\.venv_sklearn152\Lib\site-packages\numpy\_pyinstaller\test_pyinstaller.py,# Place all generated files in ``tmp_path``.
synthetic,317,generate,New_Code\.venv_sklearn152\Lib\site-packages\numpy\_utils\_pep440.py,# Generate a key which will be used for sorting
synthetic,428,generate,New_Code\.venv_sklearn152\Lib\site-packages\pandas\conftest.py,nulls_fixture2 = nulls_fixture  # Generate cartesian product of nulls_fixture
synthetic,439,generate,New_Code\.venv_sklearn152\Lib\site-packages\pandas\conftest.py,# Generate cartesian product of unique_nulls_fixture:
synthetic,451,generate,New_Code\.venv_sklearn152\Lib\site-packages\pandas\conftest.py,# Generate cartesian product of np_nat_fixture:
synthetic,481,generate,New_Code\.venv_sklearn152\Lib\site-packages\pandas\conftest.py,# Generate cartesian product of index_or_series fixture:
synthetic,677,generate,New_Code\.venv_sklearn152\Lib\site-packages\pandas\conftest.py,# Needed to generate cartesian product of indices
synthetic,1185,generate,New_Code\.venv_sklearn152\Lib\site-packages\pandas\conftest.py,# Generate cartesian product of tz_aware_fixture:
synthetic,198,generator,New_Code\.venv_sklearn152\Lib\site-packages\pandas\_typing.py,"np.random.Generator,"
synthetic,198,generate,New_Code\.venv_sklearn152\Lib\site-packages\pandas\_typing.py,"np.random.Generator,"
synthetic,8,generate,New_Code\.venv_sklearn152\Lib\site-packages\pandas\_version.py,# Generated by versioneer-0.28
synthetic,258,generate,New_Code\.venv_sklearn152\Lib\site-packages\pandas\__init__.py,- Time series-specific functionality: date range generation and frequency
synthetic,26,generator,New_Code\.venv_sklearn152\Lib\site-packages\pandas\compat\pickle_compat.py,from collections.abc import Generator
synthetic,26,generate,New_Code\.venv_sklearn152\Lib\site-packages\pandas\compat\pickle_compat.py,from collections.abc import Generator
synthetic,253,generator,New_Code\.venv_sklearn152\Lib\site-packages\pandas\compat\pickle_compat.py,"def patch_pickle() -> Generator[None, None, None]:"
synthetic,253,generate,New_Code\.venv_sklearn152\Lib\site-packages\pandas\compat\pickle_compat.py,"def patch_pickle() -> Generator[None, None, None]:"
synthetic,56,generate,New_Code\.venv_sklearn152\Lib\site-packages\pandas\core\apply.py,from pandas.core._numba.executor import generate_apply_looper
synthetic,62,generator,New_Code\.venv_sklearn152\Lib\site-packages\pandas\core\apply.py,"Generator,"
synthetic,62,generate,New_Code\.venv_sklearn152\Lib\site-packages\pandas\core\apply.py,"Generator,"
synthetic,815,generator,New_Code\.venv_sklearn152\Lib\site-packages\pandas\core\apply.py,"def series_generator(self) -> Generator[Series, None, None]:"
synthetic,815,generate,New_Code\.venv_sklearn152\Lib\site-packages\pandas\core\apply.py,"def series_generator(self) -> Generator[Series, None, None]:"
synthetic,821,generate,New_Code\.venv_sklearn152\Lib\site-packages\pandas\core\apply.py,def generate_numba_apply_func(
synthetic,1012,generate,New_Code\.venv_sklearn152\Lib\site-packages\pandas\core\apply.py,nb_looper = generate_apply_looper(
synthetic,1138,generator,New_Code\.venv_sklearn152\Lib\site-packages\pandas\core\apply.py,"def series_generator(self) -> Generator[Series, None, None]:"
synthetic,1138,generate,New_Code\.venv_sklearn152\Lib\site-packages\pandas\core\apply.py,"def series_generator(self) -> Generator[Series, None, None]:"
synthetic,1143,generate,New_Code\.venv_sklearn152\Lib\site-packages\pandas\core\apply.py,def generate_numba_apply_func(
synthetic,1171,generate,New_Code\.venv_sklearn152\Lib\site-packages\pandas\core\apply.py,nb_func = self.generate_numba_apply_func(
synthetic,1248,generator,New_Code\.venv_sklearn152\Lib\site-packages\pandas\core\apply.py,"def series_generator(self) -> Generator[Series, None, None]:"
synthetic,1248,generate,New_Code\.venv_sklearn152\Lib\site-packages\pandas\core\apply.py,"def series_generator(self) -> Generator[Series, None, None]:"
synthetic,1285,generate,New_Code\.venv_sklearn152\Lib\site-packages\pandas\core\apply.py,def generate_numba_apply_func(
synthetic,1314,generate,New_Code\.venv_sklearn152\Lib\site-packages\pandas\core\apply.py,nb_func = self.generate_numba_apply_func(
synthetic,135,generate,New_Code\.venv_sklearn152\Lib\site-packages\pandas\core\base.py,Generates the total memory usage for an object that returns
synthetic,15,generator,New_Code\.venv_sklearn152\Lib\site-packages\pandas\core\common.py,"Generator,"
synthetic,15,generate,New_Code\.venv_sklearn152\Lib\site-packages\pandas\core\common.py,"Generator,"
synthetic,77,generator,New_Code\.venv_sklearn152\Lib\site-packages\pandas\core\common.py,flattened : generator
synthetic,77,generate,New_Code\.venv_sklearn152\Lib\site-packages\pandas\core\common.py,flattened : generator
synthetic,176,generator,New_Code\.venv_sklearn152\Lib\site-packages\pandas\core\common.py,Returns a generator consisting of the arguments that are not None.
synthetic,176,generate,New_Code\.venv_sklearn152\Lib\site-packages\pandas\core\common.py,Returns a generator consisting of the arguments that are not None.
synthetic,422,generator,New_Code\.venv_sklearn152\Lib\site-packages\pandas\core\common.py,def random_state(state: np.random.Generator) -> np.random.Generator:
synthetic,422,generate,New_Code\.venv_sklearn152\Lib\site-packages\pandas\core\common.py,def random_state(state: np.random.Generator) -> np.random.Generator:
synthetic,439,generator,New_Code\.venv_sklearn152\Lib\site-packages\pandas\core\common.py,"state : int, array-like, BitGenerator, Generator, np.random.RandomState, None."
synthetic,439,generate,New_Code\.venv_sklearn152\Lib\site-packages\pandas\core\common.py,"state : int, array-like, BitGenerator, Generator, np.random.RandomState, None."
synthetic,442,generator,New_Code\.venv_sklearn152\Lib\site-packages\pandas\core\common.py,"If receives an np.random RandomState or Generator, just returns that unchanged."
synthetic,442,generate,New_Code\.venv_sklearn152\Lib\site-packages\pandas\core\common.py,"If receives an np.random RandomState or Generator, just returns that unchanged."
synthetic,450,generator,New_Code\.venv_sklearn152\Lib\site-packages\pandas\core\common.py,"np.random.RandomState or np.random.Generator. If state is None, returns np.random"
synthetic,450,generate,New_Code\.venv_sklearn152\Lib\site-packages\pandas\core\common.py,"np.random.RandomState or np.random.Generator. If state is None, returns np.random"
synthetic,457,generator,New_Code\.venv_sklearn152\Lib\site-packages\pandas\core\common.py,"elif isinstance(state, np.random.Generator):"
synthetic,457,generate,New_Code\.venv_sklearn152\Lib\site-packages\pandas\core\common.py,"elif isinstance(state, np.random.Generator):"
synthetic,463,generator,New_Code\.venv_sklearn152\Lib\site-packages\pandas\core\common.py,"""random_state must be an integer, array-like, a BitGenerator, Generator, """
synthetic,463,generate,New_Code\.venv_sklearn152\Lib\site-packages\pandas\core\common.py,"""random_state must be an integer, array-like, a BitGenerator, Generator, """
synthetic,538,generator,New_Code\.venv_sklearn152\Lib\site-packages\pandas\core\common.py,") -> Generator[None, None, None]:"
synthetic,538,generate,New_Code\.venv_sklearn152\Lib\site-packages\pandas\core\common.py,") -> Generator[None, None, None]:"
synthetic,643,generate,New_Code\.venv_sklearn152\Lib\site-packages\pandas\core\construction.py,"# materialize e.g. generators, convert e.g. tuples, abc.ValueView"
synthetic,2252,generate,New_Code\.venv_sklearn152\Lib\site-packages\pandas\core\frame.py,generated according to dtypes of DataFrame columns. See
synthetic,3317,generate,New_Code\.venv_sklearn152\Lib\site-packages\pandas\core\frame.py,Whether the generated HTML is for IPython Notebook.
synthetic,4068,generator,New_Code\.venv_sklearn152\Lib\site-packages\pandas\core\frame.py,# is_iterator to exclude generator e.g. test_getitem_listlike
synthetic,4068,generate,New_Code\.venv_sklearn152\Lib\site-packages\pandas\core\frame.py,# is_iterator to exclude generator e.g. test_getitem_listlike
synthetic,11367,generate,New_Code\.venv_sklearn152\Lib\site-packages\pandas\core\frame.py,If 0 or 'index' counts are generated for each column.
synthetic,11368,generate,New_Code\.venv_sklearn152\Lib\site-packages\pandas\core\frame.py,If 1 or 'columns' counts are generated for each row.
synthetic,2068,generator,New_Code\.venv_sklearn152\Lib\site-packages\pandas\core\generic.py,Generator
synthetic,2068,generate,New_Code\.venv_sklearn152\Lib\site-packages\pandas\core\generic.py,Generator
synthetic,6014,generator,New_Code\.venv_sklearn152\Lib\site-packages\pandas\core\generic.py,"random_state : int, array-like, BitGenerator, np.random.RandomState, np.random.Generator, optional"
synthetic,6014,generate,New_Code\.venv_sklearn152\Lib\site-packages\pandas\core\generic.py,"random_state : int, array-like, BitGenerator, np.random.RandomState, np.random.Generator, optional"
synthetic,6015,generator,New_Code\.venv_sklearn152\Lib\site-packages\pandas\core\generic.py,"If int, array-like, or BitGenerator, seed for random number generator."
synthetic,6015,generate,New_Code\.venv_sklearn152\Lib\site-packages\pandas\core\generic.py,"If int, array-like, or BitGenerator, seed for random number generator."
synthetic,6016,generator,New_Code\.venv_sklearn152\Lib\site-packages\pandas\core\generic.py,"If np.random.RandomState or np.random.Generator, use as given."
synthetic,6016,generate,New_Code\.venv_sklearn152\Lib\site-packages\pandas\core\generic.py,"If np.random.RandomState or np.random.Generator, use as given."
synthetic,6020,generator,New_Code\.venv_sklearn152\Lib\site-packages\pandas\core\generic.py,np.random.Generator objects now accepted
synthetic,6020,generate,New_Code\.venv_sklearn152\Lib\site-packages\pandas\core\generic.py,np.random.Generator objects now accepted
synthetic,6038,generate,New_Code\.venv_sklearn152\Lib\site-packages\pandas\core\generic.py,DataFrameGroupBy.sample: Generates random samples from each group of a
synthetic,6040,generate,New_Code\.venv_sklearn152\Lib\site-packages\pandas\core\generic.py,SeriesGroupBy.sample: Generates random samples from each group of a
synthetic,6042,generate,New_Code\.venv_sklearn152\Lib\site-packages\pandas\core\generic.py,numpy.random.choice: Generates a random sample from a given 1-D numpy
synthetic,6066,sample,New_Code\.venv_sklearn152\Lib\site-packages\pandas\core\generic.py,">>> df['num_legs'].sample(n=3, random_state=1)"
synthetic,6074,sample,New_Code\.venv_sklearn152\Lib\site-packages\pandas\core\generic.py,">>> df.sample(frac=0.5, replace=True, random_state=1)"
synthetic,6082,sample,New_Code\.venv_sklearn152\Lib\site-packages\pandas\core\generic.py,">>> df.sample(frac=2, replace=True, random_state=1)"
synthetic,6096,sample,New_Code\.venv_sklearn152\Lib\site-packages\pandas\core\generic.py,">>> df.sample(n=2, weights='num_specimen_seen', random_state=1)"
synthetic,6118,sample,New_Code\.venv_sklearn152\Lib\site-packages\pandas\core\generic.py,"sampled_indices = sample.sample(obj_len, size, replace, weights, rs)"
synthetic,11742,generate,New_Code\.venv_sklearn152\Lib\site-packages\pandas\core\generic.py,Generate descriptive statistics.
synthetic,13613,generate,New_Code\.venv_sklearn152\Lib\site-packages\pandas\core\generic.py,Generate the docstring for a Series/DataFrame reduction.
synthetic,2329,generate,New_Code\.venv_sklearn152\Lib\site-packages\pandas\core\resample.py,bins = lib.generate_bins_dt64(
synthetic,2460,generate,New_Code\.venv_sklearn152\Lib\site-packages\pandas\core\resample.py,# NaT handling as in pandas._lib.lib.generate_bins_dt64()
synthetic,2509,generate,New_Code\.venv_sklearn152\Lib\site-packages\pandas\core\resample.py,"# when upsampling to subperiods, we need to generate enough bins"
synthetic,2695,generate,New_Code\.venv_sklearn152\Lib\site-packages\pandas\core\resample.py,# NaT handling as in pandas._lib.lib.generate_bins_dt64()
synthetic,2,sample,New_Code\.venv_sklearn152\Lib\site-packages\pandas\core\sample.py,Module containing utilities for NDFrame.sample() and .GroupBy.sample()
synthetic,122,generator,New_Code\.venv_sklearn152\Lib\site-packages\pandas\core\sample.py,"random_state: np.random.RandomState | np.random.Generator,"
synthetic,122,generate,New_Code\.venv_sklearn152\Lib\site-packages\pandas\core\sample.py,"random_state: np.random.RandomState | np.random.Generator,"
synthetic,138,generator,New_Code\.venv_sklearn152\Lib\site-packages\pandas\core\sample.py,random_state: np.random.RandomState or np.random.Generator
synthetic,138,generate,New_Code\.venv_sklearn152\Lib\site-packages\pandas\core\sample.py,random_state: np.random.RandomState or np.random.Generator
synthetic,634,generate,New_Code\.venv_sklearn152\Lib\site-packages\pandas\core\series.py,# using generators in effects the performance.
synthetic,638,generate,New_Code\.venv_sklearn152\Lib\site-packages\pandas\core\series.py,values = list(data.values())  # Generating list of values- faster way
synthetic,1123,generator,New_Code\.venv_sklearn152\Lib\site-packages\pandas\core\series.py,# Convert generator to list before going through hashable part
synthetic,1123,generate,New_Code\.venv_sklearn152\Lib\site-packages\pandas\core\series.py,# Convert generator to list before going through hashable part
synthetic,1124,generator,New_Code\.venv_sklearn152\Lib\site-packages\pandas\core\series.py,# (We will iterate through the generator there to check for slices)
synthetic,1124,generate,New_Code\.venv_sklearn152\Lib\site-packages\pandas\core\series.py,# (We will iterate through the generator there to check for slices)
synthetic,1137,generator,New_Code\.venv_sklearn152\Lib\site-packages\pandas\core\series.py,# InvalidIndexError for e.g. generator
synthetic,1137,generate,New_Code\.venv_sklearn152\Lib\site-packages\pandas\core\series.py,# InvalidIndexError for e.g. generator
synthetic,1381,generator,New_Code\.venv_sklearn152\Lib\site-packages\pandas\core\series.py,"# Without this, the call to infer_dtype will consume the generator"
synthetic,1381,generate,New_Code\.venv_sklearn152\Lib\site-packages\pandas\core\series.py,"# Without this, the call to infer_dtype will consume the generator"
synthetic,1634,generate,New_Code\.venv_sklearn152\Lib\site-packages\pandas\core\series.py,Generate a new DataFrame or Series with the index reset.
synthetic,1677,generate,New_Code\.venv_sklearn152\Lib\site-packages\pandas\core\series.py,Generate a DataFrame with default index.
synthetic,1695,generate,New_Code\.venv_sklearn152\Lib\site-packages\pandas\core\series.py,To generate a new Series with the default set `drop` to True.
synthetic,2473,generate,New_Code\.venv_sklearn152\Lib\site-packages\pandas\core\series.py,Generate a Series with duplicated entries.
synthetic,913,generate,New_Code\.venv_sklearn152\Lib\site-packages\pandas\core\arrays\datetimelike.py,Tries to return a string representing a frequency generated by infer_freq.
synthetic,2431,generator,New_Code\.venv_sklearn152\Lib\site-packages\pandas\core\arrays\datetimelike.py,# i.e. generator
synthetic,2431,generate,New_Code\.venv_sklearn152\Lib\site-packages\pandas\core\arrays\datetimelike.py,# i.e. generator
synthetic,63,generate,New_Code\.venv_sklearn152\Lib\site-packages\pandas\core\arrays\datetimes.py,from pandas.core.arrays._ranges import generate_regular_range
synthetic,463,generate,New_Code\.venv_sklearn152\Lib\site-packages\pandas\core\arrays\datetimes.py,"i8values = generate_regular_range(start, end, periods, freq, unit=unit)"
synthetic,2700,generate,New_Code\.venv_sklearn152\Lib\site-packages\pandas\core\arrays\datetimes.py,# 2) freq = None i.e. generating a linspaced range
synthetic,2721,generate,New_Code\.venv_sklearn152\Lib\site-packages\pandas\core\arrays\datetimes.py,Generates a sequence of dates corresponding to the specified time
synthetic,2735,generate,New_Code\.venv_sklearn152\Lib\site-packages\pandas\core\arrays\datetimes.py,* This method is faster for generating weekdays than dateutil.rrule
synthetic,2742,generator,New_Code\.venv_sklearn152\Lib\site-packages\pandas\core\arrays\datetimes.py,dates : generator object
synthetic,2742,generate,New_Code\.venv_sklearn152\Lib\site-packages\pandas\core\arrays\datetimes.py,dates : generator object
synthetic,160,generate,New_Code\.venv_sklearn152\Lib\site-packages\pandas\core\arrays\numpy_.py,# https://numpy.org/doc/stable/reference/generated/numpy.lib.mixins.NDArrayOperatorsMixin.html
synthetic,60,generate,New_Code\.venv_sklearn152\Lib\site-packages\pandas\core\arrays\timedeltas.py,from pandas.core.arrays._ranges import generate_regular_range
synthetic,304,generate,New_Code\.venv_sklearn152\Lib\site-packages\pandas\core\arrays\timedeltas.py,"index = generate_regular_range(start, end, periods, freq, unit=unit)"
synthetic,2,generate,New_Code\.venv_sklearn152\Lib\site-packages\pandas\core\arrays\_ranges.py,Helper functions to generate range-like data for DatetimeArray
synthetic,24,generate,New_Code\.venv_sklearn152\Lib\site-packages\pandas\core\arrays\_ranges.py,def generate_regular_range(
synthetic,32,generate,New_Code\.venv_sklearn152\Lib\site-packages\pandas\core\arrays\_ranges.py,Generate a range of dates or timestamps with the spans between dates
synthetic,128,generate,New_Code\.venv_sklearn152\Lib\site-packages\pandas\core\arrays\_ranges.py,"msg = f""Cannot generate range with {side}={endpoint} and periods={periods}"""
synthetic,206,generate,New_Code\.venv_sklearn152\Lib\site-packages\pandas\core\arrays\_ranges.py,"f""Cannot generate range with {side}={endpoint} and periods={periods}"""
synthetic,218,generate,New_Code\.venv_sklearn152\Lib\site-packages\pandas\core\computation\expr.py,"""GeneratorExp"","
synthetic,147,generator,New_Code\.venv_sklearn152\Lib\site-packages\pandas\core\computation\parsing.py,"The generator that yields the tokens of the source string (Tuple[int, str])."
synthetic,147,generate,New_Code\.venv_sklearn152\Lib\site-packages\pandas\core\computation\parsing.py,"The generator that yields the tokens of the source string (Tuple[int, str])."
synthetic,148,generator,New_Code\.venv_sklearn152\Lib\site-packages\pandas\core\computation\parsing.py,The generator is at the first token after the backtick (`)
synthetic,148,generate,New_Code\.venv_sklearn152\Lib\site-packages\pandas\core\computation\parsing.py,The generator is at the first token after the backtick (`)
synthetic,185,generate,New_Code\.venv_sklearn152\Lib\site-packages\pandas\core\computation\parsing.py,token_generator = tokenize.generate_tokens(line_reader)
synthetic,182,generate,New_Code\.venv_sklearn152\Lib\site-packages\pandas\core\computation\pytables.py,return True if this is a valid column name for generation (e.g. an
synthetic,202,generate,New_Code\.venv_sklearn152\Lib\site-packages\pandas\core\computation\pytables.py,"def generate(self, v) -> str:"
synthetic,295,generate,New_Code\.venv_sklearn152\Lib\site-packages\pandas\core\computation\pytables.py,"self.generate_filter_op(invert=True),"
synthetic,315,generate,New_Code\.venv_sklearn152\Lib\site-packages\pandas\core\computation\pytables.py,filter_op = self.generate_filter_op()
synthetic,323,generate,New_Code\.venv_sklearn152\Lib\site-packages\pandas\core\computation\pytables.py,filter_op = self.generate_filter_op()
synthetic,333,generate,New_Code\.venv_sklearn152\Lib\site-packages\pandas\core\computation\pytables.py,"def generate_filter_op(self, invert: bool = False):"
synthetic,382,generate,New_Code\.venv_sklearn152\Lib\site-packages\pandas\core\computation\pytables.py,vs = [self.generate(v) for v in values]
synthetic,389,generate,New_Code\.venv_sklearn152\Lib\site-packages\pandas\core\computation\pytables.py,self.condition = self.generate(values[0])
synthetic,257,generator,New_Code\.venv_sklearn152\Lib\site-packages\pandas\core\dtypes\inference.py,a generator) is a nested-list-like without consuming the iterator.
synthetic,257,generate,New_Code\.venv_sklearn152\Lib\site-packages\pandas\core\dtypes\inference.py,a generator) is a nested-list-like without consuming the iterator.
synthetic,1722,generator,New_Code\.venv_sklearn152\Lib\site-packages\pandas\core\groupby\generic.py,# Need to handle the case of an empty generator and process the result so that
synthetic,1722,generate,New_Code\.venv_sklearn152\Lib\site-packages\pandas\core\groupby\generic.py,# Need to handle the case of an empty generator and process the result so that
synthetic,1136,generator,New_Code\.venv_sklearn152\Lib\site-packages\pandas\core\groupby\groupby.py,"Generator yielding sequence of (name, subsetted object)"
synthetic,1136,generate,New_Code\.venv_sklearn152\Lib\site-packages\pandas\core\groupby\groupby.py,"Generator yielding sequence of (name, subsetted object)"
synthetic,1651,generate,New_Code\.venv_sklearn152\Lib\site-packages\pandas\core\groupby\groupby.py,"starts, ends = lib.generate_slices(sorted_ids, ngroups)"
synthetic,1680,generate,New_Code\.venv_sklearn152\Lib\site-packages\pandas\core\groupby\groupby.py,aggregator = executor.generate_shared_aggregator(
synthetic,1710,generate,New_Code\.venv_sklearn152\Lib\site-packages\pandas\core\groupby\groupby.py,to generate the indices of each group in the sorted data and then passes the
synthetic,1718,generate,New_Code\.venv_sklearn152\Lib\site-packages\pandas\core\groupby\groupby.py,numba_transform_func = numba_.generate_numba_transform_func(
synthetic,1746,generate,New_Code\.venv_sklearn152\Lib\site-packages\pandas\core\groupby\groupby.py,to generate the indices of each group in the sorted data and then passes the
synthetic,1754,generate,New_Code\.venv_sklearn152\Lib\site-packages\pandas\core\groupby\groupby.py,numba_agg_func = numba_.generate_numba_agg_func(
synthetic,4394,generate,New_Code\.venv_sklearn152\Lib\site-packages\pandas\core\groupby\groupby.py,"starts, ends = lib.generate_slices(splitter._slabels, splitter.ngroups)"
synthetic,5694,generator,New_Code\.venv_sklearn152\Lib\site-packages\pandas\core\groupby\groupby.py,"random_state : int, array-like, BitGenerator, np.random.RandomState, np.random.Generator, optional"
synthetic,5694,generate,New_Code\.venv_sklearn152\Lib\site-packages\pandas\core\groupby\groupby.py,"random_state : int, array-like, BitGenerator, np.random.RandomState, np.random.Generator, optional"
synthetic,5695,generator,New_Code\.venv_sklearn152\Lib\site-packages\pandas\core\groupby\groupby.py,"If int, array-like, or BitGenerator, seed for random number generator."
synthetic,5695,generate,New_Code\.venv_sklearn152\Lib\site-packages\pandas\core\groupby\groupby.py,"If int, array-like, or BitGenerator, seed for random number generator."
synthetic,5696,generator,New_Code\.venv_sklearn152\Lib\site-packages\pandas\core\groupby\groupby.py,"If np.random.RandomState or np.random.Generator, use as given."
synthetic,5696,generate,New_Code\.venv_sklearn152\Lib\site-packages\pandas\core\groupby\groupby.py,"If np.random.RandomState or np.random.Generator, use as given."
synthetic,5700,generator,New_Code\.venv_sklearn152\Lib\site-packages\pandas\core\groupby\groupby.py,np.random.Generator objects now accepted
synthetic,5700,generate,New_Code\.venv_sklearn152\Lib\site-packages\pandas\core\groupby\groupby.py,np.random.Generator objects now accepted
synthetic,5710,generate,New_Code\.venv_sklearn152\Lib\site-packages\pandas\core\groupby\groupby.py,DataFrame.sample: Generate random samples from a DataFrame object.
synthetic,5711,generate,New_Code\.venv_sklearn152\Lib\site-packages\pandas\core\groupby\groupby.py,numpy.random.choice: Generate a random sample from a given 1-D numpy
synthetic,5731,sample,New_Code\.venv_sklearn152\Lib\site-packages\pandas\core\groupby\groupby.py,">>> df.groupby(""a"").sample(n=1, random_state=1)"
synthetic,5739,sample,New_Code\.venv_sklearn152\Lib\site-packages\pandas\core\groupby\groupby.py,">>> df.groupby(""a"")[""b""].sample(frac=0.5, random_state=2)"
synthetic,5747,sample,New_Code\.venv_sklearn152\Lib\site-packages\pandas\core\groupby\groupby.py,">>> df.groupby(""a"").sample("
synthetic,5780,sample,New_Code\.venv_sklearn152\Lib\site-packages\pandas\core\groupby\groupby.py,grp_sample = sample.sample(
synthetic,65,generate,New_Code\.venv_sklearn152\Lib\site-packages\pandas\core\groupby\numba_.py,def generate_numba_agg_func(
synthetic,72,generate,New_Code\.venv_sklearn152\Lib\site-packages\pandas\core\groupby\numba_.py,Generate a numba jitted agg function specified by values from engine_kwargs.
synthetic,125,generate,New_Code\.venv_sklearn152\Lib\site-packages\pandas\core\groupby\numba_.py,def generate_numba_transform_func(
synthetic,132,generate,New_Code\.venv_sklearn152\Lib\site-packages\pandas\core\groupby\numba_.py,Generate a numba jitted transform function specified by values from engine_kwargs.
synthetic,563,generate,New_Code\.venv_sklearn152\Lib\site-packages\pandas\core\groupby\ops.py,the generated groups
synthetic,615,generator,New_Code\.venv_sklearn152\Lib\site-packages\pandas\core\groupby\ops.py,"Generator yielding sequence of (name, subsetted object)"
synthetic,615,generate,New_Code\.venv_sklearn152\Lib\site-packages\pandas\core\groupby\ops.py,"Generator yielding sequence of (name, subsetted object)"
synthetic,627,generator,New_Code\.venv_sklearn152\Lib\site-packages\pandas\core\groupby\ops.py,Generator yielding subsetted objects
synthetic,627,generate,New_Code\.venv_sklearn152\Lib\site-packages\pandas\core\groupby\ops.py,Generator yielding subsetted objects
synthetic,1033,generator,New_Code\.venv_sklearn152\Lib\site-packages\pandas\core\groupby\ops.py,"Generator yielding sequence of (name, subsetted object)"
synthetic,1033,generate,New_Code\.venv_sklearn152\Lib\site-packages\pandas\core\groupby\ops.py,"Generator yielding sequence of (name, subsetted object)"
synthetic,1153,generator,New_Code\.venv_sklearn152\Lib\site-packages\pandas\core\groupby\ops.py,"# we are inside a generator, rather than raise StopIteration"
synthetic,1153,generate,New_Code\.venv_sklearn152\Lib\site-packages\pandas\core\groupby\ops.py,"# we are inside a generator, rather than raise StopIteration"
synthetic,1157,generate,New_Code\.venv_sklearn152\Lib\site-packages\pandas\core\groupby\ops.py,"starts, ends = lib.generate_slices(self._slabels, self.ngroups)"
synthetic,3095,generate,New_Code\.venv_sklearn152\Lib\site-packages\pandas\core\indexes\base.py,Generate an pandas.Index with duplicate values.
synthetic,7162,generate,New_Code\.venv_sklearn152\Lib\site-packages\pandas\core\indexes\base.py,"# Generated Arithmetic, Comparison, and Unary Methods"
synthetic,154,generate,New_Code\.venv_sklearn152\Lib\site-packages\pandas\core\indexes\datetimes.py,Normalize start/end dates to midnight before generating date range.
synthetic,849,generate,New_Code\.venv_sklearn152\Lib\site-packages\pandas\core\indexes\datetimes.py,Left bound for generating dates.
synthetic,851,generate,New_Code\.venv_sklearn152\Lib\site-packages\pandas\core\indexes\datetimes.py,Right bound for generating dates.
synthetic,853,generate,New_Code\.venv_sklearn152\Lib\site-packages\pandas\core\indexes\datetimes.py,Number of periods to generate.
synthetic,863,generate,New_Code\.venv_sklearn152\Lib\site-packages\pandas\core\indexes\datetimes.py,Normalize start/end dates to midnight before generating date range.
synthetic,902,generate,New_Code\.venv_sklearn152\Lib\site-packages\pandas\core\indexes\datetimes.py,"The next four examples generate the same `DatetimeIndex`, but vary"
synthetic,938,generate,New_Code\.venv_sklearn152\Lib\site-packages\pandas\core\indexes\datetimes.py,"Specify `start`, `end`, and `periods`; the frequency is generated"
synthetic,1041,generate,New_Code\.venv_sklearn152\Lib\site-packages\pandas\core\indexes\datetimes.py,Left bound for generating dates.
synthetic,1043,generate,New_Code\.venv_sklearn152\Lib\site-packages\pandas\core\indexes\datetimes.py,Right bound for generating dates.
synthetic,1045,generate,New_Code\.venv_sklearn152\Lib\site-packages\pandas\core\indexes\datetimes.py,Number of periods to generate.
synthetic,1053,generate,New_Code\.venv_sklearn152\Lib\site-packages\pandas\core\indexes\datetimes.py,Normalize start/end dates to midnight before generating date range.
synthetic,979,generate,New_Code\.venv_sklearn152\Lib\site-packages\pandas\core\indexes\interval.py,Left bound for generating intervals.
synthetic,981,generate,New_Code\.venv_sklearn152\Lib\site-packages\pandas\core\indexes\interval.py,Right bound for generating intervals.
synthetic,983,generate,New_Code\.venv_sklearn152\Lib\site-packages\pandas\core\indexes\interval.py,Number of periods to generate.
synthetic,1047,generate,New_Code\.venv_sklearn152\Lib\site-packages\pandas\core\indexes\interval.py,"Specify ``start``, ``end``, and ``periods``; the frequency is generated"
synthetic,5,generator,New_Code\.venv_sklearn152\Lib\site-packages\pandas\core\indexes\multi.py,"Generator,"
synthetic,5,generate,New_Code\.venv_sklearn152\Lib\site-packages\pandas\core\indexes\multi.py,"Generator,"
synthetic,2577,generator,New_Code\.venv_sklearn152\Lib\site-packages\pandas\core\indexes\multi.py,") -> Generator[np.ndarray, None, None]:"
synthetic,2577,generate,New_Code\.venv_sklearn152\Lib\site-packages\pandas\core\indexes\multi.py,") -> Generator[np.ndarray, None, None]:"
synthetic,2742,generate,New_Code\.venv_sklearn152\Lib\site-packages\pandas\core\indexes\multi.py,"# We have to explicitly exclude generators, as these are hashable."
synthetic,3371,generate,New_Code\.venv_sklearn152\Lib\site-packages\pandas\core\indexes\multi.py,# a partial date slicer on a DatetimeIndex generates a slice
synthetic,3616,generate,New_Code\.venv_sklearn152\Lib\site-packages\pandas\core\indexes\multi.py,# Generate a map with all level codes as sorted initially
synthetic,3988,generator,New_Code\.venv_sklearn152\Lib\site-packages\pandas\core\indexes\multi.py,"if isinstance(values, Generator):"
synthetic,3988,generate,New_Code\.venv_sklearn152\Lib\site-packages\pandas\core\indexes\multi.py,"if isinstance(values, Generator):"
synthetic,562,generate,New_Code\.venv_sklearn152\Lib\site-packages\pandas\core\indexes\period.py,Left bound for generating periods.
synthetic,564,generate,New_Code\.venv_sklearn152\Lib\site-packages\pandas\core\indexes\period.py,Right bound for generating periods.
synthetic,566,generate,New_Code\.venv_sklearn152\Lib\site-packages\pandas\core\indexes\period.py,Number of periods to generate.
synthetic,282,generate,New_Code\.venv_sklearn152\Lib\site-packages\pandas\core\indexes\timedeltas.py,Left bound for generating timedeltas.
synthetic,284,generate,New_Code\.venv_sklearn152\Lib\site-packages\pandas\core\indexes\timedeltas.py,Right bound for generating timedeltas.
synthetic,286,generate,New_Code\.venv_sklearn152\Lib\site-packages\pandas\core\indexes\timedeltas.py,Number of periods to generate.
synthetic,335,generate,New_Code\.venv_sklearn152\Lib\site-packages\pandas\core\indexes\timedeltas.py,"Specify ``start``, ``end``, and ``periods``; the frequency is generated"
synthetic,1529,generate,New_Code\.venv_sklearn152\Lib\site-packages\pandas\core\internals\managers.py,will do inference on the generated blocks.
synthetic,11,generate,New_Code\.venv_sklearn152\Lib\site-packages\pandas\core\ops\docstrings.py,to attach to a generated method.
synthetic,148,generate,New_Code\.venv_sklearn152\Lib\site-packages\pandas\core\reshape\reshape.py,"f""The following operation may generate {num_cells} cells """
synthetic,257,generator,New_Code\.venv_sklearn152\Lib\site-packages\pandas\core\tools\timedeltas.py,"#  generator, we return a useful list-like instead of a"
synthetic,257,generate,New_Code\.venv_sklearn152\Lib\site-packages\pandas\core\tools\timedeltas.py,"#  generator, we return a useful list-like instead of a"
synthetic,258,generator,New_Code\.venv_sklearn152\Lib\site-packages\pandas\core\tools\timedeltas.py,#  used-up generator
synthetic,258,generate,New_Code\.venv_sklearn152\Lib\site-packages\pandas\core\tools\timedeltas.py,#  used-up generator
synthetic,171,generator,New_Code\.venv_sklearn152\Lib\site-packages\pandas\core\util\hashing.py,# keep `hashes` specifically a generator to keep mypy happy
synthetic,171,generate,New_Code\.venv_sklearn152\Lib\site-packages\pandas\core\util\hashing.py,# keep `hashes` specifically a generator to keep mypy happy
synthetic,45,generate,New_Code\.venv_sklearn152\Lib\site-packages\pandas\core\window\ewm.py,"generate_numba_ewm_func,"
synthetic,46,generate,New_Code\.venv_sklearn152\Lib\site-packages\pandas\core\window\ewm.py,"generate_numba_ewm_table_func,"
synthetic,50,generate,New_Code\.venv_sklearn152\Lib\site-packages\pandas\core\window\ewm.py,"generate_online_numba_ewma_func,"
synthetic,540,generate,New_Code\.venv_sklearn152\Lib\site-packages\pandas\core\window\ewm.py,func = generate_numba_ewm_func
synthetic,542,generate,New_Code\.venv_sklearn152\Lib\site-packages\pandas\core\window\ewm.py,func = generate_numba_ewm_table_func
synthetic,606,generate,New_Code\.venv_sklearn152\Lib\site-packages\pandas\core\window\ewm.py,func = generate_numba_ewm_func
synthetic,608,generate,New_Code\.venv_sklearn152\Lib\site-packages\pandas\core\window\ewm.py,func = generate_numba_ewm_table_func
synthetic,1082,generate,New_Code\.venv_sklearn152\Lib\site-packages\pandas\core\window\ewm.py,ewma_func = generate_online_numba_ewma_func(
synthetic,21,generate,New_Code\.venv_sklearn152\Lib\site-packages\pandas\core\window\numba_.py,def generate_numba_apply_func(
synthetic,28,generate,New_Code\.venv_sklearn152\Lib\site-packages\pandas\core\window\numba_.py,Generate a numba jitted apply function specified by values from engine_kwargs.
synthetic,81,generate,New_Code\.venv_sklearn152\Lib\site-packages\pandas\core\window\numba_.py,def generate_numba_ewm_func(
synthetic,92,generate,New_Code\.venv_sklearn152\Lib\site-packages\pandas\core\window\numba_.py,Generate a numba jitted ewm mean or sum function specified by values
synthetic,179,generate,New_Code\.venv_sklearn152\Lib\site-packages\pandas\core\window\numba_.py,def generate_numba_table_func(
synthetic,186,generate,New_Code\.venv_sklearn152\Lib\site-packages\pandas\core\window\numba_.py,Generate a numba jitted function to apply window calculations table-wise.
synthetic,245,generate,New_Code\.venv_sklearn152\Lib\site-packages\pandas\core\window\numba_.py,def generate_manual_numpy_nan_agg_with_axis(nan_func):
synthetic,263,generate,New_Code\.venv_sklearn152\Lib\site-packages\pandas\core\window\numba_.py,def generate_numba_ewm_table_func(
synthetic,274,generate,New_Code\.venv_sklearn152\Lib\site-packages\pandas\core\window\numba_.py,Generate a numba jitted ewm mean or sum function applied table wise specified
synthetic,10,generate,New_Code\.venv_sklearn152\Lib\site-packages\pandas\core\window\online.py,def generate_online_numba_ewma_func(
synthetic,16,generate,New_Code\.venv_sklearn152\Lib\site-packages\pandas\core\window\online.py,Generate a numba jitted groupby ewma function specified by values
synthetic,89,generate,New_Code\.venv_sklearn152\Lib\site-packages\pandas\core\window\rolling.py,"generate_manual_numpy_nan_agg_with_axis,"
synthetic,90,generate,New_Code\.venv_sklearn152\Lib\site-packages\pandas\core\window\rolling.py,"generate_numba_apply_func,"
synthetic,91,generate,New_Code\.venv_sklearn152\Lib\site-packages\pandas\core\window\rolling.py,"generate_numba_table_func,"
synthetic,654,generate,New_Code\.venv_sklearn152\Lib\site-packages\pandas\core\window\rolling.py,aggregator = executor.generate_shared_aggregator(
synthetic,1154,generate,New_Code\.venv_sklearn152\Lib\site-packages\pandas\core\window\rolling.py,"""scipy.signal.windows"", extra=""Scipy is required to generate window weight."""
synthetic,1494,generate,New_Code\.venv_sklearn152\Lib\site-packages\pandas\core\window\rolling.py,apply_func = generate_numba_apply_func(
synthetic,1498,generate,New_Code\.venv_sklearn152\Lib\site-packages\pandas\core\window\rolling.py,apply_func = generate_numba_table_func(
synthetic,1547,generate,New_Code\.venv_sklearn152\Lib\site-packages\pandas\core\window\rolling.py,func = generate_manual_numpy_nan_agg_with_axis(np.nansum)
synthetic,1569,generate,New_Code\.venv_sklearn152\Lib\site-packages\pandas\core\window\rolling.py,func = generate_manual_numpy_nan_agg_with_axis(np.nanmax)
synthetic,1591,generate,New_Code\.venv_sklearn152\Lib\site-packages\pandas\core\window\rolling.py,func = generate_manual_numpy_nan_agg_with_axis(np.nanmin)
synthetic,1613,generate,New_Code\.venv_sklearn152\Lib\site-packages\pandas\core\window\rolling.py,func = generate_manual_numpy_nan_agg_with_axis(np.nanmean)
synthetic,1635,generate,New_Code\.venv_sklearn152\Lib\site-packages\pandas\core\window\rolling.py,func = generate_manual_numpy_nan_agg_with_axis(np.nanmedian)
synthetic,19,generate,New_Code\.venv_sklearn152\Lib\site-packages\pandas\core\_numba\executor.py,"def generate_apply_looper(func, nopython=True, nogil=True, parallel=False):"
synthetic,158,generate,New_Code\.venv_sklearn152\Lib\site-packages\pandas\core\_numba\executor.py,def generate_shared_aggregator(
synthetic,167,generate,New_Code\.venv_sklearn152\Lib\site-packages\pandas\core\_numba\executor.py,Generate a Numba function that loops over the columns 2D object and applies
synthetic,431,generate,New_Code\.venv_sklearn152\Lib\site-packages\pandas\core\_numba\extensions.py,"def generate_series_reduction(ser_reduction, ser_method):"
synthetic,442,generate,New_Code\.venv_sklearn152\Lib\site-packages\pandas\core\_numba\extensions.py,def generate_series_binop(binop):
synthetic,480,generate,New_Code\.venv_sklearn152\Lib\site-packages\pandas\core\_numba\extensions.py,"generate_series_reduction(reduction, reduction_method)"
synthetic,485,generate,New_Code\.venv_sklearn152\Lib\site-packages\pandas\core\_numba\extensions.py,generate_series_binop(ser_binop)
synthetic,1516,generator,New_Code\.venv_sklearn152\Lib\site-packages\pandas\io\pytables.py,"This generator will yield the group path, subgroups and pandas object"
synthetic,1516,generate,New_Code\.venv_sklearn152\Lib\site-packages\pandas\io\pytables.py,"This generator will yield the group path, subgroups and pandas object"
synthetic,5358,generate,New_Code\.venv_sklearn152\Lib\site-packages\pandas\io\pytables.py,self.terms = self.generate(where)
synthetic,5364,generate,New_Code\.venv_sklearn152\Lib\site-packages\pandas\io\pytables.py,"def generate(self, where):"
synthetic,5389,generate,New_Code\.venv_sklearn152\Lib\site-packages\pandas\io\pytables.py,generate the selection
synthetic,5401,generate,New_Code\.venv_sklearn152\Lib\site-packages\pandas\io\pytables.py,generate the selection
synthetic,1006,generator,New_Code\.venv_sklearn152\Lib\site-packages\pandas\io\sql.py,data_iter : generator of list
synthetic,1006,generate,New_Code\.venv_sklearn152\Lib\site-packages\pandas\io\sql.py,data_iter : generator of list
synthetic,1138,generator,New_Code\.venv_sklearn152\Lib\site-packages\pandas\io\sql.py,"""""""Return generator through chunked result set."""""""
synthetic,1138,generate,New_Code\.venv_sklearn152\Lib\site-packages\pandas\io\sql.py,"""""""Return generator through chunked result set."""""""
synthetic,1750,generator,New_Code\.venv_sklearn152\Lib\site-packages\pandas\io\sql.py,"""""""Return generator through chunked result set"""""""
synthetic,1750,generate,New_Code\.venv_sklearn152\Lib\site-packages\pandas\io\sql.py,"""""""Return generator through chunked result set"""""""
synthetic,2699,generator,New_Code\.venv_sklearn152\Lib\site-packages\pandas\io\sql.py,"""""""Return generator through chunked result set"""""""
synthetic,2699,generate,New_Code\.venv_sklearn152\Lib\site-packages\pandas\io\sql.py,"""""""Return generator through chunked result set"""""""
synthetic,739,generate,New_Code\.venv_sklearn152\Lib\site-packages\pandas\io\stata.py,"def generate_value_label(self, byteorder: str) -> bytes:"
synthetic,741,generate,New_Code\.venv_sklearn152\Lib\site-packages\pandas\io\stata.py,Generate the binary representation of the value labels.
synthetic,2802,generate,New_Code\.venv_sklearn152\Lib\site-packages\pandas\io\stata.py,self._write_bytes(vl.generate_value_label(self._byteorder))
synthetic,3089,generate,New_Code\.venv_sklearn152\Lib\site-packages\pandas\io\stata.py,"def generate_table(self) -> tuple[dict[str, tuple[int, int]], DataFrame]:"
synthetic,3091,generate,New_Code\.venv_sklearn152\Lib\site-packages\pandas\io\stata.py,Generates the GSO lookup table for the DataFrame
synthetic,3140,generate,New_Code\.venv_sklearn152\Lib\site-packages\pandas\io\stata.py,"def generate_blob(self, gso_table: dict[str, tuple[int, int]]) -> bytes:"
synthetic,3142,generate,New_Code\.venv_sklearn152\Lib\site-packages\pandas\io\stata.py,Generates the binary blob of GSOs that is written to the dta file.
synthetic,3529,generate,New_Code\.venv_sklearn152\Lib\site-packages\pandas\io\stata.py,lab = vl.generate_value_label(self._byteorder)
synthetic,3563,generate,New_Code\.venv_sklearn152\Lib\site-packages\pandas\io\stata.py,"tab, new_data = ssw.generate_table()"
synthetic,3565,generate,New_Code\.venv_sklearn152\Lib\site-packages\pandas\io\stata.py,self._strl_blob = ssw.generate_blob(tab)
synthetic,978,generate,New_Code\.venv_sklearn152\Lib\site-packages\pandas\io\xml.py,reference nodes of transformed XML document generated after XSLT
synthetic,1190,generator,New_Code\.venv_sklearn152\Lib\site-packages\pandas\io\excel\_base.py,cells : generator
synthetic,1190,generate,New_Code\.venv_sklearn152\Lib\site-packages\pandas\io\excel\_base.py,cells : generator
synthetic,18,generator,New_Code\.venv_sklearn152\Lib\site-packages\pandas\io\formats\css.py,"Generator,"
synthetic,18,generate,New_Code\.venv_sklearn152\Lib\site-packages\pandas\io\formats\css.py,"Generator,"
synthetic,38,generator,New_Code\.venv_sklearn152\Lib\site-packages\pandas\io\formats\css.py,"def expand(self, prop, value: str) -> Generator[tuple[str, str], None, None]:"
synthetic,38,generate,New_Code\.venv_sklearn152\Lib\site-packages\pandas\io\formats\css.py,"def expand(self, prop, value: str) -> Generator[tuple[str, str], None, None]:"
synthetic,83,generator,New_Code\.venv_sklearn152\Lib\site-packages\pandas\io\formats\css.py,"def expand(self, prop, value: str) -> Generator[tuple[str, str], None, None]:"
synthetic,83,generate,New_Code\.venv_sklearn152\Lib\site-packages\pandas\io\formats\css.py,"def expand(self, prop, value: str) -> Generator[tuple[str, str], None, None]:"
synthetic,387,generator,New_Code\.venv_sklearn152\Lib\site-packages\pandas\io\formats\css.py,"def atomize(self, declarations: Iterable) -> Generator[tuple[str, str], None, None]:"
synthetic,387,generate,New_Code\.venv_sklearn152\Lib\site-packages\pandas\io\formats\css.py,"def atomize(self, declarations: Iterable) -> Generator[tuple[str, str], None, None]:"
synthetic,399,generate,New_Code\.venv_sklearn152\Lib\site-packages\pandas\io\formats\css.py,"Generates (prop, value) pairs from declarations."
synthetic,401,generate,New_Code\.venv_sklearn152\Lib\site-packages\pandas\io\formats\css.py,In a future version may generate parsed tokens from tinycss/tinycss2
synthetic,8,generator,New_Code\.venv_sklearn152\Lib\site-packages\pandas\io\formats\format.py,"Generator,"
synthetic,8,generate,New_Code\.venv_sklearn152\Lib\site-packages\pandas\io\formats\format.py,"Generator,"
synthetic,913,generate,New_Code\.venv_sklearn152\Lib\site-packages\pandas\io\formats\format.py,Whether the generated HTML is for IPython Notebook.
synthetic,1044,generator,New_Code\.venv_sklearn152\Lib\site-packages\pandas\io\formats\format.py,") -> Generator[WriteBuffer[str], None, None] | Generator[StringIO, None, None]:"
synthetic,1044,generate,New_Code\.venv_sklearn152\Lib\site-packages\pandas\io\formats\format.py,") -> Generator[WriteBuffer[str], None, None] | Generator[StringIO, None, None]:"
synthetic,145,generate,New_Code\.venv_sklearn152\Lib\site-packages\pandas\io\formats\info.py,DataFrame.describe: Generate descriptive statistics of DataFrame
synthetic,226,generate,New_Code\.venv_sklearn152\Lib\site-packages\pandas\io\formats\info.py,Series.describe: Generate descriptive statistics of Series.
synthetic,876,generator,New_Code\.venv_sklearn152\Lib\site-packages\pandas\io\formats\info.py,Generator function yielding rows content.
synthetic,876,generate,New_Code\.venv_sklearn152\Lib\site-packages\pandas\io\formats\info.py,Generator function yielding rows content.
synthetic,78,generate,New_Code\.venv_sklearn152\Lib\site-packages\pandas\io\formats\printing.py,# pprinting utility functions for generating Unicode text or
synthetic,183,generate,New_Code\.venv_sklearn152\Lib\site-packages\pandas\io\formats\string.py,# and then generate string representation
synthetic,61,generator,New_Code\.venv_sklearn152\Lib\site-packages\pandas\io\formats\style.py,"Generator,"
synthetic,61,generate,New_Code\.venv_sklearn152\Lib\site-packages\pandas\io\formats\style.py,"Generator,"
synthetic,94,generator,New_Code\.venv_sklearn152\Lib\site-packages\pandas\io\formats\style.py,"def _mpl(func: Callable) -> Generator[tuple[Any, Any], None, None]:"
synthetic,94,generate,New_Code\.venv_sklearn152\Lib\site-packages\pandas\io\formats\style.py,"def _mpl(func: Callable) -> Generator[tuple[Any, Any], None, None]:"
synthetic,145,generate,New_Code\.venv_sklearn152\Lib\site-packages\pandas\io\formats\style.py,A unique identifier to avoid CSS collisions; generated automatically.
synthetic,162,generate,New_Code\.venv_sklearn152\Lib\site-packages\pandas\io\formats\style.py,"If ``uuid`` is not specified, the length of the ``uuid`` to randomly generate"
synthetic,217,generate,New_Code\.venv_sklearn152\Lib\site-packages\pandas\io\formats\style.py,the generated HTML.
synthetic,219,generate,New_Code\.venv_sklearn152\Lib\site-packages\pandas\io\formats\style.py,CSS classes are attached to the generated HTML
synthetic,420,generate,New_Code\.venv_sklearn152\Lib\site-packages\pandas\io\formats\style.py,Set the DataFrame of strings on ``Styler`` generating ``:hover`` tooltips.
synthetic,3968,generate,New_Code\.venv_sklearn152\Lib\site-packages\pandas\io\formats\style.py,Generate CSS code to draw a bar from start to end in a table cell.
synthetic,156,generate,New_Code\.venv_sklearn152\Lib\site-packages\pandas\io\formats\style_render.py,Computes and applies styles and then generates the general render dicts.
synthetic,202,generate,New_Code\.venv_sklearn152\Lib\site-packages\pandas\io\formats\style_render.py,Generates a dict with necessary kwargs passed to jinja2 template.
synthetic,435,generate,New_Code\.venv_sklearn152\Lib\site-packages\pandas\io\formats\style_render.py,Generate the row containing column headers:
synthetic,530,generate,New_Code\.venv_sklearn152\Lib\site-packages\pandas\io\formats\style_render.py,Generate the row containing index names
synthetic,677,generate,New_Code\.venv_sklearn152\Lib\site-packages\pandas\io\formats\style_render.py,"When a render has too many rows we generate a trimming row containing ""..."""
synthetic,736,generate,New_Code\.venv_sklearn152\Lib\site-packages\pandas\io\formats\style_render.py,Generate a regular row for the body section of appropriate format.
synthetic,63,generate,New_Code\.venv_sklearn152\Lib\site-packages\pandas\io\json\_normalize.py,"Nested records will generate names separated by sep,"
synthetic,146,generate,New_Code\.venv_sklearn152\Lib\site-packages\pandas\io\json\_normalize.py,"Nested records will generate names separated by sep,"
synthetic,175,generate,New_Code\.venv_sklearn152\Lib\site-packages\pandas\io\json\_normalize.py,"Nested records will generate names separated by sep,"
synthetic,208,generate,New_Code\.venv_sklearn152\Lib\site-packages\pandas\io\json\_normalize.py,"Nested records will generate names separated by sep,"
synthetic,281,generate,New_Code\.venv_sklearn152\Lib\site-packages\pandas\io\json\_normalize.py,Nested records will generate names separated by sep.
synthetic,442,generator,New_Code\.venv_sklearn152\Lib\site-packages\pandas\io\json\_normalize.py,# generator input
synthetic,442,generate,New_Code\.venv_sklearn152\Lib\site-packages\pandas\io\json\_normalize.py,# generator input
synthetic,400,generate,New_Code\.venv_sklearn152\Lib\site-packages\pandas\io\parsers\readers.py,<https://arrow.apache.org/docs/python/generated/pyarrow.csv.ParseOptions.html
synthetic,1326,generate,New_Code\.venv_sklearn152\Lib\site-packages\pandas\plotting\_core.py,generated data.
synthetic,1335,generate,New_Code\.venv_sklearn152\Lib\site-packages\pandas\plotting\_core.py,You can also generate groupings if you specify the `by` parameter (which
synthetic,1399,generate,New_Code\.venv_sklearn152\Lib\site-packages\pandas\plotting\_core.py,A grouped histogram can be generated by providing the parameter `by` (which
synthetic,1418,generate,New_Code\.venv_sklearn152\Lib\site-packages\pandas\plotting\_core.py,Generate Kernel Density Estimate plot using Gaussian kernels.
synthetic,1607,generate,New_Code\.venv_sklearn152\Lib\site-packages\pandas\plotting\_core.py,Generate a pie plot.
synthetic,1630,generate,New_Code\.venv_sklearn152\Lib\site-packages\pandas\plotting\_core.py,Series.plot.pie : Generate a pie plot for a Series.
synthetic,1760,generate,New_Code\.venv_sklearn152\Lib\site-packages\pandas\plotting\_core.py,Generate a hexagonal binning plot.
synthetic,1762,generate,New_Code\.venv_sklearn152\Lib\site-packages\pandas\plotting\_core.py,Generate a hexagonal binning plot of `x` versus `y`. If `C` is `None`
synthetic,1808,generate,New_Code\.venv_sklearn152\Lib\site-packages\pandas\plotting\_core.py,The following examples are generated with random data from
synthetic,13,generator,New_Code\.venv_sklearn152\Lib\site-packages\pandas\plotting\_misc.py,"Generator,"
synthetic,13,generate,New_Code\.venv_sklearn152\Lib\site-packages\pandas\plotting\_misc.py,"Generator,"
synthetic,332,generate,New_Code\.venv_sklearn152\Lib\site-packages\pandas\plotting\_misc.py,Generate a matplotlib plot for visualizing clusters of multivariate data.
synthetic,403,generate,New_Code\.venv_sklearn152\Lib\site-packages\pandas\plotting\_misc.py,"generate bootstrapping plots for mean, median and mid-range statistics"
synthetic,675,generator,New_Code\.venv_sklearn152\Lib\site-packages\pandas\plotting\_misc.py,"def use(self, key, value) -> Generator[_Options, None, None]:"
synthetic,675,generate,New_Code\.venv_sklearn152\Lib\site-packages\pandas\plotting\_misc.py,"def use(self, key, value) -> Generator[_Options, None, None]:"
synthetic,65,generator,New_Code\.venv_sklearn152\Lib\site-packages\pandas\plotting\_matplotlib\converter.py,from collections.abc import Generator
synthetic,65,generate,New_Code\.venv_sklearn152\Lib\site-packages\pandas\plotting\_matplotlib\converter.py,from collections.abc import Generator
synthetic,101,generator,New_Code\.venv_sklearn152\Lib\site-packages\pandas\plotting\_matplotlib\converter.py,"def pandas_converters() -> Generator[None, None, None]:"
synthetic,101,generate,New_Code\.venv_sklearn152\Lib\site-packages\pandas\plotting\_matplotlib\converter.py,"def pandas_converters() -> Generator[None, None, None]:"
synthetic,425,generate,New_Code\.venv_sklearn152\Lib\site-packages\pandas\plotting\_matplotlib\converter.py,"""MillisecondLocator estimated to generate """
synthetic,498,generate,New_Code\.venv_sklearn152\Lib\site-packages\pandas\plotting\_matplotlib\core.py,def generate(self) -> None:
synthetic,246,generate,New_Code\.venv_sklearn152\Lib\site-packages\pandas\plotting\_matplotlib\misc.py,# Generate the harmonics and arguments for the sin and cos
synthetic,301,sample,New_Code\.venv_sklearn152\Lib\site-packages\pandas\plotting\_matplotlib\misc.py,"# random.sample(ndarray, int) fails on python 3.3, sigh"
synthetic,303,sample,New_Code\.venv_sklearn152\Lib\site-packages\pandas\plotting\_matplotlib\misc.py,"samplings = [random.sample(data, size) for _ in range(samples)]"
synthetic,71,generate,New_Code\.venv_sklearn152\Lib\site-packages\pandas\plotting\_matplotlib\__init__.py,plot_obj.generate()
synthetic,1725,sample,New_Code\.venv_sklearn152\Lib\site-packages\pandas\tests\test_algos.py,"s_duplicated = s.sample(frac=3, replace=True).reset_index(drop=True)"
synthetic,1764,sample,New_Code\.venv_sklearn152\Lib\site-packages\pandas\tests\test_algos.py,"s_duplicated = s.sample(frac=3, replace=True).reset_index(drop=True)"
synthetic,89,generator,New_Code\.venv_sklearn152\Lib\site-packages\pandas\tests\test_common.py,"""random_state must be an integer, array-like, a BitGenerator, Generator, """
synthetic,89,generate,New_Code\.venv_sklearn152\Lib\site-packages\pandas\tests\test_common.py,"""random_state must be an integer, array-like, a BitGenerator, Generator, """
synthetic,921,generate,New_Code\.venv_sklearn152\Lib\site-packages\pandas\tests\test_nanops.py,# Generate some sample data.
synthetic,1,generator,New_Code\.venv_sklearn152\Lib\site-packages\pandas\tests\test_register_accessor.py,from collections.abc import Generator
synthetic,1,generate,New_Code\.venv_sklearn152\Lib\site-packages\pandas\tests\test_register_accessor.py,from collections.abc import Generator
synthetic,27,generator,New_Code\.venv_sklearn152\Lib\site-packages\pandas\tests\test_register_accessor.py,"def ensure_removed(obj, attr) -> Generator[None, None, None]:"
synthetic,27,generate,New_Code\.venv_sklearn152\Lib\site-packages\pandas\tests\test_register_accessor.py,"def ensure_removed(obj, attr) -> Generator[None, None, None]:"
synthetic,59,generate,New_Code\.venv_sklearn152\Lib\site-packages\pandas\tests\arithmetic\test_interval.py,Fixture to generate an IntervalArray of various dtypes containing NA if possible
synthetic,298,generator,New_Code\.venv_sklearn152\Lib\site-packages\pandas\tests\arrays\categorical\test_constructors.py,# returned a scalar for a generator
synthetic,298,generate,New_Code\.venv_sklearn152\Lib\site-packages\pandas\tests\arrays\categorical\test_constructors.py,# returned a scalar for a generator
synthetic,308,generate,New_Code\.venv_sklearn152\Lib\site-packages\pandas\tests\arrays\categorical\test_constructors.py,# check that categories accept generators and sequences
synthetic,33,generate,New_Code\.venv_sklearn152\Lib\site-packages\pandas\tests\arrays\interval\test_overlaps.py,Fixture for generating intervals of different types from a start value
synthetic,34,generate,New_Code\.venv_sklearn152\Lib\site-packages\pandas\tests\arrays\interval\test_overlaps.py,and a shift value that can be added to start to generate an endpoint.
synthetic,150,generator,New_Code\.venv_sklearn152\Lib\site-packages\pandas\tests\dtypes\test_inference.py,"((x for x in [1, 2]), True, ""generator""),"
synthetic,150,generate,New_Code\.venv_sklearn152\Lib\site-packages\pandas\tests\dtypes\test_inference.py,"((x for x in [1, 2]), True, ""generator""),"
synthetic,151,generator,New_Code\.venv_sklearn152\Lib\site-packages\pandas\tests\dtypes\test_inference.py,"((_ for _ in []), True, ""generator-empty""),"
synthetic,151,generate,New_Code\.venv_sklearn152\Lib\site-packages\pandas\tests\dtypes\test_inference.py,"((_ for _ in []), True, ""generator-empty""),"
synthetic,63,generate,New_Code\.venv_sklearn152\Lib\site-packages\pandas\tests\extension\conftest.py,Generate many datasets.
synthetic,71,generator,New_Code\.venv_sklearn152\Lib\site-packages\pandas\tests\extension\conftest.py,"Callable[[int], Generator]:"
synthetic,71,generate,New_Code\.venv_sklearn152\Lib\site-packages\pandas\tests\extension\conftest.py,"Callable[[int], Generator]:"
synthetic,73,generator,New_Code\.venv_sklearn152\Lib\site-packages\pandas\tests\extension\conftest.py,returns a generator yielding `count` datasets.
synthetic,73,generate,New_Code\.venv_sklearn152\Lib\site-packages\pandas\tests\extension\conftest.py,returns a generator yielding `count` datasets.
synthetic,821,generate,New_Code\.venv_sklearn152\Lib\site-packages\pandas\tests\extension\test_arrow.py,# (because it generates expected on python scalars)
synthetic,241,generate,New_Code\.venv_sklearn152\Lib\site-packages\pandas\tests\extension\test_masked.py,# combine with bools does not generate the correct result
synthetic,1284,generator,New_Code\.venv_sklearn152\Lib\site-packages\pandas\tests\frame\test_constructors.py,# Empty generator: list(empty_gen()) == []
synthetic,1284,generate,New_Code\.venv_sklearn152\Lib\site-packages\pandas\tests\frame\test_constructors.py,# Empty generator: list(empty_gen()) == []
synthetic,2324,generate,New_Code\.venv_sklearn152\Lib\site-packages\pandas\tests\frame\test_constructors.py,# Empty DataFrame is generated via dictionary data with non-overlapping columns.
synthetic,2334,generate,New_Code\.venv_sklearn152\Lib\site-packages\pandas\tests\frame\test_constructors.py,# Empty DataFrame is generated via dictionary data with non-overlapping columns.
synthetic,2140,generate,New_Code\.venv_sklearn152\Lib\site-packages\pandas\tests\frame\test_stack_unstack.py,# Generate Long File & Test Pivot
synthetic,2194,generate,New_Code\.venv_sklearn152\Lib\site-packages\pandas\tests\frame\test_stack_unstack.py,"msg = ""The following operation may generate"""
synthetic,366,generator,New_Code\.venv_sklearn152\Lib\site-packages\pandas\tests\frame\constructors\test_from_records.py,generator = tuple_generator(10)
synthetic,366,generate,New_Code\.venv_sklearn152\Lib\site-packages\pandas\tests\frame\constructors\test_from_records.py,generator = tuple_generator(10)
synthetic,367,generator,New_Code\.venv_sklearn152\Lib\site-packages\pandas\tests\frame\constructors\test_from_records.py,"result = DataFrame.from_records(generator, columns=columns_names)"
synthetic,367,generate,New_Code\.venv_sklearn152\Lib\site-packages\pandas\tests\frame\constructors\test_from_records.py,"result = DataFrame.from_records(generator, columns=columns_names)"
synthetic,383,generator,New_Code\.venv_sklearn152\Lib\site-packages\pandas\tests\frame\constructors\test_from_records.py,generator = list_generator(10)
synthetic,383,generate,New_Code\.venv_sklearn152\Lib\site-packages\pandas\tests\frame\constructors\test_from_records.py,generator = list_generator(10)
synthetic,384,generator,New_Code\.venv_sklearn152\Lib\site-packages\pandas\tests\frame\constructors\test_from_records.py,"result = DataFrame.from_records(generator, columns=columns_names)"
synthetic,384,generate,New_Code\.venv_sklearn152\Lib\site-packages\pandas\tests\frame\constructors\test_from_records.py,"result = DataFrame.from_records(generator, columns=columns_names)"
synthetic,31,sample,New_Code\.venv_sklearn152\Lib\site-packages\pandas\tests\frame\methods\test_sample.py,"obj.sample(n=4, random_state=seed), obj.sample(n=4, random_state=seed)"
synthetic,35,sample,New_Code\.venv_sklearn152\Lib\site-packages\pandas\tests\frame\methods\test_sample.py,"obj.sample(frac=0.7, random_state=seed),"
synthetic,36,sample,New_Code\.venv_sklearn152\Lib\site-packages\pandas\tests\frame\methods\test_sample.py,"obj.sample(frac=0.7, random_state=seed),"
synthetic,40,sample,New_Code\.venv_sklearn152\Lib\site-packages\pandas\tests\frame\methods\test_sample.py,"obj.sample(n=4, random_state=np.random.default_rng(test)),"
synthetic,41,sample,New_Code\.venv_sklearn152\Lib\site-packages\pandas\tests\frame\methods\test_sample.py,"obj.sample(n=4, random_state=np.random.default_rng(test)),"
synthetic,45,sample,New_Code\.venv_sklearn152\Lib\site-packages\pandas\tests\frame\methods\test_sample.py,"obj.sample(frac=0.7, random_state=np.random.default_rng(test)),"
synthetic,46,sample,New_Code\.venv_sklearn152\Lib\site-packages\pandas\tests\frame\methods\test_sample.py,"obj.sample(frac=0.7, random_state=np.random.default_rng(test)),"
synthetic,50,sample,New_Code\.venv_sklearn152\Lib\site-packages\pandas\tests\frame\methods\test_sample.py,obj.sample(
synthetic,55,sample,New_Code\.venv_sklearn152\Lib\site-packages\pandas\tests\frame\methods\test_sample.py,obj.sample(
synthetic,64,sample,New_Code\.venv_sklearn152\Lib\site-packages\pandas\tests\frame\methods\test_sample.py,"os1.append(obj.sample(n=4, random_state=test))"
synthetic,65,sample,New_Code\.venv_sklearn152\Lib\site-packages\pandas\tests\frame\methods\test_sample.py,"os2.append(obj.sample(frac=0.7, random_state=test))"
synthetic,71,sample,New_Code\.venv_sklearn152\Lib\site-packages\pandas\tests\frame\methods\test_sample.py,assert len(obj.sample(n=4) == 4)
synthetic,72,sample,New_Code\.venv_sklearn152\Lib\site-packages\pandas\tests\frame\methods\test_sample.py,assert len(obj.sample(frac=0.34) == 3)
synthetic,73,sample,New_Code\.venv_sklearn152\Lib\site-packages\pandas\tests\frame\methods\test_sample.py,assert len(obj.sample(frac=0.36) == 4)
synthetic,78,generator,New_Code\.venv_sklearn152\Lib\site-packages\pandas\tests\frame\methods\test_sample.py,"""random_state must be an integer, array-like, a BitGenerator, Generator, """
synthetic,78,generate,New_Code\.venv_sklearn152\Lib\site-packages\pandas\tests\frame\methods\test_sample.py,"""random_state must be an integer, array-like, a BitGenerator, Generator, """
synthetic,82,sample,New_Code\.venv_sklearn152\Lib\site-packages\pandas\tests\frame\methods\test_sample.py,"obj.sample(random_state=""a_string"")"
synthetic,88,sample,New_Code\.venv_sklearn152\Lib\site-packages\pandas\tests\frame\methods\test_sample.py,"obj.sample(n=3, frac=0.3)"
synthetic,95,sample,New_Code\.venv_sklearn152\Lib\site-packages\pandas\tests\frame\methods\test_sample.py,obj.sample(n=-3)
synthetic,100,sample,New_Code\.venv_sklearn152\Lib\site-packages\pandas\tests\frame\methods\test_sample.py,obj.sample(frac=-0.3)
synthetic,105,sample,New_Code\.venv_sklearn152\Lib\site-packages\pandas\tests\frame\methods\test_sample.py,obj.sample(n=3.2)
synthetic,111,sample,New_Code\.venv_sklearn152\Lib\site-packages\pandas\tests\frame\methods\test_sample.py,"obj.sample(n=3, weights=[0, 1])"
synthetic,115,sample,New_Code\.venv_sklearn152\Lib\site-packages\pandas\tests\frame\methods\test_sample.py,"obj.sample(n=3, weights=bad_weights)"
synthetic,119,sample,New_Code\.venv_sklearn152\Lib\site-packages\pandas\tests\frame\methods\test_sample.py,"obj.sample(n=4, weights=bad_weight_series)"
synthetic,126,sample,New_Code\.venv_sklearn152\Lib\site-packages\pandas\tests\frame\methods\test_sample.py,"obj.sample(n=3, weights=bad_weights)"
synthetic,135,sample,New_Code\.venv_sklearn152\Lib\site-packages\pandas\tests\frame\methods\test_sample.py,"obj.sample(n=3, weights=weights_with_inf)"
synthetic,140,sample,New_Code\.venv_sklearn152\Lib\site-packages\pandas\tests\frame\methods\test_sample.py,"obj.sample(n=3, weights=weights_with_ninf)"
synthetic,147,sample,New_Code\.venv_sklearn152\Lib\site-packages\pandas\tests\frame\methods\test_sample.py,"obj.sample(n=3, weights=zero_weights)"
synthetic,154,sample,New_Code\.venv_sklearn152\Lib\site-packages\pandas\tests\frame\methods\test_sample.py,"obj.sample(n=3, weights=nan_weights)"
synthetic,161,sample,New_Code\.venv_sklearn152\Lib\site-packages\pandas\tests\frame\methods\test_sample.py,"obj.sample(n=1, axis=0, weights=weights_with_None), obj.iloc[5:6]"
synthetic,176,sample,New_Code\.venv_sklearn152\Lib\site-packages\pandas\tests\frame\methods\test_sample.py,"result = obj.sample(n=3, random_state=eval(func_str)(arg))"
synthetic,177,sample,New_Code\.venv_sklearn152\Lib\site-packages\pandas\tests\frame\methods\test_sample.py,"expected = obj.sample(n=3, random_state=com.random_state(eval(func_str)(arg)))"
synthetic,186,sample,New_Code\.venv_sklearn152\Lib\site-packages\pandas\tests\frame\methods\test_sample.py,"result1 = obj.sample(n=50, random_state=rng)"
synthetic,187,sample,New_Code\.venv_sklearn152\Lib\site-packages\pandas\tests\frame\methods\test_sample.py,"result2 = obj.sample(n=50, random_state=rng)"
synthetic,190,generator,New_Code\.venv_sklearn152\Lib\site-packages\pandas\tests\frame\methods\test_sample.py,# Matching generator initialization must give same result
synthetic,190,generate,New_Code\.venv_sklearn152\Lib\site-packages\pandas\tests\frame\methods\test_sample.py,# Matching generator initialization must give same result
synthetic,192,sample,New_Code\.venv_sklearn152\Lib\site-packages\pandas\tests\frame\methods\test_sample.py,"result1 = obj.sample(n=50, random_state=np.random.default_rng(11))"
synthetic,193,sample,New_Code\.venv_sklearn152\Lib\site-packages\pandas\tests\frame\methods\test_sample.py,"result2 = obj.sample(n=50, random_state=np.random.default_rng(11))"
synthetic,207,sample,New_Code\.venv_sklearn152\Lib\site-packages\pandas\tests\frame\methods\test_sample.py,"obj.sample(frac=2, replace=False)"
synthetic,230,sample,New_Code\.venv_sklearn152\Lib\site-packages\pandas\tests\frame\methods\test_sample.py,"sample1 = df.sample(n=1, weights=""easyweights"")"
synthetic,238,sample,New_Code\.venv_sklearn152\Lib\site-packages\pandas\tests\frame\methods\test_sample.py,"ser.sample(n=3, weights=""weight_column"")"
synthetic,245,sample,New_Code\.venv_sklearn152\Lib\site-packages\pandas\tests\frame\methods\test_sample.py,"df.sample(n=1, weights=""weight_column"", axis=1)"
synthetic,251,sample,New_Code\.venv_sklearn152\Lib\site-packages\pandas\tests\frame\methods\test_sample.py,"df.sample(n=3, weights=""not_a_real_column_name"")"
synthetic,256,sample,New_Code\.venv_sklearn152\Lib\site-packages\pandas\tests\frame\methods\test_sample.py,"tm.assert_frame_equal(df.sample(n=1, weights=weights_less_than_1), df.iloc[:1])"
synthetic,266,sample,New_Code\.venv_sklearn152\Lib\site-packages\pandas\tests\frame\methods\test_sample.py,"df.sample(n=1, axis=1, weights=second_column_weight), df[[""col2""]]"
synthetic,271,sample,New_Code\.venv_sklearn152\Lib\site-packages\pandas\tests\frame\methods\test_sample.py,"df.sample(n=1, axis=""columns"", weights=second_column_weight), df[[""col2""]]"
synthetic,276,sample,New_Code\.venv_sklearn152\Lib\site-packages\pandas\tests\frame\methods\test_sample.py,"tm.assert_frame_equal(df.sample(n=1, axis=""rows"", weights=weight), df.iloc[5:6])"
synthetic,278,sample,New_Code\.venv_sklearn152\Lib\site-packages\pandas\tests\frame\methods\test_sample.py,"df.sample(n=1, axis=""index"", weights=weight), df.iloc[5:6]"
synthetic,284,sample,New_Code\.venv_sklearn152\Lib\site-packages\pandas\tests\frame\methods\test_sample.py,"df.sample(n=1, axis=2)"
synthetic,288,sample,New_Code\.venv_sklearn152\Lib\site-packages\pandas\tests\frame\methods\test_sample.py,"df.sample(n=1, axis=""not_a_name"")"
synthetic,292,sample,New_Code\.venv_sklearn152\Lib\site-packages\pandas\tests\frame\methods\test_sample.py,"ser.sample(n=1, axis=1)"
synthetic,297,sample,New_Code\.venv_sklearn152\Lib\site-packages\pandas\tests\frame\methods\test_sample.py,"df.sample(n=1, axis=1, weights=[0.5] * 10)"
synthetic,307,sample,New_Code\.venv_sklearn152\Lib\site-packages\pandas\tests\frame\methods\test_sample.py,"sample1 = df.sample(n=1, axis=1, weights=easy_weight_list)"
synthetic,312,sample,New_Code\.venv_sklearn152\Lib\site-packages\pandas\tests\frame\methods\test_sample.py,"df.sample(n=3, random_state=42), df.sample(n=3, axis=0, random_state=42)"
synthetic,319,sample,New_Code\.venv_sklearn152\Lib\site-packages\pandas\tests\frame\methods\test_sample.py,"tm.assert_frame_equal(df.loc[[3]], df.sample(1, weights=ser))"
synthetic,324,sample,New_Code\.venv_sklearn152\Lib\site-packages\pandas\tests\frame\methods\test_sample.py,"tm.assert_frame_equal(df.loc[[3]], df.sample(1, weights=ser2))"
synthetic,328,sample,New_Code\.venv_sklearn152\Lib\site-packages\pandas\tests\frame\methods\test_sample.py,"tm.assert_frame_equal(df.loc[[3]], df.sample(1, weights=ser3))"
synthetic,334,sample,New_Code\.venv_sklearn152\Lib\site-packages\pandas\tests\frame\methods\test_sample.py,"df.sample(1, weights=ser4)"
synthetic,342,sample,New_Code\.venv_sklearn152\Lib\site-packages\pandas\tests\frame\methods\test_sample.py,df2 = df.sample(3)
synthetic,354,sample,New_Code\.venv_sklearn152\Lib\site-packages\pandas\tests\frame\methods\test_sample.py,ser.sample(weights=result)
synthetic,361,sample,New_Code\.venv_sklearn152\Lib\site-packages\pandas\tests\frame\methods\test_sample.py,"df.sample(frac=1.0, replace=True, weights=""weights"")"
synthetic,370,sample,New_Code\.venv_sklearn152\Lib\site-packages\pandas\tests\frame\methods\test_sample.py,"result = df.sample(3, ignore_index=True)"
synthetic,473,generate,New_Code\.venv_sklearn152\Lib\site-packages\pandas\tests\generic\test_finalize.py,# This generates 624 tests... Is that needed?
synthetic,64,generate,New_Code\.venv_sklearn152\Lib\site-packages\pandas\tests\groupby\test_bin_groupby.py,"result = lib.generate_bins_dt64(values, binner, closed=closed)"
synthetic,64,generate,New_Code\.venv_sklearn152\Lib\site-packages\pandas\tests\groupby\test_missing.py,# pass thru keyword arguments to the generated wrapper
synthetic,19,generate,New_Code\.venv_sklearn152\Lib\site-packages\pandas\tests\groupby\methods\test_groupby_shift_diff.py,# Generate a moderately large dataframe with occasional missing
synthetic,16,sample,New_Code\.venv_sklearn152\Lib\site-packages\pandas\tests\groupby\methods\test_sample.py,"result = df.groupby(""a"").sample(n=n, frac=frac)"
synthetic,21,sample,New_Code\.venv_sklearn152\Lib\site-packages\pandas\tests\groupby\methods\test_sample.py,"result = df.groupby(""a"")[""b""].sample(n=n, frac=frac)"
synthetic,30,sample,New_Code\.venv_sklearn152\Lib\site-packages\pandas\tests\groupby\methods\test_sample.py,"result = df.groupby(""a"").sample(n=5)"
synthetic,35,sample,New_Code\.venv_sklearn152\Lib\site-packages\pandas\tests\groupby\methods\test_sample.py,"result = df.groupby(""a"")[""b""].sample(n=5)"
synthetic,44,sample,New_Code\.venv_sklearn152\Lib\site-packages\pandas\tests\groupby\methods\test_sample.py,"result = df.groupby(""a"").sample(n=2)"
synthetic,49,sample,New_Code\.venv_sklearn152\Lib\site-packages\pandas\tests\groupby\methods\test_sample.py,"result = df.groupby(""a"")[""b""].sample(n=2)"
synthetic,59,sample,New_Code\.venv_sklearn152\Lib\site-packages\pandas\tests\groupby\methods\test_sample.py,"df.groupby(""a"").sample(n=1, frac=1.0)"
synthetic,62,sample,New_Code\.venv_sklearn152\Lib\site-packages\pandas\tests\groupby\methods\test_sample.py,"df.groupby(""a"")[""b""].sample(n=1, frac=1.0)"
synthetic,70,sample,New_Code\.venv_sklearn152\Lib\site-packages\pandas\tests\groupby\methods\test_sample.py,"df.groupby(""a"").sample(frac=1.5, replace=False)"
synthetic,73,sample,New_Code\.venv_sklearn152\Lib\site-packages\pandas\tests\groupby\methods\test_sample.py,"df.groupby(""a"")[""b""].sample(frac=1.5, replace=False)"
synthetic,86,sample,New_Code\.venv_sklearn152\Lib\site-packages\pandas\tests\groupby\methods\test_sample.py,"df.groupby(""a"").sample(n=n)"
synthetic,89,sample,New_Code\.venv_sklearn152\Lib\site-packages\pandas\tests\groupby\methods\test_sample.py,"df.groupby(""a"")[""b""].sample(n=n)"
synthetic,96,sample,New_Code\.venv_sklearn152\Lib\site-packages\pandas\tests\groupby\methods\test_sample.py,"result = df.groupby(""a"").sample(frac=2.0, replace=True)"
synthetic,101,sample,New_Code\.venv_sklearn152\Lib\site-packages\pandas\tests\groupby\methods\test_sample.py,"result = df.groupby(""a"")[""b""].sample(frac=2.0, replace=True)"
synthetic,110,sample,New_Code\.venv_sklearn152\Lib\site-packages\pandas\tests\groupby\methods\test_sample.py,"result = df.groupby(""a"").sample(n=None, frac=None)"
synthetic,114,sample,New_Code\.venv_sklearn152\Lib\site-packages\pandas\tests\groupby\methods\test_sample.py,"result = df.groupby(""a"")[""b""].sample(n=None, frac=None)"
synthetic,128,sample,New_Code\.venv_sklearn152\Lib\site-packages\pandas\tests\groupby\methods\test_sample.py,"result = df.groupby(""a"").sample(n=2, replace=True, weights=[1, 0, 1, 0])"
synthetic,132,sample,New_Code\.venv_sklearn152\Lib\site-packages\pandas\tests\groupby\methods\test_sample.py,"result = df.groupby(""a"")[""b""].sample(n=2, replace=True, weights=[1, 0, 1, 0])"
synthetic,142,sample,New_Code\.venv_sklearn152\Lib\site-packages\pandas\tests\groupby\methods\test_sample.py,"result = df.groupby(""a"")[[""b"", ""c""]].sample(n=None, frac=None)"
synthetic,152,sample,New_Code\.venv_sklearn152\Lib\site-packages\pandas\tests\groupby\methods\test_sample.py,result = groupby_df.sample()
synthetic,1039,generate,New_Code\.venv_sklearn152\Lib\site-packages\pandas\tests\groupby\methods\test_value_counts.py,# Test for duplicate input column labels and generated duplicate labels
synthetic,1022,generate,New_Code\.venv_sklearn152\Lib\site-packages\pandas\tests\groupby\transform\test_transform.py,# Series / DataFrame that we ultimately want to generate
synthetic,221,generator,New_Code\.venv_sklearn152\Lib\site-packages\pandas\tests\indexes\test_indexing.py,"with pytest.raises(exc, match=""generator object""):"
synthetic,221,generate,New_Code\.venv_sklearn152\Lib\site-packages\pandas\tests\indexes\test_indexing.py,"with pytest.raises(exc, match=""generator object""):"
synthetic,222,generator,New_Code\.venv_sklearn152\Lib\site-packages\pandas\tests\indexes\test_indexing.py,# MultiIndex specifically checks for generator; others for scalar
synthetic,222,generate,New_Code\.venv_sklearn152\Lib\site-packages\pandas\tests\indexes\test_indexing.py,# MultiIndex specifically checks for generator; others for scalar
synthetic,18,generate,New_Code\.venv_sklearn152\Lib\site-packages\pandas\tests\indexes\datetimelike_\test_sort_values.py,when the original index is generated (or generate-able) with
synthetic,33,generate,New_Code\.venv_sklearn152\Lib\site-packages\pandas\tests\indexes\datetimelike_\test_sort_values.py,when the original index is _not_ generated (or generate-able) with
synthetic,292,generate,New_Code\.venv_sklearn152\Lib\site-packages\pandas\tests\indexes\datetimelike_\test_sort_values.py,# here without_freq means not generateable by period_range
synthetic,74,generate,New_Code\.venv_sklearn152\Lib\site-packages\pandas\tests\indexes\datetimes\test_constructors.py,# GH#11587 make sure we get a useful error message when generate_range
synthetic,606,generator,New_Code\.venv_sklearn152\Lib\site-packages\pandas\tests\indexes\datetimes\test_constructors.py,# generator expression
synthetic,606,generate,New_Code\.venv_sklearn152\Lib\site-packages\pandas\tests\indexes\datetimes\test_constructors.py,# generator expression
synthetic,40,generate,New_Code\.venv_sklearn152\Lib\site-packages\pandas\tests\indexes\datetimes\test_date_range.py,from pandas.core.arrays.datetimes import _generate_range as generate_range
synthetic,214,generate,New_Code\.venv_sklearn152\Lib\site-packages\pandas\tests\indexes\datetimes\test_date_range.py,"with pytest.raises(OutOfBoundsDatetime, match=""Cannot generate range with""):"
synthetic,236,generate,New_Code\.venv_sklearn152\Lib\site-packages\pandas\tests\indexes\datetimes\test_date_range.py,"msg = ""Cannot generate range with"""
synthetic,255,generate,New_Code\.venv_sklearn152\Lib\site-packages\pandas\tests\indexes\datetimes\test_date_range.py,"msg = ""Cannot generate range with"""
synthetic,284,generate,New_Code\.venv_sklearn152\Lib\site-packages\pandas\tests\indexes\datetimes\test_date_range.py,"msg = ""Cannot generate range"""
synthetic,957,generate,New_Code\.venv_sklearn152\Lib\site-packages\pandas\tests\indexes\datetimes\test_date_range.py,"rng1 = list(generate_range(START, END, periods=None, offset=offset, unit=""ns""))"
synthetic,958,generate,New_Code\.venv_sklearn152\Lib\site-packages\pandas\tests\indexes\datetimes\test_date_range.py,"rng2 = list(generate_range(START, END, periods=None, offset=freqstr, unit=""ns""))"
synthetic,963,generate,New_Code\.venv_sklearn152\Lib\site-packages\pandas\tests\indexes\datetimes\test_date_range.py,generate_range(
synthetic,976,generate,New_Code\.venv_sklearn152\Lib\site-packages\pandas\tests\indexes\datetimes\test_date_range.py,generate_range(
synthetic,989,generate,New_Code\.venv_sklearn152\Lib\site-packages\pandas\tests\indexes\datetimes\test_date_range.py,generate_range(
synthetic,1622,generate,New_Code\.venv_sklearn152\Lib\site-packages\pandas\tests\indexes\datetimes\test_date_range.py,# ensure generating a range with DatetimeIndex gives same result
synthetic,1655,generate,New_Code\.venv_sklearn152\Lib\site-packages\pandas\tests\indexes\datetimes\test_date_range.py,# ensure generating a range with DatetimeIndex gives same result
synthetic,207,generator,New_Code\.venv_sklearn152\Lib\site-packages\pandas\tests\indexes\timedeltas\test_constructors.py,# generator expression
synthetic,207,generate,New_Code\.venv_sklearn152\Lib\site-packages\pandas\tests\indexes\timedeltas\test_constructors.py,# generator expression
synthetic,1316,generate,New_Code\.venv_sklearn152\Lib\site-packages\pandas\tests\indexing\test_loc.py,"# recipe below generates a rectangular matrix of dimension (5, 7) where all the"
synthetic,21,generate,New_Code\.venv_sklearn152\Lib\site-packages\pandas\tests\indexing\test_scalar.py,"def generate_indices(f, values=False):"
synthetic,23,generate,New_Code\.venv_sklearn152\Lib\site-packages\pandas\tests\indexing\test_scalar.py,generate the indices
synthetic,39,generate,New_Code\.venv_sklearn152\Lib\site-packages\pandas\tests\indexing\test_scalar.py,"indices = generate_indices(f, True)"
synthetic,51,generate,New_Code\.venv_sklearn152\Lib\site-packages\pandas\tests\indexing\test_scalar.py,"idx = next(generate_indices(f, False))"
synthetic,58,generate,New_Code\.venv_sklearn152\Lib\site-packages\pandas\tests\indexing\test_scalar.py,"indices = generate_indices(f, False)"
synthetic,5,generate,New_Code\.venv_sklearn152\Lib\site-packages\pandas\tests\io\generate_legacy_storage_files.py,"generate pickles, say its for 0.20.3, with your pandas clone"
synthetic,11,generate,New_Code\.venv_sklearn152\Lib\site-packages\pandas\tests\io\generate_legacy_storage_files.py,$ python -m tests.io.generate_legacy_storage_files \
synthetic,14,generate,New_Code\.venv_sklearn152\Lib\site-packages\pandas\tests\io\generate_legacy_storage_files.py,"This script generates a storage file for the current arch, system,"
synthetic,22,generate,New_Code\.venv_sklearn152\Lib\site-packages\pandas\tests\io\generate_legacy_storage_files.py,generate_legacy_storage_files with an *older* version of pandas to
synthetic,23,generate,New_Code\.venv_sklearn152\Lib\site-packages\pandas\tests\io\generate_legacy_storage_files.py,generate a pickle file. We will then check this file into a current
synthetic,25,generate,New_Code\.venv_sklearn152\Lib\site-packages\pandas\tests\io\generate_legacy_storage_files.py,pickles and test versus the current data that is generated
synthetic,30,generate,New_Code\.venv_sklearn152\Lib\site-packages\pandas\tests\io\generate_legacy_storage_files.py,in the generate_legacy_storage_files.py to make it
synthetic,304,generate,New_Code\.venv_sklearn152\Lib\site-packages\pandas\tests\io\generate_legacy_storage_files.py,"""This script generates a storage file for the current arch, system, """
synthetic,325,generate,New_Code\.venv_sklearn152\Lib\site-packages\pandas\tests\io\generate_legacy_storage_files.py,"""Specify output directory and storage type: generate_legacy_"""
synthetic,8,generate,New_Code\.venv_sklearn152\Lib\site-packages\pandas\tests\io\test_pickle.py,"2. Execute ""generate_legacy_storage_files.py"" to create the pickle."
synthetic,9,generate,New_Code\.venv_sklearn152\Lib\site-packages\pandas\tests\io\test_pickle.py,$ python generate_legacy_storage_files.py <output_dir> pickle
synthetic,50,generate,New_Code\.venv_sklearn152\Lib\site-packages\pandas\tests\io\test_pickle.py,from pandas.tests.io.generate_legacy_storage_files import create_pickle_data
synthetic,94,generate,New_Code\.venv_sklearn152\Lib\site-packages\pandas\tests\io\excel\test_readers.py,a string.  We need to generate a new pytest.param inheriting the marks.
synthetic,82,generate,New_Code\.venv_sklearn152\Lib\site-packages\pandas\tests\io\formats\test_to_html.py,# check that col_space affects HTML generation
synthetic,568,generator,New_Code\.venv_sklearn152\Lib\site-packages\pandas\tests\io\json\test_normalize.py,# generator input
synthetic,568,generate,New_Code\.venv_sklearn152\Lib\site-packages\pandas\tests\io\json\test_normalize.py,# generator input
synthetic,569,generate,New_Code\.venv_sklearn152\Lib\site-packages\pandas\tests\io\json\test_normalize.py,def generator_data():
synthetic,572,generate,New_Code\.venv_sklearn152\Lib\site-packages\pandas\tests\io\json\test_normalize.py,result = json_normalize(generator_data())
synthetic,328,generate,New_Code\.venv_sklearn152\Lib\site-packages\pandas\tests\io\parser\test_c_parser_only.py,# Generate a large mixed-type CSV file on-the-fly (one record is
synthetic,373,generate,New_Code\.venv_sklearn152\Lib\site-packages\pandas\tests\io\parser\test_c_parser_only.py,# Generate the expected output: manually create the dataframe
synthetic,60,generate,New_Code\.venv_sklearn152\Lib\site-packages\pandas\tests\io\parser\test_multi_thread.py,Generate a DataFrame via multi-thread.
synthetic,1,generator,New_Code\.venv_sklearn152\Lib\site-packages\pandas\tests\io\pytables\common.py,from collections.abc import Generator
synthetic,1,generate,New_Code\.venv_sklearn152\Lib\site-packages\pandas\tests\io\pytables\common.py,from collections.abc import Generator
synthetic,29,generator,New_Code\.venv_sklearn152\Lib\site-packages\pandas\tests\io\pytables\common.py,") -> Generator[HDFStore, None, None]:"
synthetic,29,generate,New_Code\.venv_sklearn152\Lib\site-packages\pandas\tests\io\pytables\common.py,") -> Generator[HDFStore, None, None]:"
synthetic,378,generate,New_Code\.venv_sklearn152\Lib\site-packages\pandas\tests\io\pytables\test_read.py,# the file was generated in Python 2.7 like so:
synthetic,1,generator,New_Code\.venv_sklearn152\Lib\site-packages\pandas\tests\libs\test_hashtable.py,from collections.abc import Generator
synthetic,1,generate,New_Code\.venv_sklearn152\Lib\site-packages\pandas\tests\libs\test_hashtable.py,from collections.abc import Generator
synthetic,18,generator,New_Code\.venv_sklearn152\Lib\site-packages\pandas\tests\libs\test_hashtable.py,"def activated_tracemalloc() -> Generator[None, None, None]:"
synthetic,18,generate,New_Code\.venv_sklearn152\Lib\site-packages\pandas\tests\libs\test_hashtable.py,"def activated_tracemalloc() -> Generator[None, None, None]:"
synthetic,175,generate,New_Code\.venv_sklearn152\Lib\site-packages\pandas\tests\plotting\test_hist_method.py,# Use default_axes=True when plotting method generate subplots itself
synthetic,442,generate,New_Code\.venv_sklearn152\Lib\site-packages\pandas\tests\plotting\test_hist_method.py,# Use default_axes=True when plotting method generate subplots itself
synthetic,454,generate,New_Code\.venv_sklearn152\Lib\site-packages\pandas\tests\plotting\test_hist_method.py,# Use default_axes=True when plotting method generate subplots itself
synthetic,484,generate,New_Code\.venv_sklearn152\Lib\site-packages\pandas\tests\plotting\test_hist_method.py,# Use default_axes=True when plotting method generate subplots itself
synthetic,528,generate,New_Code\.venv_sklearn152\Lib\site-packages\pandas\tests\plotting\test_hist_method.py,# Use default_axes=True when plotting method generate subplots itself
synthetic,330,generate,New_Code\.venv_sklearn152\Lib\site-packages\pandas\tests\reshape\test_melt.py,# Generate data
synthetic,2110,generate,New_Code\.venv_sklearn152\Lib\site-packages\pandas\tests\reshape\test_pivot.py,"msg = ""The following operation may generate"""
synthetic,465,generate,New_Code\.venv_sklearn152\Lib\site-packages\pandas\tests\reshape\concat\test_concat.py,"# GH8645 check concat works with tuples, list, generators, and weird"
synthetic,36,generator,New_Code\.venv_sklearn152\Lib\site-packages\pandas\tests\reshape\concat\test_invalid.py,# generator ok though
synthetic,36,generate,New_Code\.venv_sklearn152\Lib\site-packages\pandas\tests\reshape\concat\test_invalid.py,# generator ok though
synthetic,345,generate,New_Code\.venv_sklearn152\Lib\site-packages\pandas\tests\reshape\merge\test_join.py,# generated an exception in 0.4.3
synthetic,20,generate,New_Code\.venv_sklearn152\Lib\site-packages\pandas\tests\scalar\interval\test_overlaps.py,Fixture for generating intervals of types from a start value and a shift
synthetic,21,generate,New_Code\.venv_sklearn152\Lib\site-packages\pandas\tests\scalar\interval\test_overlaps.py,value that can be added to start to generate an endpoint
synthetic,97,generator,New_Code\.venv_sklearn152\Lib\site-packages\pandas\tests\series\test_constructors.py,# test for None or an empty generator.
synthetic,97,generate,New_Code\.venv_sklearn152\Lib\site-packages\pandas\tests\series\test_constructors.py,# test for None or an empty generator.
synthetic,23,generate,New_Code\.venv_sklearn152\Lib\site-packages\pandas\tests\series\test_iteration.py,"# assert is lazy (generators don't define reverse, lists do)"
synthetic,34,generate,New_Code\.venv_sklearn152\Lib\site-packages\pandas\tests\series\test_iteration.py,"# assert is lazy (generators don't define reverse, lists do)"
synthetic,195,sample,New_Code\.venv_sklearn152\Lib\site-packages\pandas\tests\series\test_ufunc.py,s2 = s2.sample(frac=1)
synthetic,35,generate,New_Code\.venv_sklearn152\Lib\site-packages\pandas\tests\series\methods\test_astype.py,Generate one random byte string.
synthetic,138,generate,New_Code\.venv_sklearn152\Lib\site-packages\pandas\tests\series\methods\test_case_when.py,# https://numpy.org/doc/stable/reference/generated/numpy.piecewise.html
synthetic,3627,sample,New_Code\.venv_sklearn152\Lib\site-packages\pandas\tests\tools\test_to_datetime.py,"times = times.to_frame(index=False, name=""DT"").sample(n=cstart, random_state=1)"
synthetic,56,generate,New_Code\.venv_sklearn152\Lib\site-packages\pandas\tests\tseries\holiday\test_federal.py,# ranges generate expected results as per GH49075 submission
synthetic,281,generate,New_Code\.venv_sklearn152\Lib\site-packages\pandas\tests\util\test_assert_almost_equal.py,# Can't compare generators.
synthetic,11,generator,New_Code\.venv_sklearn152\Lib\site-packages\pandas\util\_exceptions.py,from collections.abc import Generator
synthetic,11,generate,New_Code\.venv_sklearn152\Lib\site-packages\pandas\util\_exceptions.py,from collections.abc import Generator
synthetic,16,generator,New_Code\.venv_sklearn152\Lib\site-packages\pandas\util\_exceptions.py,"def rewrite_exception(old_name: str, new_name: str) -> Generator[None, None, None]:"
synthetic,16,generate,New_Code\.venv_sklearn152\Lib\site-packages\pandas\util\_exceptions.py,"def rewrite_exception(old_name: str, new_name: str) -> Generator[None, None, None]:"
synthetic,69,generator,New_Code\.venv_sklearn152\Lib\site-packages\pandas\util\_exceptions.py,") -> Generator[None, None, None]:"
synthetic,69,generate,New_Code\.venv_sklearn152\Lib\site-packages\pandas\util\_exceptions.py,") -> Generator[None, None, None]:"
synthetic,357,generate,New_Code\.venv_sklearn152\Lib\site-packages\pandas\util\version\__init__.py,# Generate a key which will be used for sorting
synthetic,76,generator,New_Code\.venv_sklearn152\Lib\site-packages\pandas\_config\config.py,"Generator,"
synthetic,76,generate,New_Code\.venv_sklearn152\Lib\site-packages\pandas\_config\config.py,"Generator,"
synthetic,260,generate,New_Code\.venv_sklearn152\Lib\site-packages\pandas\_config\config.py,# in the docstring. For dev convenience we'd like to generate the docstrings
synthetic,781,generator,New_Code\.venv_sklearn152\Lib\site-packages\pandas\_config\config.py,"def config_prefix(prefix: str) -> Generator[None, None, None]:"
synthetic,781,generate,New_Code\.venv_sklearn152\Lib\site-packages\pandas\_config\config.py,"def config_prefix(prefix: str) -> Generator[None, None, None]:"
synthetic,18,generator,New_Code\.venv_sklearn152\Lib\site-packages\pandas\_config\localization.py,from collections.abc import Generator
synthetic,18,generate,New_Code\.venv_sklearn152\Lib\site-packages\pandas\_config\localization.py,from collections.abc import Generator
synthetic,24,generator,New_Code\.venv_sklearn152\Lib\site-packages\pandas\_config\localization.py,") -> Generator[str | tuple[str, str], None, None]:"
synthetic,24,generate,New_Code\.venv_sklearn152\Lib\site-packages\pandas\_config\localization.py,") -> Generator[str | tuple[str, str], None, None]:"
synthetic,24,generator,New_Code\.venv_sklearn152\Lib\site-packages\pandas\_testing\contexts.py,from collections.abc import Generator
synthetic,24,generate,New_Code\.venv_sklearn152\Lib\site-packages\pandas\_testing\contexts.py,from collections.abc import Generator
synthetic,36,generator,New_Code\.venv_sklearn152\Lib\site-packages\pandas\_testing\contexts.py,") -> Generator[IO[bytes], None, None]:"
synthetic,36,generate,New_Code\.venv_sklearn152\Lib\site-packages\pandas\_testing\contexts.py,") -> Generator[IO[bytes], None, None]:"
synthetic,57,generator,New_Code\.venv_sklearn152\Lib\site-packages\pandas\_testing\contexts.py,"def set_timezone(tz: str) -> Generator[None, None, None]:"
synthetic,57,generate,New_Code\.venv_sklearn152\Lib\site-packages\pandas\_testing\contexts.py,"def set_timezone(tz: str) -> Generator[None, None, None]:"
synthetic,101,generator,New_Code\.venv_sklearn152\Lib\site-packages\pandas\_testing\contexts.py,") -> Generator[Any, None, None]:"
synthetic,101,generate,New_Code\.venv_sklearn152\Lib\site-packages\pandas\_testing\contexts.py,") -> Generator[Any, None, None]:"
synthetic,147,generator,New_Code\.venv_sklearn152\Lib\site-packages\pandas\_testing\contexts.py,"def with_csv_dialect(name: str, **kwargs) -> Generator[None, None, None]:"
synthetic,147,generate,New_Code\.venv_sklearn152\Lib\site-packages\pandas\_testing\contexts.py,"def with_csv_dialect(name: str, **kwargs) -> Generator[None, None, None]:"
synthetic,181,generator,New_Code\.venv_sklearn152\Lib\site-packages\pandas\_testing\contexts.py,"def use_numexpr(use, min_elements=None) -> Generator[None, None, None]:"
synthetic,181,generate,New_Code\.venv_sklearn152\Lib\site-packages\pandas\_testing\contexts.py,"def use_numexpr(use, min_elements=None) -> Generator[None, None, None]:"
synthetic,2,generator,New_Code\.venv_sklearn152\Lib\site-packages\pandas\_testing\_hypothesis.py,Hypothesis data generator helpers.
synthetic,2,generate,New_Code\.venv_sklearn152\Lib\site-packages\pandas\_testing\_hypothesis.py,Hypothesis data generator helpers.
synthetic,21,generator,New_Code\.venv_sklearn152\Lib\site-packages\pandas\_testing\_warnings.py,"Generator,"
synthetic,21,generate,New_Code\.venv_sklearn152\Lib\site-packages\pandas\_testing\_warnings.py,"Generator,"
synthetic,35,generator,New_Code\.venv_sklearn152\Lib\site-packages\pandas\_testing\_warnings.py,") -> Generator[list[warnings.WarningMessage], None, None]:"
synthetic,35,generate,New_Code\.venv_sklearn152\Lib\site-packages\pandas\_testing\_warnings.py,") -> Generator[list[warnings.WarningMessage], None, None]:"
synthetic,57,generate,New_Code\.venv_sklearn152\Lib\site-packages\pandas\_testing\_warnings.py,"* ""default"" - print the warning the first time it is generated"
synthetic,59,generate,New_Code\.venv_sklearn152\Lib\site-packages\pandas\_testing\_warnings.py,"* ""module"" - print the warning the first time it is generated"
synthetic,61,generate,New_Code\.venv_sklearn152\Lib\site-packages\pandas\_testing\_warnings.py,"* ""once"" - print the warning the first time it is generated"
synthetic,47,generate,New_Code\.venv_sklearn152\Lib\site-packages\pip\_internal\cache.py,"# We want to generate an url to use as our cache key, we don't want to"
synthetic,331,generator,New_Code\.venv_sklearn152\Lib\site-packages\pip\_internal\configuration.py,"""""""Returns a generator with all environmental vars with prefix PIP_"""""""
synthetic,331,generate,New_Code\.venv_sklearn152\Lib\site-packages\pip\_internal\configuration.py,"""""""Returns a generator with all environmental vars with prefix PIP_"""""""
synthetic,198,generate,New_Code\.venv_sklearn152\Lib\site-packages\pip\_internal\exceptions.py,"""""""Raised when we fail to prepare a candidate (i.e. fetch and generate metadata)."
synthetic,567,generate,New_Code\.venv_sklearn152\Lib\site-packages\pip\_internal\exceptions.py,"reference = ""metadata-generation-failed"""
synthetic,575,generate,New_Code\.venv_sklearn152\Lib\site-packages\pip\_internal\exceptions.py,"message=""Encountered error while generating package metadata."","
synthetic,582,generate,New_Code\.venv_sklearn152\Lib\site-packages\pip\_internal\exceptions.py,"return ""metadata generation failed"""
synthetic,166,generator,New_Code\.venv_sklearn152\Lib\site-packages\pip\_internal\cli\autocompletion.py,:return: A generator of regular files and/or directories
synthetic,166,generate,New_Code\.venv_sklearn152\Lib\site-packages\pip\_internal\cli\autocompletion.py,:return: A generator of regular files and/or directories
synthetic,1,generator,New_Code\.venv_sklearn152\Lib\site-packages\pip\_internal\cli\command_context.py,from collections.abc import Generator
synthetic,1,generate,New_Code\.venv_sklearn152\Lib\site-packages\pip\_internal\cli\command_context.py,from collections.abc import Generator
synthetic,15,generator,New_Code\.venv_sklearn152\Lib\site-packages\pip\_internal\cli\command_context.py,"def main_context(self) -> Generator[None, None, None]:"
synthetic,15,generate,New_Code\.venv_sklearn152\Lib\site-packages\pip\_internal\cli\command_context.py,"def main_context(self) -> Generator[None, None, None]:"
synthetic,12,generator,New_Code\.venv_sklearn152\Lib\site-packages\pip\_internal\cli\parser.py,from collections.abc import Generator
synthetic,12,generate,New_Code\.venv_sklearn152\Lib\site-packages\pip\_internal\cli\parser.py,from collections.abc import Generator
synthetic,228,generator,New_Code\.venv_sklearn152\Lib\site-packages\pip\_internal\cli\parser.py,") -> Generator[tuple[str, Any], None, None]:"
synthetic,228,generate,New_Code\.venv_sklearn152\Lib\site-packages\pip\_internal\cli\parser.py,") -> Generator[tuple[str, Any], None, None]:"
synthetic,5,generator,New_Code\.venv_sklearn152\Lib\site-packages\pip\_internal\cli\progress_bars.py,"from collections.abc import Callable, Generator, Iterable, Iterator"
synthetic,5,generate,New_Code\.venv_sklearn152\Lib\site-packages\pip\_internal\cli\progress_bars.py,"from collections.abc import Callable, Generator, Iterable, Iterator"
synthetic,39,generator,New_Code\.venv_sklearn152\Lib\site-packages\pip\_internal\cli\progress_bars.py,") -> Generator[bytes, None, None]:"
synthetic,39,generate,New_Code\.venv_sklearn152\Lib\site-packages\pip\_internal\cli\progress_bars.py,") -> Generator[bytes, None, None]:"
synthetic,102,generator,New_Code\.venv_sklearn152\Lib\site-packages\pip\_internal\cli\progress_bars.py,") -> Generator[bytes, None, None]:"
synthetic,102,generate,New_Code\.venv_sklearn152\Lib\site-packages\pip\_internal\cli\progress_bars.py,") -> Generator[bytes, None, None]:"
synthetic,8,generator,New_Code\.venv_sklearn152\Lib\site-packages\pip\_internal\cli\spinners.py,from collections.abc import Generator
synthetic,8,generate,New_Code\.venv_sklearn152\Lib\site-packages\pip\_internal\cli\spinners.py,from collections.abc import Generator
synthetic,132,generator,New_Code\.venv_sklearn152\Lib\site-packages\pip\_internal\cli\spinners.py,"def open_spinner(message: str) -> Generator[SpinnerInterface, None, None]:"
synthetic,132,generate,New_Code\.venv_sklearn152\Lib\site-packages\pip\_internal\cli\spinners.py,"def open_spinner(message: str) -> Generator[SpinnerInterface, None, None]:"
synthetic,194,generator,New_Code\.venv_sklearn152\Lib\site-packages\pip\_internal\cli\spinners.py,"def open_rich_spinner(label: str, console: Console | None = None) -> Generator[None]:"
synthetic,194,generate,New_Code\.venv_sklearn152\Lib\site-packages\pip\_internal\cli\spinners.py,"def open_rich_spinner(label: str, console: Console | None = None) -> Generator[None]:"
synthetic,220,generator,New_Code\.venv_sklearn152\Lib\site-packages\pip\_internal\cli\spinners.py,"def hidden_cursor(file: IO[str]) -> Generator[None, None, None]:"
synthetic,220,generate,New_Code\.venv_sklearn152\Lib\site-packages\pip\_internal\cli\spinners.py,"def hidden_cursor(file: IO[str]) -> Generator[None, None, None]:"
synthetic,45,generate,New_Code\.venv_sklearn152\Lib\site-packages\pip\_internal\commands\freeze.py,"""comments when generating output. This option can be """
synthetic,350,generate,New_Code\.venv_sklearn152\Lib\site-packages\pip\_internal\commands\install.py,"""Generate a JSON file describing what pip did to install """
synthetic,6,generator,New_Code\.venv_sklearn152\Lib\site-packages\pip\_internal\commands\list.py,"from collections.abc import Generator, Iterator, Sequence"
synthetic,6,generate,New_Code\.venv_sklearn152\Lib\site-packages\pip\_internal\commands\list.py,"from collections.abc import Generator, Iterator, Sequence"
synthetic,252,generator,New_Code\.venv_sklearn152\Lib\site-packages\pip\_internal\commands\list.py,") -> Generator[_DistWithLatestInfo, None, None]:"
synthetic,252,generate,New_Code\.venv_sklearn152\Lib\site-packages\pip\_internal\commands\list.py,") -> Generator[_DistWithLatestInfo, None, None]:"
synthetic,38,generate,New_Code\.venv_sklearn152\Lib\site-packages\pip\_internal\commands\lock.py,The generated lock file is only guaranteed to be valid for the current
synthetic,5,generator,New_Code\.venv_sklearn152\Lib\site-packages\pip\_internal\commands\show.py,"from collections.abc import Generator, Iterable, Iterator"
synthetic,5,generate,New_Code\.venv_sklearn152\Lib\site-packages\pip\_internal\commands\show.py,"from collections.abc import Generator, Iterable, Iterator"
synthetic,88,generator,New_Code\.venv_sklearn152\Lib\site-packages\pip\_internal\commands\show.py,") -> Generator[_PackageInfo, None, None]:"
synthetic,88,generate,New_Code\.venv_sklearn152\Lib\site-packages\pip\_internal\commands\show.py,") -> Generator[_PackageInfo, None, None]:"
synthetic,92,generate,New_Code\.venv_sklearn152\Lib\site-packages\pip\_internal\commands\show.py,pip generated 'installed-files.txt' in the distributions '.egg-info'
synthetic,31,generate,New_Code\.venv_sklearn152\Lib\site-packages\pip\_internal\commands\__init__.py,"""Generate a lock file."","
synthetic,28,generate,New_Code\.venv_sklearn152\Lib\site-packages\pip\_internal\distributions\base.py,"- if we need to do work in the build tracker, we must be able to generate a unique"
synthetic,29,generate,New_Code\.venv_sklearn152\Lib\site-packages\pip\_internal\distributions\sdist.py,generated.
synthetic,118,generate,New_Code\.venv_sklearn152\Lib\site-packages\pip\_internal\metadata\base.py,"This is used to implement PEP 658 by generating a ""shallow"" dist object that can"
synthetic,126,generate,New_Code\.venv_sklearn152\Lib\site-packages\pip\_internal\metadata\importlib\_dists.py,"# Generate temp dir to contain the metadata file, and write the file contents."
synthetic,32,generate,New_Code\.venv_sklearn152\Lib\site-packages\pip\_internal\models\direct_url.py,return dict(super().to_dict(generate_legacy_hash=True))
synthetic,223,generate,New_Code\.venv_sklearn152\Lib\site-packages\pip\_internal\models\link.py,# Temporarily replace scheme with file to ensure the URL generated by
synthetic,308,generate,New_Code\.venv_sklearn152\Lib\site-packages\pip\_internal\network\auth.py,Cached or dynamically generated credentials may work against
synthetic,7,generator,New_Code\.venv_sklearn152\Lib\site-packages\pip\_internal\network\cache.py,"from collections.abc import Callable, Generator"
synthetic,7,generate,New_Code\.venv_sklearn152\Lib\site-packages\pip\_internal\network\cache.py,"from collections.abc import Callable, Generator"
synthetic,29,generator,New_Code\.venv_sklearn152\Lib\site-packages\pip\_internal\network\cache.py,"def suppressed_cache_errors() -> Generator[None, None, None]:"
synthetic,29,generate,New_Code\.venv_sklearn152\Lib\site-packages\pip\_internal\network\cache.py,"def suppressed_cache_errors() -> Generator[None, None, None]:"
synthetic,8,generator,New_Code\.venv_sklearn152\Lib\site-packages\pip\_internal\network\lazy_wheel.py,from collections.abc import Generator
synthetic,8,generate,New_Code\.venv_sklearn152\Lib\site-packages\pip\_internal\network\lazy_wheel.py,from collections.abc import Generator
synthetic,147,generator,New_Code\.venv_sklearn152\Lib\site-packages\pip\_internal\network\lazy_wheel.py,"def _stay(self) -> Generator[None, None, None]:"
synthetic,147,generate,New_Code\.venv_sklearn152\Lib\site-packages\pip\_internal\network\lazy_wheel.py,"def _stay(self) -> Generator[None, None, None]:"
synthetic,185,generator,New_Code\.venv_sklearn152\Lib\site-packages\pip\_internal\network\lazy_wheel.py,") -> Generator[tuple[int, int], None, None]:"
synthetic,185,generate,New_Code\.venv_sklearn152\Lib\site-packages\pip\_internal\network\lazy_wheel.py,") -> Generator[tuple[int, int], None, None]:"
synthetic,186,generator,New_Code\.venv_sklearn152\Lib\site-packages\pip\_internal\network\lazy_wheel.py,"""""""Return a generator of intervals to be fetched."
synthetic,186,generate,New_Code\.venv_sklearn152\Lib\site-packages\pip\_internal\network\lazy_wheel.py,"""""""Return a generator of intervals to be fetched."
synthetic,21,generator,New_Code\.venv_sklearn152\Lib\site-packages\pip\_internal\network\session.py,"from collections.abc import Generator, Mapping, Sequence"
synthetic,21,generate,New_Code\.venv_sklearn152\Lib\site-packages\pip\_internal\network\session.py,"from collections.abc import Generator, Mapping, Sequence"
synthetic,442,generator,New_Code\.venv_sklearn152\Lib\site-packages\pip\_internal\network\session.py,"def iter_secure_origins(self) -> Generator[SecureOrigin, None, None]:"
synthetic,442,generate,New_Code\.venv_sklearn152\Lib\site-packages\pip\_internal\network\session.py,"def iter_secure_origins(self) -> Generator[SecureOrigin, None, None]:"
synthetic,1,generator,New_Code\.venv_sklearn152\Lib\site-packages\pip\_internal\network\utils.py,from collections.abc import Generator
synthetic,1,generate,New_Code\.venv_sklearn152\Lib\site-packages\pip\_internal\network\utils.py,from collections.abc import Generator
synthetic,76,generator,New_Code\.venv_sklearn152\Lib\site-packages\pip\_internal\network\utils.py,") -> Generator[bytes, None, None]:"
synthetic,76,generate,New_Code\.venv_sklearn152\Lib\site-packages\pip\_internal\network\utils.py,") -> Generator[bytes, None, None]:"
synthetic,6,generator,New_Code\.venv_sklearn152\Lib\site-packages\pip\_internal\operations\check.py,"from collections.abc import Callable, Generator, Iterable"
synthetic,6,generate,New_Code\.venv_sklearn152\Lib\site-packages\pip\_internal\operations\check.py,"from collections.abc import Callable, Generator, Iterable"
synthetic,128,generator,New_Code\.venv_sklearn152\Lib\site-packages\pip\_internal\operations\check.py,") -> Generator[BaseDistribution, None, None]:"
synthetic,128,generate,New_Code\.venv_sklearn152\Lib\site-packages\pip\_internal\operations\check.py,") -> Generator[BaseDistribution, None, None]:"
synthetic,6,generator,New_Code\.venv_sklearn152\Lib\site-packages\pip\_internal\operations\freeze.py,"from collections.abc import Container, Generator, Iterable"
synthetic,6,generate,New_Code\.venv_sklearn152\Lib\site-packages\pip\_internal\operations\freeze.py,"from collections.abc import Container, Generator, Iterable"
synthetic,38,generator,New_Code\.venv_sklearn152\Lib\site-packages\pip\_internal\operations\freeze.py,") -> Generator[str, None, None]:"
synthetic,38,generate,New_Code\.venv_sklearn152\Lib\site-packages\pip\_internal\operations\freeze.py,") -> Generator[str, None, None]:"
synthetic,534,generate,New_Code\.venv_sklearn152\Lib\site-packages\pip\_internal\operations\prepare.py,# (3) Generate a dist just from those file contents.
synthetic,771,generate,New_Code\.venv_sklearn152\Lib\site-packages\pip\_internal\operations\prepare.py,# the legacy hash field will be generated when converting to JSON.
synthetic,797,generate,New_Code\.venv_sklearn152\Lib\site-packages\pip\_internal\operations\prepare.py,# is generated at build time and may legitimately differ from what the
synthetic,7,generator,New_Code\.venv_sklearn152\Lib\site-packages\pip\_internal\operations\build\build_tracker.py,from collections.abc import Generator
synthetic,7,generate,New_Code\.venv_sklearn152\Lib\site-packages\pip\_internal\operations\build\build_tracker.py,from collections.abc import Generator
synthetic,17,generator,New_Code\.venv_sklearn152\Lib\site-packages\pip\_internal\operations\build\build_tracker.py,"def update_env_context_manager(**changes: str) -> Generator[None, None, None]:"
synthetic,17,generate,New_Code\.venv_sklearn152\Lib\site-packages\pip\_internal\operations\build\build_tracker.py,"def update_env_context_manager(**changes: str) -> Generator[None, None, None]:"
synthetic,43,generator,New_Code\.venv_sklearn152\Lib\site-packages\pip\_internal\operations\build\build_tracker.py,"def get_build_tracker() -> Generator[BuildTracker, None, None]:"
synthetic,43,generate,New_Code\.venv_sklearn152\Lib\site-packages\pip\_internal\operations\build\build_tracker.py,"def get_build_tracker() -> Generator[BuildTracker, None, None]:"
synthetic,132,generator,New_Code\.venv_sklearn152\Lib\site-packages\pip\_internal\operations\build\build_tracker.py,"def track(self, req: InstallRequirement, key: str) -> Generator[None, None, None]:"
synthetic,132,generate,New_Code\.venv_sklearn152\Lib\site-packages\pip\_internal\operations\build\build_tracker.py,"def track(self, req: InstallRequirement, key: str) -> Generator[None, None, None]:"
synthetic,1,generate,New_Code\.venv_sklearn152\Lib\site-packages\pip\_internal\operations\build\metadata.py,"""""""Metadata generation logic for source distributions."""""""
synthetic,16,generate,New_Code\.venv_sklearn152\Lib\site-packages\pip\_internal\operations\build\metadata.py,def generate_metadata(
synthetic,19,generate,New_Code\.venv_sklearn152\Lib\site-packages\pip\_internal\operations\build\metadata.py,"""""""Generate metadata using mechanisms described in PEP 517."
synthetic,21,generate,New_Code\.venv_sklearn152\Lib\site-packages\pip\_internal\operations\build\metadata.py,Returns the generated metadata directory.
synthetic,1,generate,New_Code\.venv_sklearn152\Lib\site-packages\pip\_internal\operations\build\metadata_editable.py,"""""""Metadata generation logic for source distributions."""""""
synthetic,16,generate,New_Code\.venv_sklearn152\Lib\site-packages\pip\_internal\operations\build\metadata_editable.py,def generate_editable_metadata(
synthetic,19,generate,New_Code\.venv_sklearn152\Lib\site-packages\pip\_internal\operations\build\metadata_editable.py,"""""""Generate metadata using mechanisms described in PEP 660."
synthetic,21,generate,New_Code\.venv_sklearn152\Lib\site-packages\pip\_internal\operations\build\metadata_editable.py,Returns the generated metadata directory.
synthetic,18,generator,New_Code\.venv_sklearn152\Lib\site-packages\pip\_internal\operations\install\wheel.py,"from collections.abc import Callable, Generator, Iterable, Iterator, Sequence"
synthetic,18,generate,New_Code\.venv_sklearn152\Lib\site-packages\pip\_internal\operations\install\wheel.py,"from collections.abc import Callable, Generator, Iterable, Iterator, Sequence"
synthetic,234,generate,New_Code\.venv_sklearn152\Lib\site-packages\pip\_internal\operations\install\wheel.py,"generated: list[str],"
synthetic,253,generate,New_Code\.venv_sklearn152\Lib\site-packages\pip\_internal\operations\install\wheel.py,for f in generated:
synthetic,272,generate,New_Code\.venv_sklearn152\Lib\site-packages\pip\_internal\operations\install\wheel.py,# Special case pip and setuptools to generate versioned wrappers
synthetic,287,generate,New_Code\.venv_sklearn152\Lib\site-packages\pip\_internal\operations\install\wheel.py,# override the versioned entry points in the wheel and generate the
synthetic,295,generate,New_Code\.venv_sklearn152\Lib\site-packages\pip\_internal\operations\install\wheel.py,#   - Only pipX.Y and easy_install-X.Y will be generated and installed
synthetic,297,generate,New_Code\.venv_sklearn152\Lib\site-packages\pip\_internal\operations\install\wheel.py,"#   - pipX.Y, pipX, easy_install-X.Y will be generated and installed. Note"
synthetic,331,generate,New_Code\.venv_sklearn152\Lib\site-packages\pip\_internal\operations\install\wheel.py,# Generate the console entry points specified in the wheel
synthetic,472,generate,New_Code\.venv_sklearn152\Lib\site-packages\pip\_internal\operations\install\wheel.py,#   generated = files newly generated during the install (script wrappers)
synthetic,475,generate,New_Code\.venv_sklearn152\Lib\site-packages\pip\_internal\operations\install\wheel.py,generated: list[str] = []
synthetic,574,generate,New_Code\.venv_sklearn152\Lib\site-packages\pip\_internal\operations\install\wheel.py,"# EP, EP.exe and EP-script.py are scripts generated for"
synthetic,586,generate,New_Code\.venv_sklearn152\Lib\site-packages\pip\_internal\operations\install\wheel.py,# Ignore setuptools-generated scripts
synthetic,608,generator,New_Code\.venv_sklearn152\Lib\site-packages\pip\_internal\operations\install\wheel.py,"def pyc_source_file_paths() -> Generator[str, None, None]:"
synthetic,608,generate,New_Code\.venv_sklearn152\Lib\site-packages\pip\_internal\operations\install\wheel.py,"def pyc_source_file_paths() -> Generator[str, None, None]:"
synthetic,655,generate,New_Code\.venv_sklearn152\Lib\site-packages\pip\_internal\operations\install\wheel.py,# Ensure we don't generate any variants for scripts because this is almost
synthetic,665,generate,New_Code\.venv_sklearn152\Lib\site-packages\pip\_internal\operations\install\wheel.py,# Generate the console and GUI entry points specified in the wheel
synthetic,670,generate,New_Code\.venv_sklearn152\Lib\site-packages\pip\_internal\operations\install\wheel.py,generated_console_scripts = maker.make_multiple(scripts_to_generate)
synthetic,671,generate,New_Code\.venv_sklearn152\Lib\site-packages\pip\_internal\operations\install\wheel.py,generated.extend(generated_console_scripts)
synthetic,673,generate,New_Code\.venv_sklearn152\Lib\site-packages\pip\_internal\operations\install\wheel.py,"generated.extend(maker.make_multiple(gui_scripts_to_generate, {""gui"": True}))"
synthetic,676,generate,New_Code\.venv_sklearn152\Lib\site-packages\pip\_internal\operations\install\wheel.py,msg = message_about_scripts_not_on_PATH(generated_console_scripts)
synthetic,680,generate,New_Code\.venv_sklearn152\Lib\site-packages\pip\_internal\operations\install\wheel.py,generated_file_mode = 0o666 & ~current_umask()
synthetic,683,generator,New_Code\.venv_sklearn152\Lib\site-packages\pip\_internal\operations\install\wheel.py,"def _generate_file(path: str, **kwargs: Any) -> Generator[BinaryIO, None, None]:"
synthetic,683,generate,New_Code\.venv_sklearn152\Lib\site-packages\pip\_internal\operations\install\wheel.py,"def _generate_file(path: str, **kwargs: Any) -> Generator[BinaryIO, None, None]:"
synthetic,686,generate,New_Code\.venv_sklearn152\Lib\site-packages\pip\_internal\operations\install\wheel.py,"os.chmod(f.name, generated_file_mode)"
synthetic,695,generate,New_Code\.venv_sklearn152\Lib\site-packages\pip\_internal\operations\install\wheel.py,generated.append(installer_path)
synthetic,702,generate,New_Code\.venv_sklearn152\Lib\site-packages\pip\_internal\operations\install\wheel.py,generated.append(direct_url_path)
synthetic,709,generate,New_Code\.venv_sklearn152\Lib\site-packages\pip\_internal\operations\install\wheel.py,generated.append(requested_path)
synthetic,718,generate,New_Code\.venv_sklearn152\Lib\site-packages\pip\_internal\operations\install\wheel.py,"generated=generated,"
synthetic,733,generator,New_Code\.venv_sklearn152\Lib\site-packages\pip\_internal\operations\install\wheel.py,"def req_error_context(req_description: str) -> Generator[None, None, None]:"
synthetic,733,generate,New_Code\.venv_sklearn152\Lib\site-packages\pip\_internal\operations\install\wheel.py,"def req_error_context(req_description: str) -> Generator[None, None, None]:"
synthetic,15,generator,New_Code\.venv_sklearn152\Lib\site-packages\pip\_internal\req\req_file.py,"from collections.abc import Callable, Generator, Iterable"
synthetic,15,generate,New_Code\.venv_sklearn152\Lib\site-packages\pip\_internal\req\req_file.py,"from collections.abc import Callable, Generator, Iterable"
synthetic,142,generator,New_Code\.venv_sklearn152\Lib\site-packages\pip\_internal\req\req_file.py,") -> Generator[ParsedRequirement, None, None]:"
synthetic,142,generate,New_Code\.venv_sklearn152\Lib\site-packages\pip\_internal\req\req_file.py,") -> Generator[ParsedRequirement, None, None]:"
synthetic,344,generator,New_Code\.venv_sklearn152\Lib\site-packages\pip\_internal\req\req_file.py,") -> Generator[ParsedLine, None, None]:"
synthetic,344,generate,New_Code\.venv_sklearn152\Lib\site-packages\pip\_internal\req\req_file.py,") -> Generator[ParsedLine, None, None]:"
synthetic,355,generator,New_Code\.venv_sklearn152\Lib\site-packages\pip\_internal\req\req_file.py,") -> Generator[ParsedLine, None, None]:"
synthetic,355,generate,New_Code\.venv_sklearn152\Lib\site-packages\pip\_internal\req\req_file.py,") -> Generator[ParsedLine, None, None]:"
synthetic,404,generator,New_Code\.venv_sklearn152\Lib\site-packages\pip\_internal\req\req_file.py,") -> Generator[ParsedLine, None, None]:"
synthetic,404,generate,New_Code\.venv_sklearn152\Lib\site-packages\pip\_internal\req\req_file.py,") -> Generator[ParsedLine, None, None]:"
synthetic,35,generate,New_Code\.venv_sklearn152\Lib\site-packages\pip\_internal\req\req_install.py,from pip._internal.operations.build.metadata import generate_metadata
synthetic,36,generate,New_Code\.venv_sklearn152\Lib\site-packages\pip\_internal\req\req_install.py,from pip._internal.operations.build.metadata_editable import generate_editable_metadata
synthetic,366,generate,New_Code\.venv_sklearn152\Lib\site-packages\pip\_internal\req\req_install.py,"""""""Set requirement after generating metadata."""""""
synthetic,371,generate,New_Code\.venv_sklearn152\Lib\site-packages\pip\_internal\req\req_install.py,# Construct a Requirement object from the generated metadata
synthetic,396,generate,New_Code\.venv_sklearn152\Lib\site-packages\pip\_internal\req\req_install.py,"""Generating metadata for package %s """
synthetic,529,generate,New_Code\.venv_sklearn152\Lib\site-packages\pip\_internal\req\req_install.py,self.metadata_directory = generate_editable_metadata(
synthetic,535,generate,New_Code\.venv_sklearn152\Lib\site-packages\pip\_internal\req\req_install.py,self.metadata_directory = generate_metadata(
synthetic,541,generate,New_Code\.venv_sklearn152\Lib\site-packages\pip\_internal\req\req_install.py,"# Act on the newly generated metadata, based on the name and version."
synthetic,7,generator,New_Code\.venv_sklearn152\Lib\site-packages\pip\_internal\req\req_uninstall.py,"from collections.abc import Callable, Generator, Iterable"
synthetic,7,generate,New_Code\.venv_sklearn152\Lib\site-packages\pip\_internal\req\req_uninstall.py,"from collections.abc import Callable, Generator, Iterable"
synthetic,26,generator,New_Code\.venv_sklearn152\Lib\site-packages\pip\_internal\req\req_uninstall.py,") -> Generator[str, None, None]:"
synthetic,26,generate,New_Code\.venv_sklearn152\Lib\site-packages\pip\_internal\req\req_uninstall.py,") -> Generator[str, None, None]:"
synthetic,44,generator,New_Code\.venv_sklearn152\Lib\site-packages\pip\_internal\req\req_uninstall.py,"fn: Callable[..., Generator[Any, None, None]],"
synthetic,44,generate,New_Code\.venv_sklearn152\Lib\site-packages\pip\_internal\req\req_uninstall.py,"fn: Callable[..., Generator[Any, None, None]],"
synthetic,45,generator,New_Code\.venv_sklearn152\Lib\site-packages\pip\_internal\req\req_uninstall.py,") -> Callable[..., Generator[Any, None, None]]:"
synthetic,45,generate,New_Code\.venv_sklearn152\Lib\site-packages\pip\_internal\req\req_uninstall.py,") -> Callable[..., Generator[Any, None, None]]:"
synthetic,47,generator,New_Code\.venv_sklearn152\Lib\site-packages\pip\_internal\req\req_uninstall.py,"def unique(*args: Any, **kw: Any) -> Generator[Any, None, None]:"
synthetic,47,generate,New_Code\.venv_sklearn152\Lib\site-packages\pip\_internal\req\req_uninstall.py,"def unique(*args: Any, **kw: Any) -> Generator[Any, None, None]:"
synthetic,58,generator,New_Code\.venv_sklearn152\Lib\site-packages\pip\_internal\req\req_uninstall.py,"def uninstallation_paths(dist: BaseDistribution) -> Generator[str, None, None]:"
synthetic,58,generate,New_Code\.venv_sklearn152\Lib\site-packages\pip\_internal\req\req_uninstall.py,"def uninstallation_paths(dist: BaseDistribution) -> Generator[str, None, None]:"
synthetic,576,generator,New_Code\.venv_sklearn152\Lib\site-packages\pip\_internal\req\req_uninstall.py,") -> Generator[str, None, None]:"
synthetic,576,generate,New_Code\.venv_sklearn152\Lib\site-packages\pip\_internal\req\req_uninstall.py,") -> Generator[str, None, None]:"
synthetic,5,generator,New_Code\.venv_sklearn152\Lib\site-packages\pip\_internal\req\__init__.py,from collections.abc import Generator
synthetic,5,generate,New_Code\.venv_sklearn152\Lib\site-packages\pip\_internal\req\__init__.py,from collections.abc import Generator
synthetic,32,generator,New_Code\.venv_sklearn152\Lib\site-packages\pip\_internal\req\__init__.py,") -> Generator[tuple[str, InstallRequirement], None, None]:"
synthetic,32,generate,New_Code\.venv_sklearn152\Lib\site-packages\pip\_internal\req\__init__.py,") -> Generator[tuple[str, InstallRequirement], None, None]:"
synthetic,1,generate,New_Code\.venv_sklearn152\Lib\site-packages\pip\_internal\utils\compatibility_tags.py,"""""""Generate and work with PEP 425 Compatibility Tags."""""""
synthetic,8,generator,New_Code\.venv_sklearn152\Lib\site-packages\pip\_internal\utils\filesystem.py,"from collections.abc import Callable, Generator"
synthetic,8,generate,New_Code\.venv_sklearn152\Lib\site-packages\pip\_internal\utils\filesystem.py,"from collections.abc import Callable, Generator"
synthetic,47,generator,New_Code\.venv_sklearn152\Lib\site-packages\pip\_internal\utils\filesystem.py,"def adjacent_tmp_file(path: str, **kwargs: Any) -> Generator[BinaryIO, None, None]:"
synthetic,47,generate,New_Code\.venv_sklearn152\Lib\site-packages\pip\_internal\utils\filesystem.py,"def adjacent_tmp_file(path: str, **kwargs: Any) -> Generator[BinaryIO, None, None]:"
synthetic,170,generator,New_Code\.venv_sklearn152\Lib\site-packages\pip\_internal\utils\filesystem.py,) -> Generator[Path]:
synthetic,170,generate,New_Code\.venv_sklearn152\Lib\site-packages\pip\_internal\utils\filesystem.py,) -> Generator[Path]:
synthetic,192,generator,New_Code\.venv_sklearn152\Lib\site-packages\pip\_internal\utils\filesystem.py,def subdirs_without_files(path: str) -> Generator[Path]:
synthetic,192,generate,New_Code\.venv_sklearn152\Lib\site-packages\pip\_internal\utils\filesystem.py,def subdirs_without_files(path: str) -> Generator[Path]:
synthetic,197,generator,New_Code\.venv_sklearn152\Lib\site-packages\pip\_internal\utils\filesystem.py,def subdirs_without_wheels(path: str) -> Generator[Path]:
synthetic,197,generate,New_Code\.venv_sklearn152\Lib\site-packages\pip\_internal\utils\filesystem.py,def subdirs_without_wheels(path: str) -> Generator[Path]:
synthetic,89,generate,New_Code\.venv_sklearn152\Lib\site-packages\pip\_internal\utils\glibc.py,# versions that was generated by pip 8.1.2 and earlier is useless and
synthetic,145,generate,New_Code\.venv_sklearn152\Lib\site-packages\pip\_internal\utils\hashes.py,"# Pass our favorite hash in to generate a ""gotten hash"". With the"
synthetic,10,generator,New_Code\.venv_sklearn152\Lib\site-packages\pip\_internal\utils\logging.py,from collections.abc import Generator
synthetic,10,generate,New_Code\.venv_sklearn152\Lib\site-packages\pip\_internal\utils\logging.py,from collections.abc import Generator
synthetic,60,generator,New_Code\.venv_sklearn152\Lib\site-packages\pip\_internal\utils\logging.py,"def capture_logging() -> Generator[StringIO, None, None]:"
synthetic,60,generate,New_Code\.venv_sklearn152\Lib\site-packages\pip\_internal\utils\logging.py,"def capture_logging() -> Generator[StringIO, None, None]:"
synthetic,92,generator,New_Code\.venv_sklearn152\Lib\site-packages\pip\_internal\utils\logging.py,"def indent_log(num: int = 2) -> Generator[None, None, None]:"
synthetic,92,generate,New_Code\.venv_sklearn152\Lib\site-packages\pip\_internal\utils\logging.py,"def indent_log(num: int = 2) -> Generator[None, None, None]:"
synthetic,15,generator,New_Code\.venv_sklearn152\Lib\site-packages\pip\_internal\utils\misc.py,"from collections.abc import Callable, Generator, Iterable, Iterator, Mapping, Sequence"
synthetic,15,generate,New_Code\.venv_sklearn152\Lib\site-packages\pip\_internal\utils\misc.py,"from collections.abc import Callable, Generator, Iterable, Iterator, Mapping, Sequence"
synthetic,340,generator,New_Code\.venv_sklearn152\Lib\site-packages\pip\_internal\utils\misc.py,") -> Generator[bytes, None, None]:"
synthetic,340,generate,New_Code\.venv_sklearn152\Lib\site-packages\pip\_internal\utils\misc.py,") -> Generator[bytes, None, None]:"
synthetic,9,generator,New_Code\.venv_sklearn152\Lib\site-packages\pip\_internal\utils\temp_dir.py,"from collections.abc import Callable, Generator"
synthetic,9,generate,New_Code\.venv_sklearn152\Lib\site-packages\pip\_internal\utils\temp_dir.py,"from collections.abc import Callable, Generator"
synthetic,37,generator,New_Code\.venv_sklearn152\Lib\site-packages\pip\_internal\utils\temp_dir.py,"def global_tempdir_manager() -> Generator[None, None, None]:"
synthetic,37,generate,New_Code\.venv_sklearn152\Lib\site-packages\pip\_internal\utils\temp_dir.py,"def global_tempdir_manager() -> Generator[None, None, None]:"
synthetic,70,generator,New_Code\.venv_sklearn152\Lib\site-packages\pip\_internal\utils\temp_dir.py,"def tempdir_registry() -> Generator[TempDirectoryTypeRegistry, None, None]:"
synthetic,70,generate,New_Code\.venv_sklearn152\Lib\site-packages\pip\_internal\utils\temp_dir.py,"def tempdir_registry() -> Generator[TempDirectoryTypeRegistry, None, None]:"
synthetic,250,generator,New_Code\.venv_sklearn152\Lib\site-packages\pip\_internal\utils\temp_dir.py,"def _generate_names(cls, name: str) -> Generator[str, None, None]:"
synthetic,250,generate,New_Code\.venv_sklearn152\Lib\site-packages\pip\_internal\utils\temp_dir.py,"def _generate_names(cls, name: str) -> Generator[str, None, None]:"
synthetic,251,generate,New_Code\.venv_sklearn152\Lib\site-packages\pip\_internal\utils\temp_dir.py,"""""""Generates a series of temporary names."
synthetic,377,generator,New_Code\.venv_sklearn152\Lib\site-packages\pip\_vendor\distlib\compat.py,in the same way as the tokenize() generator.
synthetic,377,generate,New_Code\.venv_sklearn152\Lib\site-packages\pip\_vendor\distlib\compat.py,in the same way as the tokenize() generator.
synthetic,431,generate,New_Code\.venv_sklearn152\Lib\site-packages\pip\_vendor\distlib\scripts.py,:param options: A dictionary of options controlling script generation.
synthetic,1189,generate,New_Code\.venv_sklearn152\Lib\site-packages\pip\_vendor\distlib\util.py,"# If `node` is a root node, pop the stack and generate an SCC"
synthetic,1,generate,New_Code\.venv_sklearn152\Lib\site-packages\pip\_vendor\idna\idnadata.py,# This file is automatically generated by tools/idna-data
synthetic,1,generate,New_Code\.venv_sklearn152\Lib\site-packages\pip\_vendor\idna\uts46data.py,# This file is automatically generated by tools/idna-data
synthetic,296,generate,New_Code\.venv_sklearn152\Lib\site-packages\pip\_vendor\packaging\direct_url.py,"generate_legacy_hash: bool = False,"
synthetic,302,generate,New_Code\.venv_sklearn152\Lib\site-packages\pip\_vendor\packaging\direct_url.py,":param generate_legacy_hash: If True, include a legacy `hash` field in"
synthetic,313,generate,New_Code\.venv_sklearn152\Lib\site-packages\pip\_vendor\packaging\direct_url.py,if generate_legacy_hash and self.archive_info and self.archive_info.hashes:
synthetic,65,generator,New_Code\.venv_sklearn152\Lib\site-packages\pip\_vendor\packaging\errors.py,"def on_exit(self, msg: str) -> typing.Generator[_ErrorCollector, None, None]:"
synthetic,65,generate,New_Code\.venv_sklearn152\Lib\site-packages\pip\_vendor\packaging\errors.py,"def on_exit(self, msg: str) -> typing.Generator[_ErrorCollector, None, None]:"
synthetic,75,generator,New_Code\.venv_sklearn152\Lib\site-packages\pip\_vendor\packaging\errors.py,"def collect(self, *err_cls: type[Exception]) -> typing.Generator[None, None, None]:"
synthetic,75,generate,New_Code\.venv_sklearn152\Lib\site-packages\pip\_vendor\packaging\errors.py,"def collect(self, *err_cls: type[Exception]) -> typing.Generator[None, None, None]:"
synthetic,335,generate,New_Code\.venv_sklearn152\Lib\site-packages\pip\_vendor\packaging\tags.py,The specific tags generated are:
synthetic,459,generate,New_Code\.venv_sklearn152\Lib\site-packages\pip\_vendor\packaging\tags.py,The specific tags generated are:
synthetic,510,generate,New_Code\.venv_sklearn152\Lib\site-packages\pip\_vendor\packaging\tags.py,The specific tags generated are:
synthetic,585,generate,New_Code\.venv_sklearn152\Lib\site-packages\pip\_vendor\packaging\tags.py,generate platform tags for. The `arch` parameter is the CPU architecture to
synthetic,586,generate,New_Code\.venv_sklearn152\Lib\site-packages\pip\_vendor\packaging\tags.py,generate platform tags for. Both parameters default to the appropriate value
synthetic,863,generate,New_Code\.venv_sklearn152\Lib\site-packages\pip\_vendor\packaging\tags.py,short-circuiting of tag generation if the entire sequence is not necessary
synthetic,10,generator,New_Code\.venv_sklearn152\Lib\site-packages\pip\_vendor\packaging\_manylinux.py,"from typing import Generator, Iterator, NamedTuple, Sequence"
synthetic,10,generate,New_Code\.venv_sklearn152\Lib\site-packages\pip\_vendor\packaging\_manylinux.py,"from typing import Generator, Iterator, NamedTuple, Sequence"
synthetic,32,generator,New_Code\.venv_sklearn152\Lib\site-packages\pip\_vendor\packaging\_manylinux.py,"def _parse_elf(path: str) -> Generator[ELFFile | None, None, None]:"
synthetic,32,generate,New_Code\.venv_sklearn152\Lib\site-packages\pip\_vendor\packaging\_manylinux.py,"def _parse_elf(path: str) -> Generator[ELFFile | None, None, None]:"
synthetic,220,generate,New_Code\.venv_sklearn152\Lib\site-packages\pip\_vendor\packaging\_manylinux.py,"""""""Generate manylinux tags compatible to the current platform."
synthetic,57,generate,New_Code\.venv_sklearn152\Lib\site-packages\pip\_vendor\packaging\_musllinux.py,"""""""Generate musllinux tags compatible to the current platform."
synthetic,6,generator,New_Code\.venv_sklearn152\Lib\site-packages\pip\_vendor\packaging\_tokenizer.py,"from typing import Generator, Mapping, NoReturn"
synthetic,6,generate,New_Code\.venv_sklearn152\Lib\site-packages\pip\_vendor\packaging\_tokenizer.py,"from typing import Generator, Mapping, NoReturn"
synthetic,175,generator,New_Code\.venv_sklearn152\Lib\site-packages\pip\_vendor\packaging\_tokenizer.py,") -> Generator[None, None, None]:"
synthetic,175,generate,New_Code\.venv_sklearn152\Lib\site-packages\pip\_vendor\packaging\_tokenizer.py,") -> Generator[None, None, None]:"
synthetic,1426,generate,New_Code\.venv_sklearn152\Lib\site-packages\pip\_vendor\pkg_resources\__init__.py,"extract, as it tracks the generated names for possible cleanup later."
synthetic,1,generate,New_Code\.venv_sklearn152\Lib\site-packages\pip\_vendor\platformdirs\version.py,# file generated by vcs-versioning
synthetic,105,generate,New_Code\.venv_sklearn152\Lib\site-packages\pip\_vendor\pygments\formatter.py,The optional argument `arg` can be used to modify the generation and
synthetic,142,generator,New_Code\.venv_sklearn152\Lib\site-packages\pip\_vendor\pygments\lexer.py,#: This is used by the documentation generator to show an example.
synthetic,142,generate,New_Code\.venv_sklearn152\Lib\site-packages\pip\_vendor\pygments\lexer.py,#: This is used by the documentation generator to show an example.
synthetic,286,generator,New_Code\.venv_sklearn152\Lib\site-packages\pip\_vendor\pygments\lexer.py,implement it as a generator to maximize effectiveness.
synthetic,286,generate,New_Code\.venv_sklearn152\Lib\site-packages\pip\_vendor\pygments\lexer.py,implement it as a generator to maximize effectiveness.
synthetic,5,generate,New_Code\.venv_sklearn152\Lib\site-packages\pip\_vendor\pygments\regexopt.py,An algorithm that generates optimized regexes for matching long lists of
synthetic,5,generate,New_Code\.venv_sklearn152\Lib\site-packages\pip\_vendor\pygments\sphinxext.py,"Sphinx extension to generate automatic documentation of lexers,"
synthetic,62,generate,New_Code\.venv_sklearn152\Lib\site-packages\pip\_vendor\pygments\sphinxext.py,A directive to collect all lexers/formatters/filters and generate
synthetic,91,generate,New_Code\.venv_sklearn152\Lib\site-packages\pip\_vendor\pygments\sphinxext.py,"""""""Generate a tabular overview of all lexers."
synthetic,80,generate,New_Code\.venv_sklearn152\Lib\site-packages\pip\_vendor\pygments\unistring.py,# Generated from unidata 11.0.0
synthetic,151,generate,New_Code\.venv_sklearn152\Lib\site-packages\pip\_vendor\pygments\unistring.py,fp.write(f'# Generated from unidata {unicodedata.unidata_version}\n\n')
synthetic,46,generator,New_Code\.venv_sklearn152\Lib\site-packages\pip\_vendor\pygments\filters\__init__.py,"""""""Return a generator of all filter names."""""""
synthetic,46,generate,New_Code\.venv_sklearn152\Lib\site-packages\pip\_vendor\pygments\filters\__init__.py,"""""""Return a generator of all filter names."""""""
synthetic,764,generate,New_Code\.venv_sklearn152\Lib\site-packages\pip\_vendor\pygments\filters\__init__.py,"""""""Raise an exception when the lexer generates an error token."
synthetic,1,generate,New_Code\.venv_sklearn152\Lib\site-packages\pip\_vendor\pygments\formatters\_mapping.py,# Automatically generated by scripts/gen_mapfiles.py.
synthetic,6,generate,New_Code\.venv_sklearn152\Lib\site-packages\pip\_vendor\pygments\formatters\_mapping.py,"'BmpImageFormatter': ('pygments.formatters.img', 'img_bmp', ('bmp', 'bitmap'), ('*.bmp',), 'Create a bitmap image from source code. This uses the Python Imaging Library to generate a pixmap from the source code.'),"
synthetic,7,generate,New_Code\.venv_sklearn152\Lib\site-packages\pip\_vendor\pygments\formatters\_mapping.py,"'GifImageFormatter': ('pygments.formatters.img', 'img_gif', ('gif',), ('*.gif',), 'Create a GIF image from source code. This uses the Python Imaging Library to generate a pixmap from the source code.'),"
synthetic,11,generate,New_Code\.venv_sklearn152\Lib\site-packages\pip\_vendor\pygments\formatters\_mapping.py,"'ImageFormatter': ('pygments.formatters.img', 'img', ('img', 'IMG', 'png'), ('*.png',), 'Create a PNG image from source code. This uses the Python Imaging Library to generate a pixmap from the source code.'),"
synthetic,12,generate,New_Code\.venv_sklearn152\Lib\site-packages\pip\_vendor\pygments\formatters\_mapping.py,"'JpgImageFormatter': ('pygments.formatters.img', 'img_jpg', ('jpg', 'jpeg'), ('*.jpg',), 'Create a JPEG image from source code. This uses the Python Imaging Library to generate a pixmap from the source code.'),"
synthetic,45,generator,New_Code\.venv_sklearn152\Lib\site-packages\pip\_vendor\pygments\formatters\__init__.py,"""""""Return a generator for all formatter classes."""""""
synthetic,45,generate,New_Code\.venv_sklearn152\Lib\site-packages\pip\_vendor\pygments\formatters\__init__.py,"""""""Return a generator for all formatter classes."""""""
synthetic,254,generate,New_Code\.venv_sklearn152\Lib\site-packages\pip\_vendor\pygments\lexers\python.py,"'FutureWarning', 'GeneratorExit', 'IOError', 'ImportError',"
synthetic,521,generate,New_Code\.venv_sklearn152\Lib\site-packages\pip\_vendor\pygments\lexers\python.py,"'Exception', 'FloatingPointError', 'FutureWarning', 'GeneratorExit',"
synthetic,912,generate,New_Code\.venv_sklearn152\Lib\site-packages\pip\_vendor\pygments\lexers\python.py,"'Exception', 'FloatingPointError', 'FutureWarning', 'GeneratorExit',"
synthetic,1069,generate,New_Code\.venv_sklearn152\Lib\site-packages\pip\_vendor\pygments\lexers\python.py,"(r""(?<!\.)(Exception|GeneratorExit|KeyboardInterrupt|StopIteration|"""
synthetic,1,generate,New_Code\.venv_sklearn152\Lib\site-packages\pip\_vendor\pygments\lexers\_mapping.py,# Automatically generated by scripts/gen_mapfiles.py.
synthetic,52,generator,New_Code\.venv_sklearn152\Lib\site-packages\pip\_vendor\pygments\lexers\__init__.py,"""""""Return a generator of tuples in the form ``(name, aliases,"
synthetic,52,generate,New_Code\.venv_sklearn152\Lib\site-packages\pip\_vendor\pygments\lexers\__init__.py,"""""""Return a generator of tuples in the form ``(name, aliases,"
synthetic,1,generate,New_Code\.venv_sklearn152\Lib\site-packages\pip\_vendor\pygments\styles\_mapping.py,# Automatically generated by scripts/gen_mapfiles.py.
synthetic,57,generator,New_Code\.venv_sklearn152\Lib\site-packages\pip\_vendor\pygments\styles\__init__.py,"""""""Return a generator for all styles by name, both builtin and plugin."""""""
synthetic,57,generate,New_Code\.venv_sklearn152\Lib\site-packages\pip\_vendor\pygments\styles\__init__.py,"""""""Return a generator for all styles by name, both builtin and plugin."""""""
synthetic,371,generate,New_Code\.venv_sklearn152\Lib\site-packages\pip\_vendor\requests\adapters.py,:param req: The :class:`PreparedRequest <PreparedRequest>` used to generate the response.
synthetic,63,generate,New_Code\.venv_sklearn152\Lib\site-packages\pip\_vendor\requests\help.py,"""""""Generate information for a bug report."""""""
synthetic,10,generate,New_Code\.venv_sklearn152\Lib\site-packages\pip\_vendor\requests\hooks.py,The response generated from a Request.
synthetic,16,generator,New_Code\.venv_sklearn152\Lib\site-packages\pip\_vendor\requests\models.py,"from collections.abc import Callable, Generator, Iterable, Iterator, Mapping"
synthetic,16,generate,New_Code\.venv_sklearn152\Lib\site-packages\pip\_vendor\requests\models.py,"from collections.abc import Callable, Generator, Iterable, Iterator, Mapping"
synthetic,380,generate,New_Code\.venv_sklearn152\Lib\site-packages\pip\_vendor\requests\models.py,"Instances are generated from a :class:`Request <Request>` object, and"
synthetic,579,generator,New_Code\.venv_sklearn152\Lib\site-packages\pip\_vendor\requests\models.py,"# Check if file, fo, generator, iterator."
synthetic,579,generate,New_Code\.venv_sklearn152\Lib\site-packages\pip\_vendor\requests\models.py,"# Check if file, fo, generator, iterator."
synthetic,702,generate,New_Code\.venv_sklearn152\Lib\site-packages\pip\_vendor\requests\models.py,This function eventually generates a ``Cookie`` header from the
synthetic,933,generator,New_Code\.venv_sklearn152\Lib\site-packages\pip\_vendor\requests\models.py,"def generate() -> Generator[bytes, None, None]:"
synthetic,933,generate,New_Code\.venv_sklearn152\Lib\site-packages\pip\_vendor\requests\models.py,"def generate() -> Generator[bytes, None, None]:"
synthetic,968,generate,New_Code\.venv_sklearn152\Lib\site-packages\pip\_vendor\requests\models.py,chunks = generate()
synthetic,15,generator,New_Code\.venv_sklearn152\Lib\site-packages\pip\_vendor\requests\sessions.py,"from collections.abc import Generator, Mapping, MutableMapping"
synthetic,15,generate,New_Code\.venv_sklearn152\Lib\site-packages\pip\_vendor\requests\sessions.py,"from collections.abc import Generator, Mapping, MutableMapping"
synthetic,197,generator,New_Code\.venv_sklearn152\Lib\site-packages\pip\_vendor\requests\sessions.py,") -> Generator[Response, None, None]:"
synthetic,197,generate,New_Code\.venv_sklearn152\Lib\site-packages\pip\_vendor\requests\sessions.py,") -> Generator[Response, None, None]:"
synthetic,198,generator,New_Code\.venv_sklearn152\Lib\site-packages\pip\_vendor\requests\sessions.py,"""""""Receives a Response. Returns a generator of Responses or Requests."""""""
synthetic,198,generate,New_Code\.venv_sklearn152\Lib\site-packages\pip\_vendor\requests\sessions.py,"""""""Receives a Response. Returns a generator of Responses or Requests."""""""
synthetic,803,generator,New_Code\.venv_sklearn152\Lib\site-packages\pip\_vendor\requests\sessions.py,# Redirect resolving generator.
synthetic,803,generate,New_Code\.venv_sklearn152\Lib\site-packages\pip\_vendor\requests\sessions.py,# Redirect resolving generator.
synthetic,23,generator,New_Code\.venv_sklearn152\Lib\site-packages\pip\_vendor\requests\utils.py,"from collections.abc import Generator, Iterable"
synthetic,23,generate,New_Code\.venv_sklearn152\Lib\site-packages\pip\_vendor\requests\utils.py,"from collections.abc import Generator, Iterable"
synthetic,329,generator,New_Code\.venv_sklearn152\Lib\site-packages\pip\_vendor\requests\utils.py,"def atomic_open(filename: str) -> Generator[BufferedWriter, None, None]:"
synthetic,329,generate,New_Code\.venv_sklearn152\Lib\site-packages\pip\_vendor\requests\utils.py,"def atomic_open(filename: str) -> Generator[BufferedWriter, None, None]:"
synthetic,596,generator,New_Code\.venv_sklearn152\Lib\site-packages\pip\_vendor\requests\utils.py,") -> Generator[str | bytes, None, None]:"
synthetic,596,generate,New_Code\.venv_sklearn152\Lib\site-packages\pip\_vendor\requests\utils.py,") -> Generator[str | bytes, None, None]:"
synthetic,616,generator,New_Code\.venv_sklearn152\Lib\site-packages\pip\_vendor\requests\utils.py,") -> Generator[bytes, None, None]: ..."
synthetic,616,generate,New_Code\.venv_sklearn152\Lib\site-packages\pip\_vendor\requests\utils.py,") -> Generator[bytes, None, None]: ..."
synthetic,620,generator,New_Code\.venv_sklearn152\Lib\site-packages\pip\_vendor\requests\utils.py,") -> Generator[str, None, None]: ..."
synthetic,620,generate,New_Code\.venv_sklearn152\Lib\site-packages\pip\_vendor\requests\utils.py,") -> Generator[str, None, None]: ..."
synthetic,623,generator,New_Code\.venv_sklearn152\Lib\site-packages\pip\_vendor\requests\utils.py,") -> Generator[bytes | str, None, None]:"
synthetic,623,generate,New_Code\.venv_sklearn152\Lib\site-packages\pip\_vendor\requests\utils.py,") -> Generator[bytes | str, None, None]:"
synthetic,788,generator,New_Code\.venv_sklearn152\Lib\site-packages\pip\_vendor\requests\utils.py,"def set_environ(env_name: str, value: str | None) -> Generator[None, None, None]:"
synthetic,788,generate,New_Code\.venv_sklearn152\Lib\site-packages\pip\_vendor\requests\utils.py,"def set_environ(env_name: str, value: str | None) -> Generator[None, None, None]:"
synthetic,130,generate,New_Code\.venv_sklearn152\Lib\site-packages\pip\_vendor\resolvelib\providers.py,The candidate is guaranteed to have been generated from the
synthetic,147,generate,New_Code\.venv_sklearn152\Lib\site-packages\pip\_vendor\rich\align.py,def generate_segments() -> Iterable[Segment]:
synthetic,202,generate,New_Code\.venv_sklearn152\Lib\site-packages\pip\_vendor\rich\align.py,"iter_segments = chain(generate_segments(), blank_lines(bottom_space))"
synthetic,208,generate,New_Code\.venv_sklearn152\Lib\site-packages\pip\_vendor\rich\align.py,"generate_segments(),"
synthetic,213,generate,New_Code\.venv_sklearn152\Lib\site-packages\pip\_vendor\rich\align.py,"iter_segments = chain(blank_lines(top_space), generate_segments())"
synthetic,215,generate,New_Code\.venv_sklearn152\Lib\site-packages\pip\_vendor\rich\align.py,iter_segments = generate_segments()
synthetic,287,generate,New_Code\.venv_sklearn152\Lib\site-packages\pip\_vendor\rich\console.py,"""""""A renderable to generate new line(s)"""""""
synthetic,2174,generate,New_Code\.venv_sklearn152\Lib\site-packages\pip\_vendor\rich\console.py,"""""""Generate text from console contents (requires record=True argument in constructor)."
synthetic,2206,generate,New_Code\.venv_sklearn152\Lib\site-packages\pip\_vendor\rich\console.py,"""""""Generate text from console and save to a given location (requires record=True argument in constructor)."
synthetic,2227,generate,New_Code\.venv_sklearn152\Lib\site-packages\pip\_vendor\rich\console.py,"""""""Generate HTML from console contents (requires record=True argument in constructor)."
synthetic,2303,generate,New_Code\.venv_sklearn152\Lib\site-packages\pip\_vendor\rich\console.py,"""""""Generate HTML from console contents and write to a file (requires record=True argument in constructor)."
synthetic,2336,generate,New_Code\.venv_sklearn152\Lib\site-packages\pip\_vendor\rich\console.py,Generate an SVG from the console contents (requires record=True in Console constructor).
synthetic,2342,generate,New_Code\.venv_sklearn152\Lib\site-packages\pip\_vendor\rich\console.py,"code_format (str, optional): Format string used to generate the SVG. Rich will inject a number of variables"
synthetic,2587,generate,New_Code\.venv_sklearn152\Lib\site-packages\pip\_vendor\rich\console.py,"""""""Generate an SVG file from the console contents (requires record=True in Console constructor)."
synthetic,2594,generate,New_Code\.venv_sklearn152\Lib\site-packages\pip\_vendor\rich\console.py,"code_format (str, optional): Format string used to generate the SVG. Rich will inject a number of variables"
synthetic,4,generate,New_Code\.venv_sklearn152\Lib\site-packages\pip\_vendor\rich\filesize.py,use cases needed to generate a string representation of a file size
synthetic,314,generate,New_Code\.venv_sklearn152\Lib\site-packages\pip\_vendor\rich\live.py,"""""""Iterate and generate a tuple with a flag for last value."""""""
synthetic,127,generate,New_Code\.venv_sklearn152\Lib\site-packages\pip\_vendor\rich\pretty.py,# always skip rich generated jupyter renderables or None values
synthetic,425,generate,New_Code\.venv_sklearn152\Lib\site-packages\pip\_vendor\rich\pretty.py,"""""""Generate tokens for this node."""""""
synthetic,586,generate,New_Code\.venv_sklearn152\Lib\site-packages\pip\_vendor\rich\pretty.py,"""""""Traverse object and generate a tree."
synthetic,1664,generate,New_Code\.venv_sklearn152\Lib\site-packages\pip\_vendor\rich\progress.py,"""""""Iterate and generate a tuple with a flag for last value."""""""
synthetic,69,generate,New_Code\.venv_sklearn152\Lib\site-packages\pip\_vendor\rich\repr.py,"""""""Auto generate __rich_rep__ from signature of __init__"""""""
synthetic,85,generate,New_Code\.venv_sklearn152\Lib\site-packages\pip\_vendor\rich\repr.py,"f""Failed to auto generate __rich_repr__; {error}"""
synthetic,291,generate,New_Code\.venv_sklearn152\Lib\site-packages\pip\_vendor\rich\segment.py,generated from console.render.
synthetic,737,generate,New_Code\.venv_sklearn152\Lib\site-packages\pip\_vendor\rich\segment.py,"""A Segment is the last step in the Rich render process before generating text with ANSI codes."""
synthetic,291,generate,New_Code\.venv_sklearn152\Lib\site-packages\pip\_vendor\rich\style.py,"""""""Re-generate style definition from attributes."""""""
synthetic,341,generate,New_Code\.venv_sklearn152\Lib\site-packages\pip\_vendor\rich\style.py,"""""""Generate ANSI codes for this style."
synthetic,529,generate,New_Code\.venv_sklearn152\Lib\site-packages\pip\_vendor\rich\syntax.py,# Generate spans until line end
synthetic,814,generate,New_Code\.venv_sklearn152\Lib\site-packages\pip\_vendor\rich\traceback.py,# if the traceback filename is generated dynamically
synthetic,1,generate,New_Code\.venv_sklearn152\Lib\site-packages\pip\_vendor\rich\_cell_widths.py,# Auto generated by make_terminal_widths.py
synthetic,22,generate,New_Code\.venv_sklearn152\Lib\site-packages\pip\_vendor\rich\_export_format.py,<!-- Generated with Rich https://www.textualize.io -->
synthetic,7,generate,New_Code\.venv_sklearn152\Lib\site-packages\pip\_vendor\rich\_loop.py,"""""""Iterate and generate a tuple with a flag for first value."""""""
synthetic,19,generate,New_Code\.venv_sklearn152\Lib\site-packages\pip\_vendor\rich\_loop.py,"""""""Iterate and generate a tuple with a flag for last value."""""""
synthetic,32,generate,New_Code\.venv_sklearn152\Lib\site-packages\pip\_vendor\rich\_loop.py,"""""""Iterate and generate a tuple with a flag for first and last value."""""""
synthetic,9,generator,New_Code\.venv_sklearn152\Lib\site-packages\pip\_vendor\rich\_timer.py,from typing import Generator
synthetic,9,generate,New_Code\.venv_sklearn152\Lib\site-packages\pip\_vendor\rich\_timer.py,from typing import Generator
synthetic,13,generator,New_Code\.venv_sklearn152\Lib\site-packages\pip\_vendor\rich\_timer.py,"def timer(subject: str = ""time"") -> Generator[None, None, None]:"
synthetic,13,generate,New_Code\.venv_sklearn152\Lib\site-packages\pip\_vendor\rich\_timer.py,"def timer(subject: str = ""time"") -> Generator[None, None, None]:"
synthetic,158,generate,New_Code\.venv_sklearn152\Lib\site-packages\pip\_vendor\rich\__main__.py,"""""""Iterate and generate a tuple with a flag for last value."""""""
synthetic,9,generator,New_Code\.venv_sklearn152\Lib\site-packages\pip\_vendor\tomli_w\_writer.py,from collections.abc import Generator
synthetic,9,generate,New_Code\.venv_sklearn152\Lib\site-packages\pip\_vendor\tomli_w\_writer.py,from collections.abc import Generator
synthetic,69,generator,New_Code\.venv_sklearn152\Lib\site-packages\pip\_vendor\tomli_w\_writer.py,") -> Generator[str, None, None]:"
synthetic,69,generate,New_Code\.venv_sklearn152\Lib\site-packages\pip\_vendor\tomli_w\_writer.py,") -> Generator[str, None, None]:"
synthetic,62,generate,New_Code\.venv_sklearn152\Lib\site-packages\pip\_vendor\urllib3\filepost.py,"If not specified, then a random boundary will be generated using"
synthetic,298,generate,New_Code\.venv_sklearn152\Lib\site-packages\pip\_vendor\urllib3\response.py,sender that applied the encodings MUST generate a Content-Encoding
synthetic,703,generate,New_Code\.venv_sklearn152\Lib\site-packages\pip\_vendor\urllib3\response.py,When this HTTPResponse wrapper is generated from an :class:`http.client.HTTPResponse`
synthetic,887,generator,New_Code\.venv_sklearn152\Lib\site-packages\pip\_vendor\urllib3\response.py,def _error_catcher(self) -> typing.Generator[None]:
synthetic,887,generate,New_Code\.venv_sklearn152\Lib\site-packages\pip\_vendor\urllib3\response.py,def _error_catcher(self) -> typing.Generator[None]:
synthetic,1234,generator,New_Code\.venv_sklearn152\Lib\site-packages\pip\_vendor\urllib3\response.py,) -> typing.Generator[bytes]:
synthetic,1234,generate,New_Code\.venv_sklearn152\Lib\site-packages\pip\_vendor\urllib3\response.py,) -> typing.Generator[bytes]:
synthetic,1236,generator,New_Code\.venv_sklearn152\Lib\site-packages\pip\_vendor\urllib3\response.py,A generator wrapper for the read() method. A call will block until
synthetic,1236,generate,New_Code\.venv_sklearn152\Lib\site-packages\pip\_vendor\urllib3\response.py,A generator wrapper for the read() method. A call will block until
synthetic,1241,generator,New_Code\.venv_sklearn152\Lib\site-packages\pip\_vendor\urllib3\response.py,How much of the content to read. The generator will return up to
synthetic,1241,generate,New_Code\.venv_sklearn152\Lib\site-packages\pip\_vendor\urllib3\response.py,How much of the content to read. The generator will return up to
synthetic,1374,generator,New_Code\.venv_sklearn152\Lib\site-packages\pip\_vendor\urllib3\response.py,) -> typing.Generator[bytes]:
synthetic,1374,generate,New_Code\.venv_sklearn152\Lib\site-packages\pip\_vendor\urllib3\response.py,) -> typing.Generator[bytes]:
synthetic,1463,generate,New_Code\.venv_sklearn152\Lib\site-packages\pip\_vendor\urllib3\response.py,"If the request that generated this response redirected, this method"
synthetic,248,generate,New_Code\.venv_sklearn152\Lib\site-packages\pip\_vendor\urllib3\_request_methods.py,"If not specified, then a random boundary will be generated using"
synthetic,1,generate,New_Code\.venv_sklearn152\Lib\site-packages\pip\_vendor\urllib3\_version.py,# file generated by vcs-versioning
synthetic,79,generator,New_Code\.venv_sklearn152\Lib\site-packages\pip\_vendor\urllib3\contrib\emscripten\response.py,) -> typing.Generator[bytes]:
synthetic,79,generate,New_Code\.venv_sklearn152\Lib\site-packages\pip\_vendor\urllib3\contrib\emscripten\response.py,) -> typing.Generator[bytes]:
synthetic,81,generator,New_Code\.venv_sklearn152\Lib\site-packages\pip\_vendor\urllib3\contrib\emscripten\response.py,A generator wrapper for the read() method. A call will block until
synthetic,81,generate,New_Code\.venv_sklearn152\Lib\site-packages\pip\_vendor\urllib3\contrib\emscripten\response.py,A generator wrapper for the read() method. A call will block until
synthetic,86,generator,New_Code\.venv_sklearn152\Lib\site-packages\pip\_vendor\urllib3\contrib\emscripten\response.py,How much of the content to read. The generator will return up to
synthetic,86,generate,New_Code\.venv_sklearn152\Lib\site-packages\pip\_vendor\urllib3\contrib\emscripten\response.py,How much of the content to read. The generator will return up to
synthetic,184,generator,New_Code\.venv_sklearn152\Lib\site-packages\pip\_vendor\urllib3\contrib\emscripten\response.py,) -> typing.Generator[bytes]:
synthetic,184,generate,New_Code\.venv_sklearn152\Lib\site-packages\pip\_vendor\urllib3\contrib\emscripten\response.py,) -> typing.Generator[bytes]:
synthetic,240,generator,New_Code\.venv_sklearn152\Lib\site-packages\pip\_vendor\urllib3\contrib\emscripten\response.py,def _error_catcher(self) -> typing.Generator[None]:
synthetic,240,generate,New_Code\.venv_sklearn152\Lib\site-packages\pip\_vendor\urllib3\contrib\emscripten\response.py,def _error_catcher(self) -> typing.Generator[None]:
synthetic,60,generate,New_Code\.venv_sklearn152\Lib\site-packages\pip\_vendor\urllib3\util\request.py,Shortcuts for generating request headers.
synthetic,1215,generate,New_Code\.venv_sklearn152\Lib\site-packages\pkg_resources\__init__.py,"extract, as it tracks the generated names for possible cleanup later."
synthetic,21,generate,New_Code\.venv_sklearn152\Lib\site-packages\pkg_resources\_vendor\zipp.py,"posixpath.sep, generate all parents of that path."
synthetic,40,generate,New_Code\.venv_sklearn152\Lib\site-packages\pkg_resources\_vendor\zipp.py,"posixpath.sep, generate all elements of that path"
synthetic,378,generator,New_Code\.venv_sklearn152\Lib\site-packages\pkg_resources\_vendor\jaraco\functools.py,Convert a generator into a function that prints all yielded elements
synthetic,378,generate,New_Code\.venv_sklearn152\Lib\site-packages\pkg_resources\_vendor\jaraco\functools.py,Convert a generator into a function that prints all yielded elements
synthetic,185,generator,New_Code\.venv_sklearn152\Lib\site-packages\pkg_resources\_vendor\more_itertools\more.py,:func:`first` is useful when you have a generator of expensive-to-retrieve
synthetic,185,generate,New_Code\.venv_sklearn152\Lib\site-packages\pkg_resources\_vendor\more_itertools\more.py,:func:`first` is useful when you have a generator of expensive-to-retrieve
synthetic,679,generate,New_Code\.venv_sklearn152\Lib\site-packages\pkg_resources\_vendor\more_itertools\more.py,generated and thrown away. For larger input sequences this is much more
synthetic,1514,generator,New_Code\.venv_sklearn152\Lib\site-packages\pkg_resources\_vendor\more_itertools\more.py,# be consumed by islice in case it is a generator
synthetic,1514,generate,New_Code\.venv_sklearn152\Lib\site-packages\pkg_resources\_vendor\more_itertools\more.py,# be consumed by islice in case it is a generator
synthetic,3200,generate,New_Code\.venv_sklearn152\Lib\site-packages\pkg_resources\_vendor\more_itertools\more.py,"If *k* is not given, every set partition is generated."
synthetic,3250,generator,New_Code\.venv_sklearn152\Lib\site-packages\pkg_resources\_vendor\more_itertools\more.py,>>> def generator():
synthetic,3250,generate,New_Code\.venv_sklearn152\Lib\site-packages\pkg_resources\_vendor\more_itertools\more.py,>>> def generator():
synthetic,3255,generator,New_Code\.venv_sklearn152\Lib\site-packages\pkg_resources\_vendor\more_itertools\more.py,">>> iterable = time_limited(0.1, generator())"
synthetic,3255,generate,New_Code\.venv_sklearn152\Lib\site-packages\pkg_resources\_vendor\more_itertools\more.py,">>> iterable = time_limited(0.1, generator())"
synthetic,3263,generate,New_Code\.venv_sklearn152\Lib\site-packages\pkg_resources\_vendor\more_itertools\more.py,"limit is 1 second, but it takes 2 seconds to generate the first item from"
synthetic,3373,generate,New_Code\.venv_sklearn152\Lib\site-packages\pkg_resources\_vendor\more_itertools\more.py,generated and thrown away. For larger input sequences this is much more
synthetic,3383,generate,New_Code\.venv_sklearn152\Lib\site-packages\pkg_resources\_vendor\more_itertools\more.py,"generators = [unique_everseen(enumerate(pool), key=itemgetter(1))]"
synthetic,3386,generate,New_Code\.venv_sklearn152\Lib\site-packages\pkg_resources\_vendor\more_itertools\more.py,while generators:
synthetic,3388,generate,New_Code\.venv_sklearn152\Lib\site-packages\pkg_resources\_vendor\more_itertools\more.py,"cur_idx, p = next(generators[-1])"
synthetic,3390,generate,New_Code\.venv_sklearn152\Lib\site-packages\pkg_resources\_vendor\more_itertools\more.py,generators.pop()
synthetic,3397,generate,New_Code\.venv_sklearn152\Lib\site-packages\pkg_resources\_vendor\more_itertools\more.py,generators.append(
synthetic,3480,generate,New_Code\.venv_sklearn152\Lib\site-packages\pkg_resources\_vendor\more_itertools\more.py,"# Generate random number that's the largest in a sample of k U(0,1) numbers"
synthetic,3522,generate,New_Code\.venv_sklearn152\Lib\site-packages\pkg_resources\_vendor\more_itertools\more.py,"r_2 = uniform(t_w, 1)  # generate U(t_w, 1)"
synthetic,3550,generate,New_Code\.venv_sklearn152\Lib\site-packages\pkg_resources\_vendor\more_itertools\more.py,The algorithm can also be used to generate weighted random permutations.
synthetic,365,generate,New_Code\.venv_sklearn152\Lib\site-packages\pkg_resources\_vendor\more_itertools\recipes.py,in the output. Use :func:`unique_everseen` on the input to avoid generating
synthetic,648,generate,New_Code\.venv_sklearn152\Lib\site-packages\pkg_resources\_vendor\more_itertools\recipes.py,iterator can generate valid results.
synthetic,352,generate,New_Code\.venv_sklearn152\Lib\site-packages\pkg_resources\_vendor\packaging\tags.py,generate platform tags for. The `arch` parameter is the CPU architecture to
synthetic,353,generate,New_Code\.venv_sklearn152\Lib\site-packages\pkg_resources\_vendor\packaging\tags.py,generate platform tags for. Both parameters default to the appropriate value
synthetic,280,generate,New_Code\.venv_sklearn152\Lib\site-packages\pkg_resources\_vendor\packaging\version.py,# Generate a key which will be used for sorting
synthetic,111,generate,New_Code\.venv_sklearn152\Lib\site-packages\pkg_resources\_vendor\packaging\_musllinux.py,"""""""Generate musllinux tags compatible to the current platform."
synthetic,11,generator,New_Code\.venv_sklearn152\Lib\site-packages\pkg_resources\_vendor\pyparsing\core.py,"Generator,"
synthetic,11,generate,New_Code\.venv_sklearn152\Lib\site-packages\pkg_resources\_vendor\pyparsing\core.py,"Generator,"
synthetic,230,generate,New_Code\.venv_sklearn152\Lib\site-packages\pkg_resources\_vendor\pyparsing\core.py,_generatorType = types.GeneratorType
synthetic,1153,generator,New_Code\.venv_sklearn152\Lib\site-packages\pkg_resources\_vendor\pyparsing\core.py,") -> Generator[Tuple[ParseResults, int, int], None, None]:"
synthetic,1153,generate,New_Code\.venv_sklearn152\Lib\site-packages\pkg_resources\_vendor\pyparsing\core.py,") -> Generator[Tuple[ParseResults, int, int], None, None]:"
synthetic,1327,generator,New_Code\.venv_sklearn152\Lib\site-packages\pkg_resources\_vendor\pyparsing\core.py,") -> Generator[str, None, None]:"
synthetic,1327,generate,New_Code\.venv_sklearn152\Lib\site-packages\pkg_resources\_vendor\pyparsing\core.py,") -> Generator[str, None, None]:"
synthetic,1329,generator,New_Code\.venv_sklearn152\Lib\site-packages\pkg_resources\_vendor\pyparsing\core.py,Generator method to split a string using the given expression as a separator.
synthetic,1329,generate,New_Code\.venv_sklearn152\Lib\site-packages\pkg_resources\_vendor\pyparsing\core.py,Generator method to split a string using the given expression as a separator.
synthetic,1859,generate,New_Code\.venv_sklearn152\Lib\site-packages\pkg_resources\_vendor\pyparsing\core.py,"# This will use a user-defined name if available, but otherwise defaults back to the auto-generated name"
synthetic,2157,generate,New_Code\.venv_sklearn152\Lib\site-packages\pkg_resources\_vendor\pyparsing\core.py,- output_html (str or file-like object) - output target for generated
synthetic,2172,generate,New_Code\.venv_sklearn152\Lib\site-packages\pkg_resources\_vendor\pyparsing\core.py,"""must ``pip install pyparsing[diagrams]`` to generate parser railroad diagrams"""
synthetic,5770,generate,New_Code\.venv_sklearn152\Lib\site-packages\pkg_resources\_vendor\pyparsing\core.py,generating railroad diagram with named subdiagrams.
synthetic,220,generate,New_Code\.venv_sklearn152\Lib\site-packages\pkg_resources\_vendor\pyparsing\helpers.py,"generate a :class:`Regex` object; otherwise, will generate"
synthetic,224,generate,New_Code\.venv_sklearn152\Lib\site-packages\pkg_resources\_vendor\pyparsing\helpers.py,generated expressions - (default= ``False``)
synthetic,735,generate,New_Code\.venv_sklearn152\Lib\site-packages\pkg_resources\_vendor\pyparsing\helpers.py,attached to operator expressions. The generated parser will also
synthetic,305,generate,New_Code\.venv_sklearn152\Lib\site-packages\pkg_resources\_vendor\pyparsing\diagram\__init__.py,#: A dictionary mapping ParserElement IDs to subdiagrams generated from them
synthetic,327,generate,New_Code\.venv_sklearn152\Lib\site-packages\pkg_resources\_vendor\pyparsing\diagram\__init__.py,def generate_unnamed(self) -> int:
synthetic,329,generate,New_Code\.venv_sklearn152\Lib\site-packages\pkg_resources\_vendor\pyparsing\diagram\__init__.py,Generate a number used in the name of an otherwise unnamed diagram
synthetic,334,generate,New_Code\.venv_sklearn152\Lib\site-packages\pkg_resources\_vendor\pyparsing\diagram\__init__.py,def generate_index(self) -> int:
synthetic,336,generate,New_Code\.venv_sklearn152\Lib\site-packages\pkg_resources\_vendor\pyparsing\diagram\__init__.py,Generate a number used to index a diagram
synthetic,460,generate,New_Code\.venv_sklearn152\Lib\site-packages\pkg_resources\_vendor\pyparsing\diagram\__init__.py,":param name_hint: If provided, this will override the generated name"
synthetic,591,generate,New_Code\.venv_sklearn152\Lib\site-packages\pkg_resources\_vendor\pyparsing\diagram\__init__.py,"number=lookup.generate_index(),"
synthetic,2,generate,New_Code\.venv_sklearn152\Lib\site-packages\pytz\__init__.py,datetime.tzinfo timezone definitions generated from the
synthetic,1,generate,New_Code\.venv_sklearn152\Lib\site-packages\scipy\version.py,# THIS FILE IS GENERATED DURING THE SCIPY BUILD
synthetic,1,generate,New_Code\.venv_sklearn152\Lib\site-packages\scipy\__config__.py,# This file is generated by SciPy's build process
synthetic,12,generate,New_Code\.venv_sklearn152\Lib\site-packages\scipy\cluster\hierarchy.py,:toctree: generated/
synthetic,21,generate,New_Code\.venv_sklearn152\Lib\site-packages\scipy\cluster\hierarchy.py,:toctree: generated/
synthetic,35,generate,New_Code\.venv_sklearn152\Lib\site-packages\scipy\cluster\hierarchy.py,:toctree: generated/
synthetic,48,generate,New_Code\.venv_sklearn152\Lib\site-packages\scipy\cluster\hierarchy.py,:toctree: generated/
synthetic,56,generate,New_Code\.venv_sklearn152\Lib\site-packages\scipy\cluster\hierarchy.py,:toctree: generated/
synthetic,69,generate,New_Code\.venv_sklearn152\Lib\site-packages\scipy\cluster\hierarchy.py,:toctree: generated/
synthetic,81,generate,New_Code\.venv_sklearn152\Lib\site-packages\scipy\cluster\hierarchy.py,:toctree: generated/
synthetic,88,generate,New_Code\.venv_sklearn152\Lib\site-packages\scipy\cluster\hierarchy.py,:toctree: generated/
synthetic,241,generate,New_Code\.venv_sklearn152\Lib\site-packages\scipy\cluster\hierarchy.py,"Also, `scipy.cluster.hierarchy.dendrogram` can be used to generate a"
synthetic,323,generate,New_Code\.venv_sklearn152\Lib\site-packages\scipy\cluster\hierarchy.py,"Also, `scipy.cluster.hierarchy.dendrogram` can be used to generate a"
synthetic,404,generate,New_Code\.venv_sklearn152\Lib\site-packages\scipy\cluster\hierarchy.py,"Also, `scipy.cluster.hierarchy.dendrogram` can be used to generate a"
synthetic,489,generate,New_Code\.venv_sklearn152\Lib\site-packages\scipy\cluster\hierarchy.py,"Also, `scipy.cluster.hierarchy.dendrogram` can be used to generate a"
synthetic,591,generate,New_Code\.venv_sklearn152\Lib\site-packages\scipy\cluster\hierarchy.py,"Also, `scipy.cluster.hierarchy.dendrogram` can be used to generate a"
synthetic,693,generate,New_Code\.venv_sklearn152\Lib\site-packages\scipy\cluster\hierarchy.py,"Also, `scipy.cluster.hierarchy.dendrogram` can be used to generate a"
synthetic,792,generate,New_Code\.venv_sklearn152\Lib\site-packages\scipy\cluster\hierarchy.py,"Also, `scipy.cluster.hierarchy.dendrogram` can be used to generate a"
synthetic,1380,generate,New_Code\.venv_sklearn152\Lib\site-packages\scipy\cluster\hierarchy.py,ClusterNode objects that were combined to generate the cluster.
synthetic,1486,generate,New_Code\.venv_sklearn152\Lib\site-packages\scipy\cluster\hierarchy.py,The condensed distance matrix from which Z was generated.
synthetic,1565,generate,New_Code\.venv_sklearn152\Lib\site-packages\scipy\cluster\hierarchy.py,`Z` was generated.
synthetic,1751,generate,New_Code\.venv_sklearn152\Lib\site-packages\scipy\cluster\hierarchy.py,Convert a linkage matrix generated by MATLAB(TM) to a new
synthetic,1764,generate,New_Code\.venv_sklearn152\Lib\site-packages\scipy\cluster\hierarchy.py,files generated by MATLAB.
synthetic,1769,generate,New_Code\.venv_sklearn152\Lib\site-packages\scipy\cluster\hierarchy.py,A linkage matrix generated by MATLAB(TM).
synthetic,1850,generate,New_Code\.venv_sklearn152\Lib\site-packages\scipy\cluster\hierarchy.py,Converts a linkage matrix ``Z`` generated by the linkage function
synthetic,1858,generate,New_Code\.venv_sklearn152\Lib\site-packages\scipy\cluster\hierarchy.py,A linkage matrix generated by ``scipy.cluster.hierarchy``.
synthetic,2158,generate,New_Code\.venv_sklearn152\Lib\site-packages\scipy\cluster\hierarchy.py,has been generated.
synthetic,2188,generate,New_Code\.venv_sklearn152\Lib\site-packages\scipy\cluster\hierarchy.py,All linkage matrices generated by the clustering methods in this module
synthetic,2486,generate,New_Code\.venv_sklearn152\Lib\site-packages\scipy\cluster\hierarchy.py,generate a linkage matrix ``Z`` as their output:
synthetic,3473,generate,New_Code\.venv_sklearn152\Lib\site-packages\scipy\cluster\hierarchy.py,"ivl == None, no labels are generated for leaf nodes."
synthetic,3799,generate,New_Code\.venv_sklearn152\Lib\site-packages\scipy\cluster\hierarchy.py,"computes for each new cluster generated (i.e., for each row of the linkage"
synthetic,5,generate,New_Code\.venv_sklearn152\Lib\site-packages\scipy\cluster\vq.py,"Provides routines for k-means clustering, generating code books"
synthetic,10,generate,New_Code\.venv_sklearn152\Lib\site-packages\scipy\cluster\vq.py,:toctree: generated/
synthetic,21,generate,New_Code\.venv_sklearn152\Lib\site-packages\scipy\cluster\vq.py,"generate, k, and a set of observation vectors to cluster. It"
synthetic,55,generate,New_Code\.venv_sklearn152\Lib\site-packages\scipy\cluster\vq.py,color. Running k-means with k=256 generates a code book of 256
synthetic,167,generate,New_Code\.venv_sklearn152\Lib\site-packages\scipy\cluster\vq.py,The code book is usually generated using the k-means algorithm.
synthetic,352,generate,New_Code\.venv_sklearn152\Lib\site-packages\scipy\cluster\vq.py,The number of centroids to generate. A code is assigned to
synthetic,354,generate,New_Code\.venv_sklearn152\Lib\site-packages\scipy\cluster\vq.py,in the code_book matrix generated.
synthetic,378,generator,New_Code\.venv_sklearn152\Lib\site-packages\scipy\cluster\vq.py,"seed : {None, int, `numpy.random.Generator`, `numpy.random.RandomState`}, optional"
synthetic,378,generate,New_Code\.venv_sklearn152\Lib\site-packages\scipy\cluster\vq.py,"seed : {None, int, `numpy.random.Generator`, `numpy.random.RandomState`}, optional"
synthetic,379,generator,New_Code\.venv_sklearn152\Lib\site-packages\scipy\cluster\vq.py,Seed for initializing the pseudo-random number generator.
synthetic,379,generate,New_Code\.venv_sklearn152\Lib\site-packages\scipy\cluster\vq.py,Seed for initializing the pseudo-random number generator.
synthetic,384,generator,New_Code\.venv_sklearn152\Lib\site-packages\scipy\cluster\vq.py,If `seed` is already a ``Generator`` or ``RandomState`` instance then
synthetic,384,generate,New_Code\.venv_sklearn152\Lib\site-packages\scipy\cluster\vq.py,If `seed` is already a ``Generator`` or ``RandomState`` instance then
synthetic,393,generate,New_Code\.venv_sklearn152\Lib\site-packages\scipy\cluster\vq.py,"and codes generated represent the lowest distortion seen,"
synthetic,401,generate,New_Code\.venv_sklearn152\Lib\site-packages\scipy\cluster\vq.py,passed and the centroids generated. Note the difference to the standard
synthetic,408,generate,New_Code\.venv_sklearn152\Lib\site-packages\scipy\cluster\vq.py,with more methods for generating initial centroids but without
synthetic,417,generate,New_Code\.venv_sklearn152\Lib\site-packages\scipy\cluster\vq.py,`sklearn.cluster.KMeans <https://scikit-learn.org/stable/modules/generated/sklearn.cluster.KMeans.html>`_.
synthetic,512,generate,New_Code\.venv_sklearn152\Lib\site-packages\scipy\cluster\vq.py,Number of samples to generate.
synthetic,513,generator,New_Code\.venv_sklearn152\Lib\site-packages\scipy\cluster\vq.py,rng : `numpy.random.Generator` or `numpy.random.RandomState`
synthetic,513,generate,New_Code\.venv_sklearn152\Lib\site-packages\scipy\cluster\vq.py,rng : `numpy.random.Generator` or `numpy.random.RandomState`
synthetic,514,generator,New_Code\.venv_sklearn152\Lib\site-packages\scipy\cluster\vq.py,Random number generator.
synthetic,514,generate,New_Code\.venv_sklearn152\Lib\site-packages\scipy\cluster\vq.py,Random number generator.
synthetic,541,generate,New_Code\.venv_sklearn152\Lib\site-packages\scipy\cluster\vq.py,Number of samples to generate.
synthetic,542,generator,New_Code\.venv_sklearn152\Lib\site-packages\scipy\cluster\vq.py,rng : `numpy.random.Generator` or `numpy.random.RandomState`
synthetic,542,generate,New_Code\.venv_sklearn152\Lib\site-packages\scipy\cluster\vq.py,rng : `numpy.random.Generator` or `numpy.random.RandomState`
synthetic,543,generator,New_Code\.venv_sklearn152\Lib\site-packages\scipy\cluster\vq.py,Random number generator.
synthetic,543,generate,New_Code\.venv_sklearn152\Lib\site-packages\scipy\cluster\vq.py,Random number generator.
synthetic,570,generate,New_Code\.venv_sklearn152\Lib\site-packages\scipy\cluster\vq.py,"# Generate k sample of a random variable ~ Gaussian(mu, cov)"
synthetic,589,generate,New_Code\.venv_sklearn152\Lib\site-packages\scipy\cluster\vq.py,Number of samples to generate.
synthetic,590,generator,New_Code\.venv_sklearn152\Lib\site-packages\scipy\cluster\vq.py,rng : `numpy.random.Generator` or `numpy.random.RandomState`
synthetic,590,generate,New_Code\.venv_sklearn152\Lib\site-packages\scipy\cluster\vq.py,rng : `numpy.random.Generator` or `numpy.random.RandomState`
synthetic,591,generator,New_Code\.venv_sklearn152\Lib\site-packages\scipy\cluster\vq.py,Random number generator.
synthetic,591,generate,New_Code\.venv_sklearn152\Lib\site-packages\scipy\cluster\vq.py,Random number generator.
synthetic,665,generate,New_Code\.venv_sklearn152\Lib\site-packages\scipy\cluster\vq.py,centroids to generate. If `minit` initialization string is
synthetic,678,generate,New_Code\.venv_sklearn152\Lib\site-packages\scipy\cluster\vq.py,'random': generate k centroids from a Gaussian with mean and
synthetic,701,generator,New_Code\.venv_sklearn152\Lib\site-packages\scipy\cluster\vq.py,"seed : {None, int, `numpy.random.Generator`, `numpy.random.RandomState`}, optional"
synthetic,701,generate,New_Code\.venv_sklearn152\Lib\site-packages\scipy\cluster\vq.py,"seed : {None, int, `numpy.random.Generator`, `numpy.random.RandomState`}, optional"
synthetic,702,generator,New_Code\.venv_sklearn152\Lib\site-packages\scipy\cluster\vq.py,Seed for initializing the pseudo-random number generator.
synthetic,702,generate,New_Code\.venv_sklearn152\Lib\site-packages\scipy\cluster\vq.py,Seed for initializing the pseudo-random number generator.
synthetic,707,generator,New_Code\.venv_sklearn152\Lib\site-packages\scipy\cluster\vq.py,If `seed` is already a ``Generator`` or ``RandomState`` instance then
synthetic,707,generate,New_Code\.venv_sklearn152\Lib\site-packages\scipy\cluster\vq.py,If `seed` is already a ``Generator`` or ``RandomState`` instance then
synthetic,19,generate,New_Code\.venv_sklearn152\Lib\site-packages\scipy\cluster\__init__.py,agglomerative clustering.  Its features include generating hierarchical
synthetic,22,generate,New_Code\.venv_sklearn152\Lib\site-packages\scipy\cluster\__init__.py,"to generate flat clusters, and visualizing clusters with dendrograms."
synthetic,8,generate,New_Code\.venv_sklearn152\Lib\site-packages\scipy\cluster\tests\test_disjoint_set.py,def generate_random_token():
synthetic,29,generate,New_Code\.venv_sklearn152\Lib\site-packages\scipy\cluster\tests\test_disjoint_set.py,for element in generate_random_token():
synthetic,292,generate,New_Code\.venv_sklearn152\Lib\site-packages\scipy\cluster\tests\test_hierarchy.py,# Tests leaders using a flat clustering generated by single linkage.
synthetic,739,generate,New_Code\.venv_sklearn152\Lib\site-packages\scipy\cluster\tests\test_hierarchy.py,# Tests is_monotonic(Z) on clustering generated by single linkage on
synthetic,745,generate,New_Code\.venv_sklearn152\Lib\site-packages\scipy\cluster\tests\test_hierarchy.py,# Tests is_monotonic(Z) on clustering generated by single linkage on
synthetic,752,generate,New_Code\.venv_sklearn152\Lib\site-packages\scipy\cluster\tests\test_hierarchy.py,# Tests is_monotonic(Z) on clustering generated by single linkage on
synthetic,235,generate,New_Code\.venv_sklearn152\Lib\site-packages\scipy\cluster\tests\test_vq.py,"# Generate a data set with large values, and run kmeans on it to"
synthetic,1546,generate,New_Code\.venv_sklearn152\Lib\site-packages\scipy\constants\_codata.py,# generate some additional aliases
synthetic,66,generate,New_Code\.venv_sklearn152\Lib\site-packages\scipy\constants\__init__.py,:toctree: generated/
synthetic,265,generate,New_Code\.venv_sklearn152\Lib\site-packages\scipy\constants\__init__.py,:toctree: generated/
synthetic,309,generate,New_Code\.venv_sklearn152\Lib\site-packages\scipy\constants\__init__.py,:toctree: generated/
synthetic,6,generate,New_Code\.venv_sklearn152\Lib\site-packages\scipy\datasets\_registry.py,"# To generate the SHA256 hash, use the command"
synthetic,12,generate,New_Code\.venv_sklearn152\Lib\site-packages\scipy\datasets\__init__.py,:toctree: generated/
synthetic,22,generate,New_Code\.venv_sklearn152\Lib\site-packages\scipy\datasets\__init__.py,:toctree: generated/
synthetic,1,generate,New_Code\.venv_sklearn152\Lib\site-packages\scipy\fft\_basic.py,"from scipy._lib.uarray import generate_multimethod, Dispatchable"
synthetic,20,generate,New_Code\.venv_sklearn152\Lib\site-packages\scipy\fft\_basic.py,"return generate_multimethod(func, _x_replacer, domain=""numpy.scipy.fft"")"
synthetic,117,generate,New_Code\.venv_sklearn152\Lib\site-packages\scipy\fft\_basic.py,"symmetrical, the `dct` can again double the efficiency, by generating"
synthetic,405,generate,New_Code\.venv_sklearn152\Lib\site-packages\scipy\fft\_realtransforms.py,Half of the FFT input is used to generate half of the FFT output:
synthetic,485,generate,New_Code\.venv_sklearn152\Lib\site-packages\scipy\fft\_realtransforms.py,input is used to generate half of the IFFT output:
synthetic,12,generate,New_Code\.venv_sklearn152\Lib\site-packages\scipy\fft\__init__.py,:toctree: generated/
synthetic,37,generate,New_Code\.venv_sklearn152\Lib\site-packages\scipy\fft\__init__.py,:toctree: generated/
synthetic,52,generate,New_Code\.venv_sklearn152\Lib\site-packages\scipy\fft\__init__.py,:toctree: generated/
synthetic,61,generate,New_Code\.venv_sklearn152\Lib\site-packages\scipy\fft\__init__.py,:toctree: generated/
synthetic,76,generate,New_Code\.venv_sklearn152\Lib\site-packages\scipy\fft\__init__.py,:toctree: generated/
synthetic,16,generate,New_Code\.venv_sklearn152\Lib\site-packages\scipy\fft\tests\test_fftlog.py,"# the results were generated with the provided `fftlogtest` program,"
synthetic,17,generate,New_Code\.venv_sklearn152\Lib\site-packages\scipy\fft\tests\test_fftlog.py,"# after fixing how the k array is generated (divide range by n-1, not n)"
synthetic,76,generate,New_Code\.venv_sklearn152\Lib\site-packages\scipy\fftpack\_basic.py,"symmetrical, the `dct` can again double the efficiency by generating"
synthetic,370,generate,New_Code\.venv_sklearn152\Lib\site-packages\scipy\fftpack\_realtransforms.py,Half of the FFT input is used to generate half of the FFT output:
synthetic,429,generate,New_Code\.venv_sklearn152\Lib\site-packages\scipy\fftpack\_realtransforms.py,input is used to generate half of the IFFT output:
synthetic,14,generate,New_Code\.venv_sklearn152\Lib\site-packages\scipy\fftpack\__init__.py,:toctree: generated/
synthetic,37,generate,New_Code\.venv_sklearn152\Lib\site-packages\scipy\fftpack\__init__.py,:toctree: generated/
synthetic,54,generate,New_Code\.venv_sklearn152\Lib\site-packages\scipy\fftpack\__init__.py,:toctree: generated/
synthetic,71,generate,New_Code\.venv_sklearn152\Lib\site-packages\scipy\fftpack\__init__.py,:toctree: generated/
synthetic,175,generate,New_Code\.venv_sklearn152\Lib\site-packages\scipy\integrate\_ode.py,chord iteration with an internally generated full Jacobian or
synthetic,261,generate,New_Code\.venv_sklearn152\Lib\site-packages\scipy\integrate\_ode.py,Whether to generate extra printing at method switches (default False).
synthetic,1003,generate,New_Code\.venv_sklearn152\Lib\site-packages\scipy\integrate\_ode.py,# required by the f2py-generated wrapper.
synthetic,152,generate,New_Code\.venv_sklearn152\Lib\site-packages\scipy\integrate\_odepack_py.py,Whether to generate extra printing at method switches.
synthetic,205,generate,New_Code\.venv_sklearn152\Lib\site-packages\scipy\integrate\_odepack_py.py,We will generate a solution at 101 evenly spaced samples in the interval
synthetic,210,generate,New_Code\.venv_sklearn152\Lib\site-packages\scipy\integrate\_odepack_py.py,Call `odeint` to generate the solution. To pass the parameters
synthetic,1673,generate,New_Code\.venv_sklearn152\Lib\site-packages\scipy\integrate\_quadrature.py,"of `n_points` (default: 1024) points, will be generated by `qrng`."
synthetic,1712,generate,New_Code\.venv_sklearn152\Lib\site-packages\scipy\integrate\_quadrature.py,error of the mean :math:`s` of these estimates may be used to generate
synthetic,1815,generate,New_Code\.venv_sklearn152\Lib\site-packages\scipy\integrate\_quadrature.py,# Generate integral estimate
synthetic,584,generate,New_Code\.venv_sklearn152\Lib\site-packages\scipy\integrate\_tanhsinh.py,# Points at the boundaries can be generated due to finite precision
synthetic,12,generate,New_Code\.venv_sklearn152\Lib\site-packages\scipy\integrate\__init__.py,:toctree: generated/
synthetic,31,generate,New_Code\.venv_sklearn152\Lib\site-packages\scipy\integrate\__init__.py,:toctree: generated/
synthetic,52,generate,New_Code\.venv_sklearn152\Lib\site-packages\scipy\integrate\__init__.py,:toctree: generated/
synthetic,76,generate,New_Code\.venv_sklearn152\Lib\site-packages\scipy\integrate\__init__.py,:toctree: generated/
synthetic,88,generate,New_Code\.venv_sklearn152\Lib\site-packages\scipy\integrate\__init__.py,:toctree: generated/
synthetic,590,generate,New_Code\.venv_sklearn152\Lib\site-packages\scipy\integrate\tests\test_quadrature.py,# Generate random polynomials and ground truth
synthetic,1566,generate,New_Code\.venv_sklearn152\Lib\site-packages\scipy\interpolate\_bsplines.py,Generate some noisy data:
synthetic,2024,generate,New_Code\.venv_sklearn152\Lib\site-packages\scipy\interpolate\_bsplines.py,Generate some noisy data
synthetic,34,generate,New_Code\.venv_sklearn152\Lib\site-packages\scipy\interpolate\_fitpack_impl.py,#  f2py-generated version
synthetic,646,generate,New_Code\.venv_sklearn152\Lib\site-packages\scipy\interpolate\_fitpack_impl.py,See `bisplrep` to generate the `tck` representation.
synthetic,130,generate,New_Code\.venv_sklearn152\Lib\site-packages\scipy\interpolate\_fitpack_py.py,Generate a discretization of a limacon curve in the polar coordinates:
synthetic,144,generate,New_Code\.venv_sklearn152\Lib\site-packages\scipy\interpolate\_fitpack_py.py,"(ii) the parameterization, ``u``, is generated automatically."
synthetic,567,generator,New_Code\.venv_sklearn152\Lib\site-packages\scipy\interpolate\_polyint.py,"random_state : {None, int, `numpy.random.Generator`, `numpy.random.RandomState`}, optional"
synthetic,567,generate,New_Code\.venv_sklearn152\Lib\site-packages\scipy\interpolate\_polyint.py,"random_state : {None, int, `numpy.random.Generator`, `numpy.random.RandomState`}, optional"
synthetic,572,generator,New_Code\.venv_sklearn152\Lib\site-packages\scipy\interpolate\_polyint.py,If `seed` is already a ``Generator`` or ``RandomState`` instance then
synthetic,572,generate,New_Code\.venv_sklearn152\Lib\site-packages\scipy\interpolate\_polyint.py,If `seed` is already a ``Generator`` or ``RandomState`` instance then
synthetic,20,generate,New_Code\.venv_sklearn152\Lib\site-packages\scipy\interpolate\__init__.py,:toctree: generated/
synthetic,42,generate,New_Code\.venv_sklearn152\Lib\site-packages\scipy\interpolate\__init__.py,:toctree: generated/
synthetic,55,generate,New_Code\.venv_sklearn152\Lib\site-packages\scipy\interpolate\__init__.py,:toctree: generated/
synthetic,68,generate,New_Code\.venv_sklearn152\Lib\site-packages\scipy\interpolate\__init__.py,:toctree: generated/
synthetic,77,generate,New_Code\.venv_sklearn152\Lib\site-packages\scipy\interpolate\__init__.py,:toctree: generated/
synthetic,87,generate,New_Code\.venv_sklearn152\Lib\site-packages\scipy\interpolate\__init__.py,:toctree: generated/
synthetic,102,generate,New_Code\.venv_sklearn152\Lib\site-packages\scipy\interpolate\__init__.py,:toctree: generated/
synthetic,116,generate,New_Code\.venv_sklearn152\Lib\site-packages\scipy\interpolate\__init__.py,:toctree: generated/
synthetic,124,generate,New_Code\.venv_sklearn152\Lib\site-packages\scipy\interpolate\__init__.py,:toctree: generated/
synthetic,135,generate,New_Code\.venv_sklearn152\Lib\site-packages\scipy\interpolate\__init__.py,:toctree: generated/
synthetic,144,generate,New_Code\.venv_sklearn152\Lib\site-packages\scipy\interpolate\__init__.py,:toctree: generated/
synthetic,1706,generate,New_Code\.venv_sklearn152\Lib\site-packages\scipy\interpolate\tests\test_bsplines.py,Data is generated in the following way:
synthetic,1719,generate,New_Code\.venv_sklearn152\Lib\site-packages\scipy\interpolate\tests\test_bsplines.py,"In Octave, we load up ``x`` and ``y`` (generated from Python code"
synthetic,34,generate,New_Code\.venv_sklearn152\Lib\site-packages\scipy\interpolate\tests\test_gil.py,def generate_params(n_points):
synthetic,42,generate,New_Code\.venv_sklearn152\Lib\site-packages\scipy\interpolate\tests\test_gil.py,args = generate_params(n_points)
synthetic,936,generate,New_Code\.venv_sklearn152\Lib\site-packages\scipy\interpolate\tests\test_interpolate.py,# Reference values generated with the following MATLAB code:
synthetic,608,generate,New_Code\.venv_sklearn152\Lib\site-packages\scipy\interpolate\tests\test_polyint.py,# this should work and not generate any warnings
synthetic,158,generate,New_Code\.venv_sklearn152\Lib\site-packages\scipy\interpolate\tests\test_rbf.py,# Generate some data (fixed random seed hence deterministic)
synthetic,49,generate,New_Code\.venv_sklearn152\Lib\site-packages\scipy\interpolate\tests\test_rbfinterp.py,# Generate sample points with a Halton sequence to avoid samples that
synthetic,416,generate,New_Code\.venv_sklearn152\Lib\site-packages\scipy\interpolate\tests\test_rgi.py,# generate numpy warnings if `x` contains nans.
synthetic,462,generate,New_Code\.venv_sklearn152\Lib\site-packages\scipy\interpolate\tests\test_rgi.py,# generate numpy warnings if `x` contains nans.
synthetic,17,generate,New_Code\.venv_sklearn152\Lib\site-packages\scipy\io\__init__.py,:toctree: generated/
synthetic,29,generate,New_Code\.venv_sklearn152\Lib\site-packages\scipy\io\__init__.py,:toctree: generated/
synthetic,37,generate,New_Code\.venv_sklearn152\Lib\site-packages\scipy\io\__init__.py,:toctree: generated/
synthetic,47,generate,New_Code\.venv_sklearn152\Lib\site-packages\scipy\io\__init__.py,:toctree: generated/
synthetic,57,generate,New_Code\.venv_sklearn152\Lib\site-packages\scipy\io\__init__.py,:toctree: generated/
synthetic,66,generate,New_Code\.venv_sklearn152\Lib\site-packages\scipy\io\__init__.py,:toctree: generated/
synthetic,77,generate,New_Code\.venv_sklearn152\Lib\site-packages\scipy\io\__init__.py,:toctree: generated/
synthetic,89,generate,New_Code\.venv_sklearn152\Lib\site-packages\scipy\io\__init__.py,:toctree: generated/
synthetic,841,generator,New_Code\.venv_sklearn152\Lib\site-packages\scipy\io\arff\_arffread.py,"def generator(row_iter, delim=','):"
synthetic,841,generate,New_Code\.venv_sklearn152\Lib\site-packages\scipy\io\arff\_arffread.py,"def generator(row_iter, delim=','):"
synthetic,847,generate,New_Code\.venv_sklearn152\Lib\site-packages\scipy\io\arff\_arffread.py,#   generated on the fly from a string and be executed instead of
synthetic,869,generator,New_Code\.venv_sklearn152\Lib\site-packages\scipy\io\arff\_arffread.py,a = list(generator(ofile))
synthetic,869,generate,New_Code\.venv_sklearn152\Lib\site-packages\scipy\io\arff\_arffread.py,a = list(generator(ofile))
synthetic,11,generate,New_Code\.venv_sklearn152\Lib\site-packages\scipy\io\matlab\__init__.py,:toctree: generated/
synthetic,20,generate,New_Code\.venv_sklearn152\Lib\site-packages\scipy\io\matlab\__init__.py,:toctree: generated/
synthetic,32,generate,New_Code\.venv_sklearn152\Lib\site-packages\scipy\io\matlab\__init__.py,:toctree: generated/
synthetic,1,generate,New_Code\.venv_sklearn152\Lib\site-packages\scipy\io\matlab\tests\test_mio.py,''' Nose test generators
synthetic,330,generator,New_Code\.venv_sklearn152\Lib\site-packages\scipy\io\matlab\tests\test_mio.py,# generator for tests
synthetic,330,generate,New_Code\.venv_sklearn152\Lib\site-packages\scipy\io\matlab\tests\test_mio.py,# generator for tests
synthetic,365,generator,New_Code\.venv_sklearn152\Lib\site-packages\scipy\io\matlab\tests\test_mio.py,# generator for round trip tests
synthetic,365,generate,New_Code\.venv_sklearn152\Lib\site-packages\scipy\io\matlab\tests\test_mio.py,# generator for round trip tests
synthetic,454,generate,New_Code\.venv_sklearn152\Lib\site-packages\scipy\io\matlab\tests\test_mio.py,# This should not generate a warning
synthetic,90,generate,New_Code\.venv_sklearn152\Lib\site-packages\scipy\io\tests\test_wavfile.py,"# Generated by LTspice, which incorrectly omits pad byte, but should be"
synthetic,113,generate,New_Code\.venv_sklearn152\Lib\site-packages\scipy\io\tests\test_wavfile.py,# Generated by LTspice from 1 Vpk sine waves
synthetic,37,generate,New_Code\.venv_sklearn152\Lib\site-packages\scipy\linalg\blas.py,:toctree: generated/
synthetic,46,generate,New_Code\.venv_sklearn152\Lib\site-packages\scipy\linalg\blas.py,:toctree: generated/
synthetic,101,generate,New_Code\.venv_sklearn152\Lib\site-packages\scipy\linalg\blas.py,:toctree: generated/
synthetic,169,generate,New_Code\.venv_sklearn152\Lib\site-packages\scipy\linalg\blas.py,:toctree: generated/
synthetic,85,generate,New_Code\.venv_sklearn152\Lib\site-packages\scipy\linalg\interpolative.py,:toctree: generated/
synthetic,100,generate,New_Code\.venv_sklearn152\Lib\site-packages\scipy\linalg\interpolative.py,:toctree: generated/
synthetic,358,generate,New_Code\.venv_sklearn152\Lib\site-packages\scipy\linalg\interpolative.py,"Finally, the random number generation required for all randomized routines can"
synthetic,373,generate,New_Code\.venv_sklearn152\Lib\site-packages\scipy\linalg\interpolative.py,"To simply generate some random numbers, type:"
synthetic,377,generate,New_Code\.venv_sklearn152\Lib\site-packages\scipy\linalg\interpolative.py,where ``n`` is the number of random numbers to generate.
synthetic,427,generator,New_Code\.venv_sklearn152\Lib\site-packages\scipy\linalg\interpolative.py,Seed the internal random number generator used in this ID package.
synthetic,427,generate,New_Code\.venv_sklearn152\Lib\site-packages\scipy\linalg\interpolative.py,Seed the internal random number generator used in this ID package.
synthetic,429,generator,New_Code\.venv_sklearn152\Lib\site-packages\scipy\linalg\interpolative.py,The generator is a lagged Fibonacci method with 55-element internal state.
synthetic,429,generate,New_Code\.venv_sklearn152\Lib\site-packages\scipy\linalg\interpolative.py,The generator is a lagged Fibonacci method with 55-element internal state.
synthetic,438,generator,New_Code\.venv_sklearn152\Lib\site-packages\scipy\linalg\interpolative.py,the generator.
synthetic,438,generate,New_Code\.venv_sklearn152\Lib\site-packages\scipy\linalg\interpolative.py,the generator.
synthetic,445,generator,New_Code\.venv_sklearn152\Lib\site-packages\scipy\linalg\interpolative.py,initialize the generator.
synthetic,445,generate,New_Code\.venv_sklearn152\Lib\site-packages\scipy\linalg\interpolative.py,initialize the generator.
synthetic,469,generate,New_Code\.venv_sklearn152\Lib\site-packages\scipy\linalg\interpolative.py,Generate standard uniform pseudorandom numbers via a very efficient lagged
synthetic,472,generate,New_Code\.venv_sklearn152\Lib\site-packages\scipy\linalg\interpolative.py,This routine is used for all random number generation in this package and
synthetic,37,generate,New_Code\.venv_sklearn152\Lib\site-packages\scipy\linalg\lapack.py,:toctree: generated/
synthetic,45,generate,New_Code\.venv_sklearn152\Lib\site-packages\scipy\linalg\lapack.py,:toctree: generated/
synthetic,58,generate,New_Code\.venv_sklearn152\Lib\site-packages\scipy\linalg\_interpolative_backend.py,Generate standard uniform pseudorandom numbers via a very efficient lagged
synthetic,62,generate,New_Code\.venv_sklearn152\Lib\site-packages\scipy\linalg\_interpolative_backend.py,Number of pseudorandom numbers to generate.
synthetic,16,generate,New_Code\.venv_sklearn152\Lib\site-packages\scipy\linalg\_sketches.py,Generate a matrix S which represents a Clarkson-Woodruff transform.
synthetic,29,generator,New_Code\.venv_sklearn152\Lib\site-packages\scipy\linalg\_sketches.py,"seed : {None, int, `numpy.random.Generator`, `numpy.random.RandomState`}, optional"
synthetic,29,generate,New_Code\.venv_sklearn152\Lib\site-packages\scipy\linalg\_sketches.py,"seed : {None, int, `numpy.random.Generator`, `numpy.random.RandomState`}, optional"
synthetic,34,generator,New_Code\.venv_sklearn152\Lib\site-packages\scipy\linalg\_sketches.py,If `seed` is already a ``Generator`` or ``RandomState`` instance then
synthetic,34,generate,New_Code\.venv_sklearn152\Lib\site-packages\scipy\linalg\_sketches.py,If `seed` is already a ``Generator`` or ``RandomState`` instance then
synthetic,74,generator,New_Code\.venv_sklearn152\Lib\site-packages\scipy\linalg\_sketches.py,"seed : {None, int, `numpy.random.Generator`, `numpy.random.RandomState`}, optional"
synthetic,74,generate,New_Code\.venv_sklearn152\Lib\site-packages\scipy\linalg\_sketches.py,"seed : {None, int, `numpy.random.Generator`, `numpy.random.RandomState`}, optional"
synthetic,79,generator,New_Code\.venv_sklearn152\Lib\site-packages\scipy\linalg\_sketches.py,If `seed` is already a ``Generator`` or ``RandomState`` instance then
synthetic,79,generate,New_Code\.venv_sklearn152\Lib\site-packages\scipy\linalg\_sketches.py,If `seed` is already a ``Generator`` or ``RandomState`` instance then
synthetic,856,generate,New_Code\.venv_sklearn152\Lib\site-packages\scipy\linalg\_special_matrices.py,sequence [1]_. The nth primitive root of unity used to generate the
synthetic,1025,generate,New_Code\.venv_sklearn152\Lib\site-packages\scipy\linalg\_special_matrices.py,"the array generation. To avoid numerical issues, it is best to provide a"
synthetic,34,generate,New_Code\.venv_sklearn152\Lib\site-packages\scipy\linalg\__init__.py,:toctree: generated/
synthetic,64,generate,New_Code\.venv_sklearn152\Lib\site-packages\scipy\linalg\__init__.py,:toctree: generated/
synthetic,79,generate,New_Code\.venv_sklearn152\Lib\site-packages\scipy\linalg\__init__.py,:toctree: generated/
synthetic,119,generate,New_Code\.venv_sklearn152\Lib\site-packages\scipy\linalg\__init__.py,:toctree: generated/
synthetic,141,generate,New_Code\.venv_sklearn152\Lib\site-packages\scipy\linalg\__init__.py,:toctree: generated/
synthetic,154,generate,New_Code\.venv_sklearn152\Lib\site-packages\scipy\linalg\__init__.py,:toctree: generated/
synthetic,162,generate,New_Code\.venv_sklearn152\Lib\site-packages\scipy\linalg\__init__.py,:toctree: generated/
synthetic,185,generate,New_Code\.venv_sklearn152\Lib\site-packages\scipy\linalg\__init__.py,:toctree: generated/
synthetic,43,generate,New_Code\.venv_sklearn152\Lib\site-packages\scipy\linalg\tests\test_decomp.py,"""Generate random sym/hermitian array of the given size n"""
synthetic,95,generate,New_Code\.venv_sklearn152\Lib\site-packages\scipy\linalg\tests\test_decomp_update.py,"def generate(self, type, mode='full'):"
synthetic,109,generate,New_Code\.venv_sklearn152\Lib\site-packages\scipy\linalg\tests\test_decomp_update.py,"a, q, r = self.generate('sqr')"
synthetic,116,generate,New_Code\.venv_sklearn152\Lib\site-packages\scipy\linalg\tests\test_decomp_update.py,"a, q, r = self.generate('sqr')"
synthetic,124,generate,New_Code\.venv_sklearn152\Lib\site-packages\scipy\linalg\tests\test_decomp_update.py,"a, q, r = self.generate('sqr')"
synthetic,131,generate,New_Code\.venv_sklearn152\Lib\site-packages\scipy\linalg\tests\test_decomp_update.py,"a, q, r = self.generate('sqr')"
synthetic,140,generate,New_Code\.venv_sklearn152\Lib\site-packages\scipy\linalg\tests\test_decomp_update.py,"a, q, r = self.generate('tall')"
synthetic,147,generate,New_Code\.venv_sklearn152\Lib\site-packages\scipy\linalg\tests\test_decomp_update.py,"a, q, r = self.generate('tall')"
synthetic,155,generate,New_Code\.venv_sklearn152\Lib\site-packages\scipy\linalg\tests\test_decomp_update.py,"a, q, r = self.generate('tall')"
synthetic,162,generate,New_Code\.venv_sklearn152\Lib\site-packages\scipy\linalg\tests\test_decomp_update.py,"a, q, r = self.generate('tall')"
synthetic,171,generate,New_Code\.venv_sklearn152\Lib\site-packages\scipy\linalg\tests\test_decomp_update.py,"a, q, r = self.generate('fat')"
synthetic,178,generate,New_Code\.venv_sklearn152\Lib\site-packages\scipy\linalg\tests\test_decomp_update.py,"a, q, r = self.generate('fat')"
synthetic,186,generate,New_Code\.venv_sklearn152\Lib\site-packages\scipy\linalg\tests\test_decomp_update.py,"a, q, r = self.generate('fat')"
synthetic,193,generate,New_Code\.venv_sklearn152\Lib\site-packages\scipy\linalg\tests\test_decomp_update.py,"a, q, r = self.generate('fat')"
synthetic,203,generate,New_Code\.venv_sklearn152\Lib\site-packages\scipy\linalg\tests\test_decomp_update.py,"a, q, r = self.generate('tall', 'economic')"
synthetic,214,generate,New_Code\.venv_sklearn152\Lib\site-packages\scipy\linalg\tests\test_decomp_update.py,"a, q, r = self.generate('tall', 'economic')"
synthetic,233,generate,New_Code\.venv_sklearn152\Lib\site-packages\scipy\linalg\tests\test_decomp_update.py,"a, q, r = self.generate('tall', 'economic')"
synthetic,240,generate,New_Code\.venv_sklearn152\Lib\site-packages\scipy\linalg\tests\test_decomp_update.py,"a, q, r = self.generate('tall', 'economic')"
synthetic,249,generate,New_Code\.venv_sklearn152\Lib\site-packages\scipy\linalg\tests\test_decomp_update.py,"a, q, r = self.generate('Mx1')"
synthetic,256,generate,New_Code\.venv_sklearn152\Lib\site-packages\scipy\linalg\tests\test_decomp_update.py,"a, q, r = self.generate('Mx1')"
synthetic,264,generate,New_Code\.venv_sklearn152\Lib\site-packages\scipy\linalg\tests\test_decomp_update.py,"a, q, r = self.generate('1xN')"
synthetic,271,generate,New_Code\.venv_sklearn152\Lib\site-packages\scipy\linalg\tests\test_decomp_update.py,"a, q, r = self.generate('1xN')"
synthetic,280,generate,New_Code\.venv_sklearn152\Lib\site-packages\scipy\linalg\tests\test_decomp_update.py,"a, q, r = self.generate('Mx1', 'economic')"
synthetic,287,generate,New_Code\.venv_sklearn152\Lib\site-packages\scipy\linalg\tests\test_decomp_update.py,"a, q, r = self.generate('Mx1', 'economic')"
synthetic,296,generate,New_Code\.venv_sklearn152\Lib\site-packages\scipy\linalg\tests\test_decomp_update.py,"a, q, r = self.generate('1xN')"
synthetic,302,generate,New_Code\.venv_sklearn152\Lib\site-packages\scipy\linalg\tests\test_decomp_update.py,"a, q, r = self.generate('tall', 'full')"
synthetic,307,generate,New_Code\.venv_sklearn152\Lib\site-packages\scipy\linalg\tests\test_decomp_update.py,"a, q, r = self.generate('tall', 'economic')"
synthetic,313,generate,New_Code\.venv_sklearn152\Lib\site-packages\scipy\linalg\tests\test_decomp_update.py,"a, q, r = self.generate('Mx1', 'economic')"
synthetic,318,generate,New_Code\.venv_sklearn152\Lib\site-packages\scipy\linalg\tests\test_decomp_update.py,"a, q, r = self.generate('Mx1', 'full')"
synthetic,326,generate,New_Code\.venv_sklearn152\Lib\site-packages\scipy\linalg\tests\test_decomp_update.py,"a, q, r = self.generate('tall', 'full')"
synthetic,333,generate,New_Code\.venv_sklearn152\Lib\site-packages\scipy\linalg\tests\test_decomp_update.py,"a, q, r = self.generate('tall', 'economic')"
synthetic,339,generate,New_Code\.venv_sklearn152\Lib\site-packages\scipy\linalg\tests\test_decomp_update.py,"a, q, r = self.generate('1x1')"
synthetic,344,generate,New_Code\.venv_sklearn152\Lib\site-packages\scipy\linalg\tests\test_decomp_update.py,"a, q, r = self.generate('1x1')"
synthetic,367,generate,New_Code\.venv_sklearn152\Lib\site-packages\scipy\linalg\tests\test_decomp_update.py,"a, q0, r0, = self.generate(type)"
synthetic,463,generate,New_Code\.venv_sklearn152\Lib\site-packages\scipy\linalg\tests\test_decomp_update.py,"a, q, r = self.generate('sqr')"
synthetic,480,generate,New_Code\.venv_sklearn152\Lib\site-packages\scipy\linalg\tests\test_decomp_update.py,"a, q0, r0 = self.generate('sqr', mode)"
synthetic,537,generate,New_Code\.venv_sklearn152\Lib\site-packages\scipy\linalg\tests\test_decomp_update.py,"a, q, r = self.generate('sqr')"
synthetic,541,generate,New_Code\.venv_sklearn152\Lib\site-packages\scipy\linalg\tests\test_decomp_update.py,"a, q, r = self.generate('tall')"
synthetic,548,generate,New_Code\.venv_sklearn152\Lib\site-packages\scipy\linalg\tests\test_decomp_update.py,"a, q, r = self.generate('tall')"
synthetic,562,generate,New_Code\.venv_sklearn152\Lib\site-packages\scipy\linalg\tests\test_decomp_update.py,"a, q, r = self.generate('tall')"
synthetic,567,generate,New_Code\.venv_sklearn152\Lib\site-packages\scipy\linalg\tests\test_decomp_update.py,"a, q, r = self.generate('tall')"
synthetic,572,generate,New_Code\.venv_sklearn152\Lib\site-packages\scipy\linalg\tests\test_decomp_update.py,"a, q, r = self.generate('tall')"
synthetic,581,generate,New_Code\.venv_sklearn152\Lib\site-packages\scipy\linalg\tests\test_decomp_update.py,"a, q0, r0 = self.generate('tall')"
synthetic,597,generate,New_Code\.venv_sklearn152\Lib\site-packages\scipy\linalg\tests\test_decomp_update.py,"a0, q0, r0 = self.generate('tall')"
synthetic,614,generate,New_Code\.venv_sklearn152\Lib\site-packages\scipy\linalg\tests\test_decomp_update.py,"a, q, r = self.generate('1x1')"
synthetic,633,generate,New_Code\.venv_sklearn152\Lib\site-packages\scipy\linalg\tests\test_decomp_update.py,"def generate(self, type, mode='full', which='row', p=1):"
synthetic,634,generate,New_Code\.venv_sklearn152\Lib\site-packages\scipy\linalg\tests\test_decomp_update.py,"a, q, r = super().generate(type, mode)"
synthetic,660,generate,New_Code\.venv_sklearn152\Lib\site-packages\scipy\linalg\tests\test_decomp_update.py,"a, q, r, u = self.generate('sqr', which='row')"
synthetic,668,generate,New_Code\.venv_sklearn152\Lib\site-packages\scipy\linalg\tests\test_decomp_update.py,"a, q, r, u = self.generate('sqr', which='row', p=3)"
synthetic,675,generate,New_Code\.venv_sklearn152\Lib\site-packages\scipy\linalg\tests\test_decomp_update.py,"a, q, r, u = self.generate('sqr', which='col')"
synthetic,683,generate,New_Code\.venv_sklearn152\Lib\site-packages\scipy\linalg\tests\test_decomp_update.py,"a, q, r, u = self.generate('sqr', which='col', p=3)"
synthetic,690,generate,New_Code\.venv_sklearn152\Lib\site-packages\scipy\linalg\tests\test_decomp_update.py,"a, q, r, u = self.generate('tall', which='row')"
synthetic,698,generate,New_Code\.venv_sklearn152\Lib\site-packages\scipy\linalg\tests\test_decomp_update.py,"a, q, r, u = self.generate('tall', which='row', p=3)"
synthetic,705,generate,New_Code\.venv_sklearn152\Lib\site-packages\scipy\linalg\tests\test_decomp_update.py,"a, q, r, u = self.generate('tall', which='col')"
synthetic,716,generate,New_Code\.venv_sklearn152\Lib\site-packages\scipy\linalg\tests\test_decomp_update.py,"a, q, r, u = self.generate('tall', which='col', p=p)"
synthetic,735,generate,New_Code\.venv_sklearn152\Lib\site-packages\scipy\linalg\tests\test_decomp_update.py,"a, q, r, u = self.generate('fat', which='row')"
synthetic,746,generate,New_Code\.venv_sklearn152\Lib\site-packages\scipy\linalg\tests\test_decomp_update.py,"a, q, r, u = self.generate('fat', which='row', p=p)"
synthetic,765,generate,New_Code\.venv_sklearn152\Lib\site-packages\scipy\linalg\tests\test_decomp_update.py,"a, q, r, u = self.generate('fat', which='col')"
synthetic,773,generate,New_Code\.venv_sklearn152\Lib\site-packages\scipy\linalg\tests\test_decomp_update.py,"a, q, r, u = self.generate('fat', which='col', p=3)"
synthetic,780,generate,New_Code\.venv_sklearn152\Lib\site-packages\scipy\linalg\tests\test_decomp_update.py,"a, q, r, u = self.generate('tall', 'economic', 'row')"
synthetic,788,generate,New_Code\.venv_sklearn152\Lib\site-packages\scipy\linalg\tests\test_decomp_update.py,"a, q, r, u = self.generate('tall', 'economic', 'row', 3)"
synthetic,795,generate,New_Code\.venv_sklearn152\Lib\site-packages\scipy\linalg\tests\test_decomp_update.py,"a, q, r, u = self.generate('tall', 'economic', which='col')"
synthetic,814,generate,New_Code\.venv_sklearn152\Lib\site-packages\scipy\linalg\tests\test_decomp_update.py,"a, q, r, u = self.generate('tall', 'economic', which='col', p=p)"
synthetic,833,generate,New_Code\.venv_sklearn152\Lib\site-packages\scipy\linalg\tests\test_decomp_update.py,"a, q, r, u = self.generate('Mx1', which='row')"
synthetic,840,generate,New_Code\.venv_sklearn152\Lib\site-packages\scipy\linalg\tests\test_decomp_update.py,"a, q, r, u = self.generate('Mx1', which='row', p=3)"
synthetic,847,generate,New_Code\.venv_sklearn152\Lib\site-packages\scipy\linalg\tests\test_decomp_update.py,"a, q, r, u = self.generate('Mx1', which='col')"
synthetic,854,generate,New_Code\.venv_sklearn152\Lib\site-packages\scipy\linalg\tests\test_decomp_update.py,"a, q, r, u = self.generate('Mx1', which='col', p=3)"
synthetic,861,generate,New_Code\.venv_sklearn152\Lib\site-packages\scipy\linalg\tests\test_decomp_update.py,"a, q, r, u = self.generate('Mx1', 'economic', 'row')"
synthetic,868,generate,New_Code\.venv_sklearn152\Lib\site-packages\scipy\linalg\tests\test_decomp_update.py,"a, q, r, u = self.generate('Mx1', 'economic', 'row', 3)"
synthetic,875,generate,New_Code\.venv_sklearn152\Lib\site-packages\scipy\linalg\tests\test_decomp_update.py,"a, q, r, u = self.generate('Mx1', 'economic', 'col')"
synthetic,882,generate,New_Code\.venv_sklearn152\Lib\site-packages\scipy\linalg\tests\test_decomp_update.py,"a, q, r, u = self.generate('Mx1', 'economic', 'col', 3)"
synthetic,889,generate,New_Code\.venv_sklearn152\Lib\site-packages\scipy\linalg\tests\test_decomp_update.py,"a, q, r, u = self.generate('1xN', which='row')"
synthetic,896,generate,New_Code\.venv_sklearn152\Lib\site-packages\scipy\linalg\tests\test_decomp_update.py,"a, q, r, u = self.generate('1xN', which='row', p=3)"
synthetic,903,generate,New_Code\.venv_sklearn152\Lib\site-packages\scipy\linalg\tests\test_decomp_update.py,"a, q, r, u = self.generate('1xN', which='col')"
synthetic,910,generate,New_Code\.venv_sklearn152\Lib\site-packages\scipy\linalg\tests\test_decomp_update.py,"a, q, r, u = self.generate('1xN', which='col', p=3)"
synthetic,917,generate,New_Code\.venv_sklearn152\Lib\site-packages\scipy\linalg\tests\test_decomp_update.py,"a, q, r, u = self.generate('1x1', which='row')"
synthetic,924,generate,New_Code\.venv_sklearn152\Lib\site-packages\scipy\linalg\tests\test_decomp_update.py,"a, q, r, u = self.generate('1x1', which='row', p=3)"
synthetic,931,generate,New_Code\.venv_sklearn152\Lib\site-packages\scipy\linalg\tests\test_decomp_update.py,"a, q, r, u = self.generate('1x1', which='col')"
synthetic,938,generate,New_Code\.venv_sklearn152\Lib\site-packages\scipy\linalg\tests\test_decomp_update.py,"a, q, r, u = self.generate('1x1', which='col', p=3)"
synthetic,945,generate,New_Code\.venv_sklearn152\Lib\site-packages\scipy\linalg\tests\test_decomp_update.py,"a, q, r, u = self.generate('1x1', which='row')"
synthetic,956,generate,New_Code\.venv_sklearn152\Lib\site-packages\scipy\linalg\tests\test_decomp_update.py,"a, q0, r0, u0 = self.generate(type, which=which, p=p)"
synthetic,1057,generate,New_Code\.venv_sklearn152\Lib\site-packages\scipy\linalg\tests\test_decomp_update.py,"a, q0, r, u, = self.generate('sqr', which='col', p=1)"
synthetic,1089,generate,New_Code\.venv_sklearn152\Lib\site-packages\scipy\linalg\tests\test_decomp_update.py,"a, q0, r, u, = self.generate('sqr', which='col', p=3)"
synthetic,1104,generate,New_Code\.venv_sklearn152\Lib\site-packages\scipy\linalg\tests\test_decomp_update.py,"a, q, r, u = self.generate('sqr', which='row')"
synthetic,1113,generate,New_Code\.venv_sklearn152\Lib\site-packages\scipy\linalg\tests\test_decomp_update.py,"a, q, r, u = self.generate('tall', which='row')"
synthetic,1126,generate,New_Code\.venv_sklearn152\Lib\site-packages\scipy\linalg\tests\test_decomp_update.py,"a, q0, r0, u0 = self.generate('sqr', which='row')"
synthetic,1140,generate,New_Code\.venv_sklearn152\Lib\site-packages\scipy\linalg\tests\test_decomp_update.py,"a0, q0, r0, u0 = self.generate('sqr', which='row', p=3)"
synthetic,1176,generate,New_Code\.venv_sklearn152\Lib\site-packages\scipy\linalg\tests\test_decomp_update.py,"def generate(self, type, mode='full', p=1):"
synthetic,1177,generate,New_Code\.venv_sklearn152\Lib\site-packages\scipy\linalg\tests\test_decomp_update.py,"a, q, r = super().generate(type, mode)"
synthetic,1199,generate,New_Code\.venv_sklearn152\Lib\site-packages\scipy\linalg\tests\test_decomp_update.py,"a, q, r, u, v = self.generate('sqr')"
synthetic,1207,generate,New_Code\.venv_sklearn152\Lib\site-packages\scipy\linalg\tests\test_decomp_update.py,"a, q, r, u, v = self.generate('sqr', p=p)"
synthetic,1216,generate,New_Code\.venv_sklearn152\Lib\site-packages\scipy\linalg\tests\test_decomp_update.py,"a, q, r, u, v = self.generate('tall')"
synthetic,1223,generate,New_Code\.venv_sklearn152\Lib\site-packages\scipy\linalg\tests\test_decomp_update.py,"a, q, r, u, v = self.generate('tall', p=p)"
synthetic,1232,generate,New_Code\.venv_sklearn152\Lib\site-packages\scipy\linalg\tests\test_decomp_update.py,"a, q, r, u, v = self.generate('fat')"
synthetic,1239,generate,New_Code\.venv_sklearn152\Lib\site-packages\scipy\linalg\tests\test_decomp_update.py,"a, q, r, u, v = self.generate('fat', p=p)"
synthetic,1248,generate,New_Code\.venv_sklearn152\Lib\site-packages\scipy\linalg\tests\test_decomp_update.py,"a, q, r, u, v = self.generate('tall', 'economic')"
synthetic,1255,generate,New_Code\.venv_sklearn152\Lib\site-packages\scipy\linalg\tests\test_decomp_update.py,"a, q, r, u, v = self.generate('tall', 'economic', p)"
synthetic,1264,generate,New_Code\.venv_sklearn152\Lib\site-packages\scipy\linalg\tests\test_decomp_update.py,"a, q, r, u, v = self.generate('Mx1')"
synthetic,1272,generate,New_Code\.venv_sklearn152\Lib\site-packages\scipy\linalg\tests\test_decomp_update.py,"a, q, r, u, v = self.generate('Mx1', p=1)"
synthetic,1280,generate,New_Code\.venv_sklearn152\Lib\site-packages\scipy\linalg\tests\test_decomp_update.py,"a, q, r, u, v = self.generate('Mx1', 'economic')"
synthetic,1288,generate,New_Code\.venv_sklearn152\Lib\site-packages\scipy\linalg\tests\test_decomp_update.py,"a, q, r, u, v = self.generate('Mx1', 'economic', p=1)"
synthetic,1296,generate,New_Code\.venv_sklearn152\Lib\site-packages\scipy\linalg\tests\test_decomp_update.py,"a, q, r, u, v = self.generate('1xN')"
synthetic,1304,generate,New_Code\.venv_sklearn152\Lib\site-packages\scipy\linalg\tests\test_decomp_update.py,"a, q, r, u, v = self.generate('1xN', p=1)"
synthetic,1312,generate,New_Code\.venv_sklearn152\Lib\site-packages\scipy\linalg\tests\test_decomp_update.py,"a, q, r, u, v = self.generate('1x1')"
synthetic,1320,generate,New_Code\.venv_sklearn152\Lib\site-packages\scipy\linalg\tests\test_decomp_update.py,"a, q, r, u, v = self.generate('1x1', p=1)"
synthetic,1328,generate,New_Code\.venv_sklearn152\Lib\site-packages\scipy\linalg\tests\test_decomp_update.py,"a, q, r, u, v = self.generate('1x1')"
synthetic,1337,generate,New_Code\.venv_sklearn152\Lib\site-packages\scipy\linalg\tests\test_decomp_update.py,"a, q0, r0, u0, v0 = self.generate(type, mode, p)"
synthetic,1462,generate,New_Code\.venv_sklearn152\Lib\site-packages\scipy\linalg\tests\test_decomp_update.py,"a, q0, r0, u0, v0 = self.generate('sqr')"
synthetic,1493,generate,New_Code\.venv_sklearn152\Lib\site-packages\scipy\linalg\tests\test_decomp_update.py,"a, q0, r0, u0, v0 = self.generate('tall', 'economic')"
synthetic,1523,generate,New_Code\.venv_sklearn152\Lib\site-packages\scipy\linalg\tests\test_decomp_update.py,"a, q0, r0, u0, v0 = self.generate('sqr', p=3)"
synthetic,1542,generate,New_Code\.venv_sklearn152\Lib\site-packages\scipy\linalg\tests\test_decomp_update.py,"a, q, r, u, v = self.generate('tall')"
synthetic,1549,generate,New_Code\.venv_sklearn152\Lib\site-packages\scipy\linalg\tests\test_decomp_update.py,"a, q, r, u, v = self.generate('tall')"
synthetic,1560,generate,New_Code\.venv_sklearn152\Lib\site-packages\scipy\linalg\tests\test_decomp_update.py,"a, q0, r0, u0, v0 = self.generate('tall')"
synthetic,1580,generate,New_Code\.venv_sklearn152\Lib\site-packages\scipy\linalg\tests\test_decomp_update.py,"a0, q0, r0, u0, v0 = self.generate('tall', p=3)"
synthetic,1603,generate,New_Code\.venv_sklearn152\Lib\site-packages\scipy\linalg\tests\test_decomp_update.py,"a0, q0, r0, u0, v0 = self.generate('tall', mode='economic', p=3)"
synthetic,49,generate,New_Code\.venv_sklearn152\Lib\site-packages\scipy\linalg\tests\test_lapack.py,"def generate_random_dtype_array(shape, dtype):"
synthetic,50,generate,New_Code\.venv_sklearn152\Lib\site-packages\scipy\linalg\tests\test_lapack.py,# generates a random matrix of desired data type of shape
synthetic,578,generate,New_Code\.venv_sklearn152\Lib\site-packages\scipy\linalg\tests\test_lapack.py,"bands = [generate_random_dtype_array((width,), dtype)"
synthetic,593,generate,New_Code\.venv_sklearn152\Lib\site-packages\scipy\linalg\tests\test_lapack.py,"b = generate_random_dtype_array((n, nrhs), dtype)"
synthetic,732,generate,New_Code\.venv_sklearn152\Lib\site-packages\scipy\linalg\tests\test_lapack.py,"# generate a householder transform to clear a[2:,0]"
synthetic,1482,generate,New_Code\.venv_sklearn152\Lib\site-packages\scipy\linalg\tests\test_lapack.py,# Generate the block Householder transform I - VTV^H
synthetic,1555,generate,New_Code\.venv_sklearn152\Lib\site-packages\scipy\linalg\tests\test_lapack.py,# Generate elementary reflectors
synthetic,1557,generate,New_Code\.venv_sklearn152\Lib\site-packages\scipy\linalg\tests\test_lapack.py,# Generate the block Householder transform I - VTV^H
synthetic,1838,generate,New_Code\.venv_sklearn152\Lib\site-packages\scipy\linalg\tests\test_lapack.py,"A = generate_random_dtype_array(size, dtype)"
synthetic,2006,generate,New_Code\.venv_sklearn152\Lib\site-packages\scipy\linalg\tests\test_lapack.py,"du = generate_random_dtype_array((n-1,), dtype=dtype)"
synthetic,2007,generate,New_Code\.venv_sklearn152\Lib\site-packages\scipy\linalg\tests\test_lapack.py,"d = generate_random_dtype_array((n,), dtype=dtype)"
synthetic,2008,generate,New_Code\.venv_sklearn152\Lib\site-packages\scipy\linalg\tests\test_lapack.py,"dl = generate_random_dtype_array((n-1,), dtype=dtype)"
synthetic,2024,generate,New_Code\.venv_sklearn152\Lib\site-packages\scipy\linalg\tests\test_lapack.py,# generate L and U factors from ?gttrf return values
synthetic,2170,generate,New_Code\.venv_sklearn152\Lib\site-packages\scipy\linalg\tests\test_lapack.py,"d = generate_random_dtype_array((n,), ddtype) + 4"
synthetic,2172,generate,New_Code\.venv_sklearn152\Lib\site-packages\scipy\linalg\tests\test_lapack.py,"e = generate_random_dtype_array((n-1,), dtype)"
synthetic,2193,generate,New_Code\.venv_sklearn152\Lib\site-packages\scipy\linalg\tests\test_lapack.py,# generate random solution x
synthetic,2194,generate,New_Code\.venv_sklearn152\Lib\site-packages\scipy\linalg\tests\test_lapack.py,"x = generate_random_dtype_array((n,), dtype)"
synthetic,2212,generate,New_Code\.venv_sklearn152\Lib\site-packages\scipy\linalg\tests\test_lapack.py,"d = generate_random_dtype_array((n,), ddtype) + 2"
synthetic,2213,generate,New_Code\.venv_sklearn152\Lib\site-packages\scipy\linalg\tests\test_lapack.py,"e = generate_random_dtype_array((n-1,), dtype)"
synthetic,2224,generate,New_Code\.venv_sklearn152\Lib\site-packages\scipy\linalg\tests\test_lapack.py,"d = generate_random_dtype_array((n,), ddtype) + 2"
synthetic,2225,generate,New_Code\.venv_sklearn152\Lib\site-packages\scipy\linalg\tests\test_lapack.py,"e = generate_random_dtype_array((n-1,), dtype)"
synthetic,2234,generate,New_Code\.venv_sklearn152\Lib\site-packages\scipy\linalg\tests\test_lapack.py,"d = generate_random_dtype_array((n,), ddtype)"
synthetic,2286,generate,New_Code\.venv_sklearn152\Lib\site-packages\scipy\linalg\tests\test_lapack.py,"A_eig = generate_random_dtype_array((n, n), dtype)"
synthetic,2292,generate,New_Code\.venv_sklearn152\Lib\site-packages\scipy\linalg\tests\test_lapack.py,"d = generate_random_dtype_array((n,), realtype) + 4"
synthetic,2293,generate,New_Code\.venv_sklearn152\Lib\site-packages\scipy\linalg\tests\test_lapack.py,"e = generate_random_dtype_array((n-1,), realtype)"
synthetic,2302,generate,New_Code\.venv_sklearn152\Lib\site-packages\scipy\linalg\tests\test_lapack.py,"d = generate_random_dtype_array((n,), realtype)"
synthetic,2303,generate,New_Code\.venv_sklearn152\Lib\site-packages\scipy\linalg\tests\test_lapack.py,"e = generate_random_dtype_array((n-1,), realtype)"
synthetic,2318,generate,New_Code\.venv_sklearn152\Lib\site-packages\scipy\linalg\tests\test_lapack.py,"It generates random SPD matrix diagonals d and e, and then confirms"
synthetic,2436,generate,New_Code\.venv_sklearn152\Lib\site-packages\scipy\linalg\tests\test_lapack.py,"A = generate_random_dtype_array((m, n), dtype=dtype)"
synthetic,2472,generate,New_Code\.venv_sklearn152\Lib\site-packages\scipy\linalg\tests\test_lapack.py,"A_negative = generate_random_dtype_array((n, m), dtype=dtype) * -1"
synthetic,2594,generate,New_Code\.venv_sklearn152\Lib\site-packages\scipy\linalg\tests\test_lapack.py,# Generate random tridiagonal matrix A
synthetic,2596,generate,New_Code\.venv_sklearn152\Lib\site-packages\scipy\linalg\tests\test_lapack.py,"dl = generate_random_dtype_array((n-1,), dtype=dtype)"
synthetic,2597,generate,New_Code\.venv_sklearn152\Lib\site-packages\scipy\linalg\tests\test_lapack.py,"d = generate_random_dtype_array((n,), dtype=dtype)"
synthetic,2598,generate,New_Code\.venv_sklearn152\Lib\site-packages\scipy\linalg\tests\test_lapack.py,"du = generate_random_dtype_array((n-1,), dtype=dtype)"
synthetic,2600,generate,New_Code\.venv_sklearn152\Lib\site-packages\scipy\linalg\tests\test_lapack.py,# generate random solution x
synthetic,2601,generate,New_Code\.venv_sklearn152\Lib\site-packages\scipy\linalg\tests\test_lapack.py,"x = generate_random_dtype_array((n, 2), dtype=dtype)"
synthetic,2646,generate,New_Code\.venv_sklearn152\Lib\site-packages\scipy\linalg\tests\test_lapack.py,# Generate random tridiagonal matrix A
synthetic,2648,generate,New_Code\.venv_sklearn152\Lib\site-packages\scipy\linalg\tests\test_lapack.py,"dl = generate_random_dtype_array((n-1,), dtype=dtype)"
synthetic,2649,generate,New_Code\.venv_sklearn152\Lib\site-packages\scipy\linalg\tests\test_lapack.py,"d = generate_random_dtype_array((n,), dtype=dtype)"
synthetic,2650,generate,New_Code\.venv_sklearn152\Lib\site-packages\scipy\linalg\tests\test_lapack.py,"du = generate_random_dtype_array((n-1,), dtype=dtype)"
synthetic,2652,generate,New_Code\.venv_sklearn152\Lib\site-packages\scipy\linalg\tests\test_lapack.py,# generate random solution x
synthetic,2653,generate,New_Code\.venv_sklearn152\Lib\site-packages\scipy\linalg\tests\test_lapack.py,"x = generate_random_dtype_array((n, 2), dtype=dtype)"
synthetic,2697,generate,New_Code\.venv_sklearn152\Lib\site-packages\scipy\linalg\tests\test_lapack.py,# Generate random tridiagonal matrix A
synthetic,2699,generate,New_Code\.venv_sklearn152\Lib\site-packages\scipy\linalg\tests\test_lapack.py,"dl = generate_random_dtype_array((n-1,), dtype=dtype)"
synthetic,2700,generate,New_Code\.venv_sklearn152\Lib\site-packages\scipy\linalg\tests\test_lapack.py,"d = generate_random_dtype_array((n,), dtype=dtype)"
synthetic,2701,generate,New_Code\.venv_sklearn152\Lib\site-packages\scipy\linalg\tests\test_lapack.py,"du = generate_random_dtype_array((n-1,), dtype=dtype)"
synthetic,2703,generate,New_Code\.venv_sklearn152\Lib\site-packages\scipy\linalg\tests\test_lapack.py,# generate random solution x
synthetic,2704,generate,New_Code\.venv_sklearn152\Lib\site-packages\scipy\linalg\tests\test_lapack.py,"x = generate_random_dtype_array((n, 2), dtype=dtype)"
synthetic,2792,generate,New_Code\.venv_sklearn152\Lib\site-packages\scipy\linalg\tests\test_lapack.py,"d = generate_random_dtype_array((n,), realtype) + 4"
synthetic,2793,generate,New_Code\.venv_sklearn152\Lib\site-packages\scipy\linalg\tests\test_lapack.py,"e = generate_random_dtype_array((n-1,), dtype)"
synthetic,2795,generate,New_Code\.venv_sklearn152\Lib\site-packages\scipy\linalg\tests\test_lapack.py,"x_soln = generate_random_dtype_array((n, 2), dtype=dtype)"
synthetic,2843,generate,New_Code\.venv_sklearn152\Lib\site-packages\scipy\linalg\tests\test_lapack.py,"d = generate_random_dtype_array((n,), realtype) + 4"
synthetic,2844,generate,New_Code\.venv_sklearn152\Lib\site-packages\scipy\linalg\tests\test_lapack.py,"e = generate_random_dtype_array((n-1,), dtype)"
synthetic,2846,generate,New_Code\.venv_sklearn152\Lib\site-packages\scipy\linalg\tests\test_lapack.py,"x_soln = generate_random_dtype_array((n, 2), dtype=dtype)"
synthetic,2870,generate,New_Code\.venv_sklearn152\Lib\site-packages\scipy\linalg\tests\test_lapack.py,"d = generate_random_dtype_array((n,), realtype) + 4"
synthetic,2871,generate,New_Code\.venv_sklearn152\Lib\site-packages\scipy\linalg\tests\test_lapack.py,"e = generate_random_dtype_array((n-1,), dtype)"
synthetic,2873,generate,New_Code\.venv_sklearn152\Lib\site-packages\scipy\linalg\tests\test_lapack.py,"x_soln = generate_random_dtype_array((n, 2), dtype=dtype)"
synthetic,2889,generate,New_Code\.venv_sklearn152\Lib\site-packages\scipy\linalg\tests\test_lapack.py,"d = generate_random_dtype_array((n,), realtype)"
synthetic,2939,generate,New_Code\.venv_sklearn152\Lib\site-packages\scipy\linalg\tests\test_lapack.py,"a = generate_random_dtype_array([n, n], dtype=dtype)"
synthetic,2940,generate,New_Code\.venv_sklearn152\Lib\site-packages\scipy\linalg\tests\test_lapack.py,"b = generate_random_dtype_array([n, nrhs], dtype=dtype)"
synthetic,2986,generate,New_Code\.venv_sklearn152\Lib\site-packages\scipy\linalg\tests\test_lapack.py,"a = generate_random_dtype_array([n, n], dtype=dtype)"
synthetic,3071,generate,New_Code\.venv_sklearn152\Lib\site-packages\scipy\linalg\tests\test_lapack.py,"a = generate_random_dtype_array([n, n], dtype=dtype)"
synthetic,3072,generate,New_Code\.venv_sklearn152\Lib\site-packages\scipy\linalg\tests\test_lapack.py,"b = generate_random_dtype_array([n, n], dtype=dtype)"
synthetic,3119,generate,New_Code\.venv_sklearn152\Lib\site-packages\scipy\linalg\tests\test_lapack.py,"a = generate_random_dtype_array([n, n], dtype=dtype)"
synthetic,3248,generate,New_Code\.venv_sklearn152\Lib\site-packages\scipy\linalg\tests\test_lapack.py,"a = generate_random_dtype_array([n, n], dtype=dtype)"
synthetic,3249,generate,New_Code\.venv_sklearn152\Lib\site-packages\scipy\linalg\tests\test_lapack.py,"b = generate_random_dtype_array([n, n], dtype=dtype)"
synthetic,15,generate,New_Code\.venv_sklearn152\Lib\site-packages\scipy\linalg\tests\test_sketches.py,# set seed for generating test matrices
synthetic,16,generate,New_Code\.venv_sklearn152\Lib\site-packages\scipy\misc\__init__.py,:toctree: generated/
synthetic,9,generate,New_Code\.venv_sklearn152\Lib\site-packages\scipy\ndimage\morphology.py,"'iterate_structure', 'generate_binary_structure',"
synthetic,58,generate,New_Code\.venv_sklearn152\Lib\site-packages\scipy\ndimage\_measurements.py,one is automatically generated with a squared connectivity equal to
synthetic,92,generate,New_Code\.venv_sklearn152\Lib\site-packages\scipy\ndimage\_measurements.py,find_objects : generate a list of slices for the labeled features (or
synthetic,131,generate,New_Code\.venv_sklearn152\Lib\site-packages\scipy\ndimage\_measurements.py,">>> from scipy.ndimage import label, generate_binary_structure"
synthetic,149,generate,New_Code\.venv_sklearn152\Lib\site-packages\scipy\ndimage\_measurements.py,Generate a structuring element that will consider features connected even
synthetic,152,generate,New_Code\.venv_sklearn152\Lib\site-packages\scipy\ndimage\_measurements.py,">>> s = generate_binary_structure(2,2)"
synthetic,180,generate,New_Code\.venv_sklearn152\Lib\site-packages\scipy\ndimage\_measurements.py,"structure = _morphology.generate_binary_structure(input.ndim, 1)"
synthetic,656,generate,New_Code\.venv_sklearn152\Lib\site-packages\scipy\ndimage\_measurements.py,# Use numpy.unique to generate the label indices.  `new_labels` will
synthetic,1488,generate,New_Code\.venv_sklearn152\Lib\site-packages\scipy\ndimage\_measurements.py,"Labels for objects in `input`, as generated by `ndimage.label`."
synthetic,1627,generate,New_Code\.venv_sklearn152\Lib\site-packages\scipy\ndimage\_measurements.py,"provided. If None, an element is generated with a squared"
synthetic,1649,generate,New_Code\.venv_sklearn152\Lib\site-packages\scipy\ndimage\_measurements.py,"structure = _morphology.generate_binary_structure(input.ndim, 1)"
synthetic,39,generate,New_Code\.venv_sklearn152\Lib\site-packages\scipy\ndimage\_morphology.py,"__all__ = ['iterate_structure', 'generate_binary_structure', 'binary_erosion',"
synthetic,79,generate,New_Code\.venv_sklearn152\Lib\site-packages\scipy\ndimage\_morphology.py,generate_binary_structure
synthetic,84,generate,New_Code\.venv_sklearn152\Lib\site-packages\scipy\ndimage\_morphology.py,">>> struct = ndimage.generate_binary_structure(2, 1)"
synthetic,124,generate,New_Code\.venv_sklearn152\Lib\site-packages\scipy\ndimage\_morphology.py,"def generate_binary_structure(rank, connectivity):"
synthetic,126,generate,New_Code\.venv_sklearn152\Lib\site-packages\scipy\ndimage\_morphology.py,Generate a binary structure for binary morphological operations.
synthetic,153,generate,New_Code\.venv_sklearn152\Lib\site-packages\scipy\ndimage\_morphology.py,`generate_binary_structure` can only create structuring elements with
synthetic,163,generate,New_Code\.venv_sklearn152\Lib\site-packages\scipy\ndimage\_morphology.py,">>> struct = ndimage.generate_binary_structure(2, 1)"
synthetic,189,generate,New_Code\.venv_sklearn152\Lib\site-packages\scipy\ndimage\_morphology.py,">>> struct = ndimage.generate_binary_structure(2, 2)"
synthetic,194,generate,New_Code\.venv_sklearn152\Lib\site-packages\scipy\ndimage\_morphology.py,">>> struct = ndimage.generate_binary_structure(3, 1)"
synthetic,227,generate,New_Code\.venv_sklearn152\Lib\site-packages\scipy\ndimage\_morphology.py,"structure = generate_binary_structure(input.ndim, 1)"
synthetic,309,generate,New_Code\.venv_sklearn152\Lib\site-packages\scipy\ndimage\_morphology.py,is generated with a square connectivity equal to one.
synthetic,339,generate,New_Code\.venv_sklearn152\Lib\site-packages\scipy\ndimage\_morphology.py,generate_binary_structure
synthetic,405,generate,New_Code\.venv_sklearn152\Lib\site-packages\scipy\ndimage\_morphology.py,is generated with a square connectivity equal to one.
synthetic,436,generate,New_Code\.venv_sklearn152\Lib\site-packages\scipy\ndimage\_morphology.py,generate_binary_structure
synthetic,476,generate,New_Code\.venv_sklearn152\Lib\site-packages\scipy\ndimage\_morphology.py,">>> struct1 = ndimage.generate_binary_structure(2, 1)"
synthetic,482,generate,New_Code\.venv_sklearn152\Lib\site-packages\scipy\ndimage\_morphology.py,">>> struct2 = ndimage.generate_binary_structure(2, 2)"
synthetic,510,generate,New_Code\.venv_sklearn152\Lib\site-packages\scipy\ndimage\_morphology.py,"structure = generate_binary_structure(input.ndim, 1)"
synthetic,540,generate,New_Code\.venv_sklearn152\Lib\site-packages\scipy\ndimage\_morphology.py,"is generated with a square connectivity equal to one (i.e., only"
synthetic,579,generate,New_Code\.venv_sklearn152\Lib\site-packages\scipy\ndimage\_morphology.py,generate_binary_structure
synthetic,640,generate,New_Code\.venv_sklearn152\Lib\site-packages\scipy\ndimage\_morphology.py,"structure = generate_binary_structure(rank, 1)"
synthetic,664,generate,New_Code\.venv_sklearn152\Lib\site-packages\scipy\ndimage\_morphology.py,"is generated with a square connectivity equal to one (i.e., only"
synthetic,703,generate,New_Code\.venv_sklearn152\Lib\site-packages\scipy\ndimage\_morphology.py,generate_binary_structure
synthetic,787,generate,New_Code\.venv_sklearn152\Lib\site-packages\scipy\ndimage\_morphology.py,"structure = generate_binary_structure(rank, 1)"
synthetic,883,generate,New_Code\.venv_sklearn152\Lib\site-packages\scipy\ndimage\_morphology.py,"structure1 = generate_binary_structure(input.ndim, 1)"
synthetic,918,generate,New_Code\.venv_sklearn152\Lib\site-packages\scipy\ndimage\_morphology.py,"provided, an element is generated with a squared connectivity equal"
synthetic,1167,generate,New_Code\.venv_sklearn152\Lib\site-packages\scipy\ndimage\_morphology.py,"generate_binary_structure, minimum_filter"
synthetic,1210,generate,New_Code\.venv_sklearn152\Lib\site-packages\scipy\ndimage\_morphology.py,">>> footprint = ndimage.generate_binary_structure(2, 1)"
synthetic,1278,generate,New_Code\.venv_sklearn152\Lib\site-packages\scipy\ndimage\_morphology.py,"generate_binary_structure, maximum_filter"
synthetic,1329,generate,New_Code\.venv_sklearn152\Lib\site-packages\scipy\ndimage\_morphology.py,">>> s = ndimage.generate_binary_structure(2,1)"
synthetic,1424,generate,New_Code\.venv_sklearn152\Lib\site-packages\scipy\ndimage\_morphology.py,generate_binary_structure
synthetic,1509,generate,New_Code\.venv_sklearn152\Lib\site-packages\scipy\ndimage\_morphology.py,generate_binary_structure
synthetic,1761,generate,New_Code\.venv_sklearn152\Lib\site-packages\scipy\ndimage\_morphology.py,">>> from scipy.ndimage import generate_binary_structure, white_tophat"
synthetic,1763,generate,New_Code\.venv_sklearn152\Lib\site-packages\scipy\ndimage\_morphology.py,">>> square = generate_binary_structure(rank=2, connectivity=3)"
synthetic,1839,generate,New_Code\.venv_sklearn152\Lib\site-packages\scipy\ndimage\_morphology.py,">>> from scipy.ndimage import generate_binary_structure, black_tophat"
synthetic,1841,generate,New_Code\.venv_sklearn152\Lib\site-packages\scipy\ndimage\_morphology.py,">>> square = generate_binary_structure(rank=2, connectivity=3)"
synthetic,2035,generate,New_Code\.venv_sklearn152\Lib\site-packages\scipy\ndimage\_morphology.py,"struct = generate_binary_structure(tmp1.ndim, tmp1.ndim)"
synthetic,2127,generate,New_Code\.venv_sklearn152\Lib\site-packages\scipy\ndimage\_morphology.py,`metric` is equal to 'taxicab' a structure is generated using
synthetic,2128,generate,New_Code\.venv_sklearn152\Lib\site-packages\scipy\ndimage\_morphology.py,`generate_binary_structure` with a squared distance equal to 1. If
synthetic,2129,generate,New_Code\.venv_sklearn152\Lib\site-packages\scipy\ndimage\_morphology.py,"the `metric` is equal to 'chessboard', a `metric` is generated"
synthetic,2130,generate,New_Code\.venv_sklearn152\Lib\site-packages\scipy\ndimage\_morphology.py,using `generate_binary_structure` with a squared distance equal to
synthetic,2249,generate,New_Code\.venv_sklearn152\Lib\site-packages\scipy\ndimage\_morphology.py,"metric = generate_binary_structure(rank, 1)"
synthetic,2252,generate,New_Code\.venv_sklearn152\Lib\site-packages\scipy\ndimage\_morphology.py,"metric = generate_binary_structure(rank, rank)"
synthetic,16,generate,New_Code\.venv_sklearn152\Lib\site-packages\scipy\ndimage\__init__.py,:toctree: generated/
synthetic,47,generate,New_Code\.venv_sklearn152\Lib\site-packages\scipy\ndimage\__init__.py,:toctree: generated/
synthetic,58,generate,New_Code\.venv_sklearn152\Lib\site-packages\scipy\ndimage\__init__.py,:toctree: generated/
synthetic,73,generate,New_Code\.venv_sklearn152\Lib\site-packages\scipy\ndimage\__init__.py,:toctree: generated/
synthetic,97,generate,New_Code\.venv_sklearn152\Lib\site-packages\scipy\ndimage\__init__.py,:toctree: generated/
synthetic,110,generate,New_Code\.venv_sklearn152\Lib\site-packages\scipy\ndimage\__init__.py,generate_binary_structure
synthetic,72,generate,New_Code\.venv_sklearn152\Lib\site-packages\scipy\ndimage\tests\test_filters.py,"# Generate combinations of filter function, valid kwargs, and"
synthetic,1826,generate,New_Code\.venv_sklearn152\Lib\site-packages\scipy\ndimage\tests\test_filters.py,"# Before gh-822 was fixed, these would generate seg. faults or"
synthetic,212,generate,New_Code\.venv_sklearn152\Lib\site-packages\scipy\ndimage\tests\test_measurements.py,"struct = ndimage.generate_binary_structure(2, 2)"
synthetic,228,generate,New_Code\.venv_sklearn152\Lib\site-packages\scipy\ndimage\tests\test_measurements.py,"struct = ndimage.generate_binary_structure(2, 2)"
synthetic,357,generate,New_Code\.venv_sklearn152\Lib\site-packages\scipy\ndimage\tests\test_measurements.py,"ndimage.generate_binary_structure(rank, rank))"
synthetic,590,generate,New_Code\.venv_sklearn152\Lib\site-packages\scipy\ndimage\tests\test_morphology.py,"struct = ndimage.generate_binary_structure(0, 1)"
synthetic,594,generate,New_Code\.venv_sklearn152\Lib\site-packages\scipy\ndimage\tests\test_morphology.py,"struct = ndimage.generate_binary_structure(1, 1)"
synthetic,598,generate,New_Code\.venv_sklearn152\Lib\site-packages\scipy\ndimage\tests\test_morphology.py,"struct = ndimage.generate_binary_structure(2, 1)"
synthetic,604,generate,New_Code\.venv_sklearn152\Lib\site-packages\scipy\ndimage\tests\test_morphology.py,"struct = ndimage.generate_binary_structure(2, 2)"
synthetic,809,generate,New_Code\.venv_sklearn152\Lib\site-packages\scipy\ndimage\tests\test_morphology.py,"struct = ndimage.generate_binary_structure(2, 2)"
synthetic,1379,generate,New_Code\.venv_sklearn152\Lib\site-packages\scipy\ndimage\tests\test_morphology.py,"struct = ndimage.generate_binary_structure(2, 2)"
synthetic,1473,generate,New_Code\.venv_sklearn152\Lib\site-packages\scipy\ndimage\tests\test_morphology.py,"struct = ndimage.generate_binary_structure(2, 2)"
synthetic,1779,generate,New_Code\.venv_sklearn152\Lib\site-packages\scipy\ndimage\tests\test_morphology.py,"struct = ndimage.generate_binary_structure(2, 2)"
synthetic,1822,generate,New_Code\.venv_sklearn152\Lib\site-packages\scipy\ndimage\tests\test_morphology.py,"struct = ndimage.generate_binary_structure(2, 2)"
synthetic,877,generate,New_Code\.venv_sklearn152\Lib\site-packages\scipy\odr\_odrpack.py,""""""" Generate a suitable work array if one does not already exist."
synthetic,12,generate,New_Code\.venv_sklearn152\Lib\site-packages\scipy\odr\__init__.py,:toctree: generated/
synthetic,489,generate,New_Code\.venv_sklearn152\Lib\site-packages\scipy\odr\tests\test_odr.py,# generate some data
synthetic,545,generate,New_Code\.venv_sklearn152\Lib\site-packages\scipy\odr\tests\test_odr.py,# generate some data
synthetic,268,generator,New_Code\.venv_sklearn152\Lib\site-packages\scipy\optimize\_basinhopping.py,"random_gen : {None, int, `numpy.random.Generator`,"
synthetic,268,generate,New_Code\.venv_sklearn152\Lib\site-packages\scipy\optimize\_basinhopping.py,"random_gen : {None, int, `numpy.random.Generator`,"
synthetic,275,generator,New_Code\.venv_sklearn152\Lib\site-packages\scipy\optimize\_basinhopping.py,If `seed` is already a ``Generator`` or ``RandomState`` instance then
synthetic,275,generate,New_Code\.venv_sklearn152\Lib\site-packages\scipy\optimize\_basinhopping.py,If `seed` is already a ``Generator`` or ``RandomState`` instance then
synthetic,313,generator,New_Code\.venv_sklearn152\Lib\site-packages\scipy\optimize\_basinhopping.py,"random_gen : {None, int, `numpy.random.Generator`,"
synthetic,313,generate,New_Code\.venv_sklearn152\Lib\site-packages\scipy\optimize\_basinhopping.py,"random_gen : {None, int, `numpy.random.Generator`,"
synthetic,320,generator,New_Code\.venv_sklearn152\Lib\site-packages\scipy\optimize\_basinhopping.py,If `seed` is already a ``Generator`` or ``RandomState`` instance then
synthetic,320,generate,New_Code\.venv_sklearn152\Lib\site-packages\scipy\optimize\_basinhopping.py,If `seed` is already a ``Generator`` or ``RandomState`` instance then
synthetic,322,generator,New_Code\.venv_sklearn152\Lib\site-packages\scipy\optimize\_basinhopping.py,Random number generator used for acceptance test.
synthetic,322,generate,New_Code\.venv_sklearn152\Lib\site-packages\scipy\optimize\_basinhopping.py,Random number generator used for acceptance test.
synthetic,436,generator,New_Code\.venv_sklearn152\Lib\site-packages\scipy\optimize\_basinhopping.py,"seed : {None, int, `numpy.random.Generator`, `numpy.random.RandomState`}, optional"
synthetic,436,generate,New_Code\.venv_sklearn152\Lib\site-packages\scipy\optimize\_basinhopping.py,"seed : {None, int, `numpy.random.Generator`, `numpy.random.RandomState`}, optional"
synthetic,442,generator,New_Code\.venv_sklearn152\Lib\site-packages\scipy\optimize\_basinhopping.py,If `seed` is already a ``Generator`` or ``RandomState`` instance then
synthetic,442,generate,New_Code\.venv_sklearn152\Lib\site-packages\scipy\optimize\_basinhopping.py,If `seed` is already a ``Generator`` or ``RandomState`` instance then
synthetic,445,generate,New_Code\.venv_sklearn152\Lib\site-packages\scipy\optimize\_basinhopping.py,generated with this seed only affect the default Metropolis
synthetic,448,generate,New_Code\.venv_sklearn152\Lib\site-packages\scipy\optimize\_basinhopping.py,"number generation, then those functions are responsible for the state"
synthetic,449,generator,New_Code\.venv_sklearn152\Lib\site-packages\scipy\optimize\_basinhopping.py,of their random number generator.
synthetic,449,generate,New_Code\.venv_sklearn152\Lib\site-packages\scipy\optimize\_basinhopping.py,of their random number generator.
synthetic,669,generator,New_Code\.venv_sklearn152\Lib\site-packages\scipy\optimize\_basinhopping.py,# set up the np.random generator
synthetic,669,generate,New_Code\.venv_sklearn152\Lib\site-packages\scipy\optimize\_basinhopping.py,# set up the np.random generator
synthetic,7,generate,New_Code\.venv_sklearn152\Lib\site-packages\scipy\optimize\_cobyla_py.py,:toctree: generated/
synthetic,85,generator,New_Code\.venv_sklearn152\Lib\site-packages\scipy\optimize\_differentialevolution.py,"total population size), and ``rng`` is the random number generator"
synthetic,85,generate,New_Code\.venv_sklearn152\Lib\site-packages\scipy\optimize\_differentialevolution.py,"total population size), and ``rng`` is the random number generator"
synthetic,96,generate,New_Code\.venv_sklearn152\Lib\site-packages\scipy\optimize\_differentialevolution.py,The maximum number of generations over which the entire population is
synthetic,115,generate,New_Code\.venv_sklearn152\Lib\site-packages\scipy\optimize\_differentialevolution.py,randomly changes the mutation constant on a generation by generation
synthetic,116,generate,New_Code\.venv_sklearn152\Lib\site-packages\scipy\optimize\_differentialevolution.py,basis. The mutation constant for that generation is taken from
synthetic,124,generate,New_Code\.venv_sklearn152\Lib\site-packages\scipy\optimize\_differentialevolution.py,"to progress into the next generation, but at the risk of population"
synthetic,126,generator,New_Code\.venv_sklearn152\Lib\site-packages\scipy\optimize\_differentialevolution.py,"seed : {None, int, `numpy.random.Generator`, `numpy.random.RandomState`}, optional"
synthetic,126,generate,New_Code\.venv_sklearn152\Lib\site-packages\scipy\optimize\_differentialevolution.py,"seed : {None, int, `numpy.random.Generator`, `numpy.random.RandomState`}, optional"
synthetic,131,generator,New_Code\.venv_sklearn152\Lib\site-packages\scipy\optimize\_differentialevolution.py,If `seed` is already a ``Generator`` or ``RandomState`` instance then
synthetic,131,generate,New_Code\.venv_sklearn152\Lib\site-packages\scipy\optimize\_differentialevolution.py,If `seed` is already a ``Generator`` or ``RandomState`` instance then
synthetic,204,generate,New_Code\.venv_sklearn152\Lib\site-packages\scipy\optimize\_differentialevolution.py,within a single generation [4]_. This can lead to faster convergence as
synthetic,208,generate,New_Code\.venv_sklearn152\Lib\site-packages\scipy\optimize\_differentialevolution.py,generation. Only ``'deferred'`` is compatible with parallelization or
synthetic,310,generate,New_Code\.venv_sklearn152\Lib\site-packages\scipy\optimize\_differentialevolution.py,"in 'best1bin') - a random number in [0, 1) is generated. If this number is"
synthetic,341,generate,New_Code\.venv_sklearn152\Lib\site-packages\scipy\optimize\_differentialevolution.py,generation of the trial candidates by supplying a callable to ``strategy``.
synthetic,559,generator,New_Code\.venv_sklearn152\Lib\site-packages\scipy\optimize\_differentialevolution.py,"total population size), and ``rng`` is the random number generator"
synthetic,559,generate,New_Code\.venv_sklearn152\Lib\site-packages\scipy\optimize\_differentialevolution.py,"total population size), and ``rng`` is the random number generator"
synthetic,566,generate,New_Code\.venv_sklearn152\Lib\site-packages\scipy\optimize\_differentialevolution.py,The maximum number of generations over which the entire population is
synthetic,585,generate,New_Code\.venv_sklearn152\Lib\site-packages\scipy\optimize\_differentialevolution.py,randomly changes the mutation constant on a generation by generation
synthetic,586,generate,New_Code\.venv_sklearn152\Lib\site-packages\scipy\optimize\_differentialevolution.py,basis. The mutation constant for that generation is taken from
synthetic,594,generate,New_Code\.venv_sklearn152\Lib\site-packages\scipy\optimize\_differentialevolution.py,"to progress into the next generation, but at the risk of population"
synthetic,596,generator,New_Code\.venv_sklearn152\Lib\site-packages\scipy\optimize\_differentialevolution.py,"seed : {None, int, `numpy.random.Generator`, `numpy.random.RandomState`}, optional"
synthetic,596,generate,New_Code\.venv_sklearn152\Lib\site-packages\scipy\optimize\_differentialevolution.py,"seed : {None, int, `numpy.random.Generator`, `numpy.random.RandomState`}, optional"
synthetic,601,generator,New_Code\.venv_sklearn152\Lib\site-packages\scipy\optimize\_differentialevolution.py,If `seed` is already a ``Generator`` or ``RandomState`` instance then
synthetic,601,generate,New_Code\.venv_sklearn152\Lib\site-packages\scipy\optimize\_differentialevolution.py,If `seed` is already a ``Generator`` or ``RandomState`` instance then
synthetic,677,generate,New_Code\.venv_sklearn152\Lib\site-packages\scipy\optimize\_differentialevolution.py,within a single generation [4]_. This can lead to faster convergence as
synthetic,681,generate,New_Code\.venv_sklearn152\Lib\site-packages\scipy\optimize\_differentialevolution.py,generation. Only ``'deferred'`` is compatible with parallelization or
synthetic,1146,generator,New_Code\.venv_sklearn152\Lib\site-packages\scipy\optimize\_differentialevolution.py,# Although this is also done in the evolve generator it's possible
synthetic,1146,generate,New_Code\.venv_sklearn152\Lib\site-packages\scipy\optimize\_differentialevolution.py,# Although this is also done in the evolve generator it's possible
synthetic,1162,generate,New_Code\.venv_sklearn152\Lib\site-packages\scipy\optimize\_differentialevolution.py,# evolve the population by a generation
synthetic,1459,generate,New_Code\.venv_sklearn152\Lib\site-packages\scipy\optimize\_differentialevolution.py,"# generates an array of (1, M). In comparison the vectorized"
synthetic,1523,generate,New_Code\.venv_sklearn152\Lib\site-packages\scipy\optimize\_differentialevolution.py,Evolve the population by a single generation
synthetic,1600,generate,New_Code\.venv_sklearn152\Lib\site-packages\scipy\optimize\_differentialevolution.py,# update best solution once per generation
synthetic,22,generate,New_Code\.venv_sklearn152\Lib\site-packages\scipy\optimize\_dual_annealing.py,Class used to generate new coordinates based on the distorted
synthetic,24,generate,New_Code\.venv_sklearn152\Lib\site-packages\scipy\optimize\_dual_annealing.py,"chain, the class implements the strategy for generating new location"
synthetic,30,generate,New_Code\.venv_sklearn152\Lib\site-packages\scipy\optimize\_dual_annealing.py,A 1-D NumPy ndarray containing lower bounds of the generated
synthetic,33,generate,New_Code\.venv_sklearn152\Lib\site-packages\scipy\optimize\_dual_annealing.py,A 1-D NumPy ndarray containing upper bounds for the generated
synthetic,41,generator,New_Code\.venv_sklearn152\Lib\site-packages\scipy\optimize\_dual_annealing.py,"rand_gen : {`~numpy.random.RandomState`, `~numpy.random.Generator`}"
synthetic,41,generate,New_Code\.venv_sklearn152\Lib\site-packages\scipy\optimize\_dual_annealing.py,"rand_gen : {`~numpy.random.RandomState`, `~numpy.random.Generator`}"
synthetic,42,generator,New_Code\.venv_sklearn152\Lib\site-packages\scipy\optimize\_dual_annealing.py,"A `~numpy.random.RandomState`, `~numpy.random.Generator` object"
synthetic,42,generate,New_Code\.venv_sklearn152\Lib\site-packages\scipy\optimize\_dual_annealing.py,"A `~numpy.random.RandomState`, `~numpy.random.Generator` object"
synthetic,43,generator,New_Code\.venv_sklearn152\Lib\site-packages\scipy\optimize\_dual_annealing.py,for using the current state of the created random generator container.
synthetic,43,generate,New_Code\.venv_sklearn152\Lib\site-packages\scipy\optimize\_dual_annealing.py,for using the current state of the created random generator container.
synthetic,75,generate,New_Code\.venv_sklearn152\Lib\site-packages\scipy\optimize\_dual_annealing.py,generated by changing all components is the same time or only
synthetic,136,generate,New_Code\.venv_sklearn152\Lib\site-packages\scipy\optimize\_dual_annealing.py,A 1-D NumPy ndarray containing lower bounds for generating an initial
synthetic,139,generate,New_Code\.venv_sklearn152\Lib\site-packages\scipy\optimize\_dual_annealing.py,A 1-D NumPy ndarray containing upper bounds for generating an initial
synthetic,147,generate,New_Code\.venv_sklearn152\Lib\site-packages\scipy\optimize\_dual_annealing.py,# Maximum number of trials for generating a valid starting point
synthetic,162,generate,New_Code\.venv_sklearn152\Lib\site-packages\scipy\optimize\_dual_annealing.py,"provided, a random location within the bounds is generated."
synthetic,230,generator,New_Code\.venv_sklearn152\Lib\site-packages\scipy\optimize\_dual_annealing.py,"rand_gen : {None, int, `numpy.random.Generator`,"
synthetic,230,generate,New_Code\.venv_sklearn152\Lib\site-packages\scipy\optimize\_dual_annealing.py,"rand_gen : {None, int, `numpy.random.Generator`,"
synthetic,237,generator,New_Code\.venv_sklearn152\Lib\site-packages\scipy\optimize\_dual_annealing.py,If `seed` is already a ``Generator`` or ``RandomState`` instance then
synthetic,237,generate,New_Code\.venv_sklearn152\Lib\site-packages\scipy\optimize\_dual_annealing.py,If `seed` is already a ``Generator`` or ``RandomState`` instance then
synthetic,494,generator,New_Code\.venv_sklearn152\Lib\site-packages\scipy\optimize\_dual_annealing.py,"seed : {None, int, `numpy.random.Generator`, `numpy.random.RandomState`}, optional"
synthetic,494,generate,New_Code\.venv_sklearn152\Lib\site-packages\scipy\optimize\_dual_annealing.py,"seed : {None, int, `numpy.random.Generator`, `numpy.random.RandomState`}, optional"
synthetic,499,generator,New_Code\.venv_sklearn152\Lib\site-packages\scipy\optimize\_dual_annealing.py,If `seed` is already a ``Generator`` or ``RandomState`` instance then
synthetic,499,generate,New_Code\.venv_sklearn152\Lib\site-packages\scipy\optimize\_dual_annealing.py,If `seed` is already a ``Generator`` or ``RandomState`` instance then
synthetic,502,generate,New_Code\.venv_sklearn152\Lib\site-packages\scipy\optimize\_dual_annealing.py,generated with this seed only affect the visiting distribution function
synthetic,503,generate,New_Code\.venv_sklearn152\Lib\site-packages\scipy\optimize\_dual_annealing.py,and new coordinates generation.
synthetic,553,generate,New_Code\.venv_sklearn152\Lib\site-packages\scipy\optimize\_dual_annealing.py,to generate a trial jump distance :math:`\\Delta x(t)` of variable
synthetic,653,generator,New_Code\.venv_sklearn152\Lib\site-packages\scipy\optimize\_dual_annealing.py,# Initialization of random Generator for reproducible runs if seed provided
synthetic,653,generate,New_Code\.venv_sklearn152\Lib\site-packages\scipy\optimize\_dual_annealing.py,# Initialization of random Generator for reproducible runs if seed provided
synthetic,64,generate,New_Code\.venv_sklearn152\Lib\site-packages\scipy\optimize\_isotonic.py,"For every input value :math:`y_i`, it generates a value :math:`x_i` such"
synthetic,5,generate,New_Code\.venv_sklearn152\Lib\site-packages\scipy\optimize\_lbfgsb_py.py,:toctree: generated/
synthetic,86,generate,New_Code\.venv_sklearn152\Lib\site-packages\scipy\optimize\_lbfgsb_py.py,generated by the code. Typical values for `factr` are: 1e12 for
synthetic,5,generate,New_Code\.venv_sklearn152\Lib\site-packages\scipy\optimize\_linesearch.py,:toctree: generated/
synthetic,9,generate,New_Code\.venv_sklearn152\Lib\site-packages\scipy\optimize\_linprog.py,:toctree: generated/
synthetic,37,generate,New_Code\.venv_sklearn152\Lib\site-packages\scipy\optimize\_linprog_rs.py,Generates an auxiliary problem with a trivial BFS and an objective that
synthetic,49,generate,New_Code\.venv_sklearn152\Lib\site-packages\scipy\optimize\_linprog_rs.py,# generate auxiliary problem to get initial BFS
synthetic,144,generate,New_Code\.venv_sklearn152\Lib\site-packages\scipy\optimize\_linprog_rs.py,"with each of these new columns, and generating a cost vector that is all"
synthetic,156,generate,New_Code\.venv_sklearn152\Lib\site-packages\scipy\optimize\_linprog_rs.py,"columns in the original problem where possible, thus generating artificial"
synthetic,222,generate,New_Code\.venv_sklearn152\Lib\site-packages\scipy\optimize\_linprog_rs.py,# generate initial BFS
synthetic,226,generate,New_Code\.venv_sklearn152\Lib\site-packages\scipy\optimize\_linprog_rs.py,# generate costs to minimize infeasibility
synthetic,389,generate,New_Code\.venv_sklearn152\Lib\site-packages\scipy\optimize\_linprog_util.py,# skip the checks. Initial solution will be generated automatically.
synthetic,410,generate,New_Code\.venv_sklearn152\Lib\site-packages\scipy\optimize\_numdiff.py,".. [3] B. Fornberg, ""Generation of Finite Difference Formulas on"
synthetic,1037,generator,New_Code\.venv_sklearn152\Lib\site-packages\scipy\optimize\_optimize.py,"seed : {None, int, `numpy.random.Generator`, `numpy.random.RandomState`}, optional"
synthetic,1037,generate,New_Code\.venv_sklearn152\Lib\site-packages\scipy\optimize\_optimize.py,"seed : {None, int, `numpy.random.Generator`, `numpy.random.RandomState`}, optional"
synthetic,1042,generator,New_Code\.venv_sklearn152\Lib\site-packages\scipy\optimize\_optimize.py,If `seed` is already a ``Generator`` or ``RandomState`` instance then
synthetic,1042,generate,New_Code\.venv_sklearn152\Lib\site-packages\scipy\optimize\_optimize.py,If `seed` is already a ``Generator`` or ``RandomState`` instance then
synthetic,1045,generate,New_Code\.venv_sklearn152\Lib\site-packages\scipy\optimize\_optimize.py,The random numbers generated with this seed affect the random vector
synthetic,1886,generate,New_Code\.venv_sklearn152\Lib\site-packages\scipy\optimize\_optimize.py,Warnings generated by the algorithm.
synthetic,63,generator,New_Code\.venv_sklearn152\Lib\site-packages\scipy\optimize\_qap.py,"rng : {None, int, `numpy.random.Generator`,"
synthetic,63,generate,New_Code\.venv_sklearn152\Lib\site-packages\scipy\optimize\_qap.py,"rng : {None, int, `numpy.random.Generator`,"
synthetic,70,generator,New_Code\.venv_sklearn152\Lib\site-packages\scipy\optimize\_qap.py,If `seed` is already a ``Generator`` or ``RandomState`` instance then
synthetic,70,generate,New_Code\.venv_sklearn152\Lib\site-packages\scipy\optimize\_qap.py,If `seed` is already a ``Generator`` or ``RandomState`` instance then
synthetic,289,generator,New_Code\.venv_sklearn152\Lib\site-packages\scipy\optimize\_qap.py,"rng : {None, int, `numpy.random.Generator`,"
synthetic,289,generate,New_Code\.venv_sklearn152\Lib\site-packages\scipy\optimize\_qap.py,"rng : {None, int, `numpy.random.Generator`,"
synthetic,296,generator,New_Code\.venv_sklearn152\Lib\site-packages\scipy\optimize\_qap.py,If `seed` is already a ``Generator`` or ``RandomState`` instance then
synthetic,296,generate,New_Code\.venv_sklearn152\Lib\site-packages\scipy\optimize\_qap.py,If `seed` is already a ``Generator`` or ``RandomState`` instance then
synthetic,432,generate,New_Code\.venv_sklearn152\Lib\site-packages\scipy\optimize\_qap.py,"# generate a nxn matrix where each entry is a random number [0, 1]"
synthetic,433,generate,New_Code\.venv_sklearn152\Lib\site-packages\scipy\optimize\_qap.py,"# would use rand, but Generators don't have it"
synthetic,585,generator,New_Code\.venv_sklearn152\Lib\site-packages\scipy\optimize\_qap.py,"rng : {None, int, `numpy.random.Generator`,"
synthetic,585,generate,New_Code\.venv_sklearn152\Lib\site-packages\scipy\optimize\_qap.py,"rng : {None, int, `numpy.random.Generator`,"
synthetic,592,generator,New_Code\.venv_sklearn152\Lib\site-packages\scipy\optimize\_qap.py,If `seed` is already a ``Generator`` or ``RandomState`` instance then
synthetic,592,generate,New_Code\.venv_sklearn152\Lib\site-packages\scipy\optimize\_qap.py,If `seed` is already a ``Generator`` or ``RandomState`` instance then
synthetic,73,generate,New_Code\.venv_sklearn152\Lib\site-packages\scipy\optimize\_shgo.py,sampling points are generated instead of the default `n=100`. For all
synthetic,74,generate,New_Code\.venv_sklearn152\Lib\site-packages\scipy\optimize\_shgo.py,other specified values `n` sampling points are generated. For
synthetic,76,generate,New_Code\.venv_sklearn152\Lib\site-packages\scipy\optimize\_shgo.py,another specified number of sampling points are generated.
synthetic,192,generate,New_Code\.venv_sklearn152\Lib\site-packages\scipy\optimize\_shgo.py,If True then any sampling points generated which are outside will
synthetic,210,generate,New_Code\.venv_sklearn152\Lib\site-packages\scipy\optimize\_shgo.py,sampling point generation at the cost of the loss of
synthetic,279,generate,New_Code\.venv_sklearn152\Lib\site-packages\scipy\optimize\_shgo.py,The ``halton`` and ``sobol`` method points are generated using
synthetic,659,generate,New_Code\.venv_sklearn152\Lib\site-packages\scipy\optimize\_shgo.py,self.n_sampled = 0  # To track no. of sampling points already generated
synthetic,827,generate,New_Code\.venv_sklearn152\Lib\site-packages\scipy\optimize\_shgo.py,logging.info('Splitting first generation')
synthetic,1415,generate,New_Code\.venv_sklearn152\Lib\site-packages\scipy\optimize\_shgo.py,points that are generated outside the feasible domain will be
synthetic,1426,generate,New_Code\.venv_sklearn152\Lib\site-packages\scipy\optimize\_shgo.py,# Generate sampling points
synthetic,1428,generate,New_Code\.venv_sklearn152\Lib\site-packages\scipy\optimize\_shgo.py,logging.info('Generating sampling points')
synthetic,1445,generate,New_Code\.venv_sklearn152\Lib\site-packages\scipy\optimize\_shgo.py,Generates uniform sampling points in a hypercube and scales the points
synthetic,1448,generate,New_Code\.venv_sklearn152\Lib\site-packages\scipy\optimize\_shgo.py,# Generate sampling points.
synthetic,1449,generate,New_Code\.venv_sklearn152\Lib\site-packages\scipy\optimize\_shgo.py,"# Generate uniform sample points in [0, 1]^m \subset R^m"
synthetic,9,generate,New_Code\.venv_sklearn152\Lib\site-packages\scipy\optimize\_slsqp_py.py,:toctree: generated/
synthetic,22,generate,New_Code\.venv_sklearn152\Lib\site-packages\scipy\optimize\__init__.py,:toctree: generated/
synthetic,36,generate,New_Code\.venv_sklearn152\Lib\site-packages\scipy\optimize\__init__.py,:toctree: generated/
synthetic,52,generate,New_Code\.venv_sklearn152\Lib\site-packages\scipy\optimize\__init__.py,:toctree: generated/
synthetic,79,generate,New_Code\.venv_sklearn152\Lib\site-packages\scipy\optimize\__init__.py,:toctree: generated/
synthetic,88,generate,New_Code\.venv_sklearn152\Lib\site-packages\scipy\optimize\__init__.py,:toctree: generated/
synthetic,98,generate,New_Code\.venv_sklearn152\Lib\site-packages\scipy\optimize\__init__.py,:toctree: generated/
synthetic,109,generate,New_Code\.venv_sklearn152\Lib\site-packages\scipy\optimize\__init__.py,:toctree: generated/
synthetic,126,generate,New_Code\.venv_sklearn152\Lib\site-packages\scipy\optimize\__init__.py,:toctree: generated/
synthetic,134,generate,New_Code\.venv_sklearn152\Lib\site-packages\scipy\optimize\__init__.py,:toctree: generated/
synthetic,144,generate,New_Code\.venv_sklearn152\Lib\site-packages\scipy\optimize\__init__.py,:toctree: generated/
synthetic,154,generate,New_Code\.venv_sklearn152\Lib\site-packages\scipy\optimize\__init__.py,:toctree: generated/
synthetic,216,generate,New_Code\.venv_sklearn152\Lib\site-packages\scipy\optimize\__init__.py,:toctree: generated/
synthetic,224,generate,New_Code\.venv_sklearn152\Lib\site-packages\scipy\optimize\__init__.py,:toctree: generated/
synthetic,247,generate,New_Code\.venv_sklearn152\Lib\site-packages\scipy\optimize\__init__.py,:toctree: generated/
synthetic,267,generate,New_Code\.venv_sklearn152\Lib\site-packages\scipy\optimize\__init__.py,:toctree: generated/
synthetic,275,generate,New_Code\.venv_sklearn152\Lib\site-packages\scipy\optimize\__init__.py,:toctree: generated/
synthetic,294,generate,New_Code\.venv_sklearn152\Lib\site-packages\scipy\optimize\__init__.py,:toctree: generated/
synthetic,304,generate,New_Code\.venv_sklearn152\Lib\site-packages\scipy\optimize\__init__.py,:toctree: generated/
synthetic,313,generate,New_Code\.venv_sklearn152\Lib\site-packages\scipy\optimize\__init__.py,:toctree: generated/
synthetic,322,generate,New_Code\.venv_sklearn152\Lib\site-packages\scipy\optimize\__init__.py,:toctree: generated/
synthetic,342,generate,New_Code\.venv_sklearn152\Lib\site-packages\scipy\optimize\__init__.py,:toctree: generated/
synthetic,353,generate,New_Code\.venv_sklearn152\Lib\site-packages\scipy\optimize\__init__.py,:toctree: generated/
synthetic,363,generate,New_Code\.venv_sklearn152\Lib\site-packages\scipy\optimize\__init__.py,:toctree: generated/
synthetic,373,generate,New_Code\.venv_sklearn152\Lib\site-packages\scipy\optimize\__init__.py,:toctree: generated/
synthetic,383,generate,New_Code\.venv_sklearn152\Lib\site-packages\scipy\optimize\__init__.py,:toctree: generated/
synthetic,393,generate,New_Code\.venv_sklearn152\Lib\site-packages\scipy\optimize\__init__.py,:toctree: generated/
synthetic,405,generate,New_Code\.venv_sklearn152\Lib\site-packages\scipy\optimize\__init__.py,:toctree: generated/
synthetic,83,generate,New_Code\.venv_sklearn152\Lib\site-packages\scipy\optimize\tests\test_linprog.py,Generates a linear program for which integer solutions represent an
synthetic,1090,generate,New_Code\.venv_sklearn152\Lib\site-packages\scipy\optimize\tests\test_linprog.py,# 40 constraints) generated by https://gist.github.com/denis-bz/8647461
synthetic,20,generate,New_Code\.venv_sklearn152\Lib\site-packages\scipy\optimize\tests\test_trustregion_exact.py,# Generate random matrix
synthetic,26,generate,New_Code\.venv_sklearn152\Lib\site-packages\scipy\optimize\tests\test_trustregion_exact.py,# Generate random eigenvalues
synthetic,30,generate,New_Code\.venv_sklearn152\Lib\site-packages\scipy\optimize\tests\test_trustregion_exact.py,# Generate matrix
synthetic,34,generate,New_Code\.venv_sklearn152\Lib\site-packages\scipy\optimize\tests\test_trustregion_exact.py,# Generate gradient vector accordingly
synthetic,296,generate,New_Code\.venv_sklearn152\Lib\site-packages\scipy\optimize\tests\test_trustregion_exact.py,# Generate random symmetric matrix H with
synthetic,322,generator,New_Code\.venv_sklearn152\Lib\site-packages\scipy\optimize\tests\test__basinhopping.py,# check that np.random.Generator can be used (numpy >= 1.17)
synthetic,322,generate,New_Code\.venv_sklearn152\Lib\site-packages\scipy\optimize\tests\test__basinhopping.py,# check that np.random.Generator can be used (numpy >= 1.17)
synthetic,509,generator,New_Code\.venv_sklearn152\Lib\site-packages\scipy\optimize\tests\test__differential_evolution.py,# check that np.random.Generator can be used (numpy >= 1.17)
synthetic,509,generate,New_Code\.venv_sklearn152\Lib\site-packages\scipy\optimize\tests\test__differential_evolution.py,# check that np.random.Generator can be used (numpy >= 1.17)
synthetic,510,generator,New_Code\.venv_sklearn152\Lib\site-packages\scipy\optimize\tests\test__differential_evolution.py,# obtain a np.random.Generator object
synthetic,510,generate,New_Code\.venv_sklearn152\Lib\site-packages\scipy\optimize\tests\test__differential_evolution.py,# obtain a np.random.Generator object
synthetic,548,generate,New_Code\.venv_sklearn152\Lib\site-packages\scipy\optimize\tests\test__differential_evolution.py,"# if popsize is 3, then the overall generation has size (6,)"
synthetic,559,generate,New_Code\.venv_sklearn152\Lib\site-packages\scipy\optimize\tests\test__differential_evolution.py,"# if popsize is 3, then the overall generation has size (6,)"
synthetic,569,generate,New_Code\.venv_sklearn152\Lib\site-packages\scipy\optimize\tests\test__differential_evolution.py,# the next generation should halt because it exceeds maxfun
synthetic,770,generate,New_Code\.venv_sklearn152\Lib\site-packages\scipy\optimize\tests\test__differential_evolution.py,"# comprehension should generate (S, 1, M) array."
synthetic,32,generate,New_Code\.venv_sklearn152\Lib\site-packages\scipy\optimize\tests\test__dual_annealing.py,# Number of values to be generated for testing visit function
synthetic,95,generate,New_Code\.venv_sklearn152\Lib\site-packages\scipy\optimize\tests\test__dual_annealing.py,# Check that big tails values are generated
synthetic,151,generator,New_Code\.venv_sklearn152\Lib\site-packages\scipy\optimize\tests\test__dual_annealing.py,# check that np.random.Generator can be used (numpy >= 1.17)
synthetic,151,generate,New_Code\.venv_sklearn152\Lib\site-packages\scipy\optimize\tests\test__dual_annealing.py,# check that np.random.Generator can be used (numpy >= 1.17)
synthetic,152,generator,New_Code\.venv_sklearn152\Lib\site-packages\scipy\optimize\tests\test__dual_annealing.py,# obtain a np.random.Generator object
synthetic,152,generate,New_Code\.venv_sklearn152\Lib\site-packages\scipy\optimize\tests\test__dual_annealing.py,# obtain a np.random.Generator object
synthetic,476,generate,New_Code\.venv_sklearn152\Lib\site-packages\scipy\optimize\_lsq\least_squares.py,Might be somewhat arbitrary for 'trf' method as it generates a
synthetic,675,generate,New_Code\.venv_sklearn152\Lib\site-packages\scipy\optimize\_lsq\least_squares.py,"First, define the function which generates the data with noise and"
synthetic,676,generate,New_Code\.venv_sklearn152\Lib\site-packages\scipy\optimize\_lsq\least_squares.py,"outliers, define the model parameters, and generate data:"
synthetic,147,generate,New_Code\.venv_sklearn152\Lib\site-packages\scipy\optimize\_lsq\lsq_linear.py,Might be somewhat arbitrary for the `trf` method as it generates a
synthetic,160,generate,New_Code\.venv_sklearn152\Lib\site-packages\scipy\optimize\_shgo_lib\_complex.py,"# Every cell is stored in a list of its generation,"
synthetic,163,generate,New_Code\.venv_sklearn152\Lib\site-packages\scipy\optimize\_shgo_lib\_complex.py,# When a cell is sub-generated it is removed from this list
synthetic,192,generate,New_Code\.venv_sklearn152\Lib\site-packages\scipy\optimize\_shgo_lib\_complex.py,"""""""Generate initial triangulation using cyclic product"""""""
synthetic,362,generate,New_Code\.venv_sklearn152\Lib\site-packages\scipy\optimize\_shgo_lib\_complex.py,of points will be generated
synthetic,434,generator,New_Code\.venv_sklearn152\Lib\site-packages\scipy\optimize\_shgo_lib\_complex.py,# Build generator
synthetic,434,generate,New_Code\.venv_sklearn152\Lib\site-packages\scipy\optimize\_shgo_lib\_complex.py,# Build generator
synthetic,447,generator,New_Code\.venv_sklearn152\Lib\site-packages\scipy\optimize\_shgo_lib\_complex.py,# Check if generator already exists
synthetic,447,generate,New_Code\.venv_sklearn152\Lib\site-packages\scipy\optimize\_shgo_lib\_complex.py,# Check if generator already exists
synthetic,496,generator,New_Code\.venv_sklearn152\Lib\site-packages\scipy\optimize\_shgo_lib\_complex.py,"# Try a usual iteration of the current generator, if it"
synthetic,496,generate,New_Code\.venv_sklearn152\Lib\site-packages\scipy\optimize\_shgo_lib\_complex.py,"# Try a usual iteration of the current generator, if it"
synthetic,497,generator,New_Code\.venv_sklearn152\Lib\site-packages\scipy\optimize\_shgo_lib\_complex.py,# does not exist or is exhausted then produce a new generator
synthetic,497,generate,New_Code\.venv_sklearn152\Lib\site-packages\scipy\optimize\_shgo_lib\_complex.py,# does not exist or is exhausted then produce a new generator
synthetic,529,generate,New_Code\.venv_sklearn152\Lib\site-packages\scipy\optimize\_shgo_lib\_complex.py,# This adds a centroid to every new sub-domain generated and defined
synthetic,240,generate,New_Code\.venv_sklearn152\Lib\site-packages\scipy\optimize\_shgo_lib\_vertex.py,"# logging.info(""New generated vertex at x = {}"".format(x))"
synthetic,381,generate,New_Code\.venv_sklearn152\Lib\site-packages\scipy\optimize\_trustregion_constr\minimize_trustregion_constr.py,# Generate the Hessian of the Lagrangian.
synthetic,236,generate,New_Code\.venv_sklearn152\Lib\site-packages\scipy\optimize\_trustregion_constr\tests\test_canonical_constraint.py,# rng is only used to generate the coefficients of the quadratic
synthetic,61,generate,New_Code\.venv_sklearn152\Lib\site-packages\scipy\signal\_arraytools.py,Generate a new ndarray by making an odd extension of `x` along an axis.
synthetic,114,generate,New_Code\.venv_sklearn152\Lib\site-packages\scipy\signal\_arraytools.py,Generate a new ndarray by making an even extension of `x` along an axis.
synthetic,164,generate,New_Code\.venv_sklearn152\Lib\site-packages\scipy\signal\_arraytools.py,Generate a new ndarray that is a constant extension of `x` along an axis.
synthetic,219,generate,New_Code\.venv_sklearn152\Lib\site-packages\scipy\signal\_arraytools.py,Generate a new ndarray that is a zero-padded extension of `x` along
synthetic,448,generate,New_Code\.venv_sklearn152\Lib\site-packages\scipy\signal\_czt.py,Generate a sinusoid:
synthetic,1080,generate,New_Code\.venv_sklearn152\Lib\site-packages\scipy\signal\_filter_design.py,"generated by the bilinear transform), then this happens to be equivalent"
synthetic,1765,generate,New_Code\.venv_sklearn152\Lib\site-packages\scipy\signal\_filter_design.py,"A warning is generated if, for example, the first coefficient of"
synthetic,2521,generate,New_Code\.venv_sklearn152\Lib\site-packages\scipy\signal\_filter_design.py,Generate a 17th-order Chebyshev II analog bandpass filter from 50 Hz to
synthetic,3206,generate,New_Code\.venv_sklearn152\Lib\site-packages\scipy\signal\_filter_design.py,"Generate a signal made up of 10 Hz and 20 Hz, sampled at 1 kHz"
synthetic,3324,generate,New_Code\.venv_sklearn152\Lib\site-packages\scipy\signal\_filter_design.py,"Generate a signal made up of 10 Hz and 20 Hz, sampled at 1 kHz"
synthetic,3437,generate,New_Code\.venv_sklearn152\Lib\site-packages\scipy\signal\_filter_design.py,"Generate a signal made up of 10 Hz and 20 Hz, sampled at 1 kHz"
synthetic,3561,generate,New_Code\.venv_sklearn152\Lib\site-packages\scipy\signal\_filter_design.py,"Generate a signal made up of 10 Hz and 20 Hz, sampled at 1 kHz"
synthetic,3664,generate,New_Code\.venv_sklearn152\Lib\site-packages\scipy\signal\_filter_design.py,The Bessel is inherently an analog filter. This function generates digital
synthetic,4771,generate,New_Code\.venv_sklearn152\Lib\site-packages\scipy\signal\_filter_design.py,# Generate starting points
synthetic,4797,generate,New_Code\.venv_sklearn152\Lib\site-packages\scipy\signal\_filter_design.py,raise RuntimeError('Generated zeros are inaccurate')
synthetic,4879,generate,New_Code\.venv_sklearn152\Lib\site-packages\scipy\signal\_filter_design.py,"To find the pole locations, approximate starting points are generated [2]_"
synthetic,5201,generate,New_Code\.venv_sklearn152\Lib\site-packages\scipy\signal\_filter_design.py,"The type of comb filter generated by the function. If 'notch', then"
synthetic,5408,generate,New_Code\.venv_sklearn152\Lib\site-packages\scipy\signal\_filter_design.py,"The type of filter the function generates. If 'fir', the function"
synthetic,5409,generate,New_Code\.venv_sklearn152\Lib\site-packages\scipy\signal\_filter_design.py,"will generate an Nth order FIR gammatone filter. If 'iir', the"
synthetic,5410,generate,New_Code\.venv_sklearn152\Lib\site-packages\scipy\signal\_filter_design.py,"function will generate an 8th order digital IIR filter, modeled as"
synthetic,1819,generate,New_Code\.venv_sklearn152\Lib\site-packages\scipy\signal\_ltisys.py,Generate data to which the filter is applied.
synthetic,1988,generate,New_Code\.venv_sklearn152\Lib\site-packages\scipy\signal\_ltisys.py,The number of time samples to generate.
synthetic,2247,generate,New_Code\.venv_sklearn152\Lib\site-packages\scipy\signal\_ltisys.py,Generating the Nyquist plot of a transfer function
synthetic,3069,generate,New_Code\.venv_sklearn152\Lib\site-packages\scipy\signal\_ltisys.py,Time-evolution of the state-vector.  Only generated if the input is a
synthetic,3369,generate,New_Code\.venv_sklearn152\Lib\site-packages\scipy\signal\_ltisys.py,Generating the Nyquist plot of a transfer function
synthetic,4,generate,New_Code\.venv_sklearn152\Lib\site-packages\scipy\signal\_max_len_seq.py,"""""""Tools for MLS generation"""""""
synthetic,24,generator,New_Code\.venv_sklearn152\Lib\site-packages\scipy\signal\_max_len_seq.py,Maximum length sequence (MLS) generator.
synthetic,24,generate,New_Code\.venv_sklearn152\Lib\site-packages\scipy\signal\_max_len_seq.py,Maximum length sequence (MLS) generator.
synthetic,30,generate,New_Code\.venv_sklearn152\Lib\site-packages\scipy\signal\_max_len_seq.py,be ``(2**nbits) - 1``. Note that generating long sequences
synthetic,54,generate,New_Code\.venv_sklearn152\Lib\site-packages\scipy\signal\_max_len_seq.py,The algorithm for MLS generation is generically described in:
synthetic,22,generator,New_Code\.venv_sklearn152\Lib\site-packages\scipy\signal\_short_time_fft.py,# Linter does not allow to import ``Generator`` from ``typing`` module:
synthetic,22,generate,New_Code\.venv_sklearn152\Lib\site-packages\scipy\signal\_short_time_fft.py,# Linter does not allow to import ``Generator`` from ``typing`` module:
synthetic,23,generator,New_Code\.venv_sklearn152\Lib\site-packages\scipy\signal\_short_time_fft.py,from collections.abc import Generator
synthetic,23,generate,New_Code\.venv_sklearn152\Lib\site-packages\scipy\signal\_short_time_fft.py,from collections.abc import Generator
synthetic,390,generate,New_Code\.venv_sklearn152\Lib\site-packages\scipy\signal\_short_time_fft.py,"If ``True`` then a symmetric window is generated, else a periodic"
synthetic,391,generate,New_Code\.venv_sklearn152\Lib\site-packages\scipy\signal\_short_time_fft.py,window is generated (default). Though symmetric windows seem for
synthetic,714,generator,New_Code\.venv_sklearn152\Lib\site-packages\scipy\signal\_short_time_fft.py,"padding: PAD_TYPE) -> Generator[np.ndarray, None, None]:"
synthetic,714,generate,New_Code\.venv_sklearn152\Lib\site-packages\scipy\signal\_short_time_fft.py,"padding: PAD_TYPE) -> Generator[np.ndarray, None, None]:"
synthetic,715,generate,New_Code\.venv_sklearn152\Lib\site-packages\scipy\signal\_short_time_fft.py,"""""""Generate signal slices along last axis of `x`."
synthetic,2048,generate,New_Code\.venv_sklearn152\Lib\site-packages\scipy\signal\_signaltools.py,Generate a noisy signal to be filtered:
synthetic,2167,generate,New_Code\.venv_sklearn152\Lib\site-packages\scipy\signal\_signaltools.py,which is used by `lfilter` to generate the output given the input.
synthetic,3102,generate,New_Code\.venv_sklearn152\Lib\site-packages\scipy\signal\_signaltools.py,is called to generate the window.
synthetic,3307,generate,New_Code\.venv_sklearn152\Lib\site-packages\scipy\signal\_signaltools.py,and `scipy.signal.firwin` are called to generate the appropriate filter
synthetic,106,generate,New_Code\.venv_sklearn152\Lib\site-packages\scipy\signal\_spectral_py.py,Randomly generate sample times:
synthetic,169,generate,New_Code\.venv_sklearn152\Lib\site-packages\scipy\signal\_spectral_py.py,"passed to `get_window` to generate the window values, which are"
synthetic,225,generate,New_Code\.venv_sklearn152\Lib\site-packages\scipy\signal\_spectral_py.py,"Generate a test signal, a 2 Vrms sine wave at 1234 Hz, corrupted by"
synthetic,319,generate,New_Code\.venv_sklearn152\Lib\site-packages\scipy\signal\_spectral_py.py,"passed to `get_window` to generate the window values, which are"
synthetic,403,generate,New_Code\.venv_sklearn152\Lib\site-packages\scipy\signal\_spectral_py.py,"Generate a test signal, a 2 Vrms sine wave at 1234 Hz, corrupted by"
synthetic,487,generate,New_Code\.venv_sklearn152\Lib\site-packages\scipy\signal\_spectral_py.py,"passed to `get_window` to generate the window values, which are"
synthetic,577,generate,New_Code\.venv_sklearn152\Lib\site-packages\scipy\signal\_spectral_py.py,Generate two test signals with some common features.
synthetic,650,generate,New_Code\.venv_sklearn152\Lib\site-packages\scipy\signal\_spectral_py.py,"passed to `get_window` to generate the window values, which are"
synthetic,738,generate,New_Code\.venv_sklearn152\Lib\site-packages\scipy\signal\_spectral_py.py,"Generate a test signal, a 2 Vrms sine wave whose frequency is slowly"
synthetic,816,generate,New_Code\.venv_sklearn152\Lib\site-packages\scipy\signal\_spectral_py.py,"passed to `get_window` to generate the window values, which are"
synthetic,938,generate,New_Code\.venv_sklearn152\Lib\site-packages\scipy\signal\_spectral_py.py,"passed to `get_window` to generate the window values, which are"
synthetic,1081,generate,New_Code\.venv_sklearn152\Lib\site-packages\scipy\signal\_spectral_py.py,"passed to `get_window` to generate the window values, which are"
synthetic,1107,generate,New_Code\.venv_sklearn152\Lib\site-packages\scipy\signal\_spectral_py.py,"how to generate the new values, in order to center the first"
synthetic,1196,generate,New_Code\.venv_sklearn152\Lib\site-packages\scipy\signal\_spectral_py.py,"Generate a test signal, a 2 Vrms sine wave whose frequency is slowly"
synthetic,1270,generate,New_Code\.venv_sklearn152\Lib\site-packages\scipy\signal\_spectral_py.py,"passed to `get_window` to generate the window values, which are"
synthetic,1274,generate,New_Code\.venv_sklearn152\Lib\site-packages\scipy\signal\_spectral_py.py,to a Hann window. Must match the window used to generate the
synthetic,1288,generate,New_Code\.venv_sklearn152\Lib\site-packages\scipy\signal\_spectral_py.py,the parameter used to generate the STFT. Defaults to `None`.
synthetic,1376,generate,New_Code\.venv_sklearn152\Lib\site-packages\scipy\signal\_spectral_py.py,"Generate a test signal, a 2 Vrms sine wave at 50Hz corrupted by"
synthetic,1572,generate,New_Code\.venv_sklearn152\Lib\site-packages\scipy\signal\_spectral_py.py,"passed to `get_window` to generate the window values, which are"
synthetic,1637,generate,New_Code\.venv_sklearn152\Lib\site-packages\scipy\signal\_spectral_py.py,Generate two test signals with some common features.
synthetic,1696,generate,New_Code\.venv_sklearn152\Lib\site-packages\scipy\signal\_spectral_py.py,"passed to `get_window` to generate the window values, which are"
synthetic,1735,generate,New_Code\.venv_sklearn152\Lib\site-packages\scipy\signal\_spectral_py.py,"how to generate the new values, in order to center the first"
synthetic,265,generator,New_Code\.venv_sklearn152\Lib\site-packages\scipy\signal\_waveforms.py,"""""""Frequency-swept cosine generator."
synthetic,265,generate,New_Code\.venv_sklearn152\Lib\site-packages\scipy\signal\_waveforms.py,"""""""Frequency-swept cosine generator."
synthetic,307,generate,New_Code\.venv_sklearn152\Lib\site-packages\scipy\signal\_waveforms.py,the instantaneous frequency (in Hz) of the signal generated by
synthetic,424,generate,New_Code\.venv_sklearn152\Lib\site-packages\scipy\signal\_waveforms.py,Calculate the phase used by `chirp` to generate its output.
synthetic,477,generator,New_Code\.venv_sklearn152\Lib\site-packages\scipy\signal\_waveforms.py,"Frequency-swept cosine generator, with a time-dependent frequency."
synthetic,477,generate,New_Code\.venv_sklearn152\Lib\site-packages\scipy\signal\_waveforms.py,"Frequency-swept cosine generator, with a time-dependent frequency."
synthetic,479,generate,New_Code\.venv_sklearn152\Lib\site-packages\scipy\signal\_waveforms.py,This function generates a sinusoidal function whose instantaneous
synthetic,575,generate,New_Code\.venv_sklearn152\Lib\site-packages\scipy\signal\_waveforms.py,Calculate the phase used by sweep_poly to generate its output.
synthetic,10,generate,New_Code\.venv_sklearn152\Lib\site-packages\scipy\signal\__init__.py,:toctree: generated/
synthetic,26,generate,New_Code\.venv_sklearn152\Lib\site-packages\scipy\signal\__init__.py,:toctree: generated/
synthetic,41,generate,New_Code\.venv_sklearn152\Lib\site-packages\scipy\signal\__init__.py,:toctree: generated/
synthetic,77,generate,New_Code\.venv_sklearn152\Lib\site-packages\scipy\signal\__init__.py,:toctree: generated/
synthetic,120,generate,New_Code\.venv_sklearn152\Lib\site-packages\scipy\signal\__init__.py,:toctree: generated/
synthetic,146,generate,New_Code\.venv_sklearn152\Lib\site-packages\scipy\signal\__init__.py,:toctree: generated/
synthetic,165,generate,New_Code\.venv_sklearn152\Lib\site-packages\scipy\signal\__init__.py,:toctree: generated/
synthetic,181,generate,New_Code\.venv_sklearn152\Lib\site-packages\scipy\signal\__init__.py,:toctree: generated/
synthetic,197,generate,New_Code\.venv_sklearn152\Lib\site-packages\scipy\signal\__init__.py,:toctree: generated/
synthetic,216,generate,New_Code\.venv_sklearn152\Lib\site-packages\scipy\signal\__init__.py,:toctree: generated/
synthetic,235,generate,New_Code\.venv_sklearn152\Lib\site-packages\scipy\signal\__init__.py,:toctree: generated/
synthetic,243,generate,New_Code\.venv_sklearn152\Lib\site-packages\scipy\signal\__init__.py,:toctree: generated/
synthetic,257,generate,New_Code\.venv_sklearn152\Lib\site-packages\scipy\signal\__init__.py,:toctree: generated/
synthetic,271,generate,New_Code\.venv_sklearn152\Lib\site-packages\scipy\signal\__init__.py,:toctree: generated/
synthetic,292,generate,New_Code\.venv_sklearn152\Lib\site-packages\scipy\signal\__init__.py,:toctree: generated/
synthetic,296,generator,New_Code\.venv_sklearn152\Lib\site-packages\scipy\signal\__init__.py,CZT - Chirp z-transform function generator
synthetic,296,generate,New_Code\.venv_sklearn152\Lib\site-packages\scipy\signal\__init__.py,CZT - Chirp z-transform function generator
synthetic,297,generator,New_Code\.venv_sklearn152\Lib\site-packages\scipy\signal\__init__.py,ZoomFFT - Zoom FFT function generator
synthetic,297,generate,New_Code\.venv_sklearn152\Lib\site-packages\scipy\signal\__init__.py,ZoomFFT - Zoom FFT function generator
synthetic,302,generate,New_Code\.venv_sklearn152\Lib\site-packages\scipy\signal\__init__.py,"repeatedly generate the same chirp signal with every call.  In these cases,"
synthetic,1611,generate,New_Code\.venv_sklearn152\Lib\site-packages\scipy\signal\tests\test_filter_design.py,# scipy versions. The values to compare to are generated with scipy
synthetic,1738,generate,New_Code\.venv_sklearn152\Lib\site-packages\scipy\signal\tests\test_filter_design.py,# scipy versions. The values to compare to are generated with scipy
synthetic,1871,generate,New_Code\.venv_sklearn152\Lib\site-packages\scipy\signal\tests\test_filter_design.py,# scipy versions. The values to compare to are generated with scipy
synthetic,2018,generate,New_Code\.venv_sklearn152\Lib\site-packages\scipy\signal\tests\test_filter_design.py,# scipy versions. The values to compare to are generated with scipy
synthetic,46,generate,New_Code\.venv_sklearn152\Lib\site-packages\scipy\signal\tests\test_peak_finding.py,Generate coordinates for a ridge line.
synthetic,70,generate,New_Code\.venv_sklearn152\Lib\site-packages\scipy\signal\tests\test_peak_finding.py,raise ValueError('Cannot generate ridge line according to constraints')
synthetic,802,generate,New_Code\.venv_sklearn152\Lib\site-packages\scipy\signal\tests\test_peak_finding.py,Generate a series of gaussians and attempt to find the peak locations.
synthetic,119,generator,New_Code\.venv_sklearn152\Lib\site-packages\scipy\signal\tests\test_short_time_fft.py,next(g)  # execute generator
synthetic,119,generate,New_Code\.venv_sklearn152\Lib\site-packages\scipy\signal\tests\test_short_time_fft.py,next(g)  # execute generator
synthetic,1478,generate,New_Code\.venv_sklearn152\Lib\site-packages\scipy\signal\tests\test_signaltools.py,"def generate(self, shape):"
synthetic,1495,generate,New_Code\.venv_sklearn152\Lib\site-packages\scipy\signal\tests\test_signaltools.py,"x = self.generate((6,))"
synthetic,1502,generate,New_Code\.venv_sklearn152\Lib\site-packages\scipy\signal\tests\test_signaltools.py,"x = self.generate((6,))"
synthetic,1509,generate,New_Code\.venv_sklearn152\Lib\site-packages\scipy\signal\tests\test_signaltools.py,"x = self.generate((6,))"
synthetic,1520,generate,New_Code\.venv_sklearn152\Lib\site-packages\scipy\signal\tests\test_signaltools.py,"x = self.generate((6,))"
synthetic,1531,generate,New_Code\.venv_sklearn152\Lib\site-packages\scipy\signal\tests\test_signaltools.py,"x = self.generate((4, 3))"
synthetic,1540,generate,New_Code\.venv_sklearn152\Lib\site-packages\scipy\signal\tests\test_signaltools.py,"x = self.generate((4, 3))"
synthetic,1549,generate,New_Code\.venv_sklearn152\Lib\site-packages\scipy\signal\tests\test_signaltools.py,"x = self.generate((4, 3))"
synthetic,1562,generate,New_Code\.venv_sklearn152\Lib\site-packages\scipy\signal\tests\test_signaltools.py,"x = self.generate((4,3))"
synthetic,1575,generate,New_Code\.venv_sklearn152\Lib\site-packages\scipy\signal\tests\test_signaltools.py,"x = self.generate((4, 3, 2))"
synthetic,1585,generate,New_Code\.venv_sklearn152\Lib\site-packages\scipy\signal\tests\test_signaltools.py,"x = self.generate((4, 3, 2))"
synthetic,1605,generate,New_Code\.venv_sklearn152\Lib\site-packages\scipy\signal\tests\test_signaltools.py,"x = self.generate((4, 3, 2))"
synthetic,1615,generate,New_Code\.venv_sklearn152\Lib\site-packages\scipy\signal\tests\test_signaltools.py,"x = self.generate((4, 3, 2))"
synthetic,1635,generate,New_Code\.venv_sklearn152\Lib\site-packages\scipy\signal\tests\test_signaltools.py,"x = self.generate((4, 5, 20))"
synthetic,1657,generate,New_Code\.venv_sklearn152\Lib\site-packages\scipy\signal\tests\test_signaltools.py,x = self.generate(6)
synthetic,1797,generate,New_Code\.venv_sklearn152\Lib\site-packages\scipy\signal\tests\test_signaltools.py,"x = self.generate((5,))"
synthetic,1844,generate,New_Code\.venv_sklearn152\Lib\site-packages\scipy\signal\tests\test_signaltools.py,"x = self.generate((6,))"
synthetic,1856,generate,New_Code\.venv_sklearn152\Lib\site-packages\scipy\signal\tests\test_signaltools.py,"x = self.generate((6,))"
synthetic,2101,generate,New_Code\.venv_sklearn152\Lib\site-packages\scipy\signal\tests\test_signaltools.py,# generate random data
synthetic,2105,generate,New_Code\.venv_sklearn152\Lib\site-packages\scipy\signal\tests\test_signaltools.py,# generate offset version of array to correlate with
synthetic,2441,generate,New_Code\.venv_sklearn152\Lib\site-packages\scipy\signal\tests\test_signaltools.py,"# Generate x, the data to be filtered."
synthetic,976,generate,New_Code\.venv_sklearn152\Lib\site-packages\scipy\signal\tests\test_spectral.py,generated input signal.
synthetic,1008,generate,New_Code\.venv_sklearn152\Lib\site-packages\scipy\signal\tests\test_spectral.py,# corresponds to amplitude of the generated input signal.
synthetic,210,generate,New_Code\.venv_sklearn152\Lib\site-packages\scipy\signal\tests\test_upfirdn.py,# Generate random FIR coefficients
synthetic,53,generate,New_Code\.venv_sklearn152\Lib\site-packages\scipy\signal\windows\_windows.py,"When True (default), generates a symmetric window, for use in filter"
synthetic,55,generate,New_Code\.venv_sklearn152\Lib\site-packages\scipy\signal\windows\_windows.py,"When False, generates a periodic window, for use in spectral analysis."
synthetic,191,generate,New_Code\.venv_sklearn152\Lib\site-packages\scipy\signal\windows\_windows.py,"When True (default), generates a symmetric window, for use in filter"
synthetic,193,generate,New_Code\.venv_sklearn152\Lib\site-packages\scipy\signal\windows\_windows.py,"When False, generates a periodic window, for use in spectral analysis."
synthetic,256,generate,New_Code\.venv_sklearn152\Lib\site-packages\scipy\signal\windows\_windows.py,"When True (default), generates a symmetric window, for use in filter"
synthetic,258,generate,New_Code\.venv_sklearn152\Lib\site-packages\scipy\signal\windows\_windows.py,"When False, generates a periodic window, for use in spectral analysis."
synthetic,321,generate,New_Code\.venv_sklearn152\Lib\site-packages\scipy\signal\windows\_windows.py,"When True (default), generates a symmetric window, for use in filter"
synthetic,323,generate,New_Code\.venv_sklearn152\Lib\site-packages\scipy\signal\windows\_windows.py,"When False, generates a periodic window, for use in spectral analysis."
synthetic,383,generate,New_Code\.venv_sklearn152\Lib\site-packages\scipy\signal\windows\_windows.py,"When True (default), generates a symmetric window, for use in filter"
synthetic,385,generate,New_Code\.venv_sklearn152\Lib\site-packages\scipy\signal\windows\_windows.py,"When False, generates a periodic window, for use in spectral analysis."
synthetic,465,generate,New_Code\.venv_sklearn152\Lib\site-packages\scipy\signal\windows\_windows.py,"When True (default), generates a symmetric window, for use in filter"
synthetic,467,generate,New_Code\.venv_sklearn152\Lib\site-packages\scipy\signal\windows\_windows.py,"When False, generates a periodic window, for use in spectral analysis."
synthetic,523,generate,New_Code\.venv_sklearn152\Lib\site-packages\scipy\signal\windows\_windows.py,"When True (default), generates a symmetric window, for use in filter"
synthetic,525,generate,New_Code\.venv_sklearn152\Lib\site-packages\scipy\signal\windows\_windows.py,"When False, generates a periodic window, for use in spectral analysis."
synthetic,571,generate,New_Code\.venv_sklearn152\Lib\site-packages\scipy\signal\windows\_windows.py,"When True (default), generates a symmetric window, for use in filter"
synthetic,573,generate,New_Code\.venv_sklearn152\Lib\site-packages\scipy\signal\windows\_windows.py,"When False, generates a periodic window, for use in spectral analysis."
synthetic,631,generate,New_Code\.venv_sklearn152\Lib\site-packages\scipy\signal\windows\_windows.py,"processing for tapering a signal, without generating too much"
synthetic,640,generate,New_Code\.venv_sklearn152\Lib\site-packages\scipy\signal\windows\_windows.py,"When True (default), generates a symmetric window, for use in filter"
synthetic,642,generate,New_Code\.venv_sklearn152\Lib\site-packages\scipy\signal\windows\_windows.py,"When False, generates a periodic window, for use in spectral analysis."
synthetic,737,generate,New_Code\.venv_sklearn152\Lib\site-packages\scipy\signal\windows\_windows.py,"When True (default), generates a symmetric window, for use in filter"
synthetic,739,generate,New_Code\.venv_sklearn152\Lib\site-packages\scipy\signal\windows\_windows.py,"When False, generates a periodic window, for use in spectral analysis."
synthetic,821,generate,New_Code\.venv_sklearn152\Lib\site-packages\scipy\signal\windows\_windows.py,"When True (default), generates a symmetric window, for use in filter"
synthetic,823,generate,New_Code\.venv_sklearn152\Lib\site-packages\scipy\signal\windows\_windows.py,"When False, generates a periodic window, for use in spectral analysis."
synthetic,900,generate,New_Code\.venv_sklearn152\Lib\site-packages\scipy\signal\windows\_windows.py,"When True (default), generates a symmetric window, for use in filter"
synthetic,902,generate,New_Code\.venv_sklearn152\Lib\site-packages\scipy\signal\windows\_windows.py,"When False, generates a periodic window, for use in spectral analysis."
synthetic,961,generate,New_Code\.venv_sklearn152\Lib\site-packages\scipy\signal\windows\_windows.py,"When True (default), generates a symmetric window, for use in filter"
synthetic,963,generate,New_Code\.venv_sklearn152\Lib\site-packages\scipy\signal\windows\_windows.py,"When False, generates a periodic window, for use in spectral analysis."
synthetic,1001,synthetic,New_Code\.venv_sklearn152\Lib\site-packages\scipy\signal\windows\_windows.py,windows in the processing of spaceborne Synthetic Aperture Radar (SAR)
synthetic,1048,generate,New_Code\.venv_sklearn152\Lib\site-packages\scipy\signal\windows\_windows.py,"When True (default), generates a symmetric window, for use in filter"
synthetic,1050,generate,New_Code\.venv_sklearn152\Lib\site-packages\scipy\signal\windows\_windows.py,"When False, generates a periodic window, for use in spectral analysis."
synthetic,1129,generate,New_Code\.venv_sklearn152\Lib\site-packages\scipy\signal\windows\_windows.py,"When True (default), generates a symmetric window, for use in filter"
synthetic,1131,generate,New_Code\.venv_sklearn152\Lib\site-packages\scipy\signal\windows\_windows.py,"When False, generates a periodic window, for use in spectral analysis."
synthetic,1249,generate,New_Code\.venv_sklearn152\Lib\site-packages\scipy\signal\windows\_windows.py,"When True (default), generates a symmetric window, for use in filter"
synthetic,1331,generate,New_Code\.venv_sklearn152\Lib\site-packages\scipy\signal\windows\_windows.py,"When True (default), generates a symmetric window, for use in filter"
synthetic,1333,generate,New_Code\.venv_sklearn152\Lib\site-packages\scipy\signal\windows\_windows.py,"When False, generates a periodic window, for use in spectral analysis."
synthetic,1398,generate,New_Code\.venv_sklearn152\Lib\site-packages\scipy\signal\windows\_windows.py,"When True (default), generates a symmetric window, for use in filter"
synthetic,1400,generate,New_Code\.venv_sklearn152\Lib\site-packages\scipy\signal\windows\_windows.py,"When False, generates a periodic window, for use in spectral analysis."
synthetic,1467,generate,New_Code\.venv_sklearn152\Lib\site-packages\scipy\signal\windows\_windows.py,"When True (default), generates a symmetric window, for use in filter"
synthetic,1469,generate,New_Code\.venv_sklearn152\Lib\site-packages\scipy\signal\windows\_windows.py,"When False, generates a periodic window, for use in spectral analysis."
synthetic,1497,generate,New_Code\.venv_sklearn152\Lib\site-packages\scipy\signal\windows\_windows.py,"The time domain window is then generated using the IFFT, so"
synthetic,1498,generate,New_Code\.venv_sklearn152\Lib\site-packages\scipy\signal\windows\_windows.py,"power-of-two `M` are the fastest to generate, and prime number `M` are"
synthetic,1593,generate,New_Code\.venv_sklearn152\Lib\site-packages\scipy\signal\windows\_windows.py,"When True (default), generates a symmetric window, for use in filter"
synthetic,1595,generate,New_Code\.venv_sklearn152\Lib\site-packages\scipy\signal\windows\_windows.py,"When False, generates a periodic window, for use in spectral analysis."
synthetic,1661,generate,New_Code\.venv_sklearn152\Lib\site-packages\scipy\signal\windows\_windows.py,"When True (default), generates a symmetric window, for use in filter"
synthetic,1663,generate,New_Code\.venv_sklearn152\Lib\site-packages\scipy\signal\windows\_windows.py,"When False, generates a periodic window, for use in spectral analysis."
synthetic,1709,generate,New_Code\.venv_sklearn152\Lib\site-packages\scipy\signal\windows\_windows.py,This function can also generate non-symmetric windows:
synthetic,1741,synthetic,New_Code\.venv_sklearn152\Lib\site-packages\scipy\signal\windows\_windows.py,The SAR (synthetic aperture radar) community commonly uses Taylor
synthetic,1763,generate,New_Code\.venv_sklearn152\Lib\site-packages\scipy\signal\windows\_windows.py,"When True (default), generates a symmetric window, for use in filter"
synthetic,1765,generate,New_Code\.venv_sklearn152\Lib\site-packages\scipy\signal\windows\_windows.py,"When False, generates a periodic window, for use in spectral analysis."
synthetic,1780,synthetic,New_Code\.venv_sklearn152\Lib\site-packages\scipy\signal\windows\_windows.py,".. [1] W. Carrara, R. Goodman, and R. Majewski, ""Spotlight Synthetic"
synthetic,1870,generate,New_Code\.venv_sklearn152\Lib\site-packages\scipy\signal\windows\_windows.py,"When True (default), generates a symmetric window, for use in filter"
synthetic,1872,generate,New_Code\.venv_sklearn152\Lib\site-packages\scipy\signal\windows\_windows.py,"When False, generates a periodic window, for use in spectral analysis."
synthetic,1897,generate,New_Code\.venv_sklearn152\Lib\site-packages\scipy\signal\windows\_windows.py,"The default normalization for ``Kmax=None``, i.e. window-generation mode,"
synthetic,2117,generate,New_Code\.venv_sklearn152\Lib\site-packages\scipy\signal\windows\_windows.py,"When True (default), generates a symmetric window, for use in filter"
synthetic,2119,generate,New_Code\.venv_sklearn152\Lib\site-packages\scipy\signal\windows\_windows.py,"When False, generates a periodic window, for use in spectral analysis."
synthetic,10,generate,New_Code\.venv_sklearn152\Lib\site-packages\scipy\signal\windows\__init__.py,:toctree: generated/
synthetic,1074,generate,New_Code\.venv_sklearn152\Lib\site-packages\scipy\sparse\_construct.py,"where values are generated uniformly randomly in the range [0, 1)."
synthetic,1078,generator,New_Code\.venv_sklearn152\Lib\site-packages\scipy\sparse\_construct.py,"Since numpy 1.17, passing a ``np.random.Generator`` (e.g."
synthetic,1078,generate,New_Code\.venv_sklearn152\Lib\site-packages\scipy\sparse\_construct.py,"Since numpy 1.17, passing a ``np.random.Generator`` (e.g."
synthetic,1090,generate,New_Code\.venv_sklearn152\Lib\site-packages\scipy\sparse\_construct.py,density of the generated matrix: density equal to one means a full
synthetic,1096,generator,New_Code\.venv_sklearn152\Lib\site-packages\scipy\sparse\_construct.py,"random_state : {None, int, `Generator`, `RandomState`}, optional"
synthetic,1096,generate,New_Code\.venv_sklearn152\Lib\site-packages\scipy\sparse\_construct.py,"random_state : {None, int, `Generator`, `RandomState`}, optional"
synthetic,1097,generator,New_Code\.venv_sklearn152\Lib\site-packages\scipy\sparse\_construct.py,A random number generator to determine nonzero structure. We recommend using
synthetic,1097,generate,New_Code\.venv_sklearn152\Lib\site-packages\scipy\sparse\_construct.py,A random number generator to determine nonzero structure. We recommend using
synthetic,1098,generator,New_Code\.venv_sklearn152\Lib\site-packages\scipy\sparse\_construct.py,a `numpy.random.Generator` manually provided for every call as it is much
synthetic,1098,generate,New_Code\.venv_sklearn152\Lib\site-packages\scipy\sparse\_construct.py,a `numpy.random.Generator` manually provided for every call as it is much
synthetic,1103,generator,New_Code\.venv_sklearn152\Lib\site-packages\scipy\sparse\_construct.py,"- If an int, a new ``Generator`` instance is used,"
synthetic,1103,generate,New_Code\.venv_sklearn152\Lib\site-packages\scipy\sparse\_construct.py,"- If an int, a new ``Generator`` instance is used,"
synthetic,1105,generator,New_Code\.venv_sklearn152\Lib\site-packages\scipy\sparse\_construct.py,- If a ``Generator`` or ``RandomState`` instance then
synthetic,1105,generate,New_Code\.venv_sklearn152\Lib\site-packages\scipy\sparse\_construct.py,- If a ``Generator`` or ``RandomState`` instance then
synthetic,1114,generate,New_Code\.venv_sklearn152\Lib\site-packages\scipy\sparse\_construct.py,the length of its returned ndarray. It is used to generate the nonzero
synthetic,1128,generator,New_Code\.venv_sklearn152\Lib\site-packages\scipy\sparse\_construct.py,Passing a ``np.random.Generator`` instance for better performance:
synthetic,1128,generate,New_Code\.venv_sklearn152\Lib\site-packages\scipy\sparse\_construct.py,Passing a ``np.random.Generator`` instance for better performance:
synthetic,1228,generate,New_Code\.venv_sklearn152\Lib\site-packages\scipy\sparse\_construct.py,"""""""Generate a sparse matrix of the given shape and density with randomly"
synthetic,1233,generator,New_Code\.venv_sklearn152\Lib\site-packages\scipy\sparse\_construct.py,"Since numpy 1.17, passing a ``np.random.Generator`` (e.g."
synthetic,1233,generate,New_Code\.venv_sklearn152\Lib\site-packages\scipy\sparse\_construct.py,"Since numpy 1.17, passing a ``np.random.Generator`` (e.g."
synthetic,1251,generate,New_Code\.venv_sklearn152\Lib\site-packages\scipy\sparse\_construct.py,density of the generated matrix: density equal to one means a full
synthetic,1257,generator,New_Code\.venv_sklearn152\Lib\site-packages\scipy\sparse\_construct.py,"random_state : {None, int, `numpy.random.Generator`,"
synthetic,1257,generate,New_Code\.venv_sklearn152\Lib\site-packages\scipy\sparse\_construct.py,"random_state : {None, int, `numpy.random.Generator`,"
synthetic,1264,generator,New_Code\.venv_sklearn152\Lib\site-packages\scipy\sparse\_construct.py,- If `seed` is already a ``Generator`` or ``RandomState`` instance then
synthetic,1264,generate,New_Code\.venv_sklearn152\Lib\site-packages\scipy\sparse\_construct.py,- If `seed` is already a ``Generator`` or ``RandomState`` instance then
synthetic,1290,generator,New_Code\.venv_sklearn152\Lib\site-packages\scipy\sparse\_construct.py,Passing a ``np.random.Generator`` instance for better performance:
synthetic,1290,generate,New_Code\.venv_sklearn152\Lib\site-packages\scipy\sparse\_construct.py,Passing a ``np.random.Generator`` instance for better performance:
synthetic,1345,generate,New_Code\.venv_sklearn152\Lib\site-packages\scipy\sparse\_construct.py,"""""""Generate a sparse matrix of the given shape and density with uniformly"
synthetic,1359,generate,New_Code\.venv_sklearn152\Lib\site-packages\scipy\sparse\_construct.py,density of the generated matrix: density equal to one means a full
synthetic,1365,generator,New_Code\.venv_sklearn152\Lib\site-packages\scipy\sparse\_construct.py,"random_state : {None, int, `numpy.random.Generator`,"
synthetic,1365,generate,New_Code\.venv_sklearn152\Lib\site-packages\scipy\sparse\_construct.py,"random_state : {None, int, `numpy.random.Generator`,"
synthetic,1372,generator,New_Code\.venv_sklearn152\Lib\site-packages\scipy\sparse\_construct.py,If `seed` is already a ``Generator`` or ``RandomState`` instance then
synthetic,1372,generate,New_Code\.venv_sklearn152\Lib\site-packages\scipy\sparse\_construct.py,If `seed` is already a ``Generator`` or ``RandomState`` instance then
synthetic,352,generate,New_Code\.venv_sklearn152\Lib\site-packages\scipy\sparse\_dia.py,"# lack of duplicates, we do not generate sorted indices."
synthetic,140,generate,New_Code\.venv_sklearn152\Lib\site-packages\scipy\sparse\_sputils.py,that will generate a warning if the result is an object array.
synthetic,48,generate,New_Code\.venv_sklearn152\Lib\site-packages\scipy\sparse\__init__.py,:toctree: generated/
synthetic,63,generate,New_Code\.venv_sklearn152\Lib\site-packages\scipy\sparse\__init__.py,:toctree: generated/
synthetic,80,generate,New_Code\.venv_sklearn152\Lib\site-packages\scipy\sparse\__init__.py,:toctree: generated/
synthetic,90,generate,New_Code\.venv_sklearn152\Lib\site-packages\scipy\sparse\__init__.py,:toctree: generated/
synthetic,103,generate,New_Code\.venv_sklearn152\Lib\site-packages\scipy\sparse\__init__.py,:toctree: generated/
synthetic,116,generate,New_Code\.venv_sklearn152\Lib\site-packages\scipy\sparse\__init__.py,:toctree: generated/
synthetic,124,generate,New_Code\.venv_sklearn152\Lib\site-packages\scipy\sparse\__init__.py,:toctree: generated/
synthetic,136,generate,New_Code\.venv_sklearn152\Lib\site-packages\scipy\sparse\__init__.py,:toctree: generated/
synthetic,160,generate,New_Code\.venv_sklearn152\Lib\site-packages\scipy\sparse\__init__.py,:toctree: generated/
synthetic,253,generate,New_Code\.venv_sklearn152\Lib\site-packages\scipy\sparse\csgraph\_laplacian.py,but can alternatively be generated matrix-free as a LinearOperator:
synthetic,13,generate,New_Code\.venv_sklearn152\Lib\site-packages\scipy\sparse\csgraph\__init__.py,:toctree: generated/
synthetic,35,generate,New_Code\.venv_sklearn152\Lib\site-packages\scipy\sparse\csgraph\__init__.py,:toctree: generated/
synthetic,841,generate,New_Code\.venv_sklearn152\Lib\site-packages\scipy\sparse\linalg\_matfuncs.py,# They are coefficients of terms of a generating function series expansion.
synthetic,119,generate,New_Code\.venv_sklearn152\Lib\site-packages\scipy\sparse\linalg\_svdp.py,"If not specified, PROPACK will generate a starting vector."
synthetic,148,generator,New_Code\.venv_sklearn152\Lib\site-packages\scipy\sparse\linalg\_svdp.py,"random_state : {None, int, `numpy.random.Generator`,"
synthetic,148,generate,New_Code\.venv_sklearn152\Lib\site-packages\scipy\sparse\linalg\_svdp.py,"random_state : {None, int, `numpy.random.Generator`,"
synthetic,151,generator,New_Code\.venv_sklearn152\Lib\site-packages\scipy\sparse\linalg\_svdp.py,Pseudorandom number generator state used to generate resamples.
synthetic,151,generate,New_Code\.venv_sklearn152\Lib\site-packages\scipy\sparse\linalg\_svdp.py,Pseudorandom number generator state used to generate resamples.
synthetic,157,generator,New_Code\.venv_sklearn152\Lib\site-packages\scipy\sparse\linalg\_svdp.py,If `random_state` is already a ``Generator`` or ``RandomState``
synthetic,157,generate,New_Code\.venv_sklearn152\Lib\site-packages\scipy\sparse\linalg\_svdp.py,If `random_state` is already a ``Generator`` or ``RandomState``
synthetic,224,generate,New_Code\.venv_sklearn152\Lib\site-packages\scipy\sparse\linalg\_svdp.py,"# Specify the starting vector.  if v0 is all zero, PROPACK will generate"
synthetic,226,generate,New_Code\.venv_sklearn152\Lib\site-packages\scipy\sparse\linalg\_svdp.py,"# case, so we'll instead use numpy to generate a random vector"
synthetic,11,generate,New_Code\.venv_sklearn152\Lib\site-packages\scipy\sparse\linalg\__init__.py,:toctree: generated/
synthetic,20,generate,New_Code\.venv_sklearn152\Lib\site-packages\scipy\sparse\linalg\__init__.py,:toctree: generated/
synthetic,31,generate,New_Code\.venv_sklearn152\Lib\site-packages\scipy\sparse\linalg\__init__.py,:toctree: generated/
synthetic,42,generate,New_Code\.venv_sklearn152\Lib\site-packages\scipy\sparse\linalg\__init__.py,:toctree: generated/
synthetic,53,generate,New_Code\.venv_sklearn152\Lib\site-packages\scipy\sparse\linalg\__init__.py,:toctree: generated/
synthetic,69,generate,New_Code\.venv_sklearn152\Lib\site-packages\scipy\sparse\linalg\__init__.py,:toctree: generated/
synthetic,80,generate,New_Code\.venv_sklearn152\Lib\site-packages\scipy\sparse\linalg\__init__.py,:toctree: generated/
synthetic,89,generate,New_Code\.venv_sklearn152\Lib\site-packages\scipy\sparse\linalg\__init__.py,:toctree: generated/
synthetic,104,generate,New_Code\.venv_sklearn152\Lib\site-packages\scipy\sparse\linalg\__init__.py,:toctree: generated/
synthetic,114,generate,New_Code\.venv_sklearn152\Lib\site-packages\scipy\sparse\linalg\__init__.py,:toctree: generated/
synthetic,122,generate,New_Code\.venv_sklearn152\Lib\site-packages\scipy\sparse\linalg\__init__.py,:toctree: generated/
synthetic,34,generate,New_Code\.venv_sklearn152\Lib\site-packages\scipy\sparse\linalg\tests\test_propack.py,"def generate_matrix(constructor, n, m, f,"
synthetic,36,generate,New_Code\.venv_sklearn152\Lib\site-packages\scipy\sparse\linalg\tests\test_propack.py,"""""""Generate a random sparse matrix"""""""
synthetic,56,generate,New_Code\.venv_sklearn152\Lib\site-packages\scipy\sparse\linalg\tests\test_propack.py,"M = generate_matrix(np.asarray, n, m, f, dtype)"
synthetic,121,generate,New_Code\.venv_sklearn152\Lib\site-packages\scipy\sparse\linalg\_eigen\_svds.py,generated. See :ref:`'arpack' <sparse.linalg.svds-arpack>` for details.
synthetic,161,generator,New_Code\.venv_sklearn152\Lib\site-packages\scipy\sparse\linalg\_eigen\_svds.py,"random_state : {None, int, `numpy.random.Generator`,"
synthetic,161,generate,New_Code\.venv_sklearn152\Lib\site-packages\scipy\sparse\linalg\_eigen\_svds.py,"random_state : {None, int, `numpy.random.Generator`,"
synthetic,164,generator,New_Code\.venv_sklearn152\Lib\site-packages\scipy\sparse\linalg\_eigen\_svds.py,Pseudorandom number generator state used to generate resamples.
synthetic,164,generate,New_Code\.venv_sklearn152\Lib\site-packages\scipy\sparse\linalg\_eigen\_svds.py,Pseudorandom number generator state used to generate resamples.
synthetic,170,generator,New_Code\.venv_sklearn152\Lib\site-packages\scipy\sparse\linalg\_eigen\_svds.py,If `random_state` is already a ``Generator`` or ``RandomState``
synthetic,170,generate,New_Code\.venv_sklearn152\Lib\site-packages\scipy\sparse\linalg\_eigen\_svds.py,If `random_state` is already a ``Generator`` or ``RandomState``
synthetic,22,generate,New_Code\.venv_sklearn152\Lib\site-packages\scipy\sparse\linalg\_eigen\_svds_doc.py,The number of Lanczos vectors generated.
synthetic,57,generator,New_Code\.venv_sklearn152\Lib\site-packages\scipy\sparse\linalg\_eigen\_svds_doc.py,"random_state : {None, int, `numpy.random.Generator`,"
synthetic,57,generate,New_Code\.venv_sklearn152\Lib\site-packages\scipy\sparse\linalg\_eigen\_svds_doc.py,"random_state : {None, int, `numpy.random.Generator`,"
synthetic,60,generator,New_Code\.venv_sklearn152\Lib\site-packages\scipy\sparse\linalg\_eigen\_svds_doc.py,Pseudorandom number generator state used to generate resamples.
synthetic,60,generate,New_Code\.venv_sklearn152\Lib\site-packages\scipy\sparse\linalg\_eigen\_svds_doc.py,Pseudorandom number generator state used to generate resamples.
synthetic,66,generator,New_Code\.venv_sklearn152\Lib\site-packages\scipy\sparse\linalg\_eigen\_svds_doc.py,If `random_state` is already a ``Generator`` or ``RandomState``
synthetic,66,generate,New_Code\.venv_sklearn152\Lib\site-packages\scipy\sparse\linalg\_eigen\_svds_doc.py,If `random_state` is already a ``Generator`` or ``RandomState``
synthetic,187,generator,New_Code\.venv_sklearn152\Lib\site-packages\scipy\sparse\linalg\_eigen\_svds_doc.py,"random_state : {None, int, `numpy.random.Generator`,"
synthetic,187,generate,New_Code\.venv_sklearn152\Lib\site-packages\scipy\sparse\linalg\_eigen\_svds_doc.py,"random_state : {None, int, `numpy.random.Generator`,"
synthetic,190,generator,New_Code\.venv_sklearn152\Lib\site-packages\scipy\sparse\linalg\_eigen\_svds_doc.py,Pseudorandom number generator state used to generate resamples.
synthetic,190,generate,New_Code\.venv_sklearn152\Lib\site-packages\scipy\sparse\linalg\_eigen\_svds_doc.py,Pseudorandom number generator state used to generate resamples.
synthetic,196,generator,New_Code\.venv_sklearn152\Lib\site-packages\scipy\sparse\linalg\_eigen\_svds_doc.py,If `random_state` is already a ``Generator`` or ``RandomState``
synthetic,196,generate,New_Code\.venv_sklearn152\Lib\site-packages\scipy\sparse\linalg\_eigen\_svds_doc.py,If `random_state` is already a ``Generator`` or ``RandomState``
synthetic,297,generate,New_Code\.venv_sklearn152\Lib\site-packages\scipy\sparse\linalg\_eigen\_svds_doc.py,"If not specified, PROPACK will generate a starting vector."
synthetic,317,generator,New_Code\.venv_sklearn152\Lib\site-packages\scipy\sparse\linalg\_eigen\_svds_doc.py,"random_state : {None, int, `numpy.random.Generator`,"
synthetic,317,generate,New_Code\.venv_sklearn152\Lib\site-packages\scipy\sparse\linalg\_eigen\_svds_doc.py,"random_state : {None, int, `numpy.random.Generator`,"
synthetic,320,generator,New_Code\.venv_sklearn152\Lib\site-packages\scipy\sparse\linalg\_eigen\_svds_doc.py,Pseudorandom number generator state used to generate resamples.
synthetic,320,generate,New_Code\.venv_sklearn152\Lib\site-packages\scipy\sparse\linalg\_eigen\_svds_doc.py,Pseudorandom number generator state used to generate resamples.
synthetic,326,generator,New_Code\.venv_sklearn152\Lib\site-packages\scipy\sparse\linalg\_eigen\_svds_doc.py,If `random_state` is already a ``Generator`` or ``RandomState``
synthetic,326,generate,New_Code\.venv_sklearn152\Lib\site-packages\scipy\sparse\linalg\_eigen\_svds_doc.py,If `random_state` is already a ``Generator`` or ``RandomState``
synthetic,1174,generate,New_Code\.venv_sklearn152\Lib\site-packages\scipy\sparse\linalg\_eigen\arpack\arpack.py,The number of Lanczos vectors generated
synthetic,1444,generate,New_Code\.venv_sklearn152\Lib\site-packages\scipy\sparse\linalg\_eigen\arpack\arpack.py,The number of Lanczos vectors generated ncv must be greater than k and
synthetic,86,generate,New_Code\.venv_sklearn152\Lib\site-packages\scipy\sparse\linalg\_eigen\arpack\tests\test_arpack.py,"def generate_matrix(N, complex_=False, hermitian=False,"
synthetic,117,generate,New_Code\.venv_sklearn152\Lib\site-packages\scipy\sparse\linalg\_eigen\arpack\tests\test_arpack.py,"def generate_matrix_symmetric(N, pos_definite=False, sparse=False):"
synthetic,298,generate,New_Code\.venv_sklearn152\Lib\site-packages\scipy\sparse\linalg\_eigen\arpack\tests\test_arpack.py,# generate matrices
synthetic,303,generate,New_Code\.venv_sklearn152\Lib\site-packages\scipy\sparse\linalg\_eigen\arpack\tests\test_arpack.py,"Ar = generate_matrix(N, hermitian=True,"
synthetic,305,generate,New_Code\.venv_sklearn152\Lib\site-packages\scipy\sparse\linalg\_eigen\arpack\tests\test_arpack.py,"M = generate_matrix(N, hermitian=True,"
synthetic,307,generate,New_Code\.venv_sklearn152\Lib\site-packages\scipy\sparse\linalg\_eigen\arpack\tests\test_arpack.py,"Ac = generate_matrix(N, hermitian=True, pos_definite=True,"
synthetic,309,generate,New_Code\.venv_sklearn152\Lib\site-packages\scipy\sparse\linalg\_eigen\arpack\tests\test_arpack.py,"Mc = generate_matrix(N, hermitian=True, pos_definite=True,"
synthetic,359,generate,New_Code\.venv_sklearn152\Lib\site-packages\scipy\sparse\linalg\_eigen\arpack\tests\test_arpack.py,# generate matrices
synthetic,364,generate,New_Code\.venv_sklearn152\Lib\site-packages\scipy\sparse\linalg\_eigen\arpack\tests\test_arpack.py,Ar = generate_matrix(N).astype('f').astype('d')
synthetic,365,generate,New_Code\.venv_sklearn152\Lib\site-packages\scipy\sparse\linalg\_eigen\arpack\tests\test_arpack.py,"M = generate_matrix(N, hermitian=True,"
synthetic,367,generate,New_Code\.venv_sklearn152\Lib\site-packages\scipy\sparse\linalg\_eigen\arpack\tests\test_arpack.py,"Ac = generate_matrix(N, complex_=True).astype('F').astype('D')"
synthetic,441,generate,New_Code\.venv_sklearn152\Lib\site-packages\scipy\sparse\linalg\_eigen\arpack\tests\test_arpack.py,"m = generate_matrix(30, hermitian=True, pos_definite=True)"
synthetic,509,generate,New_Code\.venv_sklearn152\Lib\site-packages\scipy\sparse\linalg\_eigen\arpack\tests\test_arpack.py,"m = generate_matrix(30, complex_=True)"
synthetic,634,generate,New_Code\.venv_sklearn152\Lib\site-packages\scipy\sparse\linalg\_eigen\arpack\tests\test_arpack.py,"A = generate_matrix(4, sparse=False)"
synthetic,636,generate,New_Code\.venv_sklearn152\Lib\site-packages\scipy\sparse\linalg\_eigen\arpack\tests\test_arpack.py,"M_sparse = generate_matrix(4, sparse=True)"
synthetic,660,generate,New_Code\.venv_sklearn152\Lib\site-packages\scipy\sparse\linalg\_eigen\arpack\tests\test_arpack.py,"A = generate_matrix(4, sparse=False)"
synthetic,661,generate,New_Code\.venv_sklearn152\Lib\site-packages\scipy\sparse\linalg\_eigen\arpack\tests\test_arpack.py,"M_dense = generate_matrix_symmetric(4, pos_definite=True)"
synthetic,662,generate,New_Code\.venv_sklearn152\Lib\site-packages\scipy\sparse\linalg\_eigen\arpack\tests\test_arpack.py,"M_sparse = generate_matrix_symmetric(4, pos_definite=True, sparse=True)"
synthetic,281,generate,New_Code\.venv_sklearn152\Lib\site-packages\scipy\sparse\linalg\_eigen\tests\test_svds.py,"# generate a random, sparse-ish matrix"
synthetic,312,generate,New_Code\.venv_sklearn152\Lib\site-packages\scipy\sparse\linalg\_eigen\tests\test_svds.py,"# If k != 1, LOBPCG needs more initial vectors, which are generated"
synthetic,201,generate,New_Code\.venv_sklearn152\Lib\site-packages\scipy\sparse\linalg\_isolve\tests\test_iterative.py,def generate_tests(self):
synthetic,202,generate,New_Code\.venv_sklearn152\Lib\site-packages\scipy\sparse\linalg\_isolve\tests\test_iterative.py,# generate test cases with skips applied
synthetic,216,generate,New_Code\.venv_sklearn152\Lib\site-packages\scipy\sparse\linalg\_isolve\tests\test_iterative.py,cases = IterativeParams().generate_tests()
synthetic,3254,generate,New_Code\.venv_sklearn152\Lib\site-packages\scipy\sparse\tests\test_base.py,# These inputs generate 3-D outputs
synthetic,3274,generate,New_Code\.venv_sklearn152\Lib\site-packages\scipy\sparse\tests\test_base.py,# This would generate 3-D arrays -- not supported
synthetic,14,generate,New_Code\.venv_sklearn152\Lib\site-packages\scipy\spatial\distance.py,:toctree: generated/
synthetic,26,generate,New_Code\.venv_sklearn152\Lib\site-packages\scipy\spatial\distance.py,:toctree: generated/
synthetic,38,generate,New_Code\.venv_sklearn152\Lib\site-packages\scipy\spatial\distance.py,:toctree: generated/
synthetic,58,generate,New_Code\.venv_sklearn152\Lib\site-packages\scipy\spatial\distance.py,:toctree: generated/
synthetic,397,generate,New_Code\.venv_sklearn152\Lib\site-packages\scipy\spatial\distance.py,Find the indices of the points that generate the Hausdorff distance
synthetic,58,generate,New_Code\.venv_sklearn152\Lib\site-packages\scipy\spatial\_geometric_slerp.py,between 0 and 1. A common approach is to generate the array
synthetic,237,generate,New_Code\.venv_sklearn152\Lib\site-packages\scipy\spatial\_kdtree.py,Apply a m-d toroidal topology to the KDTree.. The topology is generated
synthetic,201,generate,New_Code\.venv_sklearn152\Lib\site-packages\scipy\spatial\_plotutils.py,Generate the Voronoi diagram for the points:
synthetic,58,generate,New_Code\.venv_sklearn152\Lib\site-packages\scipy\spatial\_spherical_voronoi.py,the points in `ndim` dimensions to generate the Voronoi diagram from
synthetic,86,generate,New_Code\.venv_sklearn152\Lib\site-packages\scipy\spatial\_spherical_voronoi.py,"Hull of the input points (generators) is calculated, and is equivalent to"
synthetic,89,generator,New_Code\.venv_sklearn152\Lib\site-packages\scipy\spatial\_spherical_voronoi.py,order the Voronoi region vertices around each generator. The latter
synthetic,89,generate,New_Code\.venv_sklearn152\Lib\site-packages\scipy\spatial\_spherical_voronoi.py,order the Voronoi region vertices around each generator. The latter
synthetic,128,generate,New_Code\.venv_sklearn152\Lib\site-packages\scipy\spatial\_spherical_voronoi.py,Generate plot:
synthetic,142,generator,New_Code\.venv_sklearn152\Lib\site-packages\scipy\spatial\_spherical_voronoi.py,>>> # plot generator points
synthetic,142,generate,New_Code\.venv_sklearn152\Lib\site-packages\scipy\spatial\_spherical_voronoi.py,>>> # plot generator points
synthetic,189,generate,New_Code\.venv_sklearn152\Lib\site-packages\scipy\spatial\_spherical_voronoi.py,"raise ValueError(""Duplicate generators present."")"
synthetic,194,generate,New_Code\.venv_sklearn152\Lib\site-packages\scipy\spatial\_spherical_voronoi.py,"raise ValueError(""Radius inconsistent with generators."")"
synthetic,200,generate,New_Code\.venv_sklearn152\Lib\site-packages\scipy\spatial\_spherical_voronoi.py,Calculates the Voronoi vertices and regions of the generators stored
synthetic,243,generator,New_Code\.venv_sklearn152\Lib\site-packages\scipy\spatial\_spherical_voronoi.py,counterclockwise order around the generator point.
synthetic,243,generate,New_Code\.venv_sklearn152\Lib\site-packages\scipy\spatial\_spherical_voronoi.py,counterclockwise order around the generator point.
synthetic,246,generator,New_Code\.venv_sklearn152\Lib\site-packages\scipy\spatial\_spherical_voronoi.py,surrounds the n-th generator in points and that the k-th
synthetic,246,generate,New_Code\.venv_sklearn152\Lib\site-packages\scipy\spatial\_spherical_voronoi.py,surrounds the n-th generator in points and that the k-th
synthetic,256,generator,New_Code\.venv_sklearn152\Lib\site-packages\scipy\spatial\_spherical_voronoi.py,generator in points and obtain a sorted version of the vertices
synthetic,256,generate,New_Code\.venv_sklearn152\Lib\site-packages\scipy\spatial\_spherical_voronoi.py,generator in points and obtain a sorted version of the vertices
synthetic,21,generate,New_Code\.venv_sklearn152\Lib\site-packages\scipy\spatial\__init__.py,:toctree: generated/
synthetic,36,generate,New_Code\.venv_sklearn152\Lib\site-packages\scipy\spatial\__init__.py,:toctree: generated/
synthetic,48,generate,New_Code\.venv_sklearn152\Lib\site-packages\scipy\spatial\__init__.py,:toctree: generated/
synthetic,93,generate,New_Code\.venv_sklearn152\Lib\site-packages\scipy\spatial\__init__.py,:toctree: generated/
synthetic,105,generate,New_Code\.venv_sklearn152\Lib\site-packages\scipy\spatial\__init__.py,:toctree: generated/
synthetic,889,generate,New_Code\.venv_sklearn152\Lib\site-packages\scipy\spatial\tests\test_kdtree.py,# check if parallel=True also generates correct query results
synthetic,95,generate,New_Code\.venv_sklearn152\Lib\site-packages\scipy\spatial\tests\test_qhull.py,Generate incremental datasets from basic data sets
synthetic,356,generate,New_Code\.venv_sklearn152\Lib\site-packages\scipy\spatial\tests\test_qhull.py,# Generate an uniform grid in n-d unit cube
synthetic,691,generator,New_Code\.venv_sklearn152\Lib\site-packages\scipy\spatial\tests\test_qhull.py,# add generator that places QG4 inside hull
synthetic,691,generate,New_Code\.venv_sklearn152\Lib\site-packages\scipy\spatial\tests\test_qhull.py,# add generator that places QG4 inside hull
synthetic,695,generator,New_Code\.venv_sklearn152\Lib\site-packages\scipy\spatial\tests\test_qhull.py,# adding a generator on the opposite side of the square
synthetic,695,generate,New_Code\.venv_sklearn152\Lib\site-packages\scipy\spatial\tests\test_qhull.py,# adding a generator on the opposite side of the square
synthetic,712,generator,New_Code\.venv_sklearn152\Lib\site-packages\scipy\spatial\tests\test_qhull.py,# place the new generator such that it envelops the query
synthetic,712,generate,New_Code\.venv_sklearn152\Lib\site-packages\scipy\spatial\tests\test_qhull.py,# place the new generator such that it envelops the query
synthetic,724,generate,New_Code\.venv_sklearn152\Lib\site-packages\scipy\spatial\tests\test_qhull.py,# generators from test_good2d
synthetic,818,generate,New_Code\.venv_sklearn152\Lib\site-packages\scipy\spatial\tests\test_qhull.py,# generators (input points)
synthetic,9,generate,New_Code\.venv_sklearn152\Lib\site-packages\scipy\spatial\tests\test_slerp.py,# generate uniform points on sphere
synthetic,45,generator,New_Code\.venv_sklearn152\Lib\site-packages\scipy\spatial\tests\test_slerp.py,# the generator doesn't work so well for the unit
synthetic,45,generate,New_Code\.venv_sklearn152\Lib\site-packages\scipy\spatial\tests\test_slerp.py,# the generator doesn't work so well for the unit
synthetic,115,generate,New_Code\.venv_sklearn152\Lib\site-packages\scipy\spatial\tests\test_spherical_voronoi.py,# the radius / center to match the generators so adjust
synthetic,199,generate,New_Code\.venv_sklearn152\Lib\site-packages\scipy\spatial\tests\test_spherical_voronoi.py,# an exception should be raised for degenerate generators
synthetic,207,generate,New_Code\.venv_sklearn152\Lib\site-packages\scipy\spatial\tests\test_spherical_voronoi.py,# cannot possibly match the input generators
synthetic,213,generate,New_Code\.venv_sklearn152\Lib\site-packages\scipy\spatial\tests\test_spherical_voronoi.py,# cannot possibly match the input generators
synthetic,266,generate,New_Code\.venv_sklearn152\Lib\site-packages\scipy\spatial\tests\test_spherical_voronoi.py,# generate points of the cross-polytope
synthetic,271,generate,New_Code\.venv_sklearn152\Lib\site-packages\scipy\spatial\tests\test_spherical_voronoi.py,# generate points of the hypercube
synthetic,285,generate,New_Code\.venv_sklearn152\Lib\site-packages\scipy\spatial\tests\test_spherical_voronoi.py,# generate points of the hypercube
synthetic,290,generate,New_Code\.venv_sklearn152\Lib\site-packages\scipy\spatial\tests\test_spherical_voronoi.py,# generate points of the cross-polytope
synthetic,13,generate,New_Code\.venv_sklearn152\Lib\site-packages\scipy\spatial\transform\__init__.py,:toctree: generated/
synthetic,1,generate,New_Code\.venv_sklearn152\Lib\site-packages\scipy\special\_add_newdocs.py,# Docstrings for generated ufuncs
synthetic,6,generate,New_Code\.venv_sklearn152\Lib\site-packages\scipy\special\_add_newdocs.py,# _generate_pyx.py to generate the docstrings for the ufuncs in
synthetic,7905,generate,New_Code\.venv_sklearn152\Lib\site-packages\scipy\special\_add_newdocs.py,orders. Backward recurrence is used to generate sequences or reduce
synthetic,8019,generate,New_Code\.venv_sklearn152\Lib\site-packages\scipy\special\_add_newdocs.py,Backward recurrence is used to generate sequences or reduce orders when
synthetic,13544,generate,New_Code\.venv_sklearn152\Lib\site-packages\scipy\special\_add_newdocs.py,"In the following, we generate plots for several values of `lmbda`."
synthetic,1924,generate,New_Code\.venv_sklearn152\Lib\site-packages\scipy\special\_basic.py,Indicated the number of terms in the Bernoulli series to generate.
synthetic,3200,generate,New_Code\.venv_sklearn152\Lib\site-packages\scipy\special\_basic.py,"r""""""Generate Stirling number(s) of the second kind."
synthetic,23,generate,New_Code\.venv_sklearn152\Lib\site-packages\scipy\special\_mptestutils.py,"""""""Generate a set of numbers on the real axis, concentrating on"
synthetic,227,generate,New_Code\.venv_sklearn152\Lib\site-packages\scipy\special\_mptestutils.py,# Generate values for the arguments
synthetic,2486,generate,New_Code\.venv_sklearn152\Lib\site-packages\scipy\special\_orthogonal.py,Generate the 3rd-order Legendre polynomial 1/2*(5x^3 + 0x^2 - 3x + 0):
synthetic,60,generator,New_Code\.venv_sklearn152\Lib\site-packages\scipy\special\_testutils.py,# it's a generator
synthetic,60,generate,New_Code\.venv_sklearn152\Lib\site-packages\scipy\special\_testutils.py,# it's a generator
synthetic,31,generate,New_Code\.venv_sklearn152\Lib\site-packages\scipy\special\__init__.py,:toctree: generated/
synthetic,46,generate,New_Code\.venv_sklearn152\Lib\site-packages\scipy\special\__init__.py,:toctree: generated/
synthetic,59,generate,New_Code\.venv_sklearn152\Lib\site-packages\scipy\special\__init__.py,:toctree: generated/
synthetic,77,generate,New_Code\.venv_sklearn152\Lib\site-packages\scipy\special\__init__.py,:toctree: generated/
synthetic,107,generate,New_Code\.venv_sklearn152\Lib\site-packages\scipy\special\__init__.py,:toctree: generated/
synthetic,118,generate,New_Code\.venv_sklearn152\Lib\site-packages\scipy\special\__init__.py,:toctree: generated/
synthetic,134,generate,New_Code\.venv_sklearn152\Lib\site-packages\scipy\special\__init__.py,:toctree: generated/
synthetic,153,generate,New_Code\.venv_sklearn152\Lib\site-packages\scipy\special\__init__.py,:toctree: generated/
synthetic,165,generate,New_Code\.venv_sklearn152\Lib\site-packages\scipy\special\__init__.py,:toctree: generated/
synthetic,178,generate,New_Code\.venv_sklearn152\Lib\site-packages\scipy\special\__init__.py,:toctree: generated/
synthetic,192,generate,New_Code\.venv_sklearn152\Lib\site-packages\scipy\special\__init__.py,:toctree: generated/
synthetic,201,generate,New_Code\.venv_sklearn152\Lib\site-packages\scipy\special\__init__.py,:toctree: generated/
synthetic,219,generate,New_Code\.venv_sklearn152\Lib\site-packages\scipy\special\__init__.py,:toctree: generated/
synthetic,231,generate,New_Code\.venv_sklearn152\Lib\site-packages\scipy\special\__init__.py,:toctree: generated/
synthetic,242,generate,New_Code\.venv_sklearn152\Lib\site-packages\scipy\special\__init__.py,:toctree: generated/
synthetic,253,generate,New_Code\.venv_sklearn152\Lib\site-packages\scipy\special\__init__.py,:toctree: generated/
synthetic,265,generate,New_Code\.venv_sklearn152\Lib\site-packages\scipy\special\__init__.py,:toctree: generated/
synthetic,277,generate,New_Code\.venv_sklearn152\Lib\site-packages\scipy\special\__init__.py,:toctree: generated/
synthetic,289,generate,New_Code\.venv_sklearn152\Lib\site-packages\scipy\special\__init__.py,:toctree: generated/
synthetic,300,generate,New_Code\.venv_sklearn152\Lib\site-packages\scipy\special\__init__.py,:toctree: generated/
synthetic,313,generate,New_Code\.venv_sklearn152\Lib\site-packages\scipy\special\__init__.py,:toctree: generated/
synthetic,324,generate,New_Code\.venv_sklearn152\Lib\site-packages\scipy\special\__init__.py,:toctree: generated/
synthetic,334,generate,New_Code\.venv_sklearn152\Lib\site-packages\scipy\special\__init__.py,:toctree: generated/
synthetic,345,generate,New_Code\.venv_sklearn152\Lib\site-packages\scipy\special\__init__.py,:toctree: generated/
synthetic,356,generate,New_Code\.venv_sklearn152\Lib\site-packages\scipy\special\__init__.py,:toctree: generated/
synthetic,367,generate,New_Code\.venv_sklearn152\Lib\site-packages\scipy\special\__init__.py,:toctree: generated/
synthetic,379,generate,New_Code\.venv_sklearn152\Lib\site-packages\scipy\special\__init__.py,:toctree: generated/
synthetic,389,generate,New_Code\.venv_sklearn152\Lib\site-packages\scipy\special\__init__.py,:toctree: generated/
synthetic,399,generate,New_Code\.venv_sklearn152\Lib\site-packages\scipy\special\__init__.py,:toctree: generated/
synthetic,412,generate,New_Code\.venv_sklearn152\Lib\site-packages\scipy\special\__init__.py,:toctree: generated/
synthetic,440,generate,New_Code\.venv_sklearn152\Lib\site-packages\scipy\special\__init__.py,:toctree: generated/
synthetic,460,generate,New_Code\.venv_sklearn152\Lib\site-packages\scipy\special\__init__.py,:toctree: generated/
synthetic,470,generate,New_Code\.venv_sklearn152\Lib\site-packages\scipy\special\__init__.py,:toctree: generated/
synthetic,479,generate,New_Code\.venv_sklearn152\Lib\site-packages\scipy\special\__init__.py,:toctree: generated/
synthetic,491,generate,New_Code\.venv_sklearn152\Lib\site-packages\scipy\special\__init__.py,:toctree: generated/
synthetic,503,generate,New_Code\.venv_sklearn152\Lib\site-packages\scipy\special\__init__.py,:toctree: generated/
synthetic,526,generate,New_Code\.venv_sklearn152\Lib\site-packages\scipy\special\__init__.py,:toctree: generated/
synthetic,554,generate,New_Code\.venv_sklearn152\Lib\site-packages\scipy\special\__init__.py,:toctree: generated/
synthetic,583,generate,New_Code\.venv_sklearn152\Lib\site-packages\scipy\special\__init__.py,:toctree: generated/
synthetic,595,generate,New_Code\.venv_sklearn152\Lib\site-packages\scipy\special\__init__.py,:toctree: generated/
synthetic,605,generate,New_Code\.venv_sklearn152\Lib\site-packages\scipy\special\__init__.py,:toctree: generated/
synthetic,615,generate,New_Code\.venv_sklearn152\Lib\site-packages\scipy\special\__init__.py,:toctree: generated/
synthetic,624,generate,New_Code\.venv_sklearn152\Lib\site-packages\scipy\special\__init__.py,:toctree: generated/
synthetic,632,generate,New_Code\.venv_sklearn152\Lib\site-packages\scipy\special\__init__.py,:toctree: generated/
synthetic,645,generate,New_Code\.venv_sklearn152\Lib\site-packages\scipy\special\__init__.py,:toctree: generated/
synthetic,661,generate,New_Code\.venv_sklearn152\Lib\site-packages\scipy\special\__init__.py,:toctree: generated/
synthetic,674,generate,New_Code\.venv_sklearn152\Lib\site-packages\scipy\special\__init__.py,:toctree: generated/
synthetic,691,generate,New_Code\.venv_sklearn152\Lib\site-packages\scipy\special\__init__.py,:toctree: generated/
synthetic,706,generate,New_Code\.venv_sklearn152\Lib\site-packages\scipy\special\__init__.py,:toctree: generated/
synthetic,716,generate,New_Code\.venv_sklearn152\Lib\site-packages\scipy\special\__init__.py,:toctree: generated/
synthetic,725,generate,New_Code\.venv_sklearn152\Lib\site-packages\scipy\special\__init__.py,:toctree: generated/
synthetic,750,generate,New_Code\.venv_sklearn152\Lib\site-packages\scipy\special\__init__.py,:toctree: generated/
synthetic,2686,generate,New_Code\.venv_sklearn152\Lib\site-packages\scipy\special\tests\test_basic.py,# The expected value was generated using mpmath
synthetic,39,generate,New_Code\.venv_sklearn152\Lib\site-packages\scipy\special\tests\test_cdflib.py,"""""""Generate a set of probabilities on [0, 1]."""""""
synthetic,137,generate,New_Code\.venv_sklearn152\Lib\site-packages\scipy\special\tests\test_cdflib.py,# Generate values for the arguments
synthetic,452,generate,New_Code\.venv_sklearn152\Lib\site-packages\scipy\special\tests\test_cdflib.py,# Generated in R
synthetic,27,generate,New_Code\.venv_sklearn152\Lib\site-packages\scipy\special\tests\test_data.py,"# The npz files are generated, and hence may live in the build dir. We can only"
synthetic,152,generate,New_Code\.venv_sklearn152\Lib\site-packages\scipy\special\tests\test_ellip_harm.py,# generate both large and small h2 < k2 pairs
synthetic,29,generate,New_Code\.venv_sklearn152\Lib\site-packages\scipy\special\tests\test_hyp2f1.py,"Thus, to generate the right comparison values on the branch cut, we"
synthetic,67,generate,New_Code\.venv_sklearn152\Lib\site-packages\scipy\special\tests\test_hyp2f1.py,function to generate the boilerplate for the test cases.
synthetic,73,generate,New_Code\.venv_sklearn152\Lib\site-packages\scipy\special\tests\test_lambertw.py,"# Former bug in generated branch,"
synthetic,12,generate,New_Code\.venv_sklearn152\Lib\site-packages\scipy\special\tests\test_pcf.py,# Data generated by mpmath.
synthetic,4,generate,New_Code\.venv_sklearn152\Lib\site-packages\scipy\special\tests\test_precompute_expn_asy.py,from scipy.special._precompute.expn_asy import generate_A
synthetic,21,generate,New_Code\.venv_sklearn152\Lib\site-packages\scipy\special\tests\test_precompute_expn_asy.py,Ares = generate_A(len(Astd))
synthetic,40,generate,New_Code\.venv_sklearn152\Lib\site-packages\scipy\special\tests\test_trig.py,# Data generated with mpmath
synthetic,20,generate,New_Code\.venv_sklearn152\Lib\site-packages\scipy\special\_precompute\expn_asy.py,def generate_A(K):
synthetic,28,generate,New_Code\.venv_sklearn152\Lib\site-packages\scipy\special\_precompute\expn_asy.py,/* This file was automatically generated by _precompute/expn_asy.py.
synthetic,39,generate,New_Code\.venv_sklearn152\Lib\site-packages\scipy\special\_precompute\expn_asy.py,A = generate_A(K)
synthetic,75,generate,New_Code\.venv_sklearn152\Lib\site-packages\scipy\special\_precompute\gammainc_asy.py,"r""""""/* This file was automatically generated by _precomp/gammainc.py."
synthetic,88,generate,New_Code\.venv_sklearn152\Lib\site-packages\scipy\special\_precompute\wright_bessel.py,C = []  # terms that generate B
synthetic,10,generate,New_Code\.venv_sklearn152\Lib\site-packages\scipy\stats\contingency.py,:toctree: generated/
synthetic,19,generate,New_Code\.venv_sklearn152\Lib\site-packages\scipy\stats\mstats.py,:toctree: generated/
synthetic,52,generate,New_Code\.venv_sklearn152\Lib\site-packages\scipy\stats\mstats.py,:toctree: generated/
synthetic,60,generate,New_Code\.venv_sklearn152\Lib\site-packages\scipy\stats\mstats.py,:toctree: generated/
synthetic,77,generate,New_Code\.venv_sklearn152\Lib\site-packages\scipy\stats\mstats.py,:toctree: generated/
synthetic,102,generate,New_Code\.venv_sklearn152\Lib\site-packages\scipy\stats\mstats.py,:toctree: generated/
synthetic,119,generate,New_Code\.venv_sklearn152\Lib\site-packages\scipy\stats\mstats.py,:toctree: generated/
synthetic,8,generate,New_Code\.venv_sklearn152\Lib\site-packages\scipy\stats\qmc.py,This module provides Quasi-Monte Carlo generators and associated helper
synthetic,19,generate,New_Code\.venv_sklearn152\Lib\site-packages\scipy\stats\qmc.py,:toctree: generated/
synthetic,33,generate,New_Code\.venv_sklearn152\Lib\site-packages\scipy\stats\qmc.py,:toctree: generated/
synthetic,139,generator,New_Code\.venv_sklearn152\Lib\site-packages\scipy\stats\qmc.py,number generator. The constructions are similar and so
synthetic,139,generate,New_Code\.venv_sklearn152\Lib\site-packages\scipy\stats\qmc.py,number generator. The constructions are similar and so
synthetic,165,generate,New_Code\.venv_sklearn152\Lib\site-packages\scipy\stats\qmc.py,".. [2] Niederreiter, Harald. ""Random number generation and quasi-Monte Carlo"
synthetic,3,generate,New_Code\.venv_sklearn152\Lib\site-packages\scipy\stats\sampling.py,Random Number Generators (:mod:`scipy.stats.sampling`)
synthetic,8,generate,New_Code\.venv_sklearn152\Lib\site-packages\scipy\stats\sampling.py,This module contains a collection of random number generators to sample
synthetic,14,generate,New_Code\.venv_sklearn152\Lib\site-packages\scipy\stats\sampling.py,Generators Wrapped
synthetic,21,generate,New_Code\.venv_sklearn152\Lib\site-packages\scipy\stats\sampling.py,:toctree: generated/
synthetic,33,generate,New_Code\.venv_sklearn152\Lib\site-packages\scipy\stats\sampling.py,:toctree: generated/
synthetic,42,generate,New_Code\.venv_sklearn152\Lib\site-packages\scipy\stats\sampling.py,:toctree: generated/
synthetic,47,generate,New_Code\.venv_sklearn152\Lib\site-packages\scipy\stats\sampling.py,Generators for pre-defined distributions
synthetic,54,generate,New_Code\.venv_sklearn152\Lib\site-packages\scipy\stats\sampling.py,:toctree: generated/
synthetic,127,generate,New_Code\.venv_sklearn152\Lib\site-packages\scipy\stats\_binned_statistic.py,"As a second example, we now generate some random data of sailing boat speed"
synthetic,108,generate,New_Code\.venv_sklearn152\Lib\site-packages\scipy\stats\_bws_test.py,The values of the test statistic generated under the null hypothesis.
synthetic,785,generate,New_Code\.venv_sklearn152\Lib\site-packages\scipy\stats\_continuous_distns.py,"# distribution, E[x] = a / (a + b), to generate a reasonable"
synthetic,2018,generator,New_Code\.venv_sklearn152\Lib\site-packages\scipy\stats\_continuous_distns.py,"weibull_min, numpy.random.Generator.weibull"
synthetic,2018,generate,New_Code\.venv_sklearn152\Lib\site-packages\scipy\stats\_continuous_distns.py,"weibull_min, numpy.random.Generator.weibull"
synthetic,2471,generator,New_Code\.venv_sklearn152\Lib\site-packages\scipy\stats\_continuous_distns.py,"weibull_max, numpy.random.Generator.weibull, exponweib"
synthetic,2471,generate,New_Code\.venv_sklearn152\Lib\site-packages\scipy\stats\_continuous_distns.py,"weibull_max, numpy.random.Generator.weibull, exponweib"
synthetic,3510,generate,New_Code\.venv_sklearn152\Lib\site-packages\scipy\stats\_continuous_distns.py,"enforced by `erlang`. It will, however, generate a warning the first time"
synthetic,4883,generate,New_Code\.venv_sklearn152\Lib\site-packages\scipy\stats\_continuous_distns.py,Generating random variates is challenging for this distribution. The
synthetic,4892,generate,New_Code\.venv_sklearn152\Lib\site-packages\scipy\stats\_continuous_distns.py,".. [2] W. Hoermann and J. Leydold, ""Generating generalized inverse Gaussian"
synthetic,4963,generate,New_Code\.venv_sklearn152\Lib\site-packages\scipy\stats\_continuous_distns.py,# generated for each combination of parameters associated with
synthetic,4971,generate,New_Code\.venv_sklearn152\Lib\site-packages\scipy\stats\_continuous_distns.py,# `numsamples` is the total number of variates to be generated
synthetic,5004,generate,New_Code\.venv_sklearn152\Lib\site-packages\scipy\stats\_continuous_distns.py,# generation of rvs
synthetic,5097,generate,New_Code\.venv_sklearn152\Lib\site-packages\scipy\stats\_continuous_distns.py,"msg = (""Not a single random variate could be generated """
synthetic,5207,generate,New_Code\.venv_sklearn152\Lib\site-packages\scipy\stats\_continuous_distns.py,to generate random variates.
synthetic,5937,generate,New_Code\.venv_sklearn152\Lib\site-packages\scipy\stats\_continuous_distns.py,Generate random numbers:
synthetic,6040,generate,New_Code\.venv_sklearn152\Lib\site-packages\scipy\stats\_continuous_distns.py,Generate random numbers:
synthetic,6237,generate,New_Code\.venv_sklearn152\Lib\site-packages\scipy\stats\_continuous_distns.py,"# G. Marsaglia and W.W. Tsang, ""A simple method for generating gamma"
synthetic,6241,generate,New_Code\.venv_sklearn152\Lib\site-packages\scipy\stats\_continuous_distns.py,# Generating a sample with this formulation is a bit slower
synthetic,9064,generate,New_Code\.venv_sklearn152\Lib\site-packages\scipy\stats\_continuous_distns.py,# generate values uniformly distributed on the area under the pdf
synthetic,9065,generate,New_Code\.venv_sklearn152\Lib\site-packages\scipy\stats\_continuous_distns.py,# (semi-circle) by randomly generating the radius and angle
synthetic,9272,generate,New_Code\.venv_sklearn152\Lib\site-packages\scipy\stats\_continuous_distns.py,# moment generating function.
synthetic,11220,generate,New_Code\.venv_sklearn152\Lib\site-packages\scipy\stats\_continuous_distns.py,".. [2] Christoph Baumgarten ""Random variate generation by fast numerical"
synthetic,11274,generate,New_Code\.venv_sklearn152\Lib\site-packages\scipy\stats\_continuous_distns.py,"# Non-Uniform Random Variate Generation, 1986, section II.3.2."
synthetic,11296,generate,New_Code\.venv_sklearn152\Lib\site-packages\scipy\stats\_continuous_distns.py,"#    Generate U uniformly distributed on [0, 1]"
synthetic,11297,generate,New_Code\.venv_sklearn152\Lib\site-packages\scipy\stats\_continuous_distns.py,#    Generate X with density g (e.g. via inverse transform sampling:
synthetic,11394,generate,New_Code\.venv_sklearn152\Lib\site-packages\scipy\stats\_continuous_distns.py,Generates a distribution given by a histogram.
synthetic,11395,generate,New_Code\.venv_sklearn152\Lib\site-packages\scipy\stats\_continuous_distns.py,This is useful to generate a template distribution from a binned
synthetic,11657,generate,New_Code\.venv_sklearn152\Lib\site-packages\scipy\stats\_continuous_distns.py,"Rather than using (``studentized_range.rvs``) to generate random variates,"
synthetic,605,generate,New_Code\.venv_sklearn152\Lib\site-packages\scipy\stats\_discrete_distns.py,And to generate random numbers:
synthetic,771,generate,New_Code\.venv_sklearn152\Lib\site-packages\scipy\stats\_discrete_distns.py,And to generate random numbers:
synthetic,1188,generate,New_Code\.venv_sklearn152\Lib\site-packages\scipy\stats\_discrete_distns.py,Generate random numbers:
synthetic,1615,generate,New_Code\.venv_sklearn152\Lib\site-packages\scipy\stats\_discrete_distns.py,".. [1] Devroye, Luc. ""Non-uniform Random Variate Generation"","
synthetic,110,generate,New_Code\.venv_sklearn152\Lib\site-packages\scipy\stats\_distn_infrastructure.py,See `scipy.stats.rv_continuous.fit <https://docs.scipy.org/doc/scipy/reference/generated/scipy.stats.rv_continuous.fit.html#scipy.stats.rv_continuous.fit>`__ for detailed documentation of the
synthetic,197,generate,New_Code\.venv_sklearn152\Lib\site-packages\scipy\stats\_distn_infrastructure.py,Generate random numbers:
synthetic,331,generate,New_Code\.venv_sklearn152\Lib\site-packages\scipy\stats\_distn_infrastructure.py,Generate random numbers:
synthetic,647,generator,New_Code\.venv_sklearn152\Lib\site-packages\scipy\stats\_distn_infrastructure.py,"""""""Get or set the generator object for generating random variates."
synthetic,647,generate,New_Code\.venv_sklearn152\Lib\site-packages\scipy\stats\_distn_infrastructure.py,"""""""Get or set the generator object for generating random variates."
synthetic,653,generator,New_Code\.venv_sklearn152\Lib\site-packages\scipy\stats\_distn_infrastructure.py,If `random_state` is already a ``Generator`` or ``RandomState``
synthetic,653,generate,New_Code\.venv_sklearn152\Lib\site-packages\scipy\stats\_distn_infrastructure.py,If `random_state` is already a ``Generator`` or ``RandomState``
synthetic,689,generate,New_Code\.venv_sklearn152\Lib\site-packages\scipy\stats\_distn_infrastructure.py,Generates the argument-parsing functions dynamically and attaches
synthetic,889,generate,New_Code\.venv_sklearn152\Lib\site-packages\scipy\stats\_distn_infrastructure.py,"# used by numpy's random variate generators, trivial leading"
synthetic,910,generate,New_Code\.venv_sklearn152\Lib\site-packages\scipy\stats\_distn_infrastructure.py,"# how the numpy random variate generators (e.g. np.random.normal,"
synthetic,991,generate,New_Code\.venv_sklearn152\Lib\site-packages\scipy\stats\_distn_infrastructure.py,# generated.
synthetic,993,generate,New_Code\.venv_sklearn152\Lib\site-packages\scipy\stats\_distn_infrastructure.py,# Use basic inverse cdf algorithm for RV generation as default.
synthetic,1031,generator,New_Code\.venv_sklearn152\Lib\site-packages\scipy\stats\_distn_infrastructure.py,"random_state : {None, int, `numpy.random.Generator`,"
synthetic,1031,generate,New_Code\.venv_sklearn152\Lib\site-packages\scipy\stats\_distn_infrastructure.py,"random_state : {None, int, `numpy.random.Generator`,"
synthetic,1038,generator,New_Code\.venv_sklearn152\Lib\site-packages\scipy\stats\_distn_infrastructure.py,If `random_state` is already a ``Generator`` or ``RandomState``
synthetic,1038,generate,New_Code\.venv_sklearn152\Lib\site-packages\scipy\stats\_distn_infrastructure.py,If `random_state` is already a ``Generator`` or ``RandomState``
synthetic,1640,generator,New_Code\.venv_sklearn152\Lib\site-packages\scipy\stats\_distn_infrastructure.py,"seed : {None, int, `numpy.random.Generator`, `numpy.random.RandomState`}, optional"
synthetic,1640,generate,New_Code\.venv_sklearn152\Lib\site-packages\scipy\stats\_distn_infrastructure.py,"seed : {None, int, `numpy.random.Generator`, `numpy.random.RandomState`}, optional"
synthetic,1645,generator,New_Code\.venv_sklearn152\Lib\site-packages\scipy\stats\_distn_infrastructure.py,If `seed` is already a ``Generator`` or ``RandomState`` instance then
synthetic,1645,generate,New_Code\.venv_sklearn152\Lib\site-packages\scipy\stats\_distn_infrastructure.py,If `seed` is already a ``Generator`` or ``RandomState`` instance then
synthetic,1706,generate,New_Code\.venv_sklearn152\Lib\site-packages\scipy\stats\_distn_infrastructure.py,applied to a uniform random variate. In order to generate random variates
synthetic,1773,generator,New_Code\.venv_sklearn152\Lib\site-packages\scipy\stats\_distn_infrastructure.py,"etc.), any underlying random number generator is deepcopied with it. An"
synthetic,1773,generate,New_Code\.venv_sklearn152\Lib\site-packages\scipy\stats\_distn_infrastructure.py,"etc.), any underlying random number generator is deepcopied with it. An"
synthetic,1792,generate,New_Code\.venv_sklearn152\Lib\site-packages\scipy\stats\_distn_infrastructure.py,generated by the framework.
synthetic,2470,generate,New_Code\.venv_sklearn152\Lib\site-packages\scipy\stats\_distn_infrastructure.py,``self._fitstart(data)`` is called to generate such.
synthetic,2583,generate,New_Code\.venv_sklearn152\Lib\site-packages\scipy\stats\_distn_infrastructure.py,Generate some data to fit: draw random variates from the `beta`
synthetic,3110,generator,New_Code\.venv_sklearn152\Lib\site-packages\scipy\stats\_distn_infrastructure.py,"seed : {None, int, `numpy.random.Generator`, `numpy.random.RandomState`}, optional"
synthetic,3110,generate,New_Code\.venv_sklearn152\Lib\site-packages\scipy\stats\_distn_infrastructure.py,"seed : {None, int, `numpy.random.Generator`, `numpy.random.RandomState`}, optional"
synthetic,3115,generator,New_Code\.venv_sklearn152\Lib\site-packages\scipy\stats\_distn_infrastructure.py,If `seed` is already a ``Generator`` or ``RandomState`` instance then
synthetic,3115,generate,New_Code\.venv_sklearn152\Lib\site-packages\scipy\stats\_distn_infrastructure.py,If `seed` is already a ``Generator`` or ``RandomState`` instance then
synthetic,3184,generator,New_Code\.venv_sklearn152\Lib\site-packages\scipy\stats\_distn_infrastructure.py,"etc.), any underlying random number generator is deepcopied with it. An"
synthetic,3184,generate,New_Code\.venv_sklearn152\Lib\site-packages\scipy\stats\_distn_infrastructure.py,"etc.), any underlying random number generator is deepcopied with it. An"
synthetic,3205,generate,New_Code\.venv_sklearn152\Lib\site-packages\scipy\stats\_distn_infrastructure.py,Random number generation:
synthetic,3287,generate,New_Code\.venv_sklearn152\Lib\site-packages\scipy\stats\_distn_infrastructure.py,# generate docstring for subclass instances
synthetic,3374,generator,New_Code\.venv_sklearn152\Lib\site-packages\scipy\stats\_distn_infrastructure.py,"random_state : {None, int, `numpy.random.Generator`,"
synthetic,3374,generate,New_Code\.venv_sklearn152\Lib\site-packages\scipy\stats\_distn_infrastructure.py,"random_state : {None, int, `numpy.random.Generator`,"
synthetic,3381,generator,New_Code\.venv_sklearn152\Lib\site-packages\scipy\stats\_distn_infrastructure.py,If `random_state` is already a ``Generator`` or ``RandomState``
synthetic,3381,generate,New_Code\.venv_sklearn152\Lib\site-packages\scipy\stats\_distn_infrastructure.py,If `random_state` is already a ``Generator`` or ``RandomState``
synthetic,4054,generate,New_Code\.venv_sklearn152\Lib\site-packages\scipy\stats\_distn_infrastructure.py,associated with that index is generated in one call of _rvs_scalar().
synthetic,4070,generate,New_Code\.venv_sklearn152\Lib\site-packages\scipy\stats\_distn_infrastructure.py,"""""""Collect names of statistical distributions and their generators."
synthetic,4077,generator,New_Code\.venv_sklearn152\Lib\site-packages\scipy\stats\_distn_infrastructure.py,The base class of random variable generator classes in a module.
synthetic,4077,generate,New_Code\.venv_sklearn152\Lib\site-packages\scipy\stats\_distn_infrastructure.py,The base class of random variable generator classes in a module.
synthetic,4084,generate,New_Code\.venv_sklearn152\Lib\site-packages\scipy\stats\_distn_infrastructure.py,Names of the generators of the statistical distributions.
synthetic,474,generate,New_Code\.venv_sklearn152\Lib\site-packages\scipy\stats\_fit.py,"Suppose we do not know how the data were generated, but we suspect that"
synthetic,487,generate,New_Code\.venv_sklearn152\Lib\site-packages\scipy\stats\_fit.py,from which the data were actually generated.
synthetic,800,generator,New_Code\.venv_sklearn152\Lib\site-packages\scipy\stats\_fit.py,"random_state : {None, int, `numpy.random.Generator`,"
synthetic,800,generate,New_Code\.venv_sklearn152\Lib\site-packages\scipy\stats\_fit.py,"random_state : {None, int, `numpy.random.Generator`,"
synthetic,803,generator,New_Code\.venv_sklearn152\Lib\site-packages\scipy\stats\_fit.py,Pseudorandom number generator state used to generate the Monte Carlo
synthetic,803,generate,New_Code\.venv_sklearn152\Lib\site-packages\scipy\stats\_fit.py,Pseudorandom number generator state used to generate the Monte Carlo
synthetic,810,generator,New_Code\.venv_sklearn152\Lib\site-packages\scipy\stats\_fit.py,If `random_state` is already a ``Generator`` or ``RandomState``
synthetic,810,generate,New_Code\.venv_sklearn152\Lib\site-packages\scipy\stats\_fit.py,If `random_state` is already a ``Generator`` or ``RandomState``
synthetic,9,generator,New_Code\.venv_sklearn152\Lib\site-packages\scipy\stats\_generate_pyx.py,# Call code generator inside _boost directory
synthetic,9,generate,New_Code\.venv_sklearn152\Lib\site-packages\scipy\stats\_generate_pyx.py,# Call code generator inside _boost directory
synthetic,60,generate,New_Code\.venv_sklearn152\Lib\site-packages\scipy\stats\_hypotests.py,Testing whether two samples are generated by the same underlying
synthetic,544,generate,New_Code\.venv_sklearn152\Lib\site-packages\scipy\stats\_hypotests.py,Suppose we wish to test whether data generated by ``scipy.stats.norm.rvs``
synthetic,1606,generate,New_Code\.venv_sklearn152\Lib\site-packages\scipy\stats\_hypotests.py,Suppose we wish to test whether two samples generated by
synthetic,163,generate,New_Code\.venv_sklearn152\Lib\site-packages\scipy\stats\_kde.py,Generate some random two-dimensional data:
synthetic,459,generator,New_Code\.venv_sklearn152\Lib\site-packages\scipy\stats\_kde.py,"seed : {None, int, `numpy.random.Generator`, `numpy.random.RandomState`}, optional"
synthetic,459,generate,New_Code\.venv_sklearn152\Lib\site-packages\scipy\stats\_kde.py,"seed : {None, int, `numpy.random.Generator`, `numpy.random.RandomState`}, optional"
synthetic,464,generator,New_Code\.venv_sklearn152\Lib\site-packages\scipy\stats\_kde.py,If `seed` is already a ``Generator`` or ``RandomState`` instance then
synthetic,464,generate,New_Code\.venv_sklearn152\Lib\site-packages\scipy\stats\_kde.py,If `seed` is already a ``Generator`` or ``RandomState`` instance then
synthetic,121,generate,New_Code\.venv_sklearn152\Lib\site-packages\scipy\stats\_ksstats.py,# Generate initial matrix H of size m*m where m=(2k-1)
synthetic,106,generate,New_Code\.venv_sklearn152\Lib\site-packages\scipy\stats\_morestats.py,"Now we generate some normally distributed random data, and get estimates of"
synthetic,489,generate,New_Code\.venv_sklearn152\Lib\site-packages\scipy\stats\_morestats.py,Generates a probability plot of sample data against the quantiles of a
synthetic,539,generate,New_Code\.venv_sklearn152\Lib\site-packages\scipy\stats\_morestats.py,"`probplot` generates a probability plot, which should not be confused with"
synthetic,695,generate,New_Code\.venv_sklearn152\Lib\site-packages\scipy\stats\_morestats.py,First we generate some random data from a Weibull distribution
synthetic,705,generate,New_Code\.venv_sklearn152\Lib\site-packages\scipy\stats\_morestats.py,Generate the PPCC plot for this data with the Weibull distribution.
synthetic,788,generate,New_Code\.venv_sklearn152\Lib\site-packages\scipy\stats\_morestats.py,First we generate some random data from a Weibull distribution
synthetic,892,generate,New_Code\.venv_sklearn152\Lib\site-packages\scipy\stats\_morestats.py,Generate some random variates and calculate Box-Cox log-likelihood values
synthetic,1082,generate,New_Code\.venv_sklearn152\Lib\site-packages\scipy\stats\_morestats.py,We generate some random variates from a non-normal distribution and make a
synthetic,1213,generate,New_Code\.venv_sklearn152\Lib\site-packages\scipy\stats\_morestats.py,We can generate some data and determine the optimal ``lmbda`` in various
synthetic,1427,generate,New_Code\.venv_sklearn152\Lib\site-packages\scipy\stats\_morestats.py,horizontal axis of the plot if that is generated.
synthetic,1462,generate,New_Code\.venv_sklearn152\Lib\site-packages\scipy\stats\_morestats.py,"Generate some non-normally distributed data, and create a Box-Cox plot:"
synthetic,1531,generate,New_Code\.venv_sklearn152\Lib\site-packages\scipy\stats\_morestats.py,We generate some random variates from a non-normal distribution and make a
synthetic,1639,generate,New_Code\.venv_sklearn152\Lib\site-packages\scipy\stats\_morestats.py,Generate some random variates and calculate Yeo-Johnson log-likelihood
synthetic,1734,generate,New_Code\.venv_sklearn152\Lib\site-packages\scipy\stats\_morestats.py,Generate some data and determine optimal ``lmbda``
synthetic,1802,generate,New_Code\.venv_sklearn152\Lib\site-packages\scipy\stats\_morestats.py,limits of the horizontal axis of the plot if that is generated.
synthetic,1839,generate,New_Code\.venv_sklearn152\Lib\site-packages\scipy\stats\_morestats.py,"Generate some non-normally distributed data, and create a Yeo-Johnson plot:"
synthetic,2991,generate,New_Code\.venv_sklearn152\Lib\site-packages\scipy\stats\_morestats.py,randomly-generated partitionings of the observations into the three
synthetic,3239,generate,New_Code\.venv_sklearn152\Lib\site-packages\scipy\stats\_morestats.py,randomly-generated partitionings of the observations into the three
synthetic,3536,generate,New_Code\.venv_sklearn152\Lib\site-packages\scipy\stats\_morestats.py,randomly-generated partitionings of the observations into the three
synthetic,1319,generate,New_Code\.venv_sklearn152\Lib\site-packages\scipy\stats\_mstats_basic.py,"Because the data are randomly generated, we would expect the median slopes"
synthetic,214,generator,New_Code\.venv_sklearn152\Lib\site-packages\scipy\stats\_multicomp.py,"random_state : {None, int, `numpy.random.Generator`}, optional"
synthetic,214,generate,New_Code\.venv_sklearn152\Lib\site-packages\scipy\stats\_multicomp.py,"random_state : {None, int, `numpy.random.Generator`}, optional"
synthetic,215,generator,New_Code\.venv_sklearn152\Lib\site-packages\scipy\stats\_multicomp.py,"If `random_state` is an int or None, a new `numpy.random.Generator` is"
synthetic,215,generate,New_Code\.venv_sklearn152\Lib\site-packages\scipy\stats\_multicomp.py,"If `random_state` is an int or None, a new `numpy.random.Generator` is"
synthetic,217,generator,New_Code\.venv_sklearn152\Lib\site-packages\scipy\stats\_multicomp.py,"If `random_state` is already a ``Generator`` instance, then the"
synthetic,217,generate,New_Code\.venv_sklearn152\Lib\site-packages\scipy\stats\_multicomp.py,"If `random_state` is already a ``Generator`` instance, then the"
synthetic,220,generator,New_Code\.venv_sklearn152\Lib\site-packages\scipy\stats\_multicomp.py,The random number generator is used to control the randomized
synthetic,220,generate,New_Code\.venv_sklearn152\Lib\site-packages\scipy\stats\_multicomp.py,The random number generator is used to control the randomized
synthetic,42,generator,New_Code\.venv_sklearn152\Lib\site-packages\scipy\stats\_multivariate.py,"seed : {None, int, np.random.RandomState, np.random.Generator}, optional"
synthetic,42,generate,New_Code\.venv_sklearn152\Lib\site-packages\scipy\stats\_multivariate.py,"seed : {None, int, np.random.RandomState, np.random.Generator}, optional"
synthetic,47,generator,New_Code\.venv_sklearn152\Lib\site-packages\scipy\stats\_multivariate.py,"If `seed` is already a ``RandomState`` or ``Generator`` instance,"
synthetic,47,generate,New_Code\.venv_sklearn152\Lib\site-packages\scipy\stats\_multivariate.py,"If `seed` is already a ``RandomState`` or ``Generator`` instance,"
synthetic,216,generator,New_Code\.venv_sklearn152\Lib\site-packages\scipy\stats\_multivariate.py,""""""" Get or set the Generator object for generating random variates."
synthetic,216,generate,New_Code\.venv_sklearn152\Lib\site-packages\scipy\stats\_multivariate.py,""""""" Get or set the Generator object for generating random variates."
synthetic,222,generator,New_Code\.venv_sklearn152\Lib\site-packages\scipy\stats\_multivariate.py,If `seed` is already a ``Generator`` or ``RandomState`` instance then
synthetic,222,generate,New_Code\.venv_sklearn152\Lib\site-packages\scipy\stats\_multivariate.py,If `seed` is already a ``Generator`` or ``RandomState`` instance then
synthetic,871,generator,New_Code\.venv_sklearn152\Lib\site-packages\scipy\stats\_multivariate.py,"seed : {None, int, `numpy.random.Generator`, `numpy.random.RandomState`}, optional"
synthetic,871,generate,New_Code\.venv_sklearn152\Lib\site-packages\scipy\stats\_multivariate.py,"seed : {None, int, `numpy.random.Generator`, `numpy.random.RandomState`}, optional"
synthetic,876,generator,New_Code\.venv_sklearn152\Lib\site-packages\scipy\stats\_multivariate.py,If `seed` is already a ``Generator`` or ``RandomState`` instance
synthetic,876,generate,New_Code\.venv_sklearn152\Lib\site-packages\scipy\stats\_multivariate.py,If `seed` is already a ``Generator`` or ``RandomState`` instance
synthetic,958,generator,New_Code\.venv_sklearn152\Lib\site-packages\scipy\stats\_multivariate.py,# Set frozen generator docstrings from corresponding docstrings in
synthetic,958,generate,New_Code\.venv_sklearn152\Lib\site-packages\scipy\stats\_multivariate.py,# Set frozen generator docstrings from corresponding docstrings in
synthetic,1312,generate,New_Code\.venv_sklearn152\Lib\site-packages\scipy\stats\_multivariate.py,"# We aren't generating standard normal variates with size=(size,"
synthetic,1371,generator,New_Code\.venv_sklearn152\Lib\site-packages\scipy\stats\_multivariate.py,"seed : {None, int, `numpy.random.Generator`, `numpy.random.RandomState`}, optional"
synthetic,1371,generate,New_Code\.venv_sklearn152\Lib\site-packages\scipy\stats\_multivariate.py,"seed : {None, int, `numpy.random.Generator`, `numpy.random.RandomState`}, optional"
synthetic,1375,generator,New_Code\.venv_sklearn152\Lib\site-packages\scipy\stats\_multivariate.py,"If `seed` is already a ``RandomState`` or ``Generator`` instance,"
synthetic,1375,generate,New_Code\.venv_sklearn152\Lib\site-packages\scipy\stats\_multivariate.py,"If `seed` is already a ``RandomState`` or ``Generator`` instance,"
synthetic,1421,generator,New_Code\.venv_sklearn152\Lib\site-packages\scipy\stats\_multivariate.py,# Set frozen generator docstrings from corresponding docstrings in
synthetic,1421,generate,New_Code\.venv_sklearn152\Lib\site-packages\scipy\stats\_multivariate.py,# Set frozen generator docstrings from corresponding docstrings in
synthetic,1594,generate,New_Code\.venv_sklearn152\Lib\site-packages\scipy\stats\_multivariate.py,Generate a dirichlet random variable
synthetic,1838,generator,New_Code\.venv_sklearn152\Lib\site-packages\scipy\stats\_multivariate.py,# Set frozen generator docstrings from corresponding docstrings in
synthetic,1838,generate,New_Code\.venv_sklearn152\Lib\site-packages\scipy\stats\_multivariate.py,# Set frozen generator docstrings from corresponding docstrings in
synthetic,1949,generate,New_Code\.venv_sklearn152\Lib\site-packages\scipy\stats\_multivariate.py,user may wish to check for this condition and generate replacement samples
synthetic,1960,generator,New_Code\.venv_sklearn152\Lib\site-packages\scipy\stats\_multivariate.py,"Generator"", Applied Statistics, vol. 21, pp. 341-345, 1972."
synthetic,1960,generate,New_Code\.venv_sklearn152\Lib\site-packages\scipy\stats\_multivariate.py,"Generator"", Applied Statistics, vol. 21, pp. 341-345, 1972."
synthetic,2291,generate,New_Code\.venv_sklearn152\Lib\site-packages\scipy\stats\_multivariate.py,Number of variates to generate
synthetic,2293,generate,New_Code\.venv_sklearn152\Lib\site-packages\scipy\stats\_multivariate.py,Shape of the variates to generate
synthetic,2298,generator,New_Code\.venv_sklearn152\Lib\site-packages\scipy\stats\_multivariate.py,"random_state : {None, int, `numpy.random.Generator`,"
synthetic,2298,generate,New_Code\.venv_sklearn152\Lib\site-packages\scipy\stats\_multivariate.py,"random_state : {None, int, `numpy.random.Generator`,"
synthetic,2305,generator,New_Code\.venv_sklearn152\Lib\site-packages\scipy\stats\_multivariate.py,If `seed` is already a ``Generator`` or ``RandomState`` instance
synthetic,2305,generate,New_Code\.venv_sklearn152\Lib\site-packages\scipy\stats\_multivariate.py,If `seed` is already a ``Generator`` or ``RandomState`` instance
synthetic,2344,generate,New_Code\.venv_sklearn152\Lib\site-packages\scipy\stats\_multivariate.py,Number of variates to generate
synthetic,2346,generate,New_Code\.venv_sklearn152\Lib\site-packages\scipy\stats\_multivariate.py,Shape of the variates to generate
synthetic,2501,generator,New_Code\.venv_sklearn152\Lib\site-packages\scipy\stats\_multivariate.py,"seed : {None, int, `numpy.random.Generator`, `numpy.random.RandomState`}, optional"
synthetic,2501,generate,New_Code\.venv_sklearn152\Lib\site-packages\scipy\stats\_multivariate.py,"seed : {None, int, `numpy.random.Generator`, `numpy.random.RandomState`}, optional"
synthetic,2506,generator,New_Code\.venv_sklearn152\Lib\site-packages\scipy\stats\_multivariate.py,If `seed` is already a ``Generator`` or ``RandomState`` instance then
synthetic,2506,generate,New_Code\.venv_sklearn152\Lib\site-packages\scipy\stats\_multivariate.py,If `seed` is already a ``Generator`` or ``RandomState`` instance then
synthetic,2548,generator,New_Code\.venv_sklearn152\Lib\site-packages\scipy\stats\_multivariate.py,# Set frozen generator docstrings from corresponding docstrings in
synthetic,2548,generate,New_Code\.venv_sklearn152\Lib\site-packages\scipy\stats\_multivariate.py,# Set frozen generator docstrings from corresponding docstrings in
synthetic,2627,generate,New_Code\.venv_sklearn152\Lib\site-packages\scipy\stats\_multivariate.py,"Instead of inverting a randomly generated Wishart matrix as described in [2],"
synthetic,2628,generate,New_Code\.venv_sklearn152\Lib\site-packages\scipy\stats\_multivariate.py,here the algorithm in [4] is used to directly generate a random inverse-Wishart
synthetic,2637,generate,New_Code\.venv_sklearn152\Lib\site-packages\scipy\stats\_multivariate.py,".. [2] M.C. Jones, ""Generating Inverse Wishart Matrices"", Communications"
synthetic,2643,generate,New_Code\.venv_sklearn152\Lib\site-packages\scipy\stats\_multivariate.py,".. [4] S.D. Axen, ""Efficiently generating inverse-Wishart matrices and"
synthetic,2900,generate,New_Code\.venv_sklearn152\Lib\site-packages\scipy\stats\_multivariate.py,Number of variates to generate
synthetic,2902,generate,New_Code\.venv_sklearn152\Lib\site-packages\scipy\stats\_multivariate.py,Shape of the variates to generate
synthetic,2907,generator,New_Code\.venv_sklearn152\Lib\site-packages\scipy\stats\_multivariate.py,"random_state : {None, int, `numpy.random.Generator`,"
synthetic,2907,generate,New_Code\.venv_sklearn152\Lib\site-packages\scipy\stats\_multivariate.py,"random_state : {None, int, `numpy.random.Generator`,"
synthetic,2914,generator,New_Code\.venv_sklearn152\Lib\site-packages\scipy\stats\_multivariate.py,If `seed` is already a ``Generator`` or ``RandomState`` instance
synthetic,2914,generate,New_Code\.venv_sklearn152\Lib\site-packages\scipy\stats\_multivariate.py,If `seed` is already a ``Generator`` or ``RandomState`` instance
synthetic,2955,generate,New_Code\.venv_sklearn152\Lib\site-packages\scipy\stats\_multivariate.py,Number of variates to generate
synthetic,2957,generate,New_Code\.venv_sklearn152\Lib\site-packages\scipy\stats\_multivariate.py,Shape of the variates to generate
synthetic,3051,generator,New_Code\.venv_sklearn152\Lib\site-packages\scipy\stats\_multivariate.py,"seed : {None, int, `numpy.random.Generator`}, optional"
synthetic,3051,generate,New_Code\.venv_sklearn152\Lib\site-packages\scipy\stats\_multivariate.py,"seed : {None, int, `numpy.random.Generator`}, optional"
synthetic,3052,generator,New_Code\.venv_sklearn152\Lib\site-packages\scipy\stats\_multivariate.py,If `seed` is None the `numpy.random.Generator` singleton is used.
synthetic,3052,generate,New_Code\.venv_sklearn152\Lib\site-packages\scipy\stats\_multivariate.py,If `seed` is None the `numpy.random.Generator` singleton is used.
synthetic,3053,generator,New_Code\.venv_sklearn152\Lib\site-packages\scipy\stats\_multivariate.py,"If `seed` is an int, a new ``Generator`` instance is used,"
synthetic,3053,generate,New_Code\.venv_sklearn152\Lib\site-packages\scipy\stats\_multivariate.py,"If `seed` is an int, a new ``Generator`` instance is used,"
synthetic,3055,generator,New_Code\.venv_sklearn152\Lib\site-packages\scipy\stats\_multivariate.py,If `seed` is already a ``Generator`` instance then that instance is
synthetic,3055,generate,New_Code\.venv_sklearn152\Lib\site-packages\scipy\stats\_multivariate.py,If `seed` is already a ``Generator`` instance then that instance is
synthetic,3101,generator,New_Code\.venv_sklearn152\Lib\site-packages\scipy\stats\_multivariate.py,# Set frozen generator docstrings from corresponding docstrings in
synthetic,3101,generate,New_Code\.venv_sklearn152\Lib\site-packages\scipy\stats\_multivariate.py,# Set frozen generator docstrings from corresponding docstrings in
synthetic,3242,generator,New_Code\.venv_sklearn152\Lib\site-packages\scipy\stats\_multivariate.py,numpy.random.Generator.multinomial : Sampling from the multinomial distribution.
synthetic,3242,generate,New_Code\.venv_sklearn152\Lib\site-packages\scipy\stats\_multivariate.py,numpy.random.Generator.multinomial : Sampling from the multinomial distribution.
synthetic,3484,generator,New_Code\.venv_sklearn152\Lib\site-packages\scipy\stats\_multivariate.py,"seed : {None, int, `numpy.random.Generator`, `numpy.random.RandomState`}, optional"
synthetic,3484,generate,New_Code\.venv_sklearn152\Lib\site-packages\scipy\stats\_multivariate.py,"seed : {None, int, `numpy.random.Generator`, `numpy.random.RandomState`}, optional"
synthetic,3489,generator,New_Code\.venv_sklearn152\Lib\site-packages\scipy\stats\_multivariate.py,If `seed` is already a ``Generator`` or ``RandomState`` instance then
synthetic,3489,generate,New_Code\.venv_sklearn152\Lib\site-packages\scipy\stats\_multivariate.py,If `seed` is already a ``Generator`` or ``RandomState`` instance then
synthetic,3521,generator,New_Code\.venv_sklearn152\Lib\site-packages\scipy\stats\_multivariate.py,# Set frozen generator docstrings from corresponding docstrings in
synthetic,3521,generate,New_Code\.venv_sklearn152\Lib\site-packages\scipy\stats\_multivariate.py,# Set frozen generator docstrings from corresponding docstrings in
synthetic,3549,generator,New_Code\.venv_sklearn152\Lib\site-packages\scipy\stats\_multivariate.py,"seed : {None, int, np.random.RandomState, np.random.Generator}, optional"
synthetic,3549,generate,New_Code\.venv_sklearn152\Lib\site-packages\scipy\stats\_multivariate.py,"seed : {None, int, np.random.RandomState, np.random.Generator}, optional"
synthetic,3554,generator,New_Code\.venv_sklearn152\Lib\site-packages\scipy\stats\_multivariate.py,"If `seed` is already a ``RandomState`` or ``Generator`` instance,"
synthetic,3554,generate,New_Code\.venv_sklearn152\Lib\site-packages\scipy\stats\_multivariate.py,"If `seed` is already a ``RandomState`` or ``Generator`` instance,"
synthetic,3566,generate,New_Code\.venv_sklearn152\Lib\site-packages\scipy\stats\_multivariate.py,"Stewart, G.W., ""The efficient generation of random orthogonal"
synthetic,3590,generate,New_Code\.venv_sklearn152\Lib\site-packages\scipy\stats\_multivariate.py,This generates one random matrix from SO(3). It is orthogonal and
synthetic,3704,generator,New_Code\.venv_sklearn152\Lib\site-packages\scipy\stats\_multivariate.py,"seed : {None, int, `numpy.random.Generator`, `numpy.random.RandomState`}, optional"
synthetic,3704,generate,New_Code\.venv_sklearn152\Lib\site-packages\scipy\stats\_multivariate.py,"seed : {None, int, `numpy.random.Generator`, `numpy.random.RandomState`}, optional"
synthetic,3709,generator,New_Code\.venv_sklearn152\Lib\site-packages\scipy\stats\_multivariate.py,If `seed` is already a ``Generator`` or ``RandomState`` instance
synthetic,3709,generate,New_Code\.venv_sklearn152\Lib\site-packages\scipy\stats\_multivariate.py,If `seed` is already a ``Generator`` or ``RandomState`` instance
synthetic,3743,generator,New_Code\.venv_sklearn152\Lib\site-packages\scipy\stats\_multivariate.py,"seed : {None, int, np.random.RandomState, np.random.Generator}, optional"
synthetic,3743,generate,New_Code\.venv_sklearn152\Lib\site-packages\scipy\stats\_multivariate.py,"seed : {None, int, np.random.RandomState, np.random.Generator}, optional"
synthetic,3748,generator,New_Code\.venv_sklearn152\Lib\site-packages\scipy\stats\_multivariate.py,"If `seed` is already a ``RandomState`` or ``Generator`` instance,"
synthetic,3748,generate,New_Code\.venv_sklearn152\Lib\site-packages\scipy\stats\_multivariate.py,"If `seed` is already a ``RandomState`` or ``Generator`` instance,"
synthetic,3760,generate,New_Code\.venv_sklearn152\Lib\site-packages\scipy\stats\_multivariate.py,".. [1] F. Mezzadri, ""How to generate random matrices from the classical"
synthetic,3778,generate,New_Code\.venv_sklearn152\Lib\site-packages\scipy\stats\_multivariate.py,This generates one random matrix from O(3). It is orthogonal and
synthetic,3857,generator,New_Code\.venv_sklearn152\Lib\site-packages\scipy\stats\_multivariate.py,"seed : {None, int, `numpy.random.Generator`, `numpy.random.RandomState`}, optional"
synthetic,3857,generate,New_Code\.venv_sklearn152\Lib\site-packages\scipy\stats\_multivariate.py,"seed : {None, int, `numpy.random.Generator`, `numpy.random.RandomState`}, optional"
synthetic,3862,generator,New_Code\.venv_sklearn152\Lib\site-packages\scipy\stats\_multivariate.py,If `seed` is already a ``Generator`` or ``RandomState`` instance
synthetic,3862,generate,New_Code\.venv_sklearn152\Lib\site-packages\scipy\stats\_multivariate.py,If `seed` is already a ``Generator`` or ``RandomState`` instance
synthetic,3896,generator,New_Code\.venv_sklearn152\Lib\site-packages\scipy\stats\_multivariate.py,"seed : {None, int, `numpy.random.Generator`, `numpy.random.RandomState`}, optional"
synthetic,3896,generate,New_Code\.venv_sklearn152\Lib\site-packages\scipy\stats\_multivariate.py,"seed : {None, int, `numpy.random.Generator`, `numpy.random.RandomState`}, optional"
synthetic,3901,generator,New_Code\.venv_sklearn152\Lib\site-packages\scipy\stats\_multivariate.py,If `seed` is already a ``Generator`` or ``RandomState`` instance
synthetic,3901,generate,New_Code\.venv_sklearn152\Lib\site-packages\scipy\stats\_multivariate.py,If `seed` is already a ``Generator`` or ``RandomState`` instance
synthetic,3912,generate,New_Code\.venv_sklearn152\Lib\site-packages\scipy\stats\_multivariate.py,Floating point error prevented generating a valid correlation
synthetic,3924,generate,New_Code\.venv_sklearn152\Lib\site-packages\scipy\stats\_multivariate.py,Generates a random correlation matrix following a numerically stable
synthetic,3933,generate,New_Code\.venv_sklearn152\Lib\site-packages\scipy\stats\_multivariate.py,".. [1] Davies, Philip I; Higham, Nicholas J; ""Numerically stable generation"
synthetic,4074,generate,New_Code\.venv_sklearn152\Lib\site-packages\scipy\stats\_multivariate.py,Floating point error prevented generating a valid correlation
synthetic,4094,generate,New_Code\.venv_sklearn152\Lib\site-packages\scipy\stats\_multivariate.py,"raise RuntimeError(""Failed to generate a valid correlation matrix"")"
synthetic,4110,generator,New_Code\.venv_sklearn152\Lib\site-packages\scipy\stats\_multivariate.py,"seed : {None, int, `numpy.random.Generator`, `numpy.random.RandomState`}, optional"
synthetic,4110,generate,New_Code\.venv_sklearn152\Lib\site-packages\scipy\stats\_multivariate.py,"seed : {None, int, `numpy.random.Generator`, `numpy.random.RandomState`}, optional"
synthetic,4115,generator,New_Code\.venv_sklearn152\Lib\site-packages\scipy\stats\_multivariate.py,If `seed` is already a ``Generator`` or ``RandomState`` instance
synthetic,4115,generate,New_Code\.venv_sklearn152\Lib\site-packages\scipy\stats\_multivariate.py,If `seed` is already a ``Generator`` or ``RandomState`` instance
synthetic,4126,generate,New_Code\.venv_sklearn152\Lib\site-packages\scipy\stats\_multivariate.py,Floating point error prevented generating a valid correlation
synthetic,4162,generator,New_Code\.venv_sklearn152\Lib\site-packages\scipy\stats\_multivariate.py,"seed : {None, int, np.random.RandomState, np.random.Generator}, optional"
synthetic,4162,generate,New_Code\.venv_sklearn152\Lib\site-packages\scipy\stats\_multivariate.py,"seed : {None, int, np.random.RandomState, np.random.Generator}, optional"
synthetic,4167,generator,New_Code\.venv_sklearn152\Lib\site-packages\scipy\stats\_multivariate.py,"If `seed` is already a ``RandomState`` or ``Generator`` instance,"
synthetic,4167,generate,New_Code\.venv_sklearn152\Lib\site-packages\scipy\stats\_multivariate.py,"If `seed` is already a ``RandomState`` or ``Generator`` instance,"
synthetic,4177,generate,New_Code\.venv_sklearn152\Lib\site-packages\scipy\stats\_multivariate.py,".. [1] F. Mezzadri, ""How to generate random matrices from the classical"
synthetic,4191,generate,New_Code\.venv_sklearn152\Lib\site-packages\scipy\stats\_multivariate.py,This generates one random matrix from U(3). The dot product confirms that
synthetic,4270,generator,New_Code\.venv_sklearn152\Lib\site-packages\scipy\stats\_multivariate.py,"seed : {None, int, `numpy.random.Generator`, `numpy.random.RandomState`}, optional"
synthetic,4270,generate,New_Code\.venv_sklearn152\Lib\site-packages\scipy\stats\_multivariate.py,"seed : {None, int, `numpy.random.Generator`, `numpy.random.RandomState`}, optional"
synthetic,4275,generator,New_Code\.venv_sklearn152\Lib\site-packages\scipy\stats\_multivariate.py,If `seed` is already a ``Generator`` or ``RandomState`` instance
synthetic,4275,generate,New_Code\.venv_sklearn152\Lib\site-packages\scipy\stats\_multivariate.py,If `seed` is already a ``Generator`` or ``RandomState`` instance
synthetic,4854,generator,New_Code\.venv_sklearn152\Lib\site-packages\scipy\stats\_multivariate.py,# Set frozen generator docstrings from corresponding docstrings in
synthetic,4854,generate,New_Code\.venv_sklearn152\Lib\site-packages\scipy\stats\_multivariate.py,# Set frozen generator docstrings from corresponding docstrings in
synthetic,5343,generator,New_Code\.venv_sklearn152\Lib\site-packages\scipy\stats\_multivariate.py,# Set frozen generator docstrings from corresponding docstrings in
synthetic,5343,generate,New_Code\.venv_sklearn152\Lib\site-packages\scipy\stats\_multivariate.py,# Set frozen generator docstrings from corresponding docstrings in
synthetic,5386,generate,New_Code\.venv_sklearn152\Lib\site-packages\scipy\stats\_multivariate.py,Random elements from the distribution are generated either with Boyett's
synthetic,5779,generator,New_Code\.venv_sklearn152\Lib\site-packages\scipy\stats\_multivariate.py,# Set frozen generator docstrings from corresponding docstrings in
synthetic,5779,generate,New_Code\.venv_sklearn152\Lib\site-packages\scipy\stats\_multivariate.py,# Set frozen generator docstrings from corresponding docstrings in
synthetic,5804,generator,New_Code\.venv_sklearn152\Lib\site-packages\scipy\stats\_multivariate.py,"seed : {None, int, `numpy.random.Generator`,"
synthetic,5804,generate,New_Code\.venv_sklearn152\Lib\site-packages\scipy\stats\_multivariate.py,"seed : {None, int, `numpy.random.Generator`,"
synthetic,5811,generator,New_Code\.venv_sklearn152\Lib\site-packages\scipy\stats\_multivariate.py,"If `seed` is already a ``RandomState`` or ``Generator`` instance,"
synthetic,5811,generate,New_Code\.venv_sklearn152\Lib\site-packages\scipy\stats\_multivariate.py,"If `seed` is already a ``RandomState`` or ``Generator`` instance,"
synthetic,5817,generate,New_Code\.venv_sklearn152\Lib\site-packages\scipy\stats\_multivariate.py,This distribution generates unit vectors uniformly distributed on
synthetic,5836,generate,New_Code\.venv_sklearn152\Lib\site-packages\scipy\stats\_multivariate.py,"This generates one random direction, a vector on the surface of"
synthetic,5883,generate,New_Code\.venv_sklearn152\Lib\site-packages\scipy\stats\_multivariate.py,"generated, and packed in an m-by-n-by-k arrangement."
synthetic,5887,generator,New_Code\.venv_sklearn152\Lib\site-packages\scipy\stats\_multivariate.py,"random_state : {None, int, `numpy.random.Generator`,"
synthetic,5887,generate,New_Code\.venv_sklearn152\Lib\site-packages\scipy\stats\_multivariate.py,"random_state : {None, int, `numpy.random.Generator`,"
synthetic,5890,generator,New_Code\.venv_sklearn152\Lib\site-packages\scipy\stats\_multivariate.py,Pseudorandom number generator state used to generate resamples.
synthetic,5890,generate,New_Code\.venv_sklearn152\Lib\site-packages\scipy\stats\_multivariate.py,Pseudorandom number generator state used to generate resamples.
synthetic,5896,generator,New_Code\.venv_sklearn152\Lib\site-packages\scipy\stats\_multivariate.py,If `random_state` is already a ``Generator`` or ``RandomState``
synthetic,5896,generate,New_Code\.venv_sklearn152\Lib\site-packages\scipy\stats\_multivariate.py,If `random_state` is already a ``Generator`` or ``RandomState``
synthetic,5927,generator,New_Code\.venv_sklearn152\Lib\site-packages\scipy\stats\_multivariate.py,"seed : {None, int, `numpy.random.Generator`,"
synthetic,5927,generate,New_Code\.venv_sklearn152\Lib\site-packages\scipy\stats\_multivariate.py,"seed : {None, int, `numpy.random.Generator`,"
synthetic,5934,generator,New_Code\.venv_sklearn152\Lib\site-packages\scipy\stats\_multivariate.py,If `seed` is already a ``Generator`` or ``RandomState`` instance
synthetic,5934,generate,New_Code\.venv_sklearn152\Lib\site-packages\scipy\stats\_multivariate.py,If `seed` is already a ``Generator`` or ``RandomState`` instance
synthetic,5953,generate,New_Code\.venv_sklearn152\Lib\site-packages\scipy\stats\_multivariate.py,Private method to generate uniform directions
synthetic,6266,generator,New_Code\.venv_sklearn152\Lib\site-packages\scipy\stats\_multivariate.py,# Set frozen generator docstrings from corresponding docstrings in
synthetic,6266,generate,New_Code\.venv_sklearn152\Lib\site-packages\scipy\stats\_multivariate.py,# Set frozen generator docstrings from corresponding docstrings in
synthetic,6303,generator,New_Code\.venv_sklearn152\Lib\site-packages\scipy\stats\_multivariate.py,"seed : {None, int, np.random.RandomState, np.random.Generator}, optional"
synthetic,6303,generate,New_Code\.venv_sklearn152\Lib\site-packages\scipy\stats\_multivariate.py,"seed : {None, int, np.random.RandomState, np.random.Generator}, optional"
synthetic,6308,generator,New_Code\.venv_sklearn152\Lib\site-packages\scipy\stats\_multivariate.py,"If `seed` is already a ``RandomState`` or ``Generator`` instance,"
synthetic,6308,generate,New_Code\.venv_sklearn152\Lib\site-packages\scipy\stats\_multivariate.py,"If `seed` is already a ``RandomState`` or ``Generator`` instance,"
synthetic,6621,generate,New_Code\.venv_sklearn152\Lib\site-packages\scipy\stats\_multivariate.py,Generate samples from a von Mises-Fisher distribution
synthetic,6651,generate,New_Code\.venv_sklearn152\Lib\site-packages\scipy\stats\_multivariate.py,Generate samples from a n-dimensional von Mises-Fisher distribution
synthetic,6690,generate,New_Code\.venv_sklearn152\Lib\site-packages\scipy\stats\_multivariate.py,# generate candidates acc. to reference step 1
synthetic,6775,generate,New_Code\.venv_sklearn152\Lib\site-packages\scipy\stats\_multivariate.py,"generated, and packed in an m-by-n-by-k arrangement."
synthetic,6779,generator,New_Code\.venv_sklearn152\Lib\site-packages\scipy\stats\_multivariate.py,"random_state : {None, int, np.random.RandomState, np.random.Generator},"
synthetic,6779,generate,New_Code\.venv_sklearn152\Lib\site-packages\scipy\stats\_multivariate.py,"random_state : {None, int, np.random.RandomState, np.random.Generator},"
synthetic,6785,generator,New_Code\.venv_sklearn152\Lib\site-packages\scipy\stats\_multivariate.py,"If `seed` is already a ``RandomState`` or ``Generator`` instance,"
synthetic,6785,generate,New_Code\.venv_sklearn152\Lib\site-packages\scipy\stats\_multivariate.py,"If `seed` is already a ``RandomState`` or ``Generator`` instance,"
synthetic,6890,generator,New_Code\.venv_sklearn152\Lib\site-packages\scipy\stats\_multivariate.py,"seed : {None, int, `numpy.random.Generator`,"
synthetic,6890,generate,New_Code\.venv_sklearn152\Lib\site-packages\scipy\stats\_multivariate.py,"seed : {None, int, `numpy.random.Generator`,"
synthetic,6896,generator,New_Code\.venv_sklearn152\Lib\site-packages\scipy\stats\_multivariate.py,If `seed` is already a ``Generator`` or ``RandomState`` instance
synthetic,6896,generate,New_Code\.venv_sklearn152\Lib\site-packages\scipy\stats\_multivariate.py,If `seed` is already a ``Generator`` or ``RandomState`` instance
synthetic,6946,generate,New_Code\.venv_sklearn152\Lib\site-packages\scipy\stats\_multivariate.py,"generated, and packed in an m-by-n-by-k arrangement."
synthetic,6950,generator,New_Code\.venv_sklearn152\Lib\site-packages\scipy\stats\_multivariate.py,"random_state : {None, int, `numpy.random.Generator`,"
synthetic,6950,generate,New_Code\.venv_sklearn152\Lib\site-packages\scipy\stats\_multivariate.py,"random_state : {None, int, `numpy.random.Generator`,"
synthetic,6956,generator,New_Code\.venv_sklearn152\Lib\site-packages\scipy\stats\_multivariate.py,If `seed` is already a ``Generator`` or ``RandomState`` instance
synthetic,6956,generate,New_Code\.venv_sklearn152\Lib\site-packages\scipy\stats\_multivariate.py,If `seed` is already a ``Generator`` or ``RandomState`` instance
synthetic,155,generate,New_Code\.venv_sklearn152\Lib\site-packages\scipy\stats\_page_trend_test.py,The *p*-value for ``method='exact'`` is generated by comparing the observed
synthetic,156,generate,New_Code\.venv_sklearn152\Lib\site-packages\scipy\stats\_page_trend_test.py,value of :math:`L` against the :math:`L` values generated for all
synthetic,339,generate,New_Code\.venv_sklearn152\Lib\site-packages\scipy\stats\_page_trend_test.py,"# generate predicted ranks if not provided, ensure valid NumPy array"
synthetic,435,generate,New_Code\.venv_sklearn152\Lib\site-packages\scipy\stats\_page_trend_test.py,# generate all possible rows of length k
synthetic,24,generate,New_Code\.venv_sklearn152\Lib\site-packages\scipy\stats\_qmc.py,"DecimalNumber, GeneratorType, IntNumber, SeedType"
synthetic,53,generator,New_Code\.venv_sklearn152\Lib\site-packages\scipy\stats\_qmc.py,def check_random_state(seed: IntNumber | None = ...) -> np.random.Generator:
synthetic,53,generate,New_Code\.venv_sklearn152\Lib\site-packages\scipy\stats\_qmc.py,def check_random_state(seed: IntNumber | None = ...) -> np.random.Generator:
synthetic,58,generate,New_Code\.venv_sklearn152\Lib\site-packages\scipy\stats\_qmc.py,def check_random_state(seed: GeneratorType) -> GeneratorType:
synthetic,64,generator,New_Code\.venv_sklearn152\Lib\site-packages\scipy\stats\_qmc.py,"""""""Turn `seed` into a `numpy.random.Generator` instance."
synthetic,64,generate,New_Code\.venv_sklearn152\Lib\site-packages\scipy\stats\_qmc.py,"""""""Turn `seed` into a `numpy.random.Generator` instance."
synthetic,68,generator,New_Code\.venv_sklearn152\Lib\site-packages\scipy\stats\_qmc.py,"seed : {None, int, `numpy.random.Generator`, `numpy.random.RandomState`}, optional"
synthetic,68,generate,New_Code\.venv_sklearn152\Lib\site-packages\scipy\stats\_qmc.py,"seed : {None, int, `numpy.random.Generator`, `numpy.random.RandomState`}, optional"
synthetic,69,generator,New_Code\.venv_sklearn152\Lib\site-packages\scipy\stats\_qmc.py,"If `seed` is an int or None, a new `numpy.random.Generator` is"
synthetic,69,generate,New_Code\.venv_sklearn152\Lib\site-packages\scipy\stats\_qmc.py,"If `seed` is an int or None, a new `numpy.random.Generator` is"
synthetic,71,generator,New_Code\.venv_sklearn152\Lib\site-packages\scipy\stats\_qmc.py,"If `seed` is already a ``Generator`` or ``RandomState`` instance, then"
synthetic,71,generate,New_Code\.venv_sklearn152\Lib\site-packages\scipy\stats\_qmc.py,"If `seed` is already a ``Generator`` or ``RandomState`` instance, then"
synthetic,76,generator,New_Code\.venv_sklearn152\Lib\site-packages\scipy\stats\_qmc.py,"seed : {`numpy.random.Generator`, `numpy.random.RandomState`}"
synthetic,76,generate,New_Code\.venv_sklearn152\Lib\site-packages\scipy\stats\_qmc.py,"seed : {`numpy.random.Generator`, `numpy.random.RandomState`}"
synthetic,77,generator,New_Code\.venv_sklearn152\Lib\site-packages\scipy\stats\_qmc.py,Random number generator.
synthetic,77,generate,New_Code\.venv_sklearn152\Lib\site-packages\scipy\stats\_qmc.py,Random number generator.
synthetic,82,generator,New_Code\.venv_sklearn152\Lib\site-packages\scipy\stats\_qmc.py,"elif isinstance(seed, (np.random.RandomState, np.random.Generator)):"
synthetic,82,generate,New_Code\.venv_sklearn152\Lib\site-packages\scipy\stats\_qmc.py,"elif isinstance(seed, (np.random.RandomState, np.random.Generator)):"
synthetic,86,generator,New_Code\.venv_sklearn152\Lib\site-packages\scipy\stats\_qmc.py,' numpy.random.Generator instance')
synthetic,86,generate,New_Code\.venv_sklearn152\Lib\site-packages\scipy\stats\_qmc.py,' numpy.random.Generator instance')
synthetic,693,generator,New_Code\.venv_sklearn152\Lib\site-packages\scipy\stats\_qmc.py,"random_state : {None, int, `numpy.random.Generator`}, optional"
synthetic,693,generate,New_Code\.venv_sklearn152\Lib\site-packages\scipy\stats\_qmc.py,"random_state : {None, int, `numpy.random.Generator`}, optional"
synthetic,694,generator,New_Code\.venv_sklearn152\Lib\site-packages\scipy\stats\_qmc.py,"If `seed` is an int or None, a new `numpy.random.Generator` is"
synthetic,694,generate,New_Code\.venv_sklearn152\Lib\site-packages\scipy\stats\_qmc.py,"If `seed` is an int or None, a new `numpy.random.Generator` is"
synthetic,696,generator,New_Code\.venv_sklearn152\Lib\site-packages\scipy\stats\_qmc.py,"If `seed` is already a ``Generator`` instance, then the provided"
synthetic,696,generate,New_Code\.venv_sklearn152\Lib\site-packages\scipy\stats\_qmc.py,"If `seed` is already a ``Generator`` instance, then the provided"
synthetic,733,generator,New_Code\.venv_sklearn152\Lib\site-packages\scipy\stats\_qmc.py,Pseudo-random number generator based on a b-adic expansion.
synthetic,733,generate,New_Code\.venv_sklearn152\Lib\site-packages\scipy\stats\_qmc.py,Pseudo-random number generator based on a b-adic expansion.
synthetic,752,generator,New_Code\.venv_sklearn152\Lib\site-packages\scipy\stats\_qmc.py,"seed : {None, int, `numpy.random.Generator`}, optional"
synthetic,752,generate,New_Code\.venv_sklearn152\Lib\site-packages\scipy\stats\_qmc.py,"seed : {None, int, `numpy.random.Generator`}, optional"
synthetic,753,generator,New_Code\.venv_sklearn152\Lib\site-packages\scipy\stats\_qmc.py,"If `seed` is an int or None, a new `numpy.random.Generator` is"
synthetic,753,generate,New_Code\.venv_sklearn152\Lib\site-packages\scipy\stats\_qmc.py,"If `seed` is an int or None, a new `numpy.random.Generator` is"
synthetic,755,generator,New_Code\.venv_sklearn152\Lib\site-packages\scipy\stats\_qmc.py,"If `seed` is already a ``Generator`` instance, then the provided"
synthetic,755,generate,New_Code\.venv_sklearn152\Lib\site-packages\scipy\stats\_qmc.py,"If `seed` is already a ``Generator`` instance, then the provided"
synthetic,816,generator,New_Code\.venv_sklearn152\Lib\site-packages\scipy\stats\_qmc.py,"seed : {None, int, `numpy.random.Generator`}, optional"
synthetic,816,generate,New_Code\.venv_sklearn152\Lib\site-packages\scipy\stats\_qmc.py,"seed : {None, int, `numpy.random.Generator`}, optional"
synthetic,817,generator,New_Code\.venv_sklearn152\Lib\site-packages\scipy\stats\_qmc.py,"If `seed` is an int or None, a new `numpy.random.Generator` is"
synthetic,817,generate,New_Code\.venv_sklearn152\Lib\site-packages\scipy\stats\_qmc.py,"If `seed` is an int or None, a new `numpy.random.Generator` is"
synthetic,819,generator,New_Code\.venv_sklearn152\Lib\site-packages\scipy\stats\_qmc.py,"If `seed` is already a ``Generator`` instance, then the provided"
synthetic,819,generate,New_Code\.venv_sklearn152\Lib\site-packages\scipy\stats\_qmc.py,"If `seed` is already a ``Generator`` instance, then the provided"
synthetic,826,generator,New_Code\.venv_sklearn152\Lib\site-packages\scipy\stats\_qmc.py,the dimension; and ``rng`` for the random number generator (used for the
synthetic,826,generate,New_Code\.venv_sklearn152\Lib\site-packages\scipy\stats\_qmc.py,the dimension; and ``rng`` for the random number generator (used for the
synthetic,881,generator,New_Code\.venv_sklearn152\Lib\site-packages\scipy\stats\_qmc.py,We can also reset the state of the generator and resample again.
synthetic,881,generate,New_Code\.venv_sklearn152\Lib\site-packages\scipy\stats\_qmc.py,We can also reset the state of the generator and resample again.
synthetic,906,generator,New_Code\.venv_sklearn152\Lib\site-packages\scipy\stats\_qmc.py,"if isinstance(seed, np.random.Generator):"
synthetic,906,generate,New_Code\.venv_sklearn152\Lib\site-packages\scipy\stats\_qmc.py,"if isinstance(seed, np.random.Generator):"
synthetic,907,generator,New_Code\.venv_sklearn152\Lib\site-packages\scipy\stats\_qmc.py,# Spawn a Generator that we can own and reset.
synthetic,907,generate,New_Code\.venv_sklearn152\Lib\site-packages\scipy\stats\_qmc.py,# Spawn a Generator that we can own and reset.
synthetic,910,generator,New_Code\.venv_sklearn152\Lib\site-packages\scipy\stats\_qmc.py,"# Create our instance of Generator, does not need spawning"
synthetic,910,generate,New_Code\.venv_sklearn152\Lib\site-packages\scipy\stats\_qmc.py,"# Create our instance of Generator, does not need spawning"
synthetic,944,generate,New_Code\.venv_sklearn152\Lib\site-packages\scipy\stats\_qmc.py,Number of samples to generate in the parameter space.
synthetic,990,generate,New_Code\.venv_sklearn152\Lib\site-packages\scipy\stats\_qmc.py,Number of samples to generate in the parameter space.
synthetic,1082,generator,New_Code\.venv_sklearn152\Lib\site-packages\scipy\stats\_qmc.py,Pseudo-random number generator that generalize the Van der Corput sequence
synthetic,1082,generate,New_Code\.venv_sklearn152\Lib\site-packages\scipy\stats\_qmc.py,Pseudo-random number generator that generalize the Van der Corput sequence
synthetic,1109,generator,New_Code\.venv_sklearn152\Lib\site-packages\scipy\stats\_qmc.py,"seed : {None, int, `numpy.random.Generator`}, optional"
synthetic,1109,generate,New_Code\.venv_sklearn152\Lib\site-packages\scipy\stats\_qmc.py,"seed : {None, int, `numpy.random.Generator`}, optional"
synthetic,1110,generator,New_Code\.venv_sklearn152\Lib\site-packages\scipy\stats\_qmc.py,"If `seed` is an int or None, a new `numpy.random.Generator` is"
synthetic,1110,generate,New_Code\.venv_sklearn152\Lib\site-packages\scipy\stats\_qmc.py,"If `seed` is an int or None, a new `numpy.random.Generator` is"
synthetic,1112,generator,New_Code\.venv_sklearn152\Lib\site-packages\scipy\stats\_qmc.py,"If `seed` is already a ``Generator`` instance, then the provided"
synthetic,1112,generate,New_Code\.venv_sklearn152\Lib\site-packages\scipy\stats\_qmc.py,"If `seed` is already a ``Generator`` instance, then the provided"
synthetic,1132,generate,New_Code\.venv_sklearn152\Lib\site-packages\scipy\stats\_qmc.py,Generate samples from a low discrepancy sequence of Halton.
synthetic,1213,generate,New_Code\.venv_sklearn152\Lib\site-packages\scipy\stats\_qmc.py,Number of samples to generate in the parameter space. Default is 1.
synthetic,1226,generate,New_Code\.venv_sklearn152\Lib\site-packages\scipy\stats\_qmc.py,# Generate a sample using a Van der Corput sequence per dimension.
synthetic,1239,generate,New_Code\.venv_sklearn152\Lib\site-packages\scipy\stats\_qmc.py,A Latin hypercube sample [1]_ generates :math:`n` points in
synthetic,1287,generator,New_Code\.venv_sklearn152\Lib\site-packages\scipy\stats\_qmc.py,"seed : {None, int, `numpy.random.Generator`}, optional"
synthetic,1287,generate,New_Code\.venv_sklearn152\Lib\site-packages\scipy\stats\_qmc.py,"seed : {None, int, `numpy.random.Generator`}, optional"
synthetic,1288,generator,New_Code\.venv_sklearn152\Lib\site-packages\scipy\stats\_qmc.py,"If `seed` is an int or None, a new `numpy.random.Generator` is"
synthetic,1288,generate,New_Code\.venv_sklearn152\Lib\site-packages\scipy\stats\_qmc.py,"If `seed` is an int or None, a new `numpy.random.Generator` is"
synthetic,1290,generator,New_Code\.venv_sklearn152\Lib\site-packages\scipy\stats\_qmc.py,"If `seed` is already a ``Generator`` instance, then the provided"
synthetic,1290,generate,New_Code\.venv_sklearn152\Lib\site-packages\scipy\stats\_qmc.py,"If `seed` is already a ``Generator`` instance, then the provided"
synthetic,1363,generate,New_Code\.venv_sklearn152\Lib\site-packages\scipy\stats\_qmc.py,The authors assumed uniform distributions for all parameters and generated
synthetic,1516,generate,New_Code\.venv_sklearn152\Lib\site-packages\scipy\stats\_qmc.py,"""""""Engine for generating (scrambled) Sobol' sequences."
synthetic,1534,generator,New_Code\.venv_sklearn152\Lib\site-packages\scipy\stats\_qmc.py,Number of bits of the generator. Control the maximum number of points
synthetic,1534,generate,New_Code\.venv_sklearn152\Lib\site-packages\scipy\stats\_qmc.py,Number of bits of the generator. Control the maximum number of points
synthetic,1535,generate,New_Code\.venv_sklearn152\Lib\site-packages\scipy\stats\_qmc.py,"that can be generated, which is ``2**bits``. Maximal value is 64."
synthetic,1556,generator,New_Code\.venv_sklearn152\Lib\site-packages\scipy\stats\_qmc.py,"seed : {None, int, `numpy.random.Generator`}, optional"
synthetic,1556,generate,New_Code\.venv_sklearn152\Lib\site-packages\scipy\stats\_qmc.py,"seed : {None, int, `numpy.random.Generator`}, optional"
synthetic,1557,generator,New_Code\.venv_sklearn152\Lib\site-packages\scipy\stats\_qmc.py,"If `seed` is an int or None, a new `numpy.random.Generator` is"
synthetic,1557,generate,New_Code\.venv_sklearn152\Lib\site-packages\scipy\stats\_qmc.py,"If `seed` is an int or None, a new `numpy.random.Generator` is"
synthetic,1559,generator,New_Code\.venv_sklearn152\Lib\site-packages\scipy\stats\_qmc.py,"If `seed` is already a ``Generator`` instance, then the provided"
synthetic,1559,generate,New_Code\.venv_sklearn152\Lib\site-packages\scipy\stats\_qmc.py,"If `seed` is already a ``Generator`` instance, then the provided"
synthetic,1587,generate,New_Code\.venv_sklearn152\Lib\site-packages\scipy\stats\_qmc.py,Sobol' sequences are generated to some number :math:`B` of bits.
synthetic,1588,generate,New_Code\.venv_sklearn152\Lib\site-packages\scipy\stats\_qmc.py,"After :math:`2^B` points have been generated, the sequence would"
synthetic,1609,generate,New_Code\.venv_sklearn152\Lib\site-packages\scipy\stats\_qmc.py,Generate samples from a low discrepancy sequence of Sobol'.
synthetic,1708,generate,New_Code\.venv_sklearn152\Lib\site-packages\scipy\stats\_qmc.py,# Generate shift vector
synthetic,1714,generate,New_Code\.venv_sklearn152\Lib\site-packages\scipy\stats\_qmc.py,# Generate lower triangular matrices (stacked across dimensions)
synthetic,1731,generate,New_Code\.venv_sklearn152\Lib\site-packages\scipy\stats\_qmc.py,Number of samples to generate in the parameter space. Default is 1.
synthetic,1748,generate,New_Code\.venv_sklearn152\Lib\site-packages\scipy\stats\_qmc.py,"f""generated. {self.num_generated} points have been previously """
synthetic,1749,generate,New_Code\.venv_sklearn152\Lib\site-packages\scipy\stats\_qmc.py,"f""generated, then: n={self.num_generated}+{n}={total_n}. """
synthetic,1804,generate,New_Code\.venv_sklearn152\Lib\site-packages\scipy\stats\_qmc.py,"""previously generated, then: n={0}+2**{1}={2}. """
synthetic,1862,generate,New_Code\.venv_sklearn152\Lib\site-packages\scipy\stats\_qmc.py,Sampling strategy to generate potential candidates to be added in the
synthetic,1886,generator,New_Code\.venv_sklearn152\Lib\site-packages\scipy\stats\_qmc.py,"seed : {None, int, `numpy.random.Generator`}, optional"
synthetic,1886,generate,New_Code\.venv_sklearn152\Lib\site-packages\scipy\stats\_qmc.py,"seed : {None, int, `numpy.random.Generator`}, optional"
synthetic,1887,generator,New_Code\.venv_sklearn152\Lib\site-packages\scipy\stats\_qmc.py,"If `seed` is an int or None, a new `numpy.random.Generator` is"
synthetic,1887,generate,New_Code\.venv_sklearn152\Lib\site-packages\scipy\stats\_qmc.py,"If `seed` is an int or None, a new `numpy.random.Generator` is"
synthetic,1889,generator,New_Code\.venv_sklearn152\Lib\site-packages\scipy\stats\_qmc.py,"If `seed` is already a ``Generator`` instance, then the provided"
synthetic,1889,generate,New_Code\.venv_sklearn152\Lib\site-packages\scipy\stats\_qmc.py,"If `seed` is already a ``Generator`` instance, then the provided"
synthetic,1927,generate,New_Code\.venv_sklearn152\Lib\site-packages\scipy\stats\_qmc.py,Generate a 2D sample using a `radius` of 0.2.
synthetic,2002,generate,New_Code\.venv_sklearn152\Lib\site-packages\scipy\stats\_qmc.py,# sample to generate per iteration in the hypersphere around center
synthetic,2036,generate,New_Code\.venv_sklearn152\Lib\site-packages\scipy\stats\_qmc.py,Number of samples to generate in the parameter space. Default is 1.
synthetic,2100,generate,New_Code\.venv_sklearn152\Lib\site-packages\scipy\stats\_qmc.py,# generate candidates around the center sample
synthetic,2193,generator,New_Code\.venv_sklearn152\Lib\site-packages\scipy\stats\_qmc.py,"seed : {None, int, `numpy.random.Generator`}, optional"
synthetic,2193,generate,New_Code\.venv_sklearn152\Lib\site-packages\scipy\stats\_qmc.py,"seed : {None, int, `numpy.random.Generator`}, optional"
synthetic,2195,generator,New_Code\.venv_sklearn152\Lib\site-packages\scipy\stats\_qmc.py,"If `seed` is an int or None, a new `numpy.random.Generator` is"
synthetic,2195,generate,New_Code\.venv_sklearn152\Lib\site-packages\scipy\stats\_qmc.py,"If `seed` is an int or None, a new `numpy.random.Generator` is"
synthetic,2197,generator,New_Code\.venv_sklearn152\Lib\site-packages\scipy\stats\_qmc.py,"If `seed` is already a ``Generator`` instance, then the provided"
synthetic,2197,generate,New_Code\.venv_sklearn152\Lib\site-packages\scipy\stats\_qmc.py,"If `seed` is already a ``Generator`` instance, then the provided"
synthetic,2282,generate,New_Code\.venv_sklearn152\Lib\site-packages\scipy\stats\_qmc.py,Number of samples to generate in the parameter space. Default is 1.
synthetic,2306,generate,New_Code\.venv_sklearn152\Lib\site-packages\scipy\stats\_qmc.py,Number of samples to generate in the parameter space. Default is 1.
synthetic,2345,generator,New_Code\.venv_sklearn152\Lib\site-packages\scipy\stats\_qmc.py,"seed : {None, int, `numpy.random.Generator`}, optional"
synthetic,2345,generate,New_Code\.venv_sklearn152\Lib\site-packages\scipy\stats\_qmc.py,"seed : {None, int, `numpy.random.Generator`}, optional"
synthetic,2347,generator,New_Code\.venv_sklearn152\Lib\site-packages\scipy\stats\_qmc.py,"If `seed` is an int or None, a new `numpy.random.Generator` is"
synthetic,2347,generate,New_Code\.venv_sklearn152\Lib\site-packages\scipy\stats\_qmc.py,"If `seed` is an int or None, a new `numpy.random.Generator` is"
synthetic,2349,generator,New_Code\.venv_sklearn152\Lib\site-packages\scipy\stats\_qmc.py,"If `seed` is already a ``Generator`` instance, then the provided"
synthetic,2349,generate,New_Code\.venv_sklearn152\Lib\site-packages\scipy\stats\_qmc.py,"If `seed` is already a ``Generator`` instance, then the provided"
synthetic,2407,generate,New_Code\.venv_sklearn152\Lib\site-packages\scipy\stats\_qmc.py,Number of samples to generate in the parameter space. Default is 1.
synthetic,2455,generate,New_Code\.venv_sklearn152\Lib\site-packages\scipy\stats\_qmc.py,"best_sample: np.ndarray, n_iters: int, n_nochange: int, rng: GeneratorType,"
synthetic,90,generator,New_Code\.venv_sklearn152\Lib\site-packages\scipy\stats\_qmvnt.py,"""""""Compute a QMC lattice generator using a Fast CBC construction."
synthetic,90,generate,New_Code\.venv_sklearn152\Lib\site-packages\scipy\stats\_qmvnt.py,"""""""Compute a QMC lattice generator using a Fast CBC construction."
synthetic,103,generator,New_Code\.venv_sklearn152\Lib\site-packages\scipy\stats\_qmvnt.py,The lattice generator vector. All values are in the open interval
synthetic,103,generate,New_Code\.venv_sklearn152\Lib\site-packages\scipy\stats\_qmvnt.py,The lattice generator vector. All values are in the open interval
synthetic,160,generator,New_Code\.venv_sklearn152\Lib\site-packages\scipy\stats\_qmvnt.py,"rng : Generator, optional"
synthetic,160,generate,New_Code\.venv_sklearn152\Lib\site-packages\scipy\stats\_qmvnt.py,"rng : Generator, optional"
synthetic,217,generator,New_Code\.venv_sklearn152\Lib\site-packages\scipy\stats\_qmvnt.py,"rng : Generator, optional"
synthetic,217,generate,New_Code\.venv_sklearn152\Lib\site-packages\scipy\stats\_qmvnt.py,"rng : Generator, optional"
synthetic,353,generator,New_Code\.venv_sklearn152\Lib\site-packages\scipy\stats\_qmvnt.py,"rng : Generator, optional"
synthetic,353,generate,New_Code\.venv_sklearn152\Lib\site-packages\scipy\stats\_qmvnt.py,"rng : Generator, optional"
synthetic,206,generate,New_Code\.venv_sklearn152\Lib\site-packages\scipy\stats\_resampling.py,"# to generate the bootstrap distribution for paired-sample statistics,"
synthetic,368,generator,New_Code\.venv_sklearn152\Lib\site-packages\scipy\stats\_resampling.py,"random_state : {None, int, `numpy.random.Generator`,"
synthetic,368,generate,New_Code\.venv_sklearn152\Lib\site-packages\scipy\stats\_resampling.py,"random_state : {None, int, `numpy.random.Generator`,"
synthetic,371,generator,New_Code\.venv_sklearn152\Lib\site-packages\scipy\stats\_resampling.py,Pseudorandom number generator state used to generate resamples.
synthetic,371,generate,New_Code\.venv_sklearn152\Lib\site-packages\scipy\stats\_resampling.py,Pseudorandom number generator state used to generate resamples.
synthetic,377,generator,New_Code\.venv_sklearn152\Lib\site-packages\scipy\stats\_resampling.py,If `random_state` is already a ``Generator`` or ``RandomState``
synthetic,377,generate,New_Code\.venv_sklearn152\Lib\site-packages\scipy\stats\_resampling.py,If `random_state` is already a ``Generator`` or ``RandomState``
synthetic,399,generate,New_Code\.venv_sklearn152\Lib\site-packages\scipy\stats\_resampling.py,Generated when ``method='BCa'`` and the bootstrap distribution is
synthetic,488,generate,New_Code\.venv_sklearn152\Lib\site-packages\scipy\stats\_resampling.py,it uses more advanced techniques to generate an accurate confidence
synthetic,622,generate,New_Code\.venv_sklearn152\Lib\site-packages\scipy\stats\_resampling.py,# Generate resamples
synthetic,734,generate,New_Code\.venv_sklearn152\Lib\site-packages\scipy\stats\_resampling.py,The values of the test statistic generated under the null
synthetic,752,generate,New_Code\.venv_sklearn152\Lib\site-packages\scipy\stats\_resampling.py,each of `n_resamples` sets of samples generated using `rvs`. This gives
synthetic,761,generate,New_Code\.venv_sklearn152\Lib\site-packages\scipy\stats\_resampling.py,A callable or sequence of callables that generates random variates
synthetic,817,generate,New_Code\.venv_sklearn152\Lib\site-packages\scipy\stats\_resampling.py,The values of the test statistic generated under the null
synthetic,972,generate,New_Code\.venv_sklearn152\Lib\site-packages\scipy\stats\_resampling.py,The values of the test statistic generated under the null
synthetic,982,generate,New_Code\.venv_sklearn152\Lib\site-packages\scipy\stats\_resampling.py,"Generate all partitions of indices of groups of given sizes, concatenated"
synthetic,1008,generator,New_Code\.venv_sklearn152\Lib\site-packages\scipy\stats\_resampling.py,"""""""A generator that yields batches of elements from an iterable"""""""
synthetic,1008,generate,New_Code\.venv_sklearn152\Lib\site-packages\scipy\stats\_resampling.py,"""""""A generator that yields batches of elements from an iterable"""""""
synthetic,1020,generator,New_Code\.venv_sklearn152\Lib\site-packages\scipy\stats\_resampling.py,# Returns a generator that yields arrays of size
synthetic,1020,generate,New_Code\.venv_sklearn152\Lib\site-packages\scipy\stats\_resampling.py,# Returns a generator that yields arrays of size
synthetic,1034,generate,New_Code\.venv_sklearn152\Lib\site-packages\scipy\stats\_resampling.py,else:  # RandomState and early Generators don't have `permuted`
synthetic,1069,generator,New_Code\.venv_sklearn152\Lib\site-packages\scipy\stats\_resampling.py,# Neither RandomState.permutation nor Generator.permutation
synthetic,1069,generate,New_Code\.venv_sklearn152\Lib\site-packages\scipy\stats\_resampling.py,# Neither RandomState.permutation nor Generator.permutation
synthetic,1072,generate,New_Code\.venv_sklearn152\Lib\site-packages\scipy\stats\_resampling.py,# generated in a single call.
synthetic,1130,generator,New_Code\.venv_sklearn152\Lib\site-packages\scipy\stats\_resampling.py,"# Again, it would be nice if RandomState/Generator.permutation"
synthetic,1130,generate,New_Code\.venv_sklearn152\Lib\site-packages\scipy\stats\_resampling.py,"# Again, it would be nice if RandomState/Generator.permutation"
synthetic,1356,generator,New_Code\.venv_sklearn152\Lib\site-packages\scipy\stats\_resampling.py,"random_state : {None, int, `numpy.random.Generator`,"
synthetic,1356,generate,New_Code\.venv_sklearn152\Lib\site-packages\scipy\stats\_resampling.py,"random_state : {None, int, `numpy.random.Generator`,"
synthetic,1359,generator,New_Code\.venv_sklearn152\Lib\site-packages\scipy\stats\_resampling.py,Pseudorandom number generator state used to generate permutations.
synthetic,1359,generate,New_Code\.venv_sklearn152\Lib\site-packages\scipy\stats\_resampling.py,Pseudorandom number generator state used to generate permutations.
synthetic,1365,generator,New_Code\.venv_sklearn152\Lib\site-packages\scipy\stats\_resampling.py,If `random_state` is already a ``Generator`` or ``RandomState``
synthetic,1365,generate,New_Code\.venv_sklearn152\Lib\site-packages\scipy\stats\_resampling.py,If `random_state` is already a ``Generator`` or ``RandomState``
synthetic,1378,generate,New_Code\.venv_sklearn152\Lib\site-packages\scipy\stats\_resampling.py,The values of the test statistic generated under the null
synthetic,1402,generate,New_Code\.venv_sklearn152\Lib\site-packages\scipy\stats\_resampling.py,"performed repeatedly, `permutation` times, generating a distribution of the"
synthetic,1446,generate,New_Code\.venv_sklearn152\Lib\site-packages\scipy\stats\_resampling.py,generating a distribution of the statistic under the null hypothesis.
synthetic,1487,generate,New_Code\.venv_sklearn152\Lib\site-packages\scipy\stats\_resampling.py,"`permutation` times,  generating a distribution of the statistic under the"
synthetic,1773,generate,New_Code\.venv_sklearn152\Lib\site-packages\scipy\stats\_resampling.py,A callable or sequence of callables that generates random variates
synthetic,1811,generator,New_Code\.venv_sklearn152\Lib\site-packages\scipy\stats\_resampling.py,"random_state : {None, int, `numpy.random.Generator`,"
synthetic,1811,generate,New_Code\.venv_sklearn152\Lib\site-packages\scipy\stats\_resampling.py,"random_state : {None, int, `numpy.random.Generator`,"
synthetic,1814,generator,New_Code\.venv_sklearn152\Lib\site-packages\scipy\stats\_resampling.py,Pseudorandom number generator state used to generate resamples.
synthetic,1814,generate,New_Code\.venv_sklearn152\Lib\site-packages\scipy\stats\_resampling.py,Pseudorandom number generator state used to generate resamples.
synthetic,1816,generator,New_Code\.venv_sklearn152\Lib\site-packages\scipy\stats\_resampling.py,If `random_state` is already a ``Generator`` or ``RandomState``
synthetic,1816,generate,New_Code\.venv_sklearn152\Lib\site-packages\scipy\stats\_resampling.py,If `random_state` is already a ``Generator`` or ``RandomState``
synthetic,1836,generate,New_Code\.venv_sklearn152\Lib\site-packages\scipy\stats\_resampling.py,confidence interval methods to generate a bootstrap confidence interval.
synthetic,1847,generator,New_Code\.venv_sklearn152\Lib\site-packages\scipy\stats\_resampling.py,"random_state : {None, int, `numpy.random.Generator`,"
synthetic,1847,generate,New_Code\.venv_sklearn152\Lib\site-packages\scipy\stats\_resampling.py,"random_state : {None, int, `numpy.random.Generator`,"
synthetic,1850,generator,New_Code\.venv_sklearn152\Lib\site-packages\scipy\stats\_resampling.py,Pseudorandom number generator state used to generate resamples.
synthetic,1850,generate,New_Code\.venv_sklearn152\Lib\site-packages\scipy\stats\_resampling.py,Pseudorandom number generator state used to generate resamples.
synthetic,1852,generator,New_Code\.venv_sklearn152\Lib\site-packages\scipy\stats\_resampling.py,If `random_state` is already a ``Generator`` or ``RandomState``
synthetic,1852,generate,New_Code\.venv_sklearn152\Lib\site-packages\scipy\stats\_resampling.py,If `random_state` is already a ``Generator`` or ``RandomState``
synthetic,1,generate,New_Code\.venv_sklearn152\Lib\site-packages\scipy\stats\_result_classes.py,# This module exists only to allow Sphinx to generate docs
synthetic,12,generate,New_Code\.venv_sklearn152\Lib\site-packages\scipy\stats\_result_classes.py,:toctree: generated/
synthetic,6,generate,New_Code\.venv_sklearn152\Lib\site-packages\scipy\stats\_rvs_sampling.py,Generate random samples from a probability density function using the
synthetic,29,generator,New_Code\.venv_sklearn152\Lib\site-packages\scipy\stats\_rvs_sampling.py,"random_state : {None, int, `numpy.random.Generator`,"
synthetic,29,generate,New_Code\.venv_sklearn152\Lib\site-packages\scipy\stats\_rvs_sampling.py,"random_state : {None, int, `numpy.random.Generator`,"
synthetic,36,generator,New_Code\.venv_sklearn152\Lib\site-packages\scipy\stats\_rvs_sampling.py,If `seed` is already a ``Generator`` or ``RandomState`` instance then
synthetic,36,generate,New_Code\.venv_sklearn152\Lib\site-packages\scipy\stats\_rvs_sampling.py,If `seed` is already a ``Generator`` or ``RandomState`` instance then
synthetic,15,generate,New_Code\.venv_sklearn152\Lib\site-packages\scipy\stats\_sampling.py,# define pdfs and other helper functions to create the generators
synthetic,18,generate,New_Code\.venv_sklearn152\Lib\site-packages\scipy\stats\_sampling.py,# approach follows Baumgarten/Hoermann: Generating ARGUS random variates
synthetic,208,generate,New_Code\.venv_sklearn152\Lib\site-packages\scipy\stats\_sampling.py,"#   to 1-u instead of u to generate rvs, where u is a uniform rv."
synthetic,449,generator,New_Code\.venv_sklearn152\Lib\site-packages\scipy\stats\_sampling.py,"random_state : {None, int, `numpy.random.Generator`,"
synthetic,449,generate,New_Code\.venv_sklearn152\Lib\site-packages\scipy\stats\_sampling.py,"random_state : {None, int, `numpy.random.Generator`,"
synthetic,452,generator,New_Code\.venv_sklearn152\Lib\site-packages\scipy\stats\_sampling.py,A NumPy random number generator or seed for the underlying NumPy
synthetic,452,generate,New_Code\.venv_sklearn152\Lib\site-packages\scipy\stats\_sampling.py,A NumPy random number generator or seed for the underlying NumPy
synthetic,453,generator,New_Code\.venv_sklearn152\Lib\site-packages\scipy\stats\_sampling.py,random number generator used to generate the stream of uniform
synthetic,453,generate,New_Code\.venv_sklearn152\Lib\site-packages\scipy\stats\_sampling.py,random number generator used to generate the stream of uniform
synthetic,458,generator,New_Code\.venv_sklearn152\Lib\site-packages\scipy\stats\_sampling.py,If `random_state` is already a ``Generator`` or ``RandomState``
synthetic,458,generate,New_Code\.venv_sklearn152\Lib\site-packages\scipy\stats\_sampling.py,If `random_state` is already a ``Generator`` or ``RandomState``
synthetic,465,generator,New_Code\.venv_sklearn152\Lib\site-packages\scipy\stats\_sampling.py,"random_state : {`numpy.random.Generator`, `numpy.random.RandomState`}"
synthetic,465,generate,New_Code\.venv_sklearn152\Lib\site-packages\scipy\stats\_sampling.py,"random_state : {`numpy.random.Generator`, `numpy.random.RandomState`}"
synthetic,483,generator,New_Code\.venv_sklearn152\Lib\site-packages\scipy\stats\_sampling.py,by `dist`. The method `rvs` uses a generator from
synthetic,483,generate,New_Code\.venv_sklearn152\Lib\site-packages\scipy\stats\_sampling.py,by `dist`. The method `rvs` uses a generator from
synthetic,486,generate,New_Code\.venv_sklearn152\Lib\site-packages\scipy\stats\_sampling.py,`qrvs` generate samples based on quasi-random numbers from
synthetic,489,generate,New_Code\.venv_sklearn152\Lib\site-packages\scipy\stats\_sampling.py,used to generate random variates.
synthetic,512,generator,New_Code\.venv_sklearn152\Lib\site-packages\scipy\stats\_sampling.py,class can be summarized as follows: Once the generator to sample random
synthetic,512,generate,New_Code\.venv_sklearn152\Lib\site-packages\scipy\stats\_sampling.py,class can be summarized as follows: Once the generator to sample random
synthetic,525,generator,New_Code\.venv_sklearn152\Lib\site-packages\scipy\stats\_sampling.py,"- to use a QMC generator from `scipy.stats.qmc` (method `qrvs`),"
synthetic,525,generate,New_Code\.venv_sklearn152\Lib\site-packages\scipy\stats\_sampling.py,"- to use a QMC generator from `scipy.stats.qmc` (method `qrvs`),"
synthetic,526,generate,New_Code\.venv_sklearn152\Lib\site-packages\scipy\stats\_sampling.py,"- to generate random variates truncated to an interval. For example, if"
synthetic,533,generator,New_Code\.venv_sklearn152\Lib\site-packages\scipy\stats\_sampling.py,step to create the generator that is used for sampling. The relation
synthetic,533,generate,New_Code\.venv_sklearn152\Lib\site-packages\scipy\stats\_sampling.py,step to create the generator that is used for sampling. The relation
synthetic,541,generate,New_Code\.venv_sklearn152\Lib\site-packages\scipy\stats\_sampling.py,"""Random variate  generation by numerical inversion when only the"
synthetic,545,generate,New_Code\.venv_sklearn152\Lib\site-packages\scipy\stats\_sampling.py,"""Automatic nonuniform random number generation."""
synthetic,585,generator,New_Code\.venv_sklearn152\Lib\site-packages\scipy\stats\_sampling.py,new generator:
synthetic,585,generate,New_Code\.venv_sklearn152\Lib\site-packages\scipy\stats\_sampling.py,new generator:
synthetic,612,generate,New_Code\.venv_sklearn152\Lib\site-packages\scipy\stats\_sampling.py,generate truncated normal random variates.
synthetic,678,generator,New_Code\.venv_sklearn152\Lib\site-packages\scipy\stats\_sampling.py,# the generator
synthetic,678,generate,New_Code\.venv_sklearn152\Lib\site-packages\scipy\stats\_sampling.py,# the generator
synthetic,753,generator,New_Code\.venv_sklearn152\Lib\site-packages\scipy\stats\_sampling.py,"msg = (""No generator is defined for the shape parameters """
synthetic,753,generate,New_Code\.venv_sklearn152\Lib\site-packages\scipy\stats\_sampling.py,"msg = (""No generator is defined for the shape parameters """
synthetic,792,generate,New_Code\.venv_sklearn152\Lib\site-packages\scipy\stats\_sampling.py,"Random variates are generated by numerical inversion of the CDF, i.e.,"
synthetic,796,generate,New_Code\.venv_sklearn152\Lib\site-packages\scipy\stats\_sampling.py,"overwritten. Hence, a different stream of random numbers is generated"
synthetic,832,generate,New_Code\.venv_sklearn152\Lib\site-packages\scipy\stats\_sampling.py,Note that this PPF is designed to generate random samples.
synthetic,936,generator,New_Code\.venv_sklearn152\Lib\site-packages\scipy\stats\_sampling.py,"random_state : {None, int, `numpy.random.Generator`,"
synthetic,936,generate,New_Code\.venv_sklearn152\Lib\site-packages\scipy\stats\_sampling.py,"random_state : {None, int, `numpy.random.Generator`,"
synthetic,939,generator,New_Code\.venv_sklearn152\Lib\site-packages\scipy\stats\_sampling.py,A NumPy random number generator or seed for the underlying NumPy
synthetic,939,generate,New_Code\.venv_sklearn152\Lib\site-packages\scipy\stats\_sampling.py,A NumPy random number generator or seed for the underlying NumPy
synthetic,940,generator,New_Code\.venv_sklearn152\Lib\site-packages\scipy\stats\_sampling.py,random number generator used to generate the stream of uniform
synthetic,940,generate,New_Code\.venv_sklearn152\Lib\site-packages\scipy\stats\_sampling.py,random number generator used to generate the stream of uniform
synthetic,945,generator,New_Code\.venv_sklearn152\Lib\site-packages\scipy\stats\_sampling.py,If `random_state` is already a ``Generator`` or ``RandomState``
synthetic,945,generate,New_Code\.venv_sklearn152\Lib\site-packages\scipy\stats\_sampling.py,If `random_state` is already a ``Generator`` or ``RandomState``
synthetic,980,generate,New_Code\.venv_sklearn152\Lib\site-packages\scipy\stats\_sampling.py,"""Random variate  generation by numerical inversion when only the"
synthetic,1127,generate,New_Code\.venv_sklearn152\Lib\site-packages\scipy\stats\_sampling.py,Generate random samples from a probability density function using the
synthetic,1143,generator,New_Code\.venv_sklearn152\Lib\site-packages\scipy\stats\_sampling.py,"random_state : {None, int, `numpy.random.Generator`,"
synthetic,1143,generate,New_Code\.venv_sklearn152\Lib\site-packages\scipy\stats\_sampling.py,"random_state : {None, int, `numpy.random.Generator`,"
synthetic,1150,generator,New_Code\.venv_sklearn152\Lib\site-packages\scipy\stats\_sampling.py,If `seed` is already a ``Generator`` or ``RandomState`` instance then
synthetic,1150,generate,New_Code\.venv_sklearn152\Lib\site-packages\scipy\stats\_sampling.py,If `seed` is already a ``Generator`` or ``RandomState`` instance then
synthetic,1175,generate,New_Code\.venv_sklearn152\Lib\site-packages\scipy\stats\_sampling.py,"One can generate ``(U, V)`` uniformly on ``R`` and return"
synthetic,1195,generate,New_Code\.venv_sklearn152\Lib\site-packages\scipy\stats\_sampling.py,If the sampling fails to generate a single random variate after 50000
synthetic,1205,generate,New_Code\.venv_sklearn152\Lib\site-packages\scipy\stats\_sampling.py,".. [1] L. Devroye, ""Non-Uniform Random Variate Generation"","
synthetic,1208,generate,New_Code\.venv_sklearn152\Lib\site-packages\scipy\stats\_sampling.py,".. [2] W. Hoermann and J. Leydold, ""Generating generalized inverse Gaussian"
synthetic,1211,generate,New_Code\.venv_sklearn152\Lib\site-packages\scipy\stats\_sampling.py,".. [3] A.J. Kinderman and J.F. Monahan, ""Computer Generation of Random"
synthetic,1270,generate,New_Code\.venv_sklearn152\Lib\site-packages\scipy\stats\_sampling.py,Number of random variates to be generated (default is 1).
synthetic,1286,generate,New_Code\.venv_sklearn152\Lib\site-packages\scipy\stats\_sampling.py,# loop until N rvs have been generated: expected runtime is finite.
synthetic,1288,generate,New_Code\.venv_sklearn152\Lib\site-packages\scipy\stats\_sampling.py,# generated after 50000 tries. even if the expected number of iterations
synthetic,1306,generate,New_Code\.venv_sklearn152\Lib\site-packages\scipy\stats\_sampling.py,"f""Not a single random variate could be generated in {i*N} """
synthetic,283,generate,New_Code\.venv_sklearn152\Lib\site-packages\scipy\stats\_sensitivity_analysis.py,Number of samples used to generate the matrices ``A`` and ``B``.
synthetic,311,generator,New_Code\.venv_sklearn152\Lib\site-packages\scipy\stats\_sensitivity_analysis.py,"random_state : {None, int, `numpy.random.Generator`}, optional"
synthetic,311,generate,New_Code\.venv_sklearn152\Lib\site-packages\scipy\stats\_sensitivity_analysis.py,"random_state : {None, int, `numpy.random.Generator`}, optional"
synthetic,312,generator,New_Code\.venv_sklearn152\Lib\site-packages\scipy\stats\_sensitivity_analysis.py,"If `random_state` is an int or None, a new `numpy.random.Generator` is"
synthetic,312,generate,New_Code\.venv_sklearn152\Lib\site-packages\scipy\stats\_sensitivity_analysis.py,"If `random_state` is an int or None, a new `numpy.random.Generator` is"
synthetic,314,generator,New_Code\.venv_sklearn152\Lib\site-packages\scipy\stats\_sensitivity_analysis.py,"If `random_state` is already a ``Generator`` instance, then the"
synthetic,314,generate,New_Code\.venv_sklearn152\Lib\site-packages\scipy\stats\_sensitivity_analysis.py,"If `random_state` is already a ``Generator`` instance, then the"
synthetic,520,generate,New_Code\.venv_sklearn152\Lib\site-packages\scipy\stats\_sensitivity_analysis.py,"function. Let's generate 1024 samples in :math:`[-\pi, \pi]^3` and"
synthetic,102,generate,New_Code\.venv_sklearn152\Lib\site-packages\scipy\stats\_stats_mstats_common.py,Generate some data:
synthetic,3413,generate,New_Code\.venv_sklearn152\Lib\site-packages\scipy\stats\_stats_py.py,# No warning is generated if x is empty or all nan.
synthetic,4011,generate,New_Code\.venv_sklearn152\Lib\site-packages\scipy\stats\_stats_py.py,"are not satisfied, a warning is generated and (``np.nan``, ``np.nan``)"
synthetic,4015,generate,New_Code\.venv_sklearn152\Lib\site-packages\scipy\stats\_stats_py.py,"groups with different values, the function generates a warning and"
synthetic,4018,generate,New_Code\.venv_sklearn152\Lib\site-packages\scipy\stats\_stats_py.py,"If all values in all groups are the same, function generates a warning"
synthetic,6130,generator,New_Code\.venv_sklearn152\Lib\site-packages\scipy\stats\_stats_py.py,"random_state : {None, int, `numpy.random.Generator`,"
synthetic,6130,generate,New_Code\.venv_sklearn152\Lib\site-packages\scipy\stats\_stats_py.py,"random_state : {None, int, `numpy.random.Generator`,"
synthetic,6137,generator,New_Code\.venv_sklearn152\Lib\site-packages\scipy\stats\_stats_py.py,If `seed` is already a ``Generator`` or ``RandomState`` instance then
synthetic,6137,generate,New_Code\.venv_sklearn152\Lib\site-packages\scipy\stats\_stats_py.py,If `seed` is already a ``Generator`` or ``RandomState`` instance then
synthetic,6148,generate,New_Code\.venv_sklearn152\Lib\site-packages\scipy\stats\_stats_py.py,# generate seeds for each rep (change to new parallel random number
synthetic,6229,generator,New_Code\.venv_sklearn152\Lib\site-packages\scipy\stats\_stats_py.py,"random_state : {None, int, `numpy.random.Generator`,"
synthetic,6229,generate,New_Code\.venv_sklearn152\Lib\site-packages\scipy\stats\_stats_py.py,"random_state : {None, int, `numpy.random.Generator`,"
synthetic,6236,generator,New_Code\.venv_sklearn152\Lib\site-packages\scipy\stats\_stats_py.py,If `seed` is already a ``Generator`` or ``RandomState`` instance then
synthetic,6236,generate,New_Code\.venv_sklearn152\Lib\site-packages\scipy\stats\_stats_py.py,If `seed` is already a ``Generator`` or ``RandomState`` instance then
synthetic,7144,generator,New_Code\.venv_sklearn152\Lib\site-packages\scipy\stats\_stats_py.py,"random_state : {None, int, `numpy.random.Generator`,"
synthetic,7144,generate,New_Code\.venv_sklearn152\Lib\site-packages\scipy\stats\_stats_py.py,"random_state : {None, int, `numpy.random.Generator`,"
synthetic,7151,generator,New_Code\.venv_sklearn152\Lib\site-packages\scipy\stats\_stats_py.py,If `seed` is already a ``Generator`` or ``RandomState`` instance then
synthetic,7151,generate,New_Code\.venv_sklearn152\Lib\site-packages\scipy\stats\_stats_py.py,If `seed` is already a ``Generator`` or ``RandomState`` instance then
synthetic,7154,generator,New_Code\.venv_sklearn152\Lib\site-packages\scipy\stats\_stats_py.py,Pseudorandom number generator state used to generate permutations
synthetic,7154,generate,New_Code\.venv_sklearn152\Lib\site-packages\scipy\stats\_stats_py.py,Pseudorandom number generator state used to generate permutations
synthetic,7237,generate,New_Code\.venv_sklearn152\Lib\site-packages\scipy\stats\_stats_py.py,"repeatedly (`permutation` times), generating a distribution of the"
synthetic,7323,generator,New_Code\.venv_sklearn152\Lib\site-packages\scipy\stats\_stats_py.py,more accurate results. Use a ``np.random.Generator`` to ensure
synthetic,7323,generate,New_Code\.venv_sklearn152\Lib\site-packages\scipy\stats\_stats_py.py,more accurate results. Use a ``np.random.Generator`` to ensure
synthetic,7464,generate,New_Code\.venv_sklearn152\Lib\site-packages\scipy\stats\_stats_py.py,"""""""Generation permutation distribution of t statistic"""""""
synthetic,7485,generate,New_Code\.venv_sklearn152\Lib\site-packages\scipy\stats\_stats_py.py,# generate permutations
synthetic,7541,generator,New_Code\.venv_sklearn152\Lib\site-packages\scipy\stats\_stats_py.py,"random_state : {None, int, `numpy.random.Generator`}, optional"
synthetic,7541,generate,New_Code\.venv_sklearn152\Lib\site-packages\scipy\stats\_stats_py.py,"random_state : {None, int, `numpy.random.Generator`}, optional"
synthetic,7542,generator,New_Code\.venv_sklearn152\Lib\site-packages\scipy\stats\_stats_py.py,If `seed` is None the `numpy.random.Generator` singleton is used.
synthetic,7542,generate,New_Code\.venv_sklearn152\Lib\site-packages\scipy\stats\_stats_py.py,If `seed` is None the `numpy.random.Generator` singleton is used.
synthetic,7543,generator,New_Code\.venv_sklearn152\Lib\site-packages\scipy\stats\_stats_py.py,"If `seed` is an int, a new ``Generator`` instance is used,"
synthetic,7543,generate,New_Code\.venv_sklearn152\Lib\site-packages\scipy\stats\_stats_py.py,"If `seed` is an int, a new ``Generator`` instance is used,"
synthetic,7545,generator,New_Code\.venv_sklearn152\Lib\site-packages\scipy\stats\_stats_py.py,If `seed` is already a ``Generator`` instance then that instance is
synthetic,7545,generate,New_Code\.venv_sklearn152\Lib\site-packages\scipy\stats\_stats_py.py,If `seed` is already a ``Generator`` instance then that instance is
synthetic,7547,generator,New_Code\.venv_sklearn152\Lib\site-packages\scipy\stats\_stats_py.py,Pseudorandom number generator state used for generating random
synthetic,7547,generate,New_Code\.venv_sklearn152\Lib\site-packages\scipy\stats\_stats_py.py,Pseudorandom number generator state used for generating random
synthetic,7848,generate,New_Code\.venv_sklearn152\Lib\site-packages\scipy\stats\_stats_py.py,"dividing by `f_obs`, so a warning or error may be generated if any value"
synthetic,7851,generate,New_Code\.venv_sklearn152\Lib\site-packages\scipy\stats\_stats_py.py,"Similarly, a warning or error may be generated if any value in `f_exp` is"
synthetic,8868,generate,New_Code\.venv_sklearn152\Lib\site-packages\scipy\stats\_stats_py.py,"If a callable, it should be a function to generate random variables;"
synthetic,8871,generate,New_Code\.venv_sklearn152\Lib\site-packages\scipy\stats\_stats_py.py,which will be used to generate random variables.
synthetic,9684,generate,New_Code\.venv_sklearn152\Lib\site-packages\scipy\stats\_stats_py.py,possibility the data was generated from a discrete or mixed
synthetic,9886,generate,New_Code\.venv_sklearn152\Lib\site-packages\scipy\stats\_stats_py.py,`x` was generated from a discrete or mixed distribution.
synthetic,10051,generate,New_Code\.venv_sklearn152\Lib\site-packages\scipy\stats\_stats_py.py,"Also, if a 95% confidence interval is repeatedly generated for random"
synthetic,10262,GAN,New_Code\.venv_sklearn152\Lib\site-packages\scipy\stats\_stats_py.py,https://lilianweng.github.io/posts/2017-08-20-gan/#what-is-wasserstein-distance.
synthetic,10263,GAN,New_Code\.venv_sklearn152\Lib\site-packages\scipy\stats\_stats_py.py,".. [3] Hermann, Vincent. ""Wasserstein GAN and the Kantorovich-Rubinstein"
synthetic,10410,GAN,New_Code\.venv_sklearn152\Lib\site-packages\scipy\stats\_stats_py.py,https://lilianweng.github.io/posts/2017-08-20-gan/#what-is-wasserstein-distance.
synthetic,6,generate,New_Code\.venv_sklearn152\Lib\site-packages\scipy\stats\_tukeylambda_stats.py,# The following code was used to generate the Pade coefficients for the
synthetic,103,generate,New_Code\.venv_sklearn152\Lib\site-packages\scipy\stats\_tukeylambda_stats.py,# The following code was used to generate the Pade coefficients for the
synthetic,59,generate,New_Code\.venv_sklearn152\Lib\site-packages\scipy\stats\_variation.py,There are several edge cases that are handled without generating a
synthetic,39,generate,New_Code\.venv_sklearn152\Lib\site-packages\scipy\stats\__init__.py,:toctree: generated/
synthetic,49,generate,New_Code\.venv_sklearn152\Lib\site-packages\scipy\stats\__init__.py,:toctree: generated/
synthetic,165,generate,New_Code\.venv_sklearn152\Lib\site-packages\scipy\stats\__init__.py,:toctree: generated/
synthetic,174,generate,New_Code\.venv_sklearn152\Lib\site-packages\scipy\stats\__init__.py,:toctree: generated/
synthetic,197,generate,New_Code\.venv_sklearn152\Lib\site-packages\scipy\stats\__init__.py,:toctree: generated/
synthetic,206,generate,New_Code\.venv_sklearn152\Lib\site-packages\scipy\stats\__init__.py,:toctree: generated/
synthetic,237,generate,New_Code\.venv_sklearn152\Lib\site-packages\scipy\stats\__init__.py,:toctree: generated/
synthetic,274,generate,New_Code\.venv_sklearn152\Lib\site-packages\scipy\stats\__init__.py,:toctree: generated/
synthetic,282,generate,New_Code\.venv_sklearn152\Lib\site-packages\scipy\stats\__init__.py,:toctree: generated/
synthetic,307,generate,New_Code\.venv_sklearn152\Lib\site-packages\scipy\stats\__init__.py,:toctree: generated/
synthetic,333,generate,New_Code\.venv_sklearn152\Lib\site-packages\scipy\stats\__init__.py,:toctree: generated/
synthetic,346,generate,New_Code\.venv_sklearn152\Lib\site-packages\scipy\stats\__init__.py,:toctree: generated/
synthetic,364,generate,New_Code\.venv_sklearn152\Lib\site-packages\scipy\stats\__init__.py,:toctree: generated/
synthetic,380,generate,New_Code\.venv_sklearn152\Lib\site-packages\scipy\stats\__init__.py,:toctree: generated/
synthetic,399,generate,New_Code\.venv_sklearn152\Lib\site-packages\scipy\stats\__init__.py,:toctree: generated/
synthetic,418,generate,New_Code\.venv_sklearn152\Lib\site-packages\scipy\stats\__init__.py,and generate confidence intervals for custom statistics. This flexibility comes
synthetic,422,generate,New_Code\.venv_sklearn152\Lib\site-packages\scipy\stats\__init__.py,:toctree: generated/
synthetic,433,generate,New_Code\.venv_sklearn152\Lib\site-packages\scipy\stats\__init__.py,:toctree: generated/
synthetic,446,generate,New_Code\.venv_sklearn152\Lib\site-packages\scipy\stats\__init__.py,:toctree: generated/
synthetic,486,generate,New_Code\.venv_sklearn152\Lib\site-packages\scipy\stats\__init__.py,:toctree: generated/
synthetic,506,generate,New_Code\.venv_sklearn152\Lib\site-packages\scipy\stats\__init__.py,:toctree: generated/
synthetic,520,generate,New_Code\.venv_sklearn152\Lib\site-packages\scipy\stats\__init__.py,Random variate generation / CDF Inversion
synthetic,524,generate,New_Code\.venv_sklearn152\Lib\site-packages\scipy\stats\__init__.py,:toctree: generated/
synthetic,532,generate,New_Code\.venv_sklearn152\Lib\site-packages\scipy\stats\__init__.py,:toctree: generated/
synthetic,542,generate,New_Code\.venv_sklearn152\Lib\site-packages\scipy\stats\__init__.py,:toctree: generated/
synthetic,553,generate,New_Code\.venv_sklearn152\Lib\site-packages\scipy\stats\__init__.py,:toctree: generated/
synthetic,561,generate,New_Code\.venv_sklearn152\Lib\site-packages\scipy\stats\__init__.py,:toctree: generated/
synthetic,573,generate,New_Code\.venv_sklearn152\Lib\site-packages\scipy\stats\__init__.py,:toctree: generated/
synthetic,581,generate,New_Code\.venv_sklearn152\Lib\site-packages\scipy\stats\__init__.py,:toctree: generated/
synthetic,143,generate,New_Code\.venv_sklearn152\Lib\site-packages\scipy\stats\tests\common_tests.py,"# with a = -inf, log(0) generates warnings"
synthetic,215,generator,New_Code\.venv_sklearn152\Lib\site-packages\scipy\stats\tests\common_tests.py,# check that np.random.Generator can be used (numpy >= 1.17)
synthetic,215,generate,New_Code\.venv_sklearn152\Lib\site-packages\scipy\stats\tests\common_tests.py,# check that np.random.Generator can be used (numpy >= 1.17)
synthetic,217,generator,New_Code\.venv_sklearn152\Lib\site-packages\scipy\stats\tests\common_tests.py,# obtain a np.random.Generator object
synthetic,217,generate,New_Code\.venv_sklearn152\Lib\site-packages\scipy\stats\tests\common_tests.py,# obtain a np.random.Generator object
synthetic,152,generate,New_Code\.venv_sklearn152\Lib\site-packages\scipy\stats\tests\test_axis_nan_policy.py,# generate random samples to check the response of hypothesis tests to
synthetic,191,generate,New_Code\.venv_sklearn152\Lib\site-packages\scipy\stats\tests\test_axis_nan_policy.py,# generate random samples to check the response of hypothesis tests to
synthetic,280,generate,New_Code\.venv_sklearn152\Lib\site-packages\scipy\stats\tests\test_axis_nan_policy.py,# Generate multi-dimensional test data with all important combinations
synthetic,299,generate,New_Code\.venv_sklearn152\Lib\site-packages\scipy\stats\tests\test_axis_nan_policy.py,"# To generate reference behavior to compare against, loop over the axis-"
synthetic,732,generate,New_Code\.venv_sklearn152\Lib\site-packages\scipy\stats\tests\test_axis_nan_policy.py,# generated by f_oneway for too_small inputs
synthetic,185,generate,New_Code\.venv_sklearn152\Lib\site-packages\scipy\stats\tests\test_continuous_basic.py,# rv generation in TestGenInvGauss in test_distributions.py
synthetic,358,generate,New_Code\.venv_sklearn152\Lib\site-packages\scipy\stats\tests\test_continuous_basic.py,# distribution uses more than one random number to generate a random
synthetic,378,generate,New_Code\.venv_sklearn152\Lib\site-packages\scipy\stats\tests\test_continuous_basic.py,# Generate shape parameter arguments...
synthetic,711,generate,New_Code\.venv_sklearn152\Lib\site-packages\scipy\stats\tests\test_continuous_basic.py,"# Generate 1000 rvs, perform a K-S test that the new sample of rvs"
synthetic,107,generate,New_Code\.venv_sklearn152\Lib\site-packages\scipy\stats\tests\test_discrete_basic.py,# distribution uses more than one random number to generate a random
synthetic,129,generate,New_Code\.venv_sklearn152\Lib\site-packages\scipy\stats\tests\test_discrete_basic.py,# Generate shape parameter arguments...
synthetic,436,generate,New_Code\.venv_sklearn152\Lib\site-packages\scipy\stats\tests\test_discrete_basic.py,# Generate a random discrete distribution
synthetic,443,generate,New_Code\.venv_sklearn152\Lib\site-packages\scipy\stats\tests\test_discrete_basic.py,# Generate points to the left and right of xk
synthetic,447,generate,New_Code\.venv_sklearn152\Lib\site-packages\scipy\stats\tests\test_discrete_basic.py,# Generate points to the left and right of cdf
synthetic,258,generate,New_Code\.venv_sklearn152\Lib\site-packages\scipy\stats\tests\test_discrete_distns.py,# generated in R
synthetic,642,generate,New_Code\.venv_sklearn152\Lib\site-packages\scipy\stats\tests\test_discrete_distns.py,# test that int32 data for k generates same output as double
synthetic,424,generate,New_Code\.venv_sklearn152\Lib\site-packages\scipy\stats\tests\test_distributions.py,# no spurious warnings are generated for p=0; gh-3817
synthetic,463,generate,New_Code\.venv_sklearn152\Lib\site-packages\scipy\stats\tests\test_distributions.py,# should not generate a warning.
synthetic,916,generate,New_Code\.venv_sklearn152\Lib\site-packages\scipy\stats\tests\test_distributions.py,"# Reference data generated with `reference_distributions.NormInvGauss`,"
synthetic,1558,generate,New_Code\.venv_sklearn152\Lib\site-packages\scipy\stats\tests\test_distributions.py,"#   a, b, mean, variance, skewness, excess kurtosis. Generated using"
synthetic,1625,generator,New_Code\.venv_sklearn152\Lib\site-packages\scipy\stats\tests\test_distributions.py,# check that rvs can use a Generator
synthetic,1625,generate,New_Code\.venv_sklearn152\Lib\site-packages\scipy\stats\tests\test_distributions.py,# check that rvs can use a Generator
synthetic,1692,generate,New_Code\.venv_sklearn152\Lib\site-packages\scipy\stats\tests\test_distributions.py,# ppf/isf reference values generated by passing in `ref` (`q` is produced)
synthetic,1942,generate,New_Code\.venv_sklearn152\Lib\site-packages\scipy\stats\tests\test_distributions.py,# generate many -inf values.
synthetic,2760,generate,New_Code\.venv_sklearn152\Lib\site-packages\scipy\stats\tests\test_distributions.py,# were generated using an independent SageMath implementation of
synthetic,3073,generate,New_Code\.venv_sklearn152\Lib\site-packages\scipy\stats\tests\test_distributions.py,# These calculations should not generate warnings.
synthetic,3434,generate,New_Code\.venv_sklearn152\Lib\site-packages\scipy\stats\tests\test_distributions.py,"# no warnings should be generated for dfd = 2, 4, 6, 8 (div by zero)"
synthetic,3736,generate,New_Code\.venv_sklearn152\Lib\site-packages\scipy\stats\tests\test_distributions.py,"# # lmbda, x contain the values generated for a, x below"
synthetic,4555,generate,New_Code\.venv_sklearn152\Lib\site-packages\scipy\stats\tests\test_distributions.py,"# it can be required to generate the test case for the ppf separately,"
synthetic,4988,generator,New_Code\.venv_sklearn152\Lib\site-packages\scipy\stats\tests\test_distributions.py,"""""""Setup default parameters for levy_stable generator"""""""
synthetic,4988,generate,New_Code\.venv_sklearn152\Lib\site-packages\scipy\stats\tests\test_distributions.py,"""""""Setup default parameters for levy_stable generator"""""""
synthetic,5002,generate,New_Code\.venv_sklearn152\Lib\site-packages\scipy\stats\tests\test_distributions.py,The data table loaded below is generated from Nolan's stablec
synthetic,5036,generate,New_Code\.venv_sklearn152\Lib\site-packages\scipy\stats\tests\test_distributions.py,The data table loaded below is generated from Nolan's stablec
synthetic,6630,generate,New_Code\.venv_sklearn152\Lib\site-packages\scipy\stats\tests\test_distributions.py,# Generated in R
synthetic,6644,generate,New_Code\.venv_sklearn152\Lib\site-packages\scipy\stats\tests\test_distributions.py,# Generated in R
synthetic,6655,generate,New_Code\.venv_sklearn152\Lib\site-packages\scipy\stats\tests\test_distributions.py,# Generated in R
synthetic,6673,generate,New_Code\.venv_sklearn152\Lib\site-packages\scipy\stats\tests\test_distributions.py,# erlang should generate a RuntimeWarning if a non-integer
synthetic,7544,generate,New_Code\.venv_sklearn152\Lib\site-packages\scipy\stats\tests\test_distributions.py,# A small selection of large-v cases generated with R's `ptukey`
synthetic,8880,generate,New_Code\.venv_sklearn152\Lib\site-packages\scipy\stats\tests\test_distributions.py,# Generate check_val from R or MATLAB as follows:
synthetic,40,generator,New_Code\.venv_sklearn152\Lib\site-packages\scipy\stats\tests\test_fast_gen_inversion.py,# Generator
synthetic,40,generate,New_Code\.venv_sklearn152\Lib\site-packages\scipy\stats\tests\test_fast_gen_inversion.py,# Generator
synthetic,60,generate,New_Code\.venv_sklearn152\Lib\site-packages\scipy\stats\tests\test_fast_gen_inversion.py,_ = gen.evaluate_error(size=5)  # this will generate 5 uniform rvs
synthetic,108,generate,New_Code\.venv_sklearn152\Lib\site-packages\scipy\stats\tests\test_fast_gen_inversion.py,# check sample against rvs generated by rv_continuous
synthetic,123,generate,New_Code\.venv_sklearn152\Lib\site-packages\scipy\stats\tests\test_fast_gen_inversion.py,# check sample against rvs generated by rv_continuous
synthetic,180,generate,New_Code\.venv_sklearn152\Lib\site-packages\scipy\stats\tests\test_fast_gen_inversion.py,# UNU.RAN generators
synthetic,324,generator,New_Code\.venv_sklearn152\Lib\site-packages\scipy\stats\tests\test_fast_gen_inversion.py,"msg = ""No generator is defined for the shape parameters"""
synthetic,324,generate,New_Code\.venv_sklearn152\Lib\site-packages\scipy\stats\tests\test_fast_gen_inversion.py,"msg = ""No generator is defined for the shape parameters"""
synthetic,81,generate,New_Code\.venv_sklearn152\Lib\site-packages\scipy\stats\tests\test_fit.py,"'erlang',  # Subclass of gamma, generates a warning."
synthetic,1032,generate,New_Code\.venv_sklearn152\Lib\site-packages\scipy\stats\tests\test_hypotests.py,# generate lists of random classes 1-2 (binary)
synthetic,1072,generate,New_Code\.venv_sklearn152\Lib\site-packages\scipy\stats\tests\test_hypotests.py,"""""""The expected values have been generated by R, using a resolution"
synthetic,1101,generate,New_Code\.venv_sklearn152\Lib\site-packages\scipy\stats\tests\test_hypotests.py,"""""""The expected values have been generated by R, using a resolution"
synthetic,1175,generate,New_Code\.venv_sklearn152\Lib\site-packages\scipy\stats\tests\test_hypotests.py,"""The expected values have been generated by R, using a resolution"
synthetic,1219,generate,New_Code\.venv_sklearn152\Lib\site-packages\scipy\stats\tests\test_hypotests.py,"""""""The expected values have been generated by R, using a resolution"
synthetic,1250,generate,New_Code\.venv_sklearn152\Lib\site-packages\scipy\stats\tests\test_hypotests.py,"""""""The expected values have been generated by R, using a resolution"
synthetic,1278,generate,New_Code\.venv_sklearn152\Lib\site-packages\scipy\stats\tests\test_hypotests.py,"""""""The expected values have been generated by R, using a resolution"
synthetic,1489,generate,New_Code\.venv_sklearn152\Lib\site-packages\scipy\stats\tests\test_hypotests.py,SAS code used to generate results for each sample:
synthetic,555,generator,New_Code\.venv_sklearn152\Lib\site-packages\scipy\stats\tests\test_kdeoth.py,# check that np.random.Generator can be used (numpy >= 1.17)
synthetic,555,generate,New_Code\.venv_sklearn152\Lib\site-packages\scipy\stats\tests\test_kdeoth.py,# check that np.random.Generator can be used (numpy >= 1.17)
synthetic,557,generator,New_Code\.venv_sklearn152\Lib\site-packages\scipy\stats\tests\test_kdeoth.py,# obtain a np.random.Generator object
synthetic,557,generate,New_Code\.venv_sklearn152\Lib\site-packages\scipy\stats\tests\test_kdeoth.py,# obtain a np.random.Generator object
synthetic,498,generate,New_Code\.venv_sklearn152\Lib\site-packages\scipy\stats\tests\test_morestats.py,# test values generates with R package kSamples
synthetic,1138,generate,New_Code\.venv_sklearn152\Lib\site-packages\scipy\stats\tests\test_morestats.py,# Generate random `x` and `y` arrays with ties both between and within the
synthetic,1147,generate,New_Code\.venv_sklearn152\Lib\site-packages\scipy\stats\tests\test_morestats.py,# Generate random indices to make ties
synthetic,1149,generate,New_Code\.venv_sklearn152\Lib\site-packages\scipy\stats\tests\test_morestats.py,# Generate a random number of ties for each index.
synthetic,1166,generate,New_Code\.venv_sklearn152\Lib\site-packages\scipy\stats\tests\test_morestats.py,Example code used to generate SAS output:
synthetic,447,generate,New_Code\.venv_sklearn152\Lib\site-packages\scipy\stats\tests\test_mstats_basic.py,# expected values generated using SymPy
synthetic,463,generate,New_Code\.venv_sklearn152\Lib\site-packages\scipy\stats\tests\test_mstats_basic.py,# expected values generated using SymPy
synthetic,1551,generate,New_Code\.venv_sklearn152\Lib\site-packages\scipy\stats\tests\test_mstats_basic.py,"def generate_xy_sample(self, n):"
synthetic,1552,generate,New_Code\.venv_sklearn152\Lib\site-packages\scipy\stats\tests\test_mstats_basic.py,# This routine generates numpy arrays and corresponding masked arrays
synthetic,1566,generate,New_Code\.venv_sklearn152\Lib\site-packages\scipy\stats\tests\test_mstats_basic.py,"def generate_xy_sample2D(self, n, nx):"
synthetic,1573,generate,New_Code\.venv_sklearn152\Lib\site-packages\scipy\stats\tests\test_mstats_basic.py,"x[:, i], y[:, i], dx, dy = self.generate_xy_sample(n)"
synthetic,1583,generate,New_Code\.venv_sklearn152\Lib\site-packages\scipy\stats\tests\test_mstats_basic.py,"x, y, xm, ym = self.generate_xy_sample(n)"
synthetic,1590,generate,New_Code\.venv_sklearn152\Lib\site-packages\scipy\stats\tests\test_mstats_basic.py,"x, y, xm, ym = self.generate_xy_sample(n)"
synthetic,1599,generate,New_Code\.venv_sklearn152\Lib\site-packages\scipy\stats\tests\test_mstats_basic.py,"x, y, xm, ym = self.generate_xy_sample(n)"
synthetic,1613,generate,New_Code\.venv_sklearn152\Lib\site-packages\scipy\stats\tests\test_mstats_basic.py,"x, y, xm, ym = self.generate_xy_sample(n)"
synthetic,1624,generate,New_Code\.venv_sklearn152\Lib\site-packages\scipy\stats\tests\test_mstats_basic.py,"x, y, xm, ym = self.generate_xy_sample(n)"
synthetic,1636,generate,New_Code\.venv_sklearn152\Lib\site-packages\scipy\stats\tests\test_mstats_basic.py,"x, y, xm, ym = self.generate_xy_sample(n)"
synthetic,1648,generate,New_Code\.venv_sklearn152\Lib\site-packages\scipy\stats\tests\test_mstats_basic.py,"x, y, xm, ym = self.generate_xy_sample(n)"
synthetic,1660,generate,New_Code\.venv_sklearn152\Lib\site-packages\scipy\stats\tests\test_mstats_basic.py,"x, y, xm, ym = self.generate_xy_sample(n)"
synthetic,1678,generate,New_Code\.venv_sklearn152\Lib\site-packages\scipy\stats\tests\test_mstats_basic.py,"x, y, xm, ym = self.generate_xy_sample(n)"
synthetic,1698,generate,New_Code\.venv_sklearn152\Lib\site-packages\scipy\stats\tests\test_mstats_basic.py,"x, y, xm, ym = self.generate_xy_sample(n)"
synthetic,1710,generate,New_Code\.venv_sklearn152\Lib\site-packages\scipy\stats\tests\test_mstats_basic.py,"x, y, xm, ym = self.generate_xy_sample(n)"
synthetic,1726,generate,New_Code\.venv_sklearn152\Lib\site-packages\scipy\stats\tests\test_mstats_basic.py,"x, y, xm, ym = self.generate_xy_sample(n)"
synthetic,1733,generate,New_Code\.venv_sklearn152\Lib\site-packages\scipy\stats\tests\test_mstats_basic.py,"x, y, xm, ym = self.generate_xy_sample(n)"
synthetic,1739,generate,New_Code\.venv_sklearn152\Lib\site-packages\scipy\stats\tests\test_mstats_basic.py,"x, y, xm, ym = self.generate_xy_sample(n)"
synthetic,1752,generate,New_Code\.venv_sklearn152\Lib\site-packages\scipy\stats\tests\test_mstats_basic.py,"x, y, xm, ym = self.generate_xy_sample(n)"
synthetic,1763,generate,New_Code\.venv_sklearn152\Lib\site-packages\scipy\stats\tests\test_mstats_basic.py,"x, y, xm, ym = self.generate_xy_sample(n)"
synthetic,1770,generate,New_Code\.venv_sklearn152\Lib\site-packages\scipy\stats\tests\test_mstats_basic.py,"x, y, xm, ym = self.generate_xy_sample(n)"
synthetic,1778,generate,New_Code\.venv_sklearn152\Lib\site-packages\scipy\stats\tests\test_mstats_basic.py,"x, y, xm, ym = self.generate_xy_sample(n)"
synthetic,1792,generate,New_Code\.venv_sklearn152\Lib\site-packages\scipy\stats\tests\test_mstats_basic.py,"x, y, xm, ym = self.generate_xy_sample(n)"
synthetic,1805,generate,New_Code\.venv_sklearn152\Lib\site-packages\scipy\stats\tests\test_mstats_basic.py,"x, y, xm, ym = self.generate_xy_sample(n)"
synthetic,1827,generate,New_Code\.venv_sklearn152\Lib\site-packages\scipy\stats\tests\test_mstats_basic.py,"x, y, xm, ym = self.generate_xy_sample2D(n, nx)"
synthetic,1839,generate,New_Code\.venv_sklearn152\Lib\site-packages\scipy\stats\tests\test_mstats_basic.py,"x, y, xm, ym = self.generate_xy_sample(n)"
synthetic,1865,generate,New_Code\.venv_sklearn152\Lib\site-packages\scipy\stats\tests\test_mstats_basic.py,"x, y, xm, ym = self.generate_xy_sample(n)"
synthetic,1873,generate,New_Code\.venv_sklearn152\Lib\site-packages\scipy\stats\tests\test_mstats_basic.py,"x, y, xm, ym = self.generate_xy_sample(n)"
synthetic,1884,generate,New_Code\.venv_sklearn152\Lib\site-packages\scipy\stats\tests\test_mstats_basic.py,"x, y, xm, ym = self.generate_xy_sample(n)"
synthetic,1902,generate,New_Code\.venv_sklearn152\Lib\site-packages\scipy\stats\tests\test_mstats_basic.py,"x, y, xm, ym = self.generate_xy_sample(n)"
synthetic,1922,generate,New_Code\.venv_sklearn152\Lib\site-packages\scipy\stats\tests\test_mstats_basic.py,"x, y, xm, ym = self.generate_xy_sample(n)"
synthetic,1943,generate,New_Code\.venv_sklearn152\Lib\site-packages\scipy\stats\tests\test_mstats_basic.py,"x, y, xm, ym = self.generate_xy_sample(n)"
synthetic,275,generate,New_Code\.venv_sklearn152\Lib\site-packages\scipy\stats\tests\test_multivariate.py,# Generates random covariance matrix with dimensionality `dim` and
synthetic,276,generator,New_Code\.venv_sklearn152\Lib\site-packages\scipy\stats\tests\test_multivariate.py,# eigenvalues `evals` using provided Generator `rng`. Randomly sets
synthetic,276,generate,New_Code\.venv_sklearn152\Lib\site-packages\scipy\stats\tests\test_multivariate.py,# eigenvalues `evals` using provided Generator `rng`. Randomly sets
synthetic,440,generate,New_Code\.venv_sklearn152\Lib\site-packages\scipy\stats\tests\test_multivariate.py,# Test that we can generate arrays of random variate from a degenerate
synthetic,639,generate,New_Code\.venv_sklearn152\Lib\site-packages\scipy\stats\tests\test_multivariate.py,# The values below were generated by the following R-script:
synthetic,664,generate,New_Code\.venv_sklearn152\Lib\site-packages\scipy\stats\tests\test_multivariate.py,# The values below were generated by the following R-script:
synthetic,681,generate,New_Code\.venv_sklearn152\Lib\site-packages\scipy\stats\tests\test_multivariate.py,# The values below were generated by the following R-script:
synthetic,724,generate,New_Code\.venv_sklearn152\Lib\site-packages\scipy\stats\tests\test_multivariate.py,# Generate large sample and compare sample mean and sample covariance
synthetic,1122,generate,New_Code\.venv_sklearn152\Lib\site-packages\scipy\stats\tests\test_multivariate.py,# Regression test to ensure that we always generate the same stream of
synthetic,1497,generate,New_Code\.venv_sklearn152\Lib\site-packages\scipy\stats\tests\test_multivariate.py,# Get the generated random variables from a known seed
synthetic,1845,generate,New_Code\.venv_sklearn152\Lib\site-packages\scipy\stats\tests\test_multivariate.py,# Get the generated random variables from a known seed
synthetic,1978,generate,New_Code\.venv_sklearn152\Lib\site-packages\scipy\stats\tests\test_multivariate.py,# Generate samples
synthetic,2066,generate,New_Code\.venv_sklearn152\Lib\site-packages\scipy\stats\tests\test_multivariate.py,# Generate samples
synthetic,2098,generate,New_Code\.venv_sklearn152\Lib\site-packages\scipy\stats\tests\test_multivariate.py,"def generate_test_statistics(rvs, N=1000, eps=1e-10):"
synthetic,2107,generate,New_Code\.venv_sklearn152\Lib\site-packages\scipy\stats\tests\test_multivariate.py,expected = generate_test_statistics(random_ortho)
synthetic,2108,generate,New_Code\.venv_sklearn152\Lib\site-packages\scipy\stats\tests\test_multivariate.py,actual = generate_test_statistics(scipy.stats.ortho_group.rvs)
synthetic,2255,generate,New_Code\.venv_sklearn152\Lib\site-packages\scipy\stats\tests\test_multivariate.py,"# generate random, orthogonal vectors"
synthetic,2260,generate,New_Code\.venv_sklearn152\Lib\site-packages\scipy\stats\tests\test_multivariate.py,# generate data and project onto orthogonal vectors
synthetic,2321,generate,New_Code\.venv_sklearn152\Lib\site-packages\scipy\stats\tests\test_multivariate.py,# Generate samples
synthetic,2589,generate,New_Code\.venv_sklearn152\Lib\site-packages\scipy\stats\tests\test_multivariate.py,# Check accuracy against MVN randomly-generated cases
synthetic,2594,generate,New_Code\.venv_sklearn152\Lib\site-packages\scipy\stats\tests\test_multivariate.py,# Check accuracy against MVN for randomly-generated singular cases
synthetic,2818,generate,New_Code\.venv_sklearn152\Lib\site-packages\scipy\stats\tests\test_multivariate.py,"# Generated using np.randn(5, 5) and then rounding"
synthetic,3140,generate,New_Code\.venv_sklearn152\Lib\site-packages\scipy\stats\tests\test_multivariate.py,# The pmf is tested through random sample generation
synthetic,3233,generate,New_Code\.venv_sklearn152\Lib\site-packages\scipy\stats\tests\test_multivariate.py,# test if `rvs` generated with patefield and boyett algorithms
synthetic,3293,generate,New_Code\.venv_sklearn152\Lib\site-packages\scipy\stats\tests\test_multivariate.py,"# generated with the rvs method. This test is not redundant, because"
synthetic,3294,generate,New_Code\.venv_sklearn152\Lib\site-packages\scipy\stats\tests\test_multivariate.py,"# test_pmf_logpmf intentionally uses rvs generation with Boyett only,"
synthetic,3305,generate,New_Code\.venv_sklearn152\Lib\site-packages\scipy\stats\tests\test_multivariate.py,# generated frequencies should match expected frequencies
synthetic,3788,generate,New_Code\.venv_sklearn152\Lib\site-packages\scipy\stats\tests\test_multivariate.py,# Generate a random sample from the distribution using NumPy
synthetic,310,generate,New_Code\.venv_sklearn152\Lib\site-packages\scipy\stats\tests\test_resampling.py,# The expected values in this test were generated using bootstrap
synthetic,353,generate,New_Code\.venv_sklearn152\Lib\site-packages\scipy\stats\tests\test_resampling.py,# The expected values in this test were generated using bootstrap
synthetic,658,generate,New_Code\.venv_sklearn152\Lib\site-packages\scipy\stats\tests\test_resampling.py,# Generate 95% confidence interval around MLE of normal distribution
synthetic,60,generate,New_Code\.venv_sklearn152\Lib\site-packages\scipy\stats\tests\test_sampling.py,"# passed. Moreover, different generators throw different error messages."
synthetic,182,generator,New_Code\.venv_sklearn152\Lib\site-packages\scipy\stats\tests\test_sampling.py,# Generator seed for new NumPy
synthetic,182,generate,New_Code\.venv_sklearn152\Lib\site-packages\scipy\stats\tests\test_sampling.py,# Generator seed for new NumPy
synthetic,184,generator,New_Code\.venv_sklearn152\Lib\site-packages\scipy\stats\tests\test_sampling.py,# member of the class and create a Generator instance.
synthetic,184,generate,New_Code\.venv_sklearn152\Lib\site-packages\scipy\stats\tests\test_sampling.py,# member of the class and create a Generator instance.
synthetic,186,generator,New_Code\.venv_sklearn152\Lib\site-packages\scipy\stats\tests\test_sampling.py,seed2 = np.random.Generator(np.random.MT19937(123))
synthetic,186,generate,New_Code\.venv_sklearn152\Lib\site-packages\scipy\stats\tests\test_sampling.py,seed2 = np.random.Generator(np.random.MT19937(123))
synthetic,988,generate,New_Code\.venv_sklearn152\Lib\site-packages\scipy\stats\tests\test_sampling.py,# 2. check that generated ppf is the same (up to a small tolerance)
synthetic,993,generator,New_Code\.venv_sklearn152\Lib\site-packages\scipy\stats\tests\test_sampling.py,# create generator from dist with only pdf
synthetic,993,generate,New_Code\.venv_sklearn152\Lib\site-packages\scipy\stats\tests\test_sampling.py,# create generator from dist with only pdf
synthetic,1399,generate,New_Code\.venv_sklearn152\Lib\site-packages\scipy\stats\tests\test_stats.py,# Generate rankings with ties
synthetic,1795,generate,New_Code\.venv_sklearn152\Lib\site-packages\scipy\stats\tests\test_stats.py,# Generate rankings with ties
synthetic,3435,generate,New_Code\.venv_sklearn152\Lib\site-packages\scipy\stats\tests\test_stats.py,# Reference values generated with R t.test:
synthetic,4621,generate,New_Code\.venv_sklearn152\Lib\site-packages\scipy\stats\tests\test_stats.py,# Reference values generated with R t.test:
synthetic,4807,generator,New_Code\.venv_sklearn152\Lib\site-packages\scipy\stats\tests\test_stats.py,"p_d_gen = [1/1001, (672 + 1)/1001]  # desired pvalues for Generator seed"
synthetic,4807,generate,New_Code\.venv_sklearn152\Lib\site-packages\scipy\stats\tests\test_stats.py,"p_d_gen = [1/1001, (672 + 1)/1001]  # desired pvalues for Generator seed"
synthetic,6853,generate,New_Code\.venv_sklearn152\Lib\site-packages\scipy\stats\tests\test_stats.py,Data generated in R with
synthetic,8071,generate,New_Code\.venv_sklearn152\Lib\site-packages\scipy\stats\tests\test_stats.py,# generate x and y
synthetic,8087,generate,New_Code\.venv_sklearn152\Lib\site-packages\scipy\stats\tests\test_stats.py,# generate x and y
synthetic,8099,generate,New_Code\.venv_sklearn152\Lib\site-packages\scipy\stats\tests\test_stats.py,# generate x and y
synthetic,8108,generate,New_Code\.venv_sklearn152\Lib\site-packages\scipy\stats\tests\test_stats.py,# generate x and y
synthetic,8120,generate,New_Code\.venv_sklearn152\Lib\site-packages\scipy\stats\tests\test_stats.py,# generate x and y
synthetic,8130,generate,New_Code\.venv_sklearn152\Lib\site-packages\scipy\stats\tests\test_stats.py,# generate x and y
synthetic,8141,generate,New_Code\.venv_sklearn152\Lib\site-packages\scipy\stats\tests\test_stats.py,# generate x and y
synthetic,8156,generate,New_Code\.venv_sklearn152\Lib\site-packages\scipy\stats\tests\test_stats.py,# generate x and y
synthetic,8167,generate,New_Code\.venv_sklearn152\Lib\site-packages\scipy\stats\tests\test_stats.py,# generate x and y
synthetic,8314,generate,New_Code\.venv_sklearn152\Lib\site-packages\scipy\stats\tests\test_stats.py,# expected statistic and p-values generated using R at
synthetic,8324,generate,New_Code\.venv_sklearn152\Lib\site-packages\scipy\stats\tests\test_stats.py,# Most test cases generated to achieve common critical p-values so that
synthetic,42,generate,New_Code\.venv_sklearn152\Lib\site-packages\scipy\stats\tests\test_survival.py,# generate random sample
synthetic,299,generate,New_Code\.venv_sklearn152\Lib\site-packages\scipy\stats\tests\test_survival.py,# Reference values generated with Matlab
synthetic,2,generate,New_Code\.venv_sklearn152\Lib\site-packages\scipy\stats\tests\data\fisher_exact_results_from_r.py,# This file was generated by the R script
synthetic,3,generate,New_Code\.venv_sklearn152\Lib\site-packages\scipy\stats\tests\data\fisher_exact_results_from_r.py,#     generate_fisher_exact_results_from_r.R
synthetic,34,generator,New_Code\.venv_sklearn152\Lib\site-packages\scipy\stats\tests\data\_mvt.py,rng : Generator
synthetic,34,generate,New_Code\.venv_sklearn152\Lib\site-packages\scipy\stats\tests\data\_mvt.py,rng : Generator
synthetic,35,generator,New_Code\.venv_sklearn152\Lib\site-packages\scipy\stats\tests\data\_mvt.py,Pseudorandom number generator
synthetic,35,generate,New_Code\.venv_sklearn152\Lib\site-packages\scipy\stats\tests\data\_mvt.py,Pseudorandom number generator
synthetic,36,generator,New_Code\.venv_sklearn152\Lib\site-packages\scipy\stats\_levy_stable\__init__.py,# Scipy's original Stable was a random variate generator. It
synthetic,36,generate,New_Code\.venv_sklearn152\Lib\site-packages\scipy\stats\_levy_stable\__init__.py,# Scipy's original Stable was a random variate generator. It
synthetic,160,generate,New_Code\.venv_sklearn152\Lib\site-packages\scipy\_lib\decorator.py,# Ensure each generated function has a unique filename for profilers
synthetic,168,generate,New_Code\.venv_sklearn152\Lib\site-packages\scipy\_lib\decorator.py,"print('Error in generated code:', file=sys.stderr)"
synthetic,224,generate,New_Code\.venv_sklearn152\Lib\site-packages\scipy\_lib\decorator.py,doc = (f'decorator({caller.__name__}) converts functions/generators into '
synthetic,251,generate,New_Code\.venv_sklearn152\Lib\site-packages\scipy\_lib\decorator.py,from contextlib import GeneratorContextManager as _GeneratorContextManager
synthetic,1,generate,New_Code\.venv_sklearn152\Lib\site-packages\scipy\_lib\uarray.py,"""""""`uarray` provides functions for generating multimethods that dispatch to"
synthetic,5,generate,New_Code\.venv_sklearn152\Lib\site-packages\scipy\_lib\_gcutils.py,:toctree: generated/
synthetic,317,generate,New_Code\.venv_sklearn152\Lib\site-packages\scipy\_lib\_pep440.py,# Generate a key which will be used for sorting
synthetic,73,generator,New_Code\.venv_sklearn152\Lib\site-packages\scipy\_lib\_util.py,"# Since Generator was introduced in numpy 1.17, the following condition is needed for"
synthetic,73,generate,New_Code\.venv_sklearn152\Lib\site-packages\scipy\_lib\_util.py,"# Since Generator was introduced in numpy 1.17, the following condition is needed for"
synthetic,76,generator,New_Code\.venv_sklearn152\Lib\site-packages\scipy\_lib\_util.py,"SeedType = Optional[Union[IntNumber, np.random.Generator,"
synthetic,76,generate,New_Code\.venv_sklearn152\Lib\site-packages\scipy\_lib\_util.py,"SeedType = Optional[Union[IntNumber, np.random.Generator,"
synthetic,78,generator,New_Code\.venv_sklearn152\Lib\site-packages\scipy\_lib\_util.py,"GeneratorType = TypeVar(""GeneratorType"", bound=Union[np.random.Generator,"
synthetic,78,generate,New_Code\.venv_sklearn152\Lib\site-packages\scipy\_lib\_util.py,"GeneratorType = TypeVar(""GeneratorType"", bound=Union[np.random.Generator,"
synthetic,82,generator,New_Code\.venv_sklearn152\Lib\site-packages\scipy\_lib\_util.py,from numpy.random import Generator as Generator
synthetic,82,generate,New_Code\.venv_sklearn152\Lib\site-packages\scipy\_lib\_util.py,from numpy.random import Generator as Generator
synthetic,84,generator,New_Code\.venv_sklearn152\Lib\site-packages\scipy\_lib\_util.py,class Generator:  # type: ignore[no-redef]
synthetic,84,generate,New_Code\.venv_sklearn152\Lib\site-packages\scipy\_lib\_util.py,class Generator:  # type: ignore[no-redef]
synthetic,250,generator,New_Code\.venv_sklearn152\Lib\site-packages\scipy\_lib\_util.py,"seed : {None, int, `numpy.random.Generator`, `numpy.random.RandomState`}, optional"
synthetic,250,generate,New_Code\.venv_sklearn152\Lib\site-packages\scipy\_lib\_util.py,"seed : {None, int, `numpy.random.Generator`, `numpy.random.RandomState`}, optional"
synthetic,255,generator,New_Code\.venv_sklearn152\Lib\site-packages\scipy\_lib\_util.py,If `seed` is already a ``Generator`` or ``RandomState`` instance then
synthetic,255,generate,New_Code\.venv_sklearn152\Lib\site-packages\scipy\_lib\_util.py,If `seed` is already a ``Generator`` or ``RandomState`` instance then
synthetic,260,generator,New_Code\.venv_sklearn152\Lib\site-packages\scipy\_lib\_util.py,"seed : {`numpy.random.Generator`, `numpy.random.RandomState`}"
synthetic,260,generate,New_Code\.venv_sklearn152\Lib\site-packages\scipy\_lib\_util.py,"seed : {`numpy.random.Generator`, `numpy.random.RandomState`}"
synthetic,261,generator,New_Code\.venv_sklearn152\Lib\site-packages\scipy\_lib\_util.py,Random number generator.
synthetic,261,generate,New_Code\.venv_sklearn152\Lib\site-packages\scipy\_lib\_util.py,Random number generator.
synthetic,268,generator,New_Code\.venv_sklearn152\Lib\site-packages\scipy\_lib\_util.py,"if isinstance(seed, (np.random.RandomState, np.random.Generator)):"
synthetic,268,generate,New_Code\.venv_sklearn152\Lib\site-packages\scipy\_lib\_util.py,"if isinstance(seed, (np.random.RandomState, np.random.Generator)):"
synthetic,532,generator,New_Code\.venv_sklearn152\Lib\site-packages\scipy\_lib\_util.py,"gen : {None, np.random.RandomState, np.random.Generator}"
synthetic,532,generate,New_Code\.venv_sklearn152\Lib\site-packages\scipy\_lib\_util.py,"gen : {None, np.random.RandomState, np.random.Generator}"
synthetic,533,generator,New_Code\.venv_sklearn152\Lib\site-packages\scipy\_lib\_util.py,"Random number generator. If None, then the np.random.RandomState"
synthetic,533,generate,New_Code\.venv_sklearn152\Lib\site-packages\scipy\_lib\_util.py,"Random number generator. If None, then the np.random.RandomState"
synthetic,562,generator,New_Code\.venv_sklearn152\Lib\site-packages\scipy\_lib\_util.py,"if isinstance(gen, Generator):"
synthetic,562,generate,New_Code\.venv_sklearn152\Lib\site-packages\scipy\_lib\_util.py,"if isinstance(gen, Generator):"
synthetic,746,generate,New_Code\.venv_sklearn152\Lib\site-packages\scipy\_lib\_util.py,Generate decorator for backward-compatible keyword renaming.
synthetic,748,generate,New_Code\.venv_sklearn152\Lib\site-packages\scipy\_lib\_util.py,Apply the decorator generated by `_rename_parameter` to functions with a
synthetic,803,generator,New_Code\.venv_sklearn152\Lib\site-packages\scipy\_lib\_util.py,child_rngs = [np.random.Generator(type(bg)(child_ss))
synthetic,803,generate,New_Code\.venv_sklearn152\Lib\site-packages\scipy\_lib\_util.py,child_rngs = [np.random.Generator(type(bg)(child_ss))
synthetic,501,generate,New_Code\.venv_sklearn152\Lib\site-packages\scipy\_lib\array_api_compat\common\_aliases.py,https://data-apis.org/array-api/latest/API_specification/generated/array_api.isdtype.html
synthetic,14,generate,New_Code\.venv_sklearn152\Lib\site-packages\scipy\_lib\array_api_compat\numpy\__init__.py,# It doesn't overwrite np.linalg from above. The import is generated
synthetic,664,generate,New_Code\.venv_sklearn152\Lib\site-packages\scipy\_lib\array_api_compat\torch\_aliases.py,https://data-apis.org/array-api/latest/API_specification/generated/array_api.isdtype.html
synthetic,69,generator,New_Code\.venv_sklearn152\Lib\site-packages\scipy\_lib\tests\test__util.py,rg = np.random.Generator(np.random.PCG64())
synthetic,69,generate,New_Code\.venv_sklearn152\Lib\site-packages\scipy\_lib\tests\test__util.py,rg = np.random.Generator(np.random.PCG64())
synthetic,71,generator,New_Code\.venv_sklearn152\Lib\site-packages\scipy\_lib\tests\test__util.py,"assert_equal(type(rsi), np.random.Generator)"
synthetic,71,generate,New_Code\.venv_sklearn152\Lib\site-packages\scipy\_lib\tests\test__util.py,"assert_equal(type(rsi), np.random.Generator)"
synthetic,172,generator,New_Code\.venv_sklearn152\Lib\site-packages\scipy\_lib\tests\test__util.py,# now try with np.random.Generator
synthetic,172,generate,New_Code\.venv_sklearn152\Lib\site-packages\scipy\_lib\tests\test__util.py,# now try with np.random.Generator
synthetic,27,generate,New_Code\.venv_sklearn152\Lib\site-packages\scipy\_lib\_uarray\_backend.py,"""generate_multimethod"","
synthetic,154,generate,New_Code\.venv_sklearn152\Lib\site-packages\scipy\_lib\_uarray\_backend.py,Creates a decorator for generating multimethods.
synthetic,157,generate,New_Code\.venv_sklearn152\Lib\site-packages\scipy\_lib\_uarray\_backend.py,extractor in order to generate a multimethod. Other than for the
synthetic,159,generate,New_Code\.venv_sklearn152\Lib\site-packages\scipy\_lib\_uarray\_backend.py,:obj:`generate_multimethod`.
synthetic,163,generate,New_Code\.venv_sklearn152\Lib\site-packages\scipy\_lib\_uarray\_backend.py,generate_multimethod
synthetic,164,generate,New_Code\.venv_sklearn152\Lib\site-packages\scipy\_lib\_uarray\_backend.py,Generates a multimethod.
synthetic,168,generate,New_Code\.venv_sklearn152\Lib\site-packages\scipy\_lib\_uarray\_backend.py,"return generate_multimethod(a, *args, **kwargs)"
synthetic,173,generate,New_Code\.venv_sklearn152\Lib\site-packages\scipy\_lib\_uarray\_backend.py,def generate_multimethod(
synthetic,180,generate,New_Code\.venv_sklearn152\Lib\site-packages\scipy\_lib\_uarray\_backend.py,Generates a multimethod.
synthetic,215,generate,New_Code\.venv_sklearn152\Lib\site-packages\scipy\_lib\_uarray\_backend.py,>>> overridden_me = generate_multimethod(
synthetic,226,generate,New_Code\.venv_sklearn152\Lib\site-packages\scipy\_lib\_uarray\_backend.py,>>> overridden_me2 = generate_multimethod(
synthetic,9,generate,New_Code\.venv_sklearn152\Lib\site-packages\scipy\_lib\_uarray\__init__.py,See the documentation of :obj:`generate_multimethod` on how to write multimethods.
synthetic,31,generate,New_Code\.venv_sklearn152\Lib\site-packages\scipy\_lib\_uarray\__init__.py,:obj:`generate_multimethod` to find out how to generate a multimethod
synthetic,47,generate,New_Code\.venv_sklearn152\Lib\site-packages\scipy\_lib\_uarray\__init__.py,>>> overridden_me = ua.generate_multimethod(
synthetic,5,generate,New_Code\.venv_sklearn152\Lib\site-packages\setuptools\build_meta.py,"example, generating a list of installation requirements, the frontend would"
synthetic,134,generate,New_Code\.venv_sklearn152\Lib\site-packages\setuptools\discovery.py,Generate a list of all Python packages found within a directory
synthetic,420,generate,New_Code\.venv_sklearn152\Lib\site-packages\setuptools\dist.py,dotted name of an object to import and call to generate a test suite.
synthetic,649,generate,New_Code\.venv_sklearn152\Lib\site-packages\setuptools\dist.py,# -> 'Including license files in the generated wheel file'
synthetic,1349,generator,New_Code\.venv_sklearn152\Lib\site-packages\setuptools\msvc.py,Microsoft Windows SDK Tools paths generator.
synthetic,1349,generate,New_Code\.venv_sklearn152\Lib\site-packages\setuptools\msvc.py,Microsoft Windows SDK Tools paths generator.
synthetic,1353,generator,New_Code\.venv_sklearn152\Lib\site-packages\setuptools\msvc.py,generator of str
synthetic,1353,generate,New_Code\.venv_sklearn152\Lib\site-packages\setuptools\msvc.py,generator of str
synthetic,24,generate,New_Code\.venv_sklearn152\Lib\site-packages\setuptools\namespaces.py,"# always generate the lines, even in dry run"
synthetic,156,generate,New_Code\.venv_sklearn152\Lib\site-packages\setuptools\package_index.py,"""""""Generate alternative interpretations of a source distro name"
synthetic,162,generate,New_Code\.venv_sklearn152\Lib\site-packages\setuptools\package_index.py,# Generate alternative interpretations of a source distro name
synthetic,165,generate,New_Code\.venv_sklearn152\Lib\site-packages\setuptools\package_index.py,"# So, we generate each possible interpretation (e.g. ""adns, python-1.1.0"""
synthetic,707,generate,New_Code\.venv_sklearn152\Lib\site-packages\setuptools\package_index.py,""" suffix to enable automatic setup script generation."""
synthetic,66,generate,New_Code\.venv_sklearn152\Lib\site-packages\setuptools\command\bdist_egg.py,"('plat-name=', 'p', ""platform name to embed in generated filenames """
synthetic,69,generate,New_Code\.venv_sklearn152\Lib\site-packages\setuptools\command\bdist_egg.py,"""remove all .py files from the generated egg""),"
synthetic,155,generate,New_Code\.venv_sklearn152\Lib\site-packages\setuptools\command\bdist_egg.py,# Generate metadata first
synthetic,51,generate,New_Code\.venv_sklearn152\Lib\site-packages\setuptools\command\build.py,"For example, if a subcommand don't need to generate any extra file and"
synthetic,57,generate,New_Code\.venv_sklearn152\Lib\site-packages\setuptools\command\build.py,"the command **SHOULD** generate these files ""in place"" (i.e. write them to"
synthetic,134,generate,New_Code\.venv_sklearn152\Lib\site-packages\setuptools\command\build.py,in ``get_output_mapping()`` plus files that are generated during the build
synthetic,83,generate,New_Code\.venv_sklearn152\Lib\site-packages\setuptools\command\build_py.py,"""""""Generate list of '(package,src_dir,build_dir,filenames)' tuples"""""""
synthetic,89,generate,New_Code\.venv_sklearn152\Lib\site-packages\setuptools\command\build_py.py,"Generate list of ``(package,src_dir,build_dir,filenames)`` tuples,"
synthetic,90,generate,New_Code\.venv_sklearn152\Lib\site-packages\setuptools\command\develop.py,Generate a path from egg_base back to '.' where the
synthetic,807,generate,New_Code\.venv_sklearn152\Lib\site-packages\setuptools\command\easy_install.py,"""""""Generate a legacy script wrapper and install it"""""""
synthetic,204,generate,New_Code\.venv_sklearn152\Lib\site-packages\setuptools\command\editable_wheel.py,# egg-info may be generated again to create a manifest (used for package data)
synthetic,311,generate,New_Code\.venv_sklearn152\Lib\site-packages\setuptools\command\egg_info.py,"""""""Generate SOURCES.txt manifest file"""""""
synthetic,68,generate,New_Code\.venv_sklearn152\Lib\site-packages\setuptools\command\install_lib.py,Generate file paths to be excluded for namespace packages (bytecode
synthetic,189,generate,New_Code\.venv_sklearn152\Lib\site-packages\setuptools\command\sdist.py,"'# file GENERATED by distutils, do NOT edit\n'.encode())"
synthetic,50,generator,New_Code\.venv_sklearn152\Lib\site-packages\setuptools\config\_validate_pyproject\fastjsonschema_exceptions.py,Exception raised by generator of validation function.
synthetic,50,generate,New_Code\.venv_sklearn152\Lib\site-packages\setuptools\config\_validate_pyproject\fastjsonschema_exceptions.py,Exception raised by generator of validation function.
synthetic,10,generate,New_Code\.venv_sklearn152\Lib\site-packages\setuptools\config\_validate_pyproject\fastjsonschema_validations.py,# *** PLEASE DO NOT MODIFY DIRECTLY: Automatically generated code ***
synthetic,57,generate,New_Code\.venv_sklearn152\Lib\site-packages\setuptools\_distutils\bcppcompiler.py,# Needed for the filename generation methods provided by the
synthetic,69,generate,New_Code\.venv_sklearn152\Lib\site-packages\setuptools\_distutils\ccompiler.py,# Subclasses that rely on the standard filename generation methods
synthetic,889,generate,New_Code\.venv_sklearn152\Lib\site-packages\setuptools\_distutils\ccompiler.py,# -- Filename generation methods -----------------------------------
synthetic,891,generate,New_Code\.venv_sklearn152\Lib\site-packages\setuptools\_distutils\ccompiler.py,# The default implementation of the filename generating methods are
synthetic,914,generate,New_Code\.venv_sklearn152\Lib\site-packages\setuptools\_distutils\ccompiler.py,"#     format string for generating static library filenames,"
synthetic,917,generate,New_Code\.venv_sklearn152\Lib\site-packages\setuptools\_distutils\ccompiler.py,#     format string for generating shared library filenames
synthetic,1093,generate,New_Code\.venv_sklearn152\Lib\site-packages\setuptools\_distutils\ccompiler.py,"""""""Generate an instance of some CCompiler subclass for the supplied"
synthetic,1139,generate,New_Code\.venv_sklearn152\Lib\site-packages\setuptools\_distutils\ccompiler.py,"""""""Generate C pre-processor options (-D, -U, -I) as used by at least"
synthetic,1148,generate,New_Code\.venv_sklearn152\Lib\site-packages\setuptools\_distutils\ccompiler.py,"# XXX it would be nice (mainly aesthetic, and so we don't generate"
synthetic,1184,generate,New_Code\.venv_sklearn152\Lib\site-packages\setuptools\_distutils\ccompiler.py,"""""""Generate linker options for searching library directories and"
synthetic,410,generate,New_Code\.venv_sklearn152\Lib\site-packages\setuptools\_distutils\cmd.py,more input files and generate one output file.  Works just like
synthetic,427,generate,New_Code\.venv_sklearn152\Lib\site-packages\setuptools\_distutils\cmd.py,"exec_msg = ""generating {} from {}"".format(outfile, ', '.join(infiles))"
synthetic,30,generate,New_Code\.venv_sklearn152\Lib\site-packages\setuptools\_distutils\core.py,# This is a barebones help message generated displayed when the user
synthetic,32,generate,New_Code\.venv_sklearn152\Lib\site-packages\setuptools\_distutils\core.py,"# is generated with various --help options: global help, list commands,"
synthetic,192,generate,New_Code\.venv_sklearn152\Lib\site-packages\setuptools\_distutils\cygwinccompiler.py,# generate the filenames for these files
synthetic,195,generate,New_Code\.venv_sklearn152\Lib\site-packages\setuptools\_distutils\cygwinccompiler.py,# Generate .def file
synthetic,628,generate,New_Code\.venv_sklearn152\Lib\site-packages\setuptools\_distutils\dist.py,generate the correct help text.
synthetic,294,generate,New_Code\.venv_sklearn152\Lib\site-packages\setuptools\_distutils\fancy_getopt.py,"def generate_help(self, header=None):  # noqa: C901"
synthetic,295,generate,New_Code\.venv_sklearn152\Lib\site-packages\setuptools\_distutils\fancy_getopt.py,"""""""Generate help text (a list of strings, one per suggested line of"
synthetic,299,generate,New_Code\.venv_sklearn152\Lib\site-packages\setuptools\_distutils\fancy_getopt.py,# 'generate_help()' unless you've already called 'getopt()'.
synthetic,336,generate,New_Code\.venv_sklearn152\Lib\site-packages\setuptools\_distutils\fancy_getopt.py,# Now generate lines of help text.  (If 80 columns were good enough
synthetic,375,generate,New_Code\.venv_sklearn152\Lib\site-packages\setuptools\_distutils\fancy_getopt.py,for line in self.generate_help(header):
synthetic,10,generate,New_Code\.venv_sklearn152\Lib\site-packages\setuptools\_distutils\file_util.py,# for generating verbose output in 'copy_file()'
synthetic,162,generate,New_Code\.venv_sklearn152\Lib\site-packages\setuptools\_distutils\msvc9compiler.py,extensions must be built with a compiler than can generate compatible binaries.
synthetic,340,generate,New_Code\.venv_sklearn152\Lib\site-packages\setuptools\_distutils\msvc9compiler.py,# Needed for the filename generation methods provided by the
synthetic,544,generate,New_Code\.venv_sklearn152\Lib\site-packages\setuptools\_distutils\msvc9compiler.py,#     generated include file
synthetic,546,generate,New_Code\.venv_sklearn152\Lib\site-packages\setuptools\_distutils\msvc9compiler.py,#     generated RC file and the binary message resource
synthetic,659,generate,New_Code\.venv_sklearn152\Lib\site-packages\setuptools\_distutils\msvc9compiler.py,"# The MSVC linker generates .lib and .exp files, which cannot be"
synthetic,661,generate,New_Code\.venv_sklearn152\Lib\site-packages\setuptools\_distutils\msvc9compiler.py,# needed! Make sure they are generated in the temporary build
synthetic,706,generate,New_Code\.venv_sklearn152\Lib\site-packages\setuptools\_distutils\msvc9compiler.py,"# Ask the linker to generate the manifest in the temp dir, so"
synthetic,150,generate,New_Code\.venv_sklearn152\Lib\site-packages\setuptools\_distutils\msvccompiler.py,extensions must be built with a compiler than can generate compatible binaries.
synthetic,245,generate,New_Code\.venv_sklearn152\Lib\site-packages\setuptools\_distutils\msvccompiler.py,# Needed for the filename generation methods provided by the
synthetic,434,generate,New_Code\.venv_sklearn152\Lib\site-packages\setuptools\_distutils\msvccompiler.py,#     generated include file
synthetic,436,generate,New_Code\.venv_sklearn152\Lib\site-packages\setuptools\_distutils\msvccompiler.py,#     generated RC file and the binary message resource
synthetic,549,generate,New_Code\.venv_sklearn152\Lib\site-packages\setuptools\_distutils\msvccompiler.py,"# The MSVC linker generates .lib and .exp files, which cannot be"
synthetic,551,generate,New_Code\.venv_sklearn152\Lib\site-packages\setuptools\_distutils\msvccompiler.py,# needed! Make sure they are generated in the temporary build
synthetic,19,generate,New_Code\.venv_sklearn152\Lib\site-packages\setuptools\_distutils\text_file.py,Provides a 'warn()' method so you can generate warning messages that
synthetic,129,generate,New_Code\.venv_sklearn152\Lib\site-packages\setuptools\_distutils\unixccompiler.py,# Needed for the filename generation methods provided by the base
synthetic,391,generate,New_Code\.venv_sklearn152\Lib\site-packages\setuptools\_distutils\util.py,"generated in indirect mode; unless you know what you're doing, leave"
synthetic,466,generate,New_Code\.venv_sklearn152\Lib\site-packages\setuptools\_distutils\util.py,"# right here, right now.  Note that the script generated in indirect"
synthetic,21,generate,New_Code\.venv_sklearn152\Lib\site-packages\setuptools\_distutils\version.py,an equivalent string -- ie. one that will generate an equivalent
synthetic,23,generate,New_Code\.venv_sklearn152\Lib\site-packages\setuptools\_distutils\version.py,* __repr__ generates Python code to recreate the version number instance
synthetic,106,generate,New_Code\.venv_sklearn152\Lib\site-packages\setuptools\_distutils\version.py,#    __repr__ (self)   - generate Python code to recreate
synthetic,211,generate,New_Code\.venv_sklearn152\Lib\site-packages\setuptools\_distutils\_msvccompiler.py,# Needed for the filename generation methods provided by the
synthetic,387,generate,New_Code\.venv_sklearn152\Lib\site-packages\setuptools\_distutils\_msvccompiler.py,#     generated include file
synthetic,389,generate,New_Code\.venv_sklearn152\Lib\site-packages\setuptools\_distutils\_msvccompiler.py,#     generated RC file and the binary message resource
synthetic,490,generate,New_Code\.venv_sklearn152\Lib\site-packages\setuptools\_distutils\_msvccompiler.py,"# The MSVC linker generates .lib and .exp files, which cannot be"
synthetic,492,generate,New_Code\.venv_sklearn152\Lib\site-packages\setuptools\_distutils\_msvccompiler.py,# needed! Make sure they are generated in the temporary build
synthetic,44,generate,New_Code\.venv_sklearn152\Lib\site-packages\setuptools\_distutils\command\bdist.py,"""platform name to embed in generated filenames """
synthetic,25,generate,New_Code\.venv_sklearn152\Lib\site-packages\setuptools\_distutils\command\bdist_dumb.py,"""platform name to embed in generated filenames """
synthetic,53,generate,New_Code\.venv_sklearn152\Lib\site-packages\setuptools\_distutils\command\bdist_rpm.py,"('source-only', None, ""only generate source RPM""),"
synthetic,54,generate,New_Code\.venv_sklearn152\Lib\site-packages\setuptools\_distutils\command\bdist_rpm.py,"('binary-only', None, ""only generate binary RPM""),"
synthetic,413,generate,New_Code\.venv_sklearn152\Lib\site-packages\setuptools\_distutils\command\bdist_rpm.py,"""""""Generate the text of an RPM spec file and return it as a"
synthetic,429,generate,New_Code\.venv_sklearn152\Lib\site-packages\setuptools\_distutils\command\bdist_rpm.py,# Generate a potential replacement value for __os_install_post (whilst
synthetic,588,generate,New_Code\.venv_sklearn152\Lib\site-packages\setuptools\_distutils\command\build_ext.py,by the generated C (or C++) files.
synthetic,594,generate,New_Code\.venv_sklearn152\Lib\site-packages\setuptools\_distutils\command\build_ext.py,"# XXX this drops generated C/C++ files into the source tree, which"
synthetic,595,generate,New_Code\.venv_sklearn152\Lib\site-packages\setuptools\_distutils\command\build_ext.py,# is fine for developers who want to distribute the generated
synthetic,664,generate,New_Code\.venv_sklearn152\Lib\site-packages\setuptools\_distutils\command\build_ext.py,# -- Name generators -----------------------------------------------
synthetic,102,generate,New_Code\.venv_sklearn152\Lib\site-packages\setuptools\_distutils\command\build_py.py,"""""""Generate list of '(package,src_dir,build_dir,filenames)' tuples"""""""
synthetic,39,generate,New_Code\.venv_sklearn152\Lib\site-packages\setuptools\_distutils\command\config.py,"""dump generated source files before attempting to compile them"","
synthetic,57,generate,New_Code\.venv_sklearn152\Lib\site-packages\setuptools\_distutils\command\config.py,# list of temporary files generated along-the-way that we have
synthetic,239,generate,New_Code\.venv_sklearn152\Lib\site-packages\setuptools\_distutils\command\install.py,"# ('doc-format=', None, ""format of documentation to generate""),"
synthetic,33,generate,New_Code\.venv_sklearn152\Lib\site-packages\setuptools\_distutils\command\install_lib.py,"# generate .pyc files.  'optimize' is three-way (0, 1, or 2), and"
synthetic,34,generate,New_Code\.venv_sklearn152\Lib\site-packages\setuptools\_distutils\command\install_lib.py,# decides both whether to generate .pyc files and what level of
synthetic,134,generate,New_Code\.venv_sklearn152\Lib\site-packages\setuptools\_distutils\command\install_lib.py,# should at least generate usable bytecode in RPM distributions.
synthetic,153,generate,New_Code\.venv_sklearn152\Lib\site-packages\setuptools\_distutils\command\register.py,"3. have the server generate a new password for you (and email it to you), or"
synthetic,421,generate,New_Code\.venv_sklearn152\Lib\site-packages\setuptools\_distutils\command\sdist.py,"content.insert(0, '# file GENERATED by distutils, do NOT edit')"
synthetic,438,generate,New_Code\.venv_sklearn152\Lib\site-packages\setuptools\_distutils\command\sdist.py,"return first_line != '# file GENERATED by distutils, do NOT edit\n'"
synthetic,21,generate,New_Code\.venv_sklearn152\Lib\site-packages\setuptools\_vendor\zipp.py,"posixpath.sep, generate all parents of that path."
synthetic,40,generate,New_Code\.venv_sklearn152\Lib\site-packages\setuptools\_vendor\zipp.py,"posixpath.sep, generate all elements of that path"
synthetic,653,generate,New_Code\.venv_sklearn152\Lib\site-packages\setuptools\_vendor\importlib_metadata\__init__.py,"""""""Generated requirements specified for this Distribution"""""""
synthetic,378,generator,New_Code\.venv_sklearn152\Lib\site-packages\setuptools\_vendor\jaraco\functools.py,Convert a generator into a function that prints all yielded elements
synthetic,378,generate,New_Code\.venv_sklearn152\Lib\site-packages\setuptools\_vendor\jaraco\functools.py,Convert a generator into a function that prints all yielded elements
synthetic,171,generator,New_Code\.venv_sklearn152\Lib\site-packages\setuptools\_vendor\more_itertools\more.py,:func:`first` is useful when you have a generator of expensive-to-retrieve
synthetic,171,generate,New_Code\.venv_sklearn152\Lib\site-packages\setuptools\_vendor\more_itertools\more.py,:func:`first` is useful when you have a generator of expensive-to-retrieve
synthetic,587,generate,New_Code\.venv_sklearn152\Lib\site-packages\setuptools\_vendor\more_itertools\more.py,generated and thrown away. For larger input sequences this is much more
synthetic,1356,generator,New_Code\.venv_sklearn152\Lib\site-packages\setuptools\_vendor\more_itertools\more.py,# be consumed by islice in case it is a generator
synthetic,1356,generate,New_Code\.venv_sklearn152\Lib\site-packages\setuptools\_vendor\more_itertools\more.py,# be consumed by islice in case it is a generator
synthetic,3028,generate,New_Code\.venv_sklearn152\Lib\site-packages\setuptools\_vendor\more_itertools\more.py,"If *k* is not given, every set partition is generated."
synthetic,3078,generator,New_Code\.venv_sklearn152\Lib\site-packages\setuptools\_vendor\more_itertools\more.py,>>> def generator():
synthetic,3078,generate,New_Code\.venv_sklearn152\Lib\site-packages\setuptools\_vendor\more_itertools\more.py,>>> def generator():
synthetic,3083,generator,New_Code\.venv_sklearn152\Lib\site-packages\setuptools\_vendor\more_itertools\more.py,">>> iterable = time_limited(0.1, generator())"
synthetic,3083,generate,New_Code\.venv_sklearn152\Lib\site-packages\setuptools\_vendor\more_itertools\more.py,">>> iterable = time_limited(0.1, generator())"
synthetic,3091,generate,New_Code\.venv_sklearn152\Lib\site-packages\setuptools\_vendor\more_itertools\more.py,"limit is 1 second, but it takes 2 seconds to generate the first item from"
synthetic,3201,generate,New_Code\.venv_sklearn152\Lib\site-packages\setuptools\_vendor\more_itertools\more.py,generated and thrown away. For larger input sequences this is much more
synthetic,3211,generate,New_Code\.venv_sklearn152\Lib\site-packages\setuptools\_vendor\more_itertools\more.py,"generators = [unique_everseen(enumerate(pool), key=itemgetter(1))]"
synthetic,3214,generate,New_Code\.venv_sklearn152\Lib\site-packages\setuptools\_vendor\more_itertools\more.py,while generators:
synthetic,3216,generate,New_Code\.venv_sklearn152\Lib\site-packages\setuptools\_vendor\more_itertools\more.py,"cur_idx, p = next(generators[-1])"
synthetic,3218,generate,New_Code\.venv_sklearn152\Lib\site-packages\setuptools\_vendor\more_itertools\more.py,generators.pop()
synthetic,3225,generate,New_Code\.venv_sklearn152\Lib\site-packages\setuptools\_vendor\more_itertools\more.py,generators.append(
synthetic,3286,generate,New_Code\.venv_sklearn152\Lib\site-packages\setuptools\_vendor\more_itertools\more.py,"# Generate random number that's the largest in a sample of k U(0,1) numbers"
synthetic,3328,generate,New_Code\.venv_sklearn152\Lib\site-packages\setuptools\_vendor\more_itertools\more.py,"r_2 = uniform(t_w, 1)  # generate U(t_w, 1)"
synthetic,3356,generate,New_Code\.venv_sklearn152\Lib\site-packages\setuptools\_vendor\more_itertools\more.py,The algorithm can also be used to generate weighted random permutations.
synthetic,362,generate,New_Code\.venv_sklearn152\Lib\site-packages\setuptools\_vendor\more_itertools\recipes.py,in the output. Use :func:`unique_everseen` on the input to avoid generating
synthetic,352,generate,New_Code\.venv_sklearn152\Lib\site-packages\setuptools\_vendor\packaging\tags.py,generate platform tags for. The `arch` parameter is the CPU architecture to
synthetic,353,generate,New_Code\.venv_sklearn152\Lib\site-packages\setuptools\_vendor\packaging\tags.py,generate platform tags for. Both parameters default to the appropriate value
synthetic,280,generate,New_Code\.venv_sklearn152\Lib\site-packages\setuptools\_vendor\packaging\version.py,# Generate a key which will be used for sorting
synthetic,111,generate,New_Code\.venv_sklearn152\Lib\site-packages\setuptools\_vendor\packaging\_musllinux.py,"""""""Generate musllinux tags compatible to the current platform."
synthetic,11,generator,New_Code\.venv_sklearn152\Lib\site-packages\setuptools\_vendor\pyparsing\core.py,"Generator,"
synthetic,11,generate,New_Code\.venv_sklearn152\Lib\site-packages\setuptools\_vendor\pyparsing\core.py,"Generator,"
synthetic,230,generate,New_Code\.venv_sklearn152\Lib\site-packages\setuptools\_vendor\pyparsing\core.py,_generatorType = types.GeneratorType
synthetic,1153,generator,New_Code\.venv_sklearn152\Lib\site-packages\setuptools\_vendor\pyparsing\core.py,") -> Generator[Tuple[ParseResults, int, int], None, None]:"
synthetic,1153,generate,New_Code\.venv_sklearn152\Lib\site-packages\setuptools\_vendor\pyparsing\core.py,") -> Generator[Tuple[ParseResults, int, int], None, None]:"
synthetic,1327,generator,New_Code\.venv_sklearn152\Lib\site-packages\setuptools\_vendor\pyparsing\core.py,") -> Generator[str, None, None]:"
synthetic,1327,generate,New_Code\.venv_sklearn152\Lib\site-packages\setuptools\_vendor\pyparsing\core.py,") -> Generator[str, None, None]:"
synthetic,1329,generator,New_Code\.venv_sklearn152\Lib\site-packages\setuptools\_vendor\pyparsing\core.py,Generator method to split a string using the given expression as a separator.
synthetic,1329,generate,New_Code\.venv_sklearn152\Lib\site-packages\setuptools\_vendor\pyparsing\core.py,Generator method to split a string using the given expression as a separator.
synthetic,1859,generate,New_Code\.venv_sklearn152\Lib\site-packages\setuptools\_vendor\pyparsing\core.py,"# This will use a user-defined name if available, but otherwise defaults back to the auto-generated name"
synthetic,2157,generate,New_Code\.venv_sklearn152\Lib\site-packages\setuptools\_vendor\pyparsing\core.py,- output_html (str or file-like object) - output target for generated
synthetic,2172,generate,New_Code\.venv_sklearn152\Lib\site-packages\setuptools\_vendor\pyparsing\core.py,"""must ``pip install pyparsing[diagrams]`` to generate parser railroad diagrams"""
synthetic,5770,generate,New_Code\.venv_sklearn152\Lib\site-packages\setuptools\_vendor\pyparsing\core.py,generating railroad diagram with named subdiagrams.
synthetic,220,generate,New_Code\.venv_sklearn152\Lib\site-packages\setuptools\_vendor\pyparsing\helpers.py,"generate a :class:`Regex` object; otherwise, will generate"
synthetic,224,generate,New_Code\.venv_sklearn152\Lib\site-packages\setuptools\_vendor\pyparsing\helpers.py,generated expressions - (default= ``False``)
synthetic,735,generate,New_Code\.venv_sklearn152\Lib\site-packages\setuptools\_vendor\pyparsing\helpers.py,attached to operator expressions. The generated parser will also
synthetic,305,generate,New_Code\.venv_sklearn152\Lib\site-packages\setuptools\_vendor\pyparsing\diagram\__init__.py,#: A dictionary mapping ParserElement IDs to subdiagrams generated from them
synthetic,327,generate,New_Code\.venv_sklearn152\Lib\site-packages\setuptools\_vendor\pyparsing\diagram\__init__.py,def generate_unnamed(self) -> int:
synthetic,329,generate,New_Code\.venv_sklearn152\Lib\site-packages\setuptools\_vendor\pyparsing\diagram\__init__.py,Generate a number used in the name of an otherwise unnamed diagram
synthetic,334,generate,New_Code\.venv_sklearn152\Lib\site-packages\setuptools\_vendor\pyparsing\diagram\__init__.py,def generate_index(self) -> int:
synthetic,336,generate,New_Code\.venv_sklearn152\Lib\site-packages\setuptools\_vendor\pyparsing\diagram\__init__.py,Generate a number used to index a diagram
synthetic,460,generate,New_Code\.venv_sklearn152\Lib\site-packages\setuptools\_vendor\pyparsing\diagram\__init__.py,":param name_hint: If provided, this will override the generated name"
synthetic,591,generate,New_Code\.venv_sklearn152\Lib\site-packages\setuptools\_vendor\pyparsing\diagram\__init__.py,"number=lookup.generate_index(),"
synthetic,586,generate,New_Code\.venv_sklearn152\Lib\site-packages\sklearn\base.py,`estimator=self` is automatically added to these dicts to generate
synthetic,599,generate,New_Code\.venv_sklearn152\Lib\site-packages\sklearn\base.py,`estimator=self` is automatically added to these params to generate
synthetic,1133,generate,New_Code\.venv_sklearn152\Lib\site-packages\sklearn\base.py,then the following input feature names are generated:
synthetic,1148,generate,New_Code\.venv_sklearn152\Lib\site-packages\sklearn\base.py,"""""""Mixin class for transformers that generate their own names by prefixing."
synthetic,1150,generate,New_Code\.venv_sklearn152\Lib\site-packages\sklearn\base.py,This mixin is useful when the transformer needs to generate its own feature
synthetic,1152,generate,New_Code\.venv_sklearn152\Lib\site-packages\sklearn\base.py,":class:`~sklearn.decomposition.PCA` outputs 3 features, then the generated feature"
synthetic,113,generator,New_Code\.venv_sklearn152\Lib\site-packages\sklearn\calibration.py,"cv : int, cross-validation generator, iterable or ""prefit"", \"
synthetic,113,generate,New_Code\.venv_sklearn152\Lib\site-packages\sklearn\calibration.py,"cv : int, cross-validation generator, iterable or ""prefit"", \"
synthetic,406,generator,New_Code\.venv_sklearn152\Lib\site-packages\sklearn\calibration.py,"""Please use a cross-validation generator that allows """
synthetic,406,generate,New_Code\.venv_sklearn152\Lib\site-packages\sklearn\calibration.py,"""Please use a cross-validation generator that allows """
synthetic,183,generate,New_Code\.venv_sklearn152\Lib\site-packages\sklearn\discriminant_analysis.py,"A classifier with a linear decision boundary, generated by fitting class"
synthetic,769,generate,New_Code\.venv_sklearn152\Lib\site-packages\sklearn\discriminant_analysis.py,"A classifier with a quadratic decision boundary, generated"
synthetic,62,generate,New_Code\.venv_sklearn152\Lib\site-packages\sklearn\dummy.py,Strategy to use to generate predictions.
synthetic,80,generate,New_Code\.venv_sklearn152\Lib\site-packages\sklearn\dummy.py,"* ""uniform"": generates predictions uniformly at random from the list"
synthetic,92,generate,New_Code\.venv_sklearn152\Lib\site-packages\sklearn\dummy.py,Controls the randomness to generate the predictions when
synthetic,478,generate,New_Code\.venv_sklearn152\Lib\site-packages\sklearn\dummy.py,Strategy to use to generate predictions.
synthetic,74,generate,New_Code\.venv_sklearn152\Lib\site-packages\sklearn\kernel_approximation.py,Determines random number generation for indexHash and bitHash
synthetic,181,generate,New_Code\.venv_sklearn152\Lib\site-packages\sklearn\kernel_approximation.py,"""""""Generate the feature map approximation for X."
synthetic,266,generator,New_Code\.venv_sklearn152\Lib\site-packages\sklearn\kernel_approximation.py,Pseudo-random number generator to control the generation of the random
synthetic,266,generate,New_Code\.venv_sklearn152\Lib\site-packages\sklearn\kernel_approximation.py,Pseudo-random number generator to control the generation of the random
synthetic,431,generator,New_Code\.venv_sklearn152\Lib\site-packages\sklearn\kernel_approximation.py,Pseudo-random number generator to control the generation of the random
synthetic,431,generate,New_Code\.venv_sklearn152\Lib\site-packages\sklearn\kernel_approximation.py,Pseudo-random number generator to control the generation of the random
synthetic,753,generate,New_Code\.venv_sklearn152\Lib\site-packages\sklearn\kernel_approximation.py,"self, input_features, generate_names=True"
synthetic,866,generator,New_Code\.venv_sklearn152\Lib\site-packages\sklearn\kernel_approximation.py,Pseudo-random number generator to control the uniform sampling without
synthetic,866,generate,New_Code\.venv_sklearn152\Lib\site-packages\sklearn\kernel_approximation.py,Pseudo-random number generator to control the uniform sampling without
synthetic,1052,generator,New_Code\.venv_sklearn152\Lib\site-packages\sklearn\multiclass.py,The generator used to initialize the codebook.
synthetic,1052,generate,New_Code\.venv_sklearn152\Lib\site-packages\sklearn\multiclass.py,The generator used to initialize the codebook.
synthetic,1191,generate,New_Code\.venv_sklearn152\Lib\site-packages\sklearn\multiclass.py,# FIXME: there are more elaborate methods than generating the codebook
synthetic,304,generate,New_Code\.venv_sklearn152\Lib\site-packages\sklearn\multioutput.py,Note: Separate models are generated for each predictor.
synthetic,870,generator,New_Code\.venv_sklearn152\Lib\site-packages\sklearn\multioutput.py,"cv : int, cross-validation generator or an iterable, default=None"
synthetic,870,generate,New_Code\.venv_sklearn152\Lib\site-packages\sklearn\multioutput.py,"cv : int, cross-validation generator or an iterable, default=None"
synthetic,894,generate,New_Code\.venv_sklearn152\Lib\site-packages\sklearn\multioutput.py,"If ``order='random'``, determines random number generation for the"
synthetic,1139,generator,New_Code\.venv_sklearn152\Lib\site-packages\sklearn\multioutput.py,"cv : int, cross-validation generator or an iterable, default=None"
synthetic,1139,generate,New_Code\.venv_sklearn152\Lib\site-packages\sklearn\multioutput.py,"cv : int, cross-validation generator or an iterable, default=None"
synthetic,1150,generate,New_Code\.venv_sklearn152\Lib\site-packages\sklearn\multioutput.py,"If ``order='random'``, determines random number generation for the"
synthetic,277,generate,New_Code\.venv_sklearn152\Lib\site-packages\sklearn\pipeline.py,"Generate (idx, (name, trans)) tuples from self.steps"
synthetic,588,generate,New_Code\.venv_sklearn152\Lib\site-packages\sklearn\pipeline.py,generated by the transformations in the pipeline are not propagated
synthetic,656,generate,New_Code\.venv_sklearn152\Lib\site-packages\sklearn\pipeline.py,generated by the transformations in the pipeline are not propagated
synthetic,1197,generate,New_Code\.venv_sklearn152\Lib\site-packages\sklearn\pipeline.py,"""""""Generate names for estimators."""""""
synthetic,1380,generate,New_Code\.venv_sklearn152\Lib\site-packages\sklearn\pipeline.py,with the name of the transformer that generated that feature.
synthetic,1554,generate,New_Code\.venv_sklearn152\Lib\site-packages\sklearn\pipeline.py,"Generate (name, trans, weight) tuples excluding None and"
synthetic,157,generate,New_Code\.venv_sklearn152\Lib\site-packages\sklearn\random_projection.py,"""""""Factorize argument checking for random matrix generation."""""""
synthetic,167,generate,New_Code\.venv_sklearn152\Lib\site-packages\sklearn\random_projection.py,"""""""Generate a dense Gaussian random matrix."
synthetic,184,generator,New_Code\.venv_sklearn152\Lib\site-packages\sklearn\random_projection.py,Controls the pseudo random number generator used to generate the matrix
synthetic,184,generate,New_Code\.venv_sklearn152\Lib\site-packages\sklearn\random_projection.py,Controls the pseudo random number generator used to generate the matrix
synthetic,192,generate,New_Code\.venv_sklearn152\Lib\site-packages\sklearn\random_projection.py,The generated Gaussian random matrix.
synthetic,241,generator,New_Code\.venv_sklearn152\Lib\site-packages\sklearn\random_projection.py,Controls the pseudo random number generator used to generate the matrix
synthetic,241,generate,New_Code\.venv_sklearn152\Lib\site-packages\sklearn\random_projection.py,Controls the pseudo random number generator used to generate the matrix
synthetic,249,generate,New_Code\.venv_sklearn152\Lib\site-packages\sklearn\random_projection.py,The generated Gaussian random matrix. Sparse matrix will be of CSR
synthetic,272,generate,New_Code\.venv_sklearn152\Lib\site-packages\sklearn\random_projection.py,# skip index generation if totally dense
synthetic,277,generate,New_Code\.venv_sklearn152\Lib\site-packages\sklearn\random_projection.py,# Generate location of non zero elements
synthetic,339,generate,New_Code\.venv_sklearn152\Lib\site-packages\sklearn\random_projection.py,"""""""Generate the random projection matrix."
synthetic,352,generate,New_Code\.venv_sklearn152\Lib\site-packages\sklearn\random_projection.py,The generated random matrix. Sparse matrix will be of CSR format.
synthetic,365,generate,New_Code\.venv_sklearn152\Lib\site-packages\sklearn\random_projection.py,"""""""Generate a sparse random projection matrix."
synthetic,418,generate,New_Code\.venv_sklearn152\Lib\site-packages\sklearn\random_projection.py,"# Generate a projection matrix of size [n_components, n_features]"
synthetic,503,generator,New_Code\.venv_sklearn152\Lib\site-packages\sklearn\random_projection.py,Controls the pseudo random number generator used to generate the
synthetic,503,generate,New_Code\.venv_sklearn152\Lib\site-packages\sklearn\random_projection.py,Controls the pseudo random number generator used to generate the
synthetic,566,generate,New_Code\.venv_sklearn152\Lib\site-packages\sklearn\random_projection.py,"""""""Generate the random projection matrix."
synthetic,579,generate,New_Code\.venv_sklearn152\Lib\site-packages\sklearn\random_projection.py,The generated random matrix.
synthetic,678,generator,New_Code\.venv_sklearn152\Lib\site-packages\sklearn\random_projection.py,Controls the pseudo random number generator used to generate the
synthetic,678,generate,New_Code\.venv_sklearn152\Lib\site-packages\sklearn\random_projection.py,Controls the pseudo random number generator used to generate the
synthetic,769,generate,New_Code\.venv_sklearn152\Lib\site-packages\sklearn\random_projection.py,"""""""Generate the random projection matrix"
synthetic,782,generate,New_Code\.venv_sklearn152\Lib\site-packages\sklearn\random_projection.py,The generated random matrix in CSR format.
synthetic,242,generator,New_Code\.venv_sklearn152\Lib\site-packages\sklearn\cluster\_affinity_propagation.py,Pseudo-random number generator to control the starting state.
synthetic,242,generate,New_Code\.venv_sklearn152\Lib\site-packages\sklearn\cluster\_affinity_propagation.py,Pseudo-random number generator to control the starting state.
synthetic,352,generator,New_Code\.venv_sklearn152\Lib\site-packages\sklearn\cluster\_affinity_propagation.py,Pseudo-random number generator to control the starting state.
synthetic,352,generate,New_Code\.venv_sklearn152\Lib\site-packages\sklearn\cluster\_affinity_propagation.py,Pseudo-random number generator to control the starting state.
synthetic,135,generate,New_Code\.venv_sklearn152\Lib\site-packages\sklearn\cluster\_agglomerative.py,The parent array is then generated by walking through the tree.
synthetic,146,generate,New_Code\.venv_sklearn152\Lib\site-packages\sklearn\cluster\_agglomerative.py,# Use scipy.sparse.csgraph to generate a minimum spanning tree
synthetic,344,generator,New_Code\.venv_sklearn152\Lib\site-packages\sklearn\cluster\_agglomerative.py,# Generator expressions are faster than arrays on the following
synthetic,344,generate,New_Code\.venv_sklearn152\Lib\site-packages\sklearn\cluster\_agglomerative.py,# Generator expressions are faster than arrays on the following
synthetic,646,generator,New_Code\.venv_sklearn152\Lib\site-packages\sklearn\cluster\_agglomerative.py,# Generator expressions are faster than arrays on the following
synthetic,646,generate,New_Code\.venv_sklearn152\Lib\site-packages\sklearn\cluster\_agglomerative.py,# Generator expressions are faster than arrays on the following
synthetic,88,generate,New_Code\.venv_sklearn152\Lib\site-packages\sklearn\cluster\_bisect_k_means.py,centroids to generate.
synthetic,110,generate,New_Code\.venv_sklearn152\Lib\site-packages\sklearn\cluster\_bisect_k_means.py,Determines random number generation for centroid initialization
synthetic,27,generate,New_Code\.venv_sklearn152\Lib\site-packages\sklearn\cluster\_feature_agglomeration.py,# This prevents ``set_split_inverse_transform`` to be generated for the
synthetic,107,generate,New_Code\.venv_sklearn152\Lib\site-packages\sklearn\cluster\_kmeans.py,Determines random number generation for centroid initialization. Pass
synthetic,202,generator,New_Code\.venv_sklearn152\Lib\site-packages\sklearn\cluster\_kmeans.py,The generator used to initialize the centers.
synthetic,202,generate,New_Code\.venv_sklearn152\Lib\site-packages\sklearn\cluster\_kmeans.py,The generator used to initialize the centers.
synthetic,333,generate,New_Code\.venv_sklearn152\Lib\site-packages\sklearn\cluster\_kmeans.py,centroids to generate.
synthetic,381,generate,New_Code\.venv_sklearn152\Lib\site-packages\sklearn\cluster\_kmeans.py,Determines random number generation for centroid initialization. Use
synthetic,987,generate,New_Code\.venv_sklearn152\Lib\site-packages\sklearn\cluster\_kmeans.py,Determines random number generation for centroid initialization.
synthetic,1206,generate,New_Code\.venv_sklearn152\Lib\site-packages\sklearn\cluster\_kmeans.py,centroids to generate.
synthetic,1263,generate,New_Code\.venv_sklearn152\Lib\site-packages\sklearn\cluster\_kmeans.py,Determines random number generation for centroid initialization. Use
synthetic,1603,generate,New_Code\.venv_sklearn152\Lib\site-packages\sklearn\cluster\_kmeans.py,Determines random number generation for low count centers reassignment.
synthetic,1698,generate,New_Code\.venv_sklearn152\Lib\site-packages\sklearn\cluster\_kmeans.py,centroids to generate.
synthetic,1740,generate,New_Code\.venv_sklearn152\Lib\site-packages\sklearn\cluster\_kmeans.py,Determines random number generation for centroid initialization and
synthetic,64,generator,New_Code\.venv_sklearn152\Lib\site-packages\sklearn\cluster\_mean_shift.py,The generator used to randomly select the samples from input points
synthetic,64,generate,New_Code\.venv_sklearn152\Lib\site-packages\sklearn\cluster\_mean_shift.py,The generator used to randomly select the samples from input points
synthetic,80,generate,New_Code\.venv_sklearn152\Lib\site-packages\sklearn\cluster\_spectral.py,Determines random number generation for rotation matrix initialization.
synthetic,246,generator,New_Code\.venv_sklearn152\Lib\site-packages\sklearn\cluster\_spectral.py,A pseudo random number generator used for the initialization
synthetic,246,generate,New_Code\.venv_sklearn152\Lib\site-packages\sklearn\cluster\_spectral.py,A pseudo random number generator used for the initialization
synthetic,420,generator,New_Code\.venv_sklearn152\Lib\site-packages\sklearn\cluster\_spectral.py,A pseudo random number generator used for the initialization
synthetic,420,generate,New_Code\.venv_sklearn152\Lib\site-packages\sklearn\cluster\_spectral.py,A pseudo random number generator used for the initialization
synthetic,9,generate,New_Code\.venv_sklearn152\Lib\site-packages\sklearn\cluster\tests\common.py,# Generate sample data
synthetic,12,generate,New_Code\.venv_sklearn152\Lib\site-packages\sklearn\cluster\tests\common.py,def generate_clustered_data(
synthetic,154,generator,New_Code\.venv_sklearn152\Lib\site-packages\sklearn\cluster\tests\test_bicluster.py,generator = np.random.RandomState(global_random_seed)
synthetic,154,generate,New_Code\.venv_sklearn152\Lib\site-packages\sklearn\cluster\tests\test_bicluster.py,generator = np.random.RandomState(global_random_seed)
synthetic,155,generator,New_Code\.venv_sklearn152\Lib\site-packages\sklearn\cluster\tests\test_bicluster.py,"X = generator.rand(100, 100)"
synthetic,155,generate,New_Code\.venv_sklearn152\Lib\site-packages\sklearn\cluster\tests\test_bicluster.py,"X = generator.rand(100, 100)"
synthetic,165,generator,New_Code\.venv_sklearn152\Lib\site-packages\sklearn\cluster\tests\test_bicluster.py,generator = np.random.RandomState(global_random_seed)
synthetic,165,generate,New_Code\.venv_sklearn152\Lib\site-packages\sklearn\cluster\tests\test_bicluster.py,generator = np.random.RandomState(global_random_seed)
synthetic,166,generator,New_Code\.venv_sklearn152\Lib\site-packages\sklearn\cluster\tests\test_bicluster.py,"X = generator.rand(100, 100)"
synthetic,166,generate,New_Code\.venv_sklearn152\Lib\site-packages\sklearn\cluster\tests\test_bicluster.py,"X = generator.rand(100, 100)"
synthetic,177,generator,New_Code\.venv_sklearn152\Lib\site-packages\sklearn\cluster\tests\test_bicluster.py,generator = np.random.RandomState(global_random_seed)
synthetic,177,generate,New_Code\.venv_sklearn152\Lib\site-packages\sklearn\cluster\tests\test_bicluster.py,generator = np.random.RandomState(global_random_seed)
synthetic,178,generator,New_Code\.venv_sklearn152\Lib\site-packages\sklearn\cluster\tests\test_bicluster.py,"mat = generator.rand(100, 100)"
synthetic,178,generate,New_Code\.venv_sklearn152\Lib\site-packages\sklearn\cluster\tests\test_bicluster.py,"mat = generator.rand(100, 100)"
synthetic,9,generate,New_Code\.venv_sklearn152\Lib\site-packages\sklearn\cluster\tests\test_birch.py,from sklearn.cluster.tests.common import generate_clustered_data
synthetic,52,generate,New_Code\.venv_sklearn152\Lib\site-packages\sklearn\cluster\tests\test_birch.py,"X = generate_clustered_data(n_clusters=3, n_features=3, n_samples_per_cluster=10)"
synthetic,13,generate,New_Code\.venv_sklearn152\Lib\site-packages\sklearn\cluster\tests\test_dbscan.py,from sklearn.cluster.tests.common import generate_clustered_data
synthetic,20,generate,New_Code\.venv_sklearn152\Lib\site-packages\sklearn\cluster\tests\test_dbscan.py,X = generate_clustered_data(n_clusters=n_clusters)
synthetic,176,generate,New_Code\.venv_sklearn152\Lib\site-packages\sklearn\cluster\tests\test_hdbscan.py,Tests that HDBSCAN can generate a sufficiently accurate dbscan clustering.
synthetic,226,generate,New_Code\.venv_sklearn152\Lib\site-packages\sklearn\cluster\tests\test_hdbscan.py,Tests that HDBSCAN correctly does not generate a valid cluster when the
synthetic,358,synthetic,New_Code\.venv_sklearn152\Lib\site-packages\sklearn\cluster\tests\test_hdbscan.py,Validate that HDBSCAN can properly cluster this difficult synthetic
synthetic,118,synthetic,New_Code\.venv_sklearn152\Lib\site-packages\sklearn\cluster\tests\test_k_means.py,# Synthetic dataset with 3 obvious clusters of different sizes
synthetic,11,generate,New_Code\.venv_sklearn152\Lib\site-packages\sklearn\cluster\tests\test_optics.py,from sklearn.cluster.tests.common import generate_clustered_data
synthetic,167,generate,New_Code\.venv_sklearn152\Lib\site-packages\sklearn\cluster\tests\test_optics.py,X = generate_clustered_data(n_clusters=n_clusters)
synthetic,1003,generate,New_Code\.venv_sklearn152\Lib\site-packages\sklearn\cluster\_hdbscan\hdbscan.py,The mutual reachability distance cut value to use to generate a
synthetic,1024,generate,New_Code\.venv_sklearn152\Lib\site-packages\sklearn\cluster\_hdbscan\hdbscan.py,# Infer indices from labels generated during `fit`
synthetic,63,generate,New_Code\.venv_sklearn152\Lib\site-packages\sklearn\compose\_column_transformer.py,to be transformed separately and the features generated by each transformer
synthetic,138,generate,New_Code\.venv_sklearn152\Lib\site-packages\sklearn\compose\_column_transformer.py,all feature names with the name of the transformer that generated that
synthetic,423,generate,New_Code\.venv_sklearn152\Lib\site-packages\sklearn\compose\_column_transformer.py,"Generate (name, trans, columns, weight) tuples."
synthetic,446,generator,New_Code\.venv_sklearn152\Lib\site-packages\sklearn\compose\_column_transformer.py,A generator of tuples containing:
synthetic,446,generate,New_Code\.venv_sklearn152\Lib\site-packages\sklearn\compose\_column_transformer.py,A generator of tuples containing:
synthetic,609,generate,New_Code\.venv_sklearn152\Lib\site-packages\sklearn\compose\_column_transformer.py,then the following input feature names are generated:
synthetic,800,generate,New_Code\.venv_sklearn152\Lib\site-packages\sklearn\compose\_column_transformer.py,# `_iter` only generates transformers that have a non empty
synthetic,802,generate,New_Code\.venv_sklearn152\Lib\site-packages\sklearn\compose\_column_transformer.py,"# generate no output, which are safe for indexing"
synthetic,1172,generate,New_Code\.venv_sklearn152\Lib\site-packages\sklearn\compose\_column_transformer.py,"""do not generate columns with conflicting names or set """
synthetic,1406,generate,New_Code\.venv_sklearn152\Lib\site-packages\sklearn\compose\_column_transformer.py,all feature names with the name of the transformer that generated that
synthetic,1455,generate,New_Code\.venv_sklearn152\Lib\site-packages\sklearn\compose\_column_transformer.py,# would need to know the automatically generated names of the transformers
synthetic,46,generator,New_Code\.venv_sklearn152\Lib\site-packages\sklearn\covariance\_elliptic_envelope.py,Determines the pseudo random number generator for shuffling
synthetic,46,generate,New_Code\.venv_sklearn152\Lib\site-packages\sklearn\covariance\_elliptic_envelope.py,Determines the pseudo random number generator for shuffling
synthetic,737,generator,New_Code\.venv_sklearn152\Lib\site-packages\sklearn\covariance\_graph_lasso.py,"cv : int, cross-validation generator or iterable, default=None"
synthetic,737,generate,New_Code\.venv_sklearn152\Lib\site-packages\sklearn\covariance\_graph_lasso.py,"cv : int, cross-validation generator or iterable, default=None"
synthetic,76,generator,New_Code\.venv_sklearn152\Lib\site-packages\sklearn\covariance\_robust_covariance.py,Determines the pseudo random number generator for shuffling the data.
synthetic,76,generate,New_Code\.venv_sklearn152\Lib\site-packages\sklearn\covariance\_robust_covariance.py,Determines the pseudo random number generator for shuffling the data.
synthetic,274,generator,New_Code\.venv_sklearn152\Lib\site-packages\sklearn\covariance\_robust_covariance.py,Determines the pseudo random number generator for shuffling the data.
synthetic,274,generate,New_Code\.venv_sklearn152\Lib\site-packages\sklearn\covariance\_robust_covariance.py,Determines the pseudo random number generator for shuffling the data.
synthetic,386,generator,New_Code\.venv_sklearn152\Lib\site-packages\sklearn\covariance\_robust_covariance.py,Determines the pseudo random number generator for shuffling the data.
synthetic,386,generate,New_Code\.venv_sklearn152\Lib\site-packages\sklearn\covariance\_robust_covariance.py,Determines the pseudo random number generator for shuffling the data.
synthetic,615,generator,New_Code\.venv_sklearn152\Lib\site-packages\sklearn\covariance\_robust_covariance.py,Determines the pseudo random number generator for shuffling the data.
synthetic,615,generate,New_Code\.venv_sklearn152\Lib\site-packages\sklearn\covariance\_robust_covariance.py,Determines the pseudo random number generator for shuffling the data.
synthetic,425,generate,New_Code\.venv_sklearn152\Lib\site-packages\sklearn\cross_decomposition\tests\test_pls.py,"""""""Generate dataset for test_scale_and_stability"""""""
synthetic,6,generator,New_Code\.venv_sklearn152\Lib\site-packages\sklearn\datasets\_arff_parser.py,from collections.abc import Generator
synthetic,6,generate,New_Code\.venv_sklearn152\Lib\site-packages\sklearn\datasets\_arff_parser.py,from collections.abc import Generator
synthetic,114,generator,New_Code\.venv_sklearn152\Lib\site-packages\sklearn\datasets\_arff_parser.py,This parser is quite slow but consumes a generator. Currently it is needed
synthetic,114,generate,New_Code\.venv_sklearn152\Lib\site-packages\sklearn\datasets\_arff_parser.py,This parser is quite slow but consumes a generator. Currently it is needed
synthetic,241,generator,New_Code\.venv_sklearn152\Lib\site-packages\sklearn\datasets\_arff_parser.py,"if isinstance(arff_data, Generator):"
synthetic,241,generate,New_Code\.venv_sklearn152\Lib\site-packages\sklearn\datasets\_arff_parser.py,"if isinstance(arff_data, Generator):"
synthetic,244,generator,New_Code\.venv_sklearn152\Lib\site-packages\sklearn\datasets\_arff_parser.py,"""shape must be provided when arr['data'] is a Generator"""
synthetic,244,generate,New_Code\.venv_sklearn152\Lib\site-packages\sklearn\datasets\_arff_parser.py,"""shape must be provided when arr['data'] is a Generator"""
synthetic,230,generate,New_Code\.venv_sklearn152\Lib\site-packages\sklearn\datasets\_base.py,Determines random number generation for dataset shuffling. Pass an int
synthetic,115,generate,New_Code\.venv_sklearn152\Lib\site-packages\sklearn\datasets\_covtype.py,Determines random number generation for dataset shuffling. Pass an int
synthetic,110,generate,New_Code\.venv_sklearn152\Lib\site-packages\sklearn\datasets\_kddcup99.py,Determines random number generation for dataset shuffling and for
synthetic,84,generate,New_Code\.venv_sklearn152\Lib\site-packages\sklearn\datasets\_olivetti_faces.py,Determines random number generation for dataset shuffling. Pass an int
synthetic,482,generator,New_Code\.venv_sklearn152\Lib\site-packages\sklearn\datasets\_openml.py,"With `parser=""liac-arff""`, when using a generator to load the data,"
synthetic,482,generate,New_Code\.venv_sklearn152\Lib\site-packages\sklearn\datasets\_openml.py,"With `parser=""liac-arff""`, when using a generator to load the data,"
synthetic,614,generator,New_Code\.venv_sklearn152\Lib\site-packages\sklearn\datasets\_openml.py,"With `parser=""liac-arff""`, when using a generator to load the data,"
synthetic,614,generate,New_Code\.venv_sklearn152\Lib\site-packages\sklearn\datasets\_openml.py,"With `parser=""liac-arff""`, when using a generator to load the data,"
synthetic,134,generate,New_Code\.venv_sklearn152\Lib\site-packages\sklearn\datasets\_rcv1.py,Determines random number generation for dataset shuffling. Pass an int
synthetic,2,synthetic,New_Code\.venv_sklearn152\Lib\site-packages\sklearn\datasets\_samples_generator.py,Generate samples of synthetic data sets.
synthetic,2,generate,New_Code\.venv_sklearn152\Lib\site-packages\sklearn\datasets\_samples_generator.py,Generate samples of synthetic data sets.
synthetic,80,generate,New_Code\.venv_sklearn152\Lib\site-packages\sklearn\datasets\_samples_generator.py,"""""""Generate a random n-class classification problem."
synthetic,123,generate,New_Code\.venv_sklearn152\Lib\site-packages\sklearn\datasets\_samples_generator.py,The number of redundant features. These features are generated as
synthetic,172,generate,New_Code\.venv_sklearn152\Lib\site-packages\sklearn\datasets\_samples_generator.py,Determines random number generation for dataset creation. Pass an int
synthetic,179,generate,New_Code\.venv_sklearn152\Lib\site-packages\sklearn\datasets\_samples_generator.py,The generated samples.
synthetic,187,generator,New_Code\.venv_sklearn152\Lib\site-packages\sklearn\datasets\_samples_generator.py,make_multilabel_classification : Unrelated generator for multilabel tasks.
synthetic,187,generate,New_Code\.venv_sklearn152\Lib\site-packages\sklearn\datasets\_samples_generator.py,make_multilabel_classification : Unrelated generator for multilabel tasks.
synthetic,191,generate,New_Code\.venv_sklearn152\Lib\site-packages\sklearn\datasets\_samples_generator.py,The algorithm is adapted from Guyon [1] and was designed to generate
synthetic,210,generator,New_Code\.venv_sklearn152\Lib\site-packages\sklearn\datasets\_samples_generator.py,generator = check_random_state(random_state)
synthetic,210,generate,New_Code\.venv_sklearn152\Lib\site-packages\sklearn\datasets\_samples_generator.py,generator = check_random_state(random_state)
synthetic,258,generator,New_Code\.venv_sklearn152\Lib\site-packages\sklearn\datasets\_samples_generator.py,"centroids = _generate_hypercube(n_clusters, n_informative, generator).astype("
synthetic,258,generate,New_Code\.venv_sklearn152\Lib\site-packages\sklearn\datasets\_samples_generator.py,"centroids = _generate_hypercube(n_clusters, n_informative, generator).astype("
synthetic,264,generator,New_Code\.venv_sklearn152\Lib\site-packages\sklearn\datasets\_samples_generator.py,"centroids *= generator.uniform(size=(n_clusters, 1))"
synthetic,264,generate,New_Code\.venv_sklearn152\Lib\site-packages\sklearn\datasets\_samples_generator.py,"centroids *= generator.uniform(size=(n_clusters, 1))"
synthetic,265,generator,New_Code\.venv_sklearn152\Lib\site-packages\sklearn\datasets\_samples_generator.py,"centroids *= generator.uniform(size=(1, n_informative))"
synthetic,265,generate,New_Code\.venv_sklearn152\Lib\site-packages\sklearn\datasets\_samples_generator.py,"centroids *= generator.uniform(size=(1, n_informative))"
synthetic,268,generator,New_Code\.venv_sklearn152\Lib\site-packages\sklearn\datasets\_samples_generator.py,"X[:, :n_informative] = generator.standard_normal(size=(n_samples, n_informative))"
synthetic,268,generate,New_Code\.venv_sklearn152\Lib\site-packages\sklearn\datasets\_samples_generator.py,"X[:, :n_informative] = generator.standard_normal(size=(n_samples, n_informative))"
synthetic,277,generator,New_Code\.venv_sklearn152\Lib\site-packages\sklearn\datasets\_samples_generator.py,"A = 2 * generator.uniform(size=(n_informative, n_informative)) - 1"
synthetic,277,generate,New_Code\.venv_sklearn152\Lib\site-packages\sklearn\datasets\_samples_generator.py,"A = 2 * generator.uniform(size=(n_informative, n_informative)) - 1"
synthetic,284,generator,New_Code\.venv_sklearn152\Lib\site-packages\sklearn\datasets\_samples_generator.py,"B = 2 * generator.uniform(size=(n_informative, n_redundant)) - 1"
synthetic,284,generate,New_Code\.venv_sklearn152\Lib\site-packages\sklearn\datasets\_samples_generator.py,"B = 2 * generator.uniform(size=(n_informative, n_redundant)) - 1"
synthetic,292,generator,New_Code\.venv_sklearn152\Lib\site-packages\sklearn\datasets\_samples_generator.py,indices = ((n - 1) * generator.uniform(size=n_repeated) + 0.5).astype(np.intp)
synthetic,292,generate,New_Code\.venv_sklearn152\Lib\site-packages\sklearn\datasets\_samples_generator.py,indices = ((n - 1) * generator.uniform(size=n_repeated) + 0.5).astype(np.intp)
synthetic,297,generator,New_Code\.venv_sklearn152\Lib\site-packages\sklearn\datasets\_samples_generator.py,"X[:, -n_useless:] = generator.standard_normal(size=(n_samples, n_useless))"
synthetic,297,generate,New_Code\.venv_sklearn152\Lib\site-packages\sklearn\datasets\_samples_generator.py,"X[:, -n_useless:] = generator.standard_normal(size=(n_samples, n_useless))"
synthetic,301,generator,New_Code\.venv_sklearn152\Lib\site-packages\sklearn\datasets\_samples_generator.py,flip_mask = generator.uniform(size=n_samples) < flip_y
synthetic,301,generate,New_Code\.venv_sklearn152\Lib\site-packages\sklearn\datasets\_samples_generator.py,flip_mask = generator.uniform(size=n_samples) < flip_y
synthetic,302,generator,New_Code\.venv_sklearn152\Lib\site-packages\sklearn\datasets\_samples_generator.py,"y[flip_mask] = generator.randint(n_classes, size=flip_mask.sum())"
synthetic,302,generate,New_Code\.venv_sklearn152\Lib\site-packages\sklearn\datasets\_samples_generator.py,"y[flip_mask] = generator.randint(n_classes, size=flip_mask.sum())"
synthetic,306,generator,New_Code\.venv_sklearn152\Lib\site-packages\sklearn\datasets\_samples_generator.py,shift = (2 * generator.uniform(size=n_features) - 1) * class_sep
synthetic,306,generate,New_Code\.venv_sklearn152\Lib\site-packages\sklearn\datasets\_samples_generator.py,shift = (2 * generator.uniform(size=n_features) - 1) * class_sep
synthetic,310,generator,New_Code\.venv_sklearn152\Lib\site-packages\sklearn\datasets\_samples_generator.py,scale = 1 + 100 * generator.uniform(size=n_features)
synthetic,310,generate,New_Code\.venv_sklearn152\Lib\site-packages\sklearn\datasets\_samples_generator.py,scale = 1 + 100 * generator.uniform(size=n_features)
synthetic,315,generator,New_Code\.venv_sklearn152\Lib\site-packages\sklearn\datasets\_samples_generator.py,"X, y = util_shuffle(X, y, random_state=generator)"
synthetic,315,generate,New_Code\.venv_sklearn152\Lib\site-packages\sklearn\datasets\_samples_generator.py,"X, y = util_shuffle(X, y, random_state=generator)"
synthetic,319,generator,New_Code\.venv_sklearn152\Lib\site-packages\sklearn\datasets\_samples_generator.py,generator.shuffle(indices)
synthetic,319,generate,New_Code\.venv_sklearn152\Lib\site-packages\sklearn\datasets\_samples_generator.py,generator.shuffle(indices)
synthetic,353,generate,New_Code\.venv_sklearn152\Lib\site-packages\sklearn\datasets\_samples_generator.py,"""""""Generate a random multilabel classification problem."
synthetic,355,generate,New_Code\.venv_sklearn152\Lib\site-packages\sklearn\datasets\_samples_generator.py,"For each sample, the generative process is:"
synthetic,412,generate,New_Code\.venv_sklearn152\Lib\site-packages\sklearn\datasets\_samples_generator.py,Determines random number generation for dataset creation. Pass an int
synthetic,419,generate,New_Code\.venv_sklearn152\Lib\site-packages\sklearn\datasets\_samples_generator.py,The generated samples.
synthetic,444,generator,New_Code\.venv_sklearn152\Lib\site-packages\sklearn\datasets\_samples_generator.py,generator = check_random_state(random_state)
synthetic,444,generate,New_Code\.venv_sklearn152\Lib\site-packages\sklearn\datasets\_samples_generator.py,generator = check_random_state(random_state)
synthetic,445,generator,New_Code\.venv_sklearn152\Lib\site-packages\sklearn\datasets\_samples_generator.py,p_c = generator.uniform(size=n_classes)
synthetic,445,generate,New_Code\.venv_sklearn152\Lib\site-packages\sklearn\datasets\_samples_generator.py,p_c = generator.uniform(size=n_classes)
synthetic,448,generator,New_Code\.venv_sklearn152\Lib\site-packages\sklearn\datasets\_samples_generator.py,"p_w_c = generator.uniform(size=(n_features, n_classes))"
synthetic,448,generate,New_Code\.venv_sklearn152\Lib\site-packages\sklearn\datasets\_samples_generator.py,"p_w_c = generator.uniform(size=(n_features, n_classes))"
synthetic,457,generator,New_Code\.venv_sklearn152\Lib\site-packages\sklearn\datasets\_samples_generator.py,y_size = generator.poisson(n_labels)
synthetic,457,generate,New_Code\.venv_sklearn152\Lib\site-packages\sklearn\datasets\_samples_generator.py,y_size = generator.poisson(n_labels)
synthetic,463,generator,New_Code\.venv_sklearn152\Lib\site-packages\sklearn\datasets\_samples_generator.py,"c = np.searchsorted(cumulative_p_c, generator.uniform(size=y_size - len(y)))"
synthetic,463,generate,New_Code\.venv_sklearn152\Lib\site-packages\sklearn\datasets\_samples_generator.py,"c = np.searchsorted(cumulative_p_c, generator.uniform(size=y_size - len(y)))"
synthetic,470,generator,New_Code\.venv_sklearn152\Lib\site-packages\sklearn\datasets\_samples_generator.py,n_words = generator.poisson(length)
synthetic,470,generate,New_Code\.venv_sklearn152\Lib\site-packages\sklearn\datasets\_samples_generator.py,n_words = generator.poisson(length)
synthetic,472,generate,New_Code\.venv_sklearn152\Lib\site-packages\sklearn\datasets\_samples_generator.py,# generate a document of length n_words
synthetic,474,generate,New_Code\.venv_sklearn152\Lib\site-packages\sklearn\datasets\_samples_generator.py,"# if sample does not belong to any class, generate noise word"
synthetic,475,generator,New_Code\.venv_sklearn152\Lib\site-packages\sklearn\datasets\_samples_generator.py,"words = generator.randint(n_features, size=n_words)"
synthetic,475,generate,New_Code\.venv_sklearn152\Lib\site-packages\sklearn\datasets\_samples_generator.py,"words = generator.randint(n_features, size=n_words)"
synthetic,481,generator,New_Code\.venv_sklearn152\Lib\site-packages\sklearn\datasets\_samples_generator.py,"words = np.searchsorted(cumulative_p_w_sample, generator.uniform(size=n_words))"
synthetic,481,generate,New_Code\.venv_sklearn152\Lib\site-packages\sklearn\datasets\_samples_generator.py,"words = np.searchsorted(cumulative_p_w_sample, generator.uniform(size=n_words))"
synthetic,515,generate,New_Code\.venv_sklearn152\Lib\site-packages\sklearn\datasets\_samples_generator.py,"""""""Generate data for binary classification used in Hastie et al. 2009, Example 10.2."
synthetic,530,generate,New_Code\.venv_sklearn152\Lib\site-packages\sklearn\datasets\_samples_generator.py,Determines random number generation for dataset creation. Pass an int
synthetic,603,generate,New_Code\.venv_sklearn152\Lib\site-packages\sklearn\datasets\_samples_generator.py,"""""""Generate a random regression problem."
synthetic,609,generate,New_Code\.venv_sklearn152\Lib\site-packages\sklearn\datasets\_samples_generator.py,The output is generated by applying a (potentially biased) random linear
synthetic,611,generate,New_Code\.venv_sklearn152\Lib\site-packages\sklearn\datasets\_samples_generator.py,generated input and some gaussian centered noise with some adjustable
synthetic,626,generate,New_Code\.venv_sklearn152\Lib\site-packages\sklearn\datasets\_samples_generator.py,to build the linear model used to generate the output.
synthetic,639,generator,New_Code\.venv_sklearn152\Lib\site-packages\sklearn\datasets\_samples_generator.py,singular spectrum in the input allows the generator to reproduce
synthetic,639,generate,New_Code\.venv_sklearn152\Lib\site-packages\sklearn\datasets\_samples_generator.py,singular spectrum in the input allows the generator to reproduce
synthetic,660,generate,New_Code\.venv_sklearn152\Lib\site-packages\sklearn\datasets\_samples_generator.py,Determines random number generation for dataset creation. Pass an int
synthetic,690,generator,New_Code\.venv_sklearn152\Lib\site-packages\sklearn\datasets\_samples_generator.py,generator = check_random_state(random_state)
synthetic,690,generate,New_Code\.venv_sklearn152\Lib\site-packages\sklearn\datasets\_samples_generator.py,generator = check_random_state(random_state)
synthetic,693,generate,New_Code\.venv_sklearn152\Lib\site-packages\sklearn\datasets\_samples_generator.py,# Randomly generate a well conditioned input set
synthetic,694,generator,New_Code\.venv_sklearn152\Lib\site-packages\sklearn\datasets\_samples_generator.py,"X = generator.standard_normal(size=(n_samples, n_features))"
synthetic,694,generate,New_Code\.venv_sklearn152\Lib\site-packages\sklearn\datasets\_samples_generator.py,"X = generator.standard_normal(size=(n_samples, n_features))"
synthetic,697,generate,New_Code\.venv_sklearn152\Lib\site-packages\sklearn\datasets\_samples_generator.py,"# Randomly generate a low rank, fat tail input set"
synthetic,703,generator,New_Code\.venv_sklearn152\Lib\site-packages\sklearn\datasets\_samples_generator.py,"random_state=generator,"
synthetic,703,generate,New_Code\.venv_sklearn152\Lib\site-packages\sklearn\datasets\_samples_generator.py,"random_state=generator,"
synthetic,706,generate,New_Code\.venv_sklearn152\Lib\site-packages\sklearn\datasets\_samples_generator.py,# Generate a ground truth model with only n_informative features being non
synthetic,710,generator,New_Code\.venv_sklearn152\Lib\site-packages\sklearn\datasets\_samples_generator.py,"ground_truth[:n_informative, :] = 100 * generator.uniform("
synthetic,710,generate,New_Code\.venv_sklearn152\Lib\site-packages\sklearn\datasets\_samples_generator.py,"ground_truth[:n_informative, :] = 100 * generator.uniform("
synthetic,718,generator,New_Code\.venv_sklearn152\Lib\site-packages\sklearn\datasets\_samples_generator.py,"y += generator.normal(scale=noise, size=y.shape)"
synthetic,718,generate,New_Code\.venv_sklearn152\Lib\site-packages\sklearn\datasets\_samples_generator.py,"y += generator.normal(scale=noise, size=y.shape)"
synthetic,722,generator,New_Code\.venv_sklearn152\Lib\site-packages\sklearn\datasets\_samples_generator.py,"X, y = util_shuffle(X, y, random_state=generator)"
synthetic,722,generate,New_Code\.venv_sklearn152\Lib\site-packages\sklearn\datasets\_samples_generator.py,"X, y = util_shuffle(X, y, random_state=generator)"
synthetic,725,generator,New_Code\.venv_sklearn152\Lib\site-packages\sklearn\datasets\_samples_generator.py,generator.shuffle(indices)
synthetic,725,generate,New_Code\.venv_sklearn152\Lib\site-packages\sklearn\datasets\_samples_generator.py,generator.shuffle(indices)
synthetic,761,generate,New_Code\.venv_sklearn152\Lib\site-packages\sklearn\datasets\_samples_generator.py,"If int, it is the total number of points generated."
synthetic,777,generate,New_Code\.venv_sklearn152\Lib\site-packages\sklearn\datasets\_samples_generator.py,Determines random number generation for dataset shuffling and noise.
synthetic,787,generate,New_Code\.venv_sklearn152\Lib\site-packages\sklearn\datasets\_samples_generator.py,The generated samples.
synthetic,811,generator,New_Code\.venv_sklearn152\Lib\site-packages\sklearn\datasets\_samples_generator.py,generator = check_random_state(random_state)
synthetic,811,generate,New_Code\.venv_sklearn152\Lib\site-packages\sklearn\datasets\_samples_generator.py,generator = check_random_state(random_state)
synthetic,827,generator,New_Code\.venv_sklearn152\Lib\site-packages\sklearn\datasets\_samples_generator.py,"X, y = util_shuffle(X, y, random_state=generator)"
synthetic,827,generate,New_Code\.venv_sklearn152\Lib\site-packages\sklearn\datasets\_samples_generator.py,"X, y = util_shuffle(X, y, random_state=generator)"
synthetic,830,generator,New_Code\.venv_sklearn152\Lib\site-packages\sklearn\datasets\_samples_generator.py,"X += generator.normal(scale=noise, size=X.shape)"
synthetic,830,generate,New_Code\.venv_sklearn152\Lib\site-packages\sklearn\datasets\_samples_generator.py,"X += generator.normal(scale=noise, size=X.shape)"
synthetic,853,generate,New_Code\.venv_sklearn152\Lib\site-packages\sklearn\datasets\_samples_generator.py,"If int, the total number of points generated."
synthetic,866,generate,New_Code\.venv_sklearn152\Lib\site-packages\sklearn\datasets\_samples_generator.py,Determines random number generation for dataset shuffling and noise.
synthetic,873,generate,New_Code\.venv_sklearn152\Lib\site-packages\sklearn\datasets\_samples_generator.py,The generated samples.
synthetic,899,generator,New_Code\.venv_sklearn152\Lib\site-packages\sklearn\datasets\_samples_generator.py,generator = check_random_state(random_state)
synthetic,899,generate,New_Code\.venv_sklearn152\Lib\site-packages\sklearn\datasets\_samples_generator.py,generator = check_random_state(random_state)
synthetic,914,generator,New_Code\.venv_sklearn152\Lib\site-packages\sklearn\datasets\_samples_generator.py,"X, y = util_shuffle(X, y, random_state=generator)"
synthetic,914,generate,New_Code\.venv_sklearn152\Lib\site-packages\sklearn\datasets\_samples_generator.py,"X, y = util_shuffle(X, y, random_state=generator)"
synthetic,917,generator,New_Code\.venv_sklearn152\Lib\site-packages\sklearn\datasets\_samples_generator.py,"X += generator.normal(scale=noise, size=X.shape)"
synthetic,917,generate,New_Code\.venv_sklearn152\Lib\site-packages\sklearn\datasets\_samples_generator.py,"X += generator.normal(scale=noise, size=X.shape)"
synthetic,946,generate,New_Code\.venv_sklearn152\Lib\site-packages\sklearn\datasets\_samples_generator.py,"""""""Generate isotropic Gaussian blobs for clustering."
synthetic,968,generate,New_Code\.venv_sklearn152\Lib\site-packages\sklearn\datasets\_samples_generator.py,"The number of centers to generate, or the fixed center locations."
synthetic,969,generate,New_Code\.venv_sklearn152\Lib\site-packages\sklearn\datasets\_samples_generator.py,"If n_samples is an int and centers is None, 3 centers are generated."
synthetic,978,generate,New_Code\.venv_sklearn152\Lib\site-packages\sklearn\datasets\_samples_generator.py,generated at random.
synthetic,984,generate,New_Code\.venv_sklearn152\Lib\site-packages\sklearn\datasets\_samples_generator.py,Determines random number generation for dataset creation. Pass an int
synthetic,996,generate,New_Code\.venv_sklearn152\Lib\site-packages\sklearn\datasets\_samples_generator.py,The generated samples.
synthetic,1025,generator,New_Code\.venv_sklearn152\Lib\site-packages\sklearn\datasets\_samples_generator.py,generator = check_random_state(random_state)
synthetic,1025,generate,New_Code\.venv_sklearn152\Lib\site-packages\sklearn\datasets\_samples_generator.py,generator = check_random_state(random_state)
synthetic,1034,generator,New_Code\.venv_sklearn152\Lib\site-packages\sklearn\datasets\_samples_generator.py,centers = generator.uniform(
synthetic,1034,generate,New_Code\.venv_sklearn152\Lib\site-packages\sklearn\datasets\_samples_generator.py,centers = generator.uniform(
synthetic,1047,generator,New_Code\.venv_sklearn152\Lib\site-packages\sklearn\datasets\_samples_generator.py,centers = generator.uniform(
synthetic,1047,generate,New_Code\.venv_sklearn152\Lib\site-packages\sklearn\datasets\_samples_generator.py,centers = generator.uniform(
synthetic,1091,generator,New_Code\.venv_sklearn152\Lib\site-packages\sklearn\datasets\_samples_generator.py,X[start_idx:end_idx] = generator.normal(
synthetic,1091,generate,New_Code\.venv_sklearn152\Lib\site-packages\sklearn\datasets\_samples_generator.py,X[start_idx:end_idx] = generator.normal(
synthetic,1097,generator,New_Code\.venv_sklearn152\Lib\site-packages\sklearn\datasets\_samples_generator.py,"X, y = util_shuffle(X, y, random_state=generator)"
synthetic,1097,generate,New_Code\.venv_sklearn152\Lib\site-packages\sklearn\datasets\_samples_generator.py,"X, y = util_shuffle(X, y, random_state=generator)"
synthetic,1115,generate,New_Code\.venv_sklearn152\Lib\site-packages\sklearn\datasets\_samples_generator.py,"""""""Generate the ""Friedman #1"" regression problem."
synthetic,1144,generate,New_Code\.venv_sklearn152\Lib\site-packages\sklearn\datasets\_samples_generator.py,Determines random number generation for dataset noise. Pass an int
synthetic,1175,generator,New_Code\.venv_sklearn152\Lib\site-packages\sklearn\datasets\_samples_generator.py,generator = check_random_state(random_state)
synthetic,1175,generate,New_Code\.venv_sklearn152\Lib\site-packages\sklearn\datasets\_samples_generator.py,generator = check_random_state(random_state)
synthetic,1177,generator,New_Code\.venv_sklearn152\Lib\site-packages\sklearn\datasets\_samples_generator.py,"X = generator.uniform(size=(n_samples, n_features))"
synthetic,1177,generate,New_Code\.venv_sklearn152\Lib\site-packages\sklearn\datasets\_samples_generator.py,"X = generator.uniform(size=(n_samples, n_features))"
synthetic,1183,generator,New_Code\.venv_sklearn152\Lib\site-packages\sklearn\datasets\_samples_generator.py,+ noise * generator.standard_normal(size=(n_samples))
synthetic,1183,generate,New_Code\.venv_sklearn152\Lib\site-packages\sklearn\datasets\_samples_generator.py,+ noise * generator.standard_normal(size=(n_samples))
synthetic,1198,generate,New_Code\.venv_sklearn152\Lib\site-packages\sklearn\datasets\_samples_generator.py,"""""""Generate the ""Friedman #2"" regression problem."
synthetic,1226,generate,New_Code\.venv_sklearn152\Lib\site-packages\sklearn\datasets\_samples_generator.py,Determines random number generation for dataset noise. Pass an int
synthetic,1257,generator,New_Code\.venv_sklearn152\Lib\site-packages\sklearn\datasets\_samples_generator.py,generator = check_random_state(random_state)
synthetic,1257,generate,New_Code\.venv_sklearn152\Lib\site-packages\sklearn\datasets\_samples_generator.py,generator = check_random_state(random_state)
synthetic,1259,generator,New_Code\.venv_sklearn152\Lib\site-packages\sklearn\datasets\_samples_generator.py,"X = generator.uniform(size=(n_samples, 4))"
synthetic,1259,generate,New_Code\.venv_sklearn152\Lib\site-packages\sklearn\datasets\_samples_generator.py,"X = generator.uniform(size=(n_samples, 4))"
synthetic,1268,generator,New_Code\.venv_sklearn152\Lib\site-packages\sklearn\datasets\_samples_generator.py,) ** 0.5 + noise * generator.standard_normal(size=(n_samples))
synthetic,1268,generate,New_Code\.venv_sklearn152\Lib\site-packages\sklearn\datasets\_samples_generator.py,) ** 0.5 + noise * generator.standard_normal(size=(n_samples))
synthetic,1282,generate,New_Code\.venv_sklearn152\Lib\site-packages\sklearn\datasets\_samples_generator.py,"""""""Generate the ""Friedman #3"" regression problem."
synthetic,1310,generate,New_Code\.venv_sklearn152\Lib\site-packages\sklearn\datasets\_samples_generator.py,Determines random number generation for dataset noise. Pass an int
synthetic,1341,generator,New_Code\.venv_sklearn152\Lib\site-packages\sklearn\datasets\_samples_generator.py,generator = check_random_state(random_state)
synthetic,1341,generate,New_Code\.venv_sklearn152\Lib\site-packages\sklearn\datasets\_samples_generator.py,generator = check_random_state(random_state)
synthetic,1343,generator,New_Code\.venv_sklearn152\Lib\site-packages\sklearn\datasets\_samples_generator.py,"X = generator.uniform(size=(n_samples, 4))"
synthetic,1343,generate,New_Code\.venv_sklearn152\Lib\site-packages\sklearn\datasets\_samples_generator.py,"X = generator.uniform(size=(n_samples, 4))"
synthetic,1352,generator,New_Code\.venv_sklearn152\Lib\site-packages\sklearn\datasets\_samples_generator.py,) + noise * generator.standard_normal(size=(n_samples))
synthetic,1352,generate,New_Code\.venv_sklearn152\Lib\site-packages\sklearn\datasets\_samples_generator.py,) + noise * generator.standard_normal(size=(n_samples))
synthetic,1375,generate,New_Code\.venv_sklearn152\Lib\site-packages\sklearn\datasets\_samples_generator.py,"""""""Generate a mostly low rank matrix with bell-shaped singular values."
synthetic,1414,generate,New_Code\.venv_sklearn152\Lib\site-packages\sklearn\datasets\_samples_generator.py,Determines random number generation for dataset creation. Pass an int
synthetic,1437,generator,New_Code\.venv_sklearn152\Lib\site-packages\sklearn\datasets\_samples_generator.py,generator = check_random_state(random_state)
synthetic,1437,generate,New_Code\.venv_sklearn152\Lib\site-packages\sklearn\datasets\_samples_generator.py,generator = check_random_state(random_state)
synthetic,1442,generator,New_Code\.venv_sklearn152\Lib\site-packages\sklearn\datasets\_samples_generator.py,"generator.standard_normal(size=(n_samples, n)),"
synthetic,1442,generate,New_Code\.venv_sklearn152\Lib\site-packages\sklearn\datasets\_samples_generator.py,"generator.standard_normal(size=(n_samples, n)),"
synthetic,1447,generator,New_Code\.venv_sklearn152\Lib\site-packages\sklearn\datasets\_samples_generator.py,"generator.standard_normal(size=(n_features, n)),"
synthetic,1447,generate,New_Code\.venv_sklearn152\Lib\site-packages\sklearn\datasets\_samples_generator.py,"generator.standard_normal(size=(n_features, n)),"
synthetic,1481,generate,New_Code\.venv_sklearn152\Lib\site-packages\sklearn\datasets\_samples_generator.py,"""""""Generate a signal as a sparse combination of dictionary elements."
synthetic,1492,generate,New_Code\.venv_sklearn152\Lib\site-packages\sklearn\datasets\_samples_generator.py,Number of samples to generate.
synthetic,1498,generate,New_Code\.venv_sklearn152\Lib\site-packages\sklearn\datasets\_samples_generator.py,Number of features of the dataset to generate.
synthetic,1504,generate,New_Code\.venv_sklearn152\Lib\site-packages\sklearn\datasets\_samples_generator.py,Determines random number generation for dataset creation. Pass an int
synthetic,1537,generator,New_Code\.venv_sklearn152\Lib\site-packages\sklearn\datasets\_samples_generator.py,generator = check_random_state(random_state)
synthetic,1537,generate,New_Code\.venv_sklearn152\Lib\site-packages\sklearn\datasets\_samples_generator.py,generator = check_random_state(random_state)
synthetic,1539,generate,New_Code\.venv_sklearn152\Lib\site-packages\sklearn\datasets\_samples_generator.py,# generate dictionary
synthetic,1540,generator,New_Code\.venv_sklearn152\Lib\site-packages\sklearn\datasets\_samples_generator.py,"D = generator.standard_normal(size=(n_features, n_components))"
synthetic,1540,generate,New_Code\.venv_sklearn152\Lib\site-packages\sklearn\datasets\_samples_generator.py,"D = generator.standard_normal(size=(n_features, n_components))"
synthetic,1543,generate,New_Code\.venv_sklearn152\Lib\site-packages\sklearn\datasets\_samples_generator.py,# generate code
synthetic,1547,generator,New_Code\.venv_sklearn152\Lib\site-packages\sklearn\datasets\_samples_generator.py,generator.shuffle(idx)
synthetic,1547,generate,New_Code\.venv_sklearn152\Lib\site-packages\sklearn\datasets\_samples_generator.py,generator.shuffle(idx)
synthetic,1549,generator,New_Code\.venv_sklearn152\Lib\site-packages\sklearn\datasets\_samples_generator.py,"X[idx, i] = generator.standard_normal(size=n_nonzero_coefs)"
synthetic,1549,generate,New_Code\.venv_sklearn152\Lib\site-packages\sklearn\datasets\_samples_generator.py,"X[idx, i] = generator.standard_normal(size=n_nonzero_coefs)"
synthetic,1569,generate,New_Code\.venv_sklearn152\Lib\site-packages\sklearn\datasets\_samples_generator.py,"""""""Generate a random regression problem with sparse uncorrelated design."
synthetic,1590,generate,New_Code\.venv_sklearn152\Lib\site-packages\sklearn\datasets\_samples_generator.py,Determines random number generation for dataset creation. Pass an int
synthetic,1617,generator,New_Code\.venv_sklearn152\Lib\site-packages\sklearn\datasets\_samples_generator.py,generator = check_random_state(random_state)
synthetic,1617,generate,New_Code\.venv_sklearn152\Lib\site-packages\sklearn\datasets\_samples_generator.py,generator = check_random_state(random_state)
synthetic,1619,generator,New_Code\.venv_sklearn152\Lib\site-packages\sklearn\datasets\_samples_generator.py,"X = generator.normal(loc=0, scale=1, size=(n_samples, n_features))"
synthetic,1619,generate,New_Code\.venv_sklearn152\Lib\site-packages\sklearn\datasets\_samples_generator.py,"X = generator.normal(loc=0, scale=1, size=(n_samples, n_features))"
synthetic,1620,generator,New_Code\.venv_sklearn152\Lib\site-packages\sklearn\datasets\_samples_generator.py,y = generator.normal(
synthetic,1620,generate,New_Code\.venv_sklearn152\Lib\site-packages\sklearn\datasets\_samples_generator.py,y = generator.normal(
synthetic,1636,generate,New_Code\.venv_sklearn152\Lib\site-packages\sklearn\datasets\_samples_generator.py,"""""""Generate a random symmetric, positive-definite matrix."
synthetic,1646,generate,New_Code\.venv_sklearn152\Lib\site-packages\sklearn\datasets\_samples_generator.py,Determines random number generation for dataset creation. Pass an int
synthetic,1657,generate,New_Code\.venv_sklearn152\Lib\site-packages\sklearn\datasets\_samples_generator.py,make_sparse_spd_matrix: Generate a sparse symmetric definite positive matrix.
synthetic,1666,generator,New_Code\.venv_sklearn152\Lib\site-packages\sklearn\datasets\_samples_generator.py,generator = check_random_state(random_state)
synthetic,1666,generate,New_Code\.venv_sklearn152\Lib\site-packages\sklearn\datasets\_samples_generator.py,generator = check_random_state(random_state)
synthetic,1668,generator,New_Code\.venv_sklearn152\Lib\site-packages\sklearn\datasets\_samples_generator.py,"A = generator.uniform(size=(n_dim, n_dim))"
synthetic,1668,generate,New_Code\.venv_sklearn152\Lib\site-packages\sklearn\datasets\_samples_generator.py,"A = generator.uniform(size=(n_dim, n_dim))"
synthetic,1670,generator,New_Code\.venv_sklearn152\Lib\site-packages\sklearn\datasets\_samples_generator.py,"X = np.dot(np.dot(U, 1.0 + np.diag(generator.uniform(size=n_dim))), Vt)"
synthetic,1670,generate,New_Code\.venv_sklearn152\Lib\site-packages\sklearn\datasets\_samples_generator.py,"X = np.dot(np.dot(U, 1.0 + np.diag(generator.uniform(size=n_dim))), Vt)"
synthetic,1705,generate,New_Code\.venv_sklearn152\Lib\site-packages\sklearn\datasets\_samples_generator.py,"""""""Generate a sparse symmetric definite positive matrix."
synthetic,1712,generate,New_Code\.venv_sklearn152\Lib\site-packages\sklearn\datasets\_samples_generator.py,The size of the random matrix to generate.
synthetic,1738,generate,New_Code\.venv_sklearn152\Lib\site-packages\sklearn\datasets\_samples_generator.py,Determines random number generation for dataset creation. Pass an int
synthetic,1743,generate,New_Code\.venv_sklearn152\Lib\site-packages\sklearn\datasets\_samples_generator.py,The size of the random matrix to generate.
synthetic,1751,generate,New_Code\.venv_sklearn152\Lib\site-packages\sklearn\datasets\_samples_generator.py,"The generated matrix. If ``sparse_format=None``, this would be an ndarray."
synthetic,1756,generate,New_Code\.venv_sklearn152\Lib\site-packages\sklearn\datasets\_samples_generator.py,"make_spd_matrix : Generate a random symmetric, positive-definite matrix."
synthetic,1838,generate,New_Code\.venv_sklearn152\Lib\site-packages\sklearn\datasets\_samples_generator.py,"""""""Generate a swiss roll dataset."
synthetic,1851,generate,New_Code\.venv_sklearn152\Lib\site-packages\sklearn\datasets\_samples_generator.py,Determines random number generation for dataset creation. Pass an int
synthetic,1856,generate,New_Code\.venv_sklearn152\Lib\site-packages\sklearn\datasets\_samples_generator.py,If True generates the swiss roll with hole dataset.
synthetic,1886,generator,New_Code\.venv_sklearn152\Lib\site-packages\sklearn\datasets\_samples_generator.py,generator = check_random_state(random_state)
synthetic,1886,generate,New_Code\.venv_sklearn152\Lib\site-packages\sklearn\datasets\_samples_generator.py,generator = check_random_state(random_state)
synthetic,1889,generator,New_Code\.venv_sklearn152\Lib\site-packages\sklearn\datasets\_samples_generator.py,t = 1.5 * np.pi * (1 + 2 * generator.uniform(size=n_samples))
synthetic,1889,generate,New_Code\.venv_sklearn152\Lib\site-packages\sklearn\datasets\_samples_generator.py,t = 1.5 * np.pi * (1 + 2 * generator.uniform(size=n_samples))
synthetic,1890,generator,New_Code\.venv_sklearn152\Lib\site-packages\sklearn\datasets\_samples_generator.py,y = 21 * generator.uniform(size=n_samples)
synthetic,1890,generate,New_Code\.venv_sklearn152\Lib\site-packages\sklearn\datasets\_samples_generator.py,y = 21 * generator.uniform(size=n_samples)
synthetic,1896,generator,New_Code\.venv_sklearn152\Lib\site-packages\sklearn\datasets\_samples_generator.py,"corner_index = generator.choice(8, n_samples)"
synthetic,1896,generate,New_Code\.venv_sklearn152\Lib\site-packages\sklearn\datasets\_samples_generator.py,"corner_index = generator.choice(8, n_samples)"
synthetic,1897,generator,New_Code\.venv_sklearn152\Lib\site-packages\sklearn\datasets\_samples_generator.py,"parameters = generator.uniform(size=(2, n_samples)) * np.array([[np.pi], [7]])"
synthetic,1897,generate,New_Code\.venv_sklearn152\Lib\site-packages\sklearn\datasets\_samples_generator.py,"parameters = generator.uniform(size=(2, n_samples)) * np.array([[np.pi], [7]])"
synthetic,1904,generator,New_Code\.venv_sklearn152\Lib\site-packages\sklearn\datasets\_samples_generator.py,"X += noise * generator.standard_normal(size=(3, n_samples))"
synthetic,1904,generate,New_Code\.venv_sklearn152\Lib\site-packages\sklearn\datasets\_samples_generator.py,"X += noise * generator.standard_normal(size=(3, n_samples))"
synthetic,1920,generate,New_Code\.venv_sklearn152\Lib\site-packages\sklearn\datasets\_samples_generator.py,"""""""Generate an S curve dataset."
synthetic,1933,generate,New_Code\.venv_sklearn152\Lib\site-packages\sklearn\datasets\_samples_generator.py,Determines random number generation for dataset creation. Pass an int
synthetic,1955,generator,New_Code\.venv_sklearn152\Lib\site-packages\sklearn\datasets\_samples_generator.py,generator = check_random_state(random_state)
synthetic,1955,generate,New_Code\.venv_sklearn152\Lib\site-packages\sklearn\datasets\_samples_generator.py,generator = check_random_state(random_state)
synthetic,1957,generator,New_Code\.venv_sklearn152\Lib\site-packages\sklearn\datasets\_samples_generator.py,"t = 3 * np.pi * (generator.uniform(size=(1, n_samples)) - 0.5)"
synthetic,1957,generate,New_Code\.venv_sklearn152\Lib\site-packages\sklearn\datasets\_samples_generator.py,"t = 3 * np.pi * (generator.uniform(size=(1, n_samples)) - 0.5)"
synthetic,1960,generator,New_Code\.venv_sklearn152\Lib\site-packages\sklearn\datasets\_samples_generator.py,"X[:, 1] = 2.0 * generator.uniform(size=n_samples)"
synthetic,1960,generate,New_Code\.venv_sklearn152\Lib\site-packages\sklearn\datasets\_samples_generator.py,"X[:, 1] = 2.0 * generator.uniform(size=n_samples)"
synthetic,1962,generator,New_Code\.venv_sklearn152\Lib\site-packages\sklearn\datasets\_samples_generator.py,"X += noise * generator.standard_normal(size=(3, n_samples)).T"
synthetic,1962,generate,New_Code\.venv_sklearn152\Lib\site-packages\sklearn\datasets\_samples_generator.py,"X += noise * generator.standard_normal(size=(3, n_samples)).T"
synthetic,1990,generate,New_Code\.venv_sklearn152\Lib\site-packages\sklearn\datasets\_samples_generator.py,"r""""""Generate isotropic Gaussian and label samples by quantile."
synthetic,2025,generate,New_Code\.venv_sklearn152\Lib\site-packages\sklearn\datasets\_samples_generator.py,Determines random number generation for dataset creation. Pass an int
synthetic,2032,generate,New_Code\.venv_sklearn152\Lib\site-packages\sklearn\datasets\_samples_generator.py,The generated samples.
synthetic,2059,generator,New_Code\.venv_sklearn152\Lib\site-packages\sklearn\datasets\_samples_generator.py,generator = check_random_state(random_state)
synthetic,2059,generate,New_Code\.venv_sklearn152\Lib\site-packages\sklearn\datasets\_samples_generator.py,generator = check_random_state(random_state)
synthetic,2067,generator,New_Code\.venv_sklearn152\Lib\site-packages\sklearn\datasets\_samples_generator.py,"X = generator.multivariate_normal(mean, cov * np.identity(n_features), (n_samples,))"
synthetic,2067,generate,New_Code\.venv_sklearn152\Lib\site-packages\sklearn\datasets\_samples_generator.py,"X = generator.multivariate_normal(mean, cov * np.identity(n_features), (n_samples,))"
synthetic,2084,generator,New_Code\.venv_sklearn152\Lib\site-packages\sklearn\datasets\_samples_generator.py,"X, y = util_shuffle(X, y, random_state=generator)"
synthetic,2084,generate,New_Code\.venv_sklearn152\Lib\site-packages\sklearn\datasets\_samples_generator.py,"X, y = util_shuffle(X, y, random_state=generator)"
synthetic,2090,generator,New_Code\.venv_sklearn152\Lib\site-packages\sklearn\datasets\_samples_generator.py,generator = check_random_state(random_state)
synthetic,2090,generate,New_Code\.venv_sklearn152\Lib\site-packages\sklearn\datasets\_samples_generator.py,generator = check_random_state(random_state)
synthetic,2092,generator,New_Code\.venv_sklearn152\Lib\site-packages\sklearn\datasets\_samples_generator.py,row_idx = generator.permutation(n_rows)
synthetic,2092,generate,New_Code\.venv_sklearn152\Lib\site-packages\sklearn\datasets\_samples_generator.py,row_idx = generator.permutation(n_rows)
synthetic,2093,generator,New_Code\.venv_sklearn152\Lib\site-packages\sklearn\datasets\_samples_generator.py,col_idx = generator.permutation(n_cols)
synthetic,2093,generate,New_Code\.venv_sklearn152\Lib\site-packages\sklearn\datasets\_samples_generator.py,col_idx = generator.permutation(n_cols)
synthetic,2120,generate,New_Code\.venv_sklearn152\Lib\site-packages\sklearn\datasets\_samples_generator.py,"""""""Generate a constant block diagonal structure array for biclustering."
synthetic,2145,generate,New_Code\.venv_sklearn152\Lib\site-packages\sklearn\datasets\_samples_generator.py,Determines random number generation for dataset creation. Pass an int
synthetic,2152,generate,New_Code\.venv_sklearn152\Lib\site-packages\sklearn\datasets\_samples_generator.py,The generated array.
synthetic,2162,generate,New_Code\.venv_sklearn152\Lib\site-packages\sklearn\datasets\_samples_generator.py,make_checkerboard: Generate an array with block checkerboard structure for
synthetic,2186,generator,New_Code\.venv_sklearn152\Lib\site-packages\sklearn\datasets\_samples_generator.py,generator = check_random_state(random_state)
synthetic,2186,generate,New_Code\.venv_sklearn152\Lib\site-packages\sklearn\datasets\_samples_generator.py,generator = check_random_state(random_state)
synthetic,2188,generator,New_Code\.venv_sklearn152\Lib\site-packages\sklearn\datasets\_samples_generator.py,"consts = generator.uniform(minval, maxval, n_clusters)"
synthetic,2188,generate,New_Code\.venv_sklearn152\Lib\site-packages\sklearn\datasets\_samples_generator.py,"consts = generator.uniform(minval, maxval, n_clusters)"
synthetic,2191,generator,New_Code\.venv_sklearn152\Lib\site-packages\sklearn\datasets\_samples_generator.py,"row_sizes = generator.multinomial(n_rows, np.repeat(1.0 / n_clusters, n_clusters))"
synthetic,2191,generate,New_Code\.venv_sklearn152\Lib\site-packages\sklearn\datasets\_samples_generator.py,"row_sizes = generator.multinomial(n_rows, np.repeat(1.0 / n_clusters, n_clusters))"
synthetic,2192,generator,New_Code\.venv_sklearn152\Lib\site-packages\sklearn\datasets\_samples_generator.py,"col_sizes = generator.multinomial(n_cols, np.repeat(1.0 / n_clusters, n_clusters))"
synthetic,2192,generate,New_Code\.venv_sklearn152\Lib\site-packages\sklearn\datasets\_samples_generator.py,"col_sizes = generator.multinomial(n_cols, np.repeat(1.0 / n_clusters, n_clusters))"
synthetic,2207,generator,New_Code\.venv_sklearn152\Lib\site-packages\sklearn\datasets\_samples_generator.py,"result += generator.normal(scale=noise, size=result.shape)"
synthetic,2207,generate,New_Code\.venv_sklearn152\Lib\site-packages\sklearn\datasets\_samples_generator.py,"result += generator.normal(scale=noise, size=result.shape)"
synthetic,2242,generate,New_Code\.venv_sklearn152\Lib\site-packages\sklearn\datasets\_samples_generator.py,"""""""Generate an array with block checkerboard structure for biclustering."
synthetic,2267,generate,New_Code\.venv_sklearn152\Lib\site-packages\sklearn\datasets\_samples_generator.py,Determines random number generation for dataset creation. Pass an int
synthetic,2274,generate,New_Code\.venv_sklearn152\Lib\site-packages\sklearn\datasets\_samples_generator.py,The generated array.
synthetic,2284,generate,New_Code\.venv_sklearn152\Lib\site-packages\sklearn\datasets\_samples_generator.py,make_biclusters : Generate an array with constant block diagonal structure
synthetic,2307,generator,New_Code\.venv_sklearn152\Lib\site-packages\sklearn\datasets\_samples_generator.py,generator = check_random_state(random_state)
synthetic,2307,generate,New_Code\.venv_sklearn152\Lib\site-packages\sklearn\datasets\_samples_generator.py,generator = check_random_state(random_state)
synthetic,2316,generator,New_Code\.venv_sklearn152\Lib\site-packages\sklearn\datasets\_samples_generator.py,row_sizes = generator.multinomial(
synthetic,2316,generate,New_Code\.venv_sklearn152\Lib\site-packages\sklearn\datasets\_samples_generator.py,row_sizes = generator.multinomial(
synthetic,2319,generator,New_Code\.venv_sklearn152\Lib\site-packages\sklearn\datasets\_samples_generator.py,col_sizes = generator.multinomial(
synthetic,2319,generate,New_Code\.venv_sklearn152\Lib\site-packages\sklearn\datasets\_samples_generator.py,col_sizes = generator.multinomial(
synthetic,2334,generator,New_Code\.venv_sklearn152\Lib\site-packages\sklearn\datasets\_samples_generator.py,"result[selector] += generator.uniform(minval, maxval)"
synthetic,2334,generate,New_Code\.venv_sklearn152\Lib\site-packages\sklearn\datasets\_samples_generator.py,"result[selector] += generator.uniform(minval, maxval)"
synthetic,2337,generator,New_Code\.venv_sklearn152\Lib\site-packages\sklearn\datasets\_samples_generator.py,"result += generator.normal(scale=noise, size=result.shape)"
synthetic,2337,generate,New_Code\.venv_sklearn152\Lib\site-packages\sklearn\datasets\_samples_generator.py,"result += generator.normal(scale=noise, size=result.shape)"
synthetic,437,generate,New_Code\.venv_sklearn152\Lib\site-packages\sklearn\datasets\_svmlight_format_io.py,"""# Generated by dump_svmlight_file from scikit-learn %s\n"" % __version__"
synthetic,225,generate,New_Code\.venv_sklearn152\Lib\site-packages\sklearn\datasets\_twenty_newsgroups.py,Determines random number generation for dataset shuffling. Pass an int
synthetic,1,generate,New_Code\.venv_sklearn152\Lib\site-packages\sklearn\datasets\__init__.py,"""""""Utilities to load popular datasets and artificial data generators."""""""
synthetic,51,generate,New_Code\.venv_sklearn152\Lib\site-packages\sklearn\datasets\tests\test_lfw.py,# generate some random jpeg files for each person
synthetic,70,generate,New_Code\.venv_sklearn152\Lib\site-packages\sklearn\datasets\tests\test_lfw.py,# generate some pairing metadata files using the same format as LFW
synthetic,76,sample,New_Code\.venv_sklearn152\Lib\site-packages\sklearn\datasets\tests\test_lfw.py,"first, second = random_state.sample(range(counts[name]), 2)"
synthetic,80,sample,New_Code\.venv_sklearn152\Lib\site-packages\sklearn\datasets\tests\test_lfw.py,"first_name, second_name = random_state.sample(FAKE_NAMES, 2)"
synthetic,31,generate,New_Code\.venv_sklearn152\Lib\site-packages\sklearn\decomposition\_base.py,"""""""Compute data covariance with the generative model."
synthetic,59,generate,New_Code\.venv_sklearn152\Lib\site-packages\sklearn\decomposition\_base.py,"""""""Compute data precision matrix with the generative model."
synthetic,45,generate,New_Code\.venv_sklearn152\Lib\site-packages\sklearn\decomposition\_factor_analysis.py,A simple linear generative model with Gaussian latent variables.
synthetic,304,generate,New_Code\.venv_sklearn152\Lib\site-packages\sklearn\decomposition\_lda.py,"RandomState instance that is generated either from a seed, the random"
synthetic,305,generator,New_Code\.venv_sklearn152\Lib\site-packages\sklearn\decomposition\_lda.py,number generator or by `np.random`.
synthetic,305,generate,New_Code\.venv_sklearn152\Lib\site-packages\sklearn\decomposition\_lda.py,number generator or by `np.random`.
synthetic,314,generate,New_Code\.venv_sklearn152\Lib\site-packages\sklearn\decomposition\_lda.py,"A classifier with a linear decision boundary, generated by fitting"
synthetic,866,generate,New_Code\.venv_sklearn152\Lib\site-packages\sklearn\decomposition\_lda.py,"If it is None, it will be generated by applying transform on X."
synthetic,1142,generate,New_Code\.venv_sklearn152\Lib\site-packages\sklearn\decomposition\_nmf.py,# This prevents ``set_split_inverse_transform`` to be generated for the
synthetic,123,generate,New_Code\.venv_sklearn152\Lib\site-packages\sklearn\decomposition\_truncated_svd.py,FactorAnalysis : A simple linear generative model with
synthetic,27,generate,New_Code\.venv_sklearn152\Lib\site-packages\sklearn\decomposition\tests\test_factor_analysis.py,# Some random settings for the generative model
synthetic,35,generate,New_Code\.venv_sklearn152\Lib\site-packages\sklearn\decomposition\tests\test_factor_analysis.py,# generate observations
synthetic,37,generate,New_Code\.venv_sklearn152\Lib\site-packages\sklearn\decomposition\tests\test_fastica.py,# generate a random orthogonal  matrix
synthetic,89,generate,New_Code\.venv_sklearn152\Lib\site-packages\sklearn\decomposition\tests\test_fastica.py,# Generate two sources:
synthetic,198,generate,New_Code\.venv_sklearn152\Lib\site-packages\sklearn\decomposition\tests\test_fastica.py,# Generate two sources:
synthetic,227,generate,New_Code\.venv_sklearn152\Lib\site-packages\sklearn\decomposition\tests\test_fastica.py,# Generate two sources:
synthetic,414,generate,New_Code\.venv_sklearn152\Lib\site-packages\sklearn\decomposition\tests\test_fastica.py,# Generate two sources:
synthetic,97,generate,New_Code\.venv_sklearn152\Lib\site-packages\sklearn\decomposition\tests\test_incremental_pca.py,# Get the reconstruction of the generated data X
synthetic,445,generate,New_Code\.venv_sklearn152\Lib\site-packages\sklearn\decomposition\tests\test_kernel_pca.py,# Generate random data
synthetic,31,generate,New_Code\.venv_sklearn152\Lib\site-packages\sklearn\decomposition\tests\test_pca.py,# * SciPy's generation of random sparse matrix can be costly
synthetic,20,generate,New_Code\.venv_sklearn152\Lib\site-packages\sklearn\decomposition\tests\test_sparse_pca.py,"def generate_toy_data(n_components, n_samples, image_size, random_state=None):"
synthetic,63,generate,New_Code\.venv_sklearn152\Lib\site-packages\sklearn\decomposition\tests\test_sparse_pca.py,"Y, _, _ = generate_toy_data(3, 10, (8, 8), random_state=rng)  # wide array"
synthetic,77,generate,New_Code\.venv_sklearn152\Lib\site-packages\sklearn\decomposition\tests\test_sparse_pca.py,"Y, _, _ = generate_toy_data(3, 10, (8, 8), random_state=rng)  # wide array"
synthetic,94,generate,New_Code\.venv_sklearn152\Lib\site-packages\sklearn\decomposition\tests\test_sparse_pca.py,"Y, _, _ = generate_toy_data(3, 10, (8, 8), random_state=rng)  # wide array"
synthetic,102,generate,New_Code\.venv_sklearn152\Lib\site-packages\sklearn\decomposition\tests\test_sparse_pca.py,"Y, _, _ = generate_toy_data(3, 65, (8, 8), random_state=rng)  # tall array"
synthetic,143,generate,New_Code\.venv_sklearn152\Lib\site-packages\sklearn\decomposition\tests\test_sparse_pca.py,"Y, _, _ = generate_toy_data(3, 10, (8, 8), random_state=rng)  # wide array"
synthetic,174,generate,New_Code\.venv_sklearn152\Lib\site-packages\sklearn\decomposition\tests\test_sparse_pca.py,"Y, _, _ = generate_toy_data(3, 1000, (8, 8), random_state=rng)"
synthetic,183,generate,New_Code\.venv_sklearn152\Lib\site-packages\sklearn\decomposition\tests\test_sparse_pca.py,"Y, _, _ = generate_toy_data(3, 1000, (8, 8), random_state=rng)"
synthetic,184,generate,New_Code\.venv_sklearn152\Lib\site-packages\sklearn\decomposition\tests\test_sparse_pca.py,"Z, _, _ = generate_toy_data(3, 10, (8, 8), random_state=rng)"
synthetic,606,generate,New_Code\.venv_sklearn152\Lib\site-packages\sklearn\ensemble\_bagging.py,Returns a dynamically generated list of indices identifying
synthetic,726,generate,New_Code\.venv_sklearn152\Lib\site-packages\sklearn\ensemble\_bagging.py,seed is generated for each instance in the ensemble.
synthetic,1149,generate,New_Code\.venv_sklearn152\Lib\site-packages\sklearn\ensemble\_bagging.py,seed is generated for each instance in the ensemble.
synthetic,57,generator,New_Code\.venv_sklearn152\Lib\site-packages\sklearn\ensemble\_base.py,Pseudo-random number generator to control the generation of the random
synthetic,57,generate,New_Code\.venv_sklearn152\Lib\site-packages\sklearn\ensemble\_base.py,Pseudo-random number generator to control the generation of the random
synthetic,707,generate,New_Code\.venv_sklearn152\Lib\site-packages\sklearn\ensemble\_forest.py,Returns a dynamically generated list of indices identifying
synthetic,2719,generate,New_Code\.venv_sklearn152\Lib\site-packages\sklearn\ensemble\_forest.py,Controls the generation of the random `y` used to fit the trees
synthetic,2946,generate,New_Code\.venv_sklearn152\Lib\site-packages\sklearn\ensemble\_forest.py,to generate the leaf and `leaf` is the index of a leaf node
synthetic,2955,generate,New_Code\.venv_sklearn152\Lib\site-packages\sklearn\ensemble\_forest.py,"self, input_features=input_features, generate_names=False"
synthetic,842,generator,New_Code\.venv_sklearn152\Lib\site-packages\sklearn\ensemble\_gb.py,# We create a generator to get the predictions for X_val after
synthetic,842,generate,New_Code\.venv_sklearn152\Lib\site-packages\sklearn\ensemble\_gb.py,# We create a generator to get the predictions for X_val after
synthetic,983,generator,New_Code\.venv_sklearn152\Lib\site-packages\sklearn\ensemble\_gb.py,"raw_predictions : generator of ndarray of shape (n_samples, k)"
synthetic,983,generate,New_Code\.venv_sklearn152\Lib\site-packages\sklearn\ensemble\_gb.py,"raw_predictions : generator of ndarray of shape (n_samples, k)"
synthetic,1588,generator,New_Code\.venv_sklearn152\Lib\site-packages\sklearn\ensemble\_gb.py,"score : generator of ndarray of shape (n_samples, k)"
synthetic,1588,generate,New_Code\.venv_sklearn152\Lib\site-packages\sklearn\ensemble\_gb.py,"score : generator of ndarray of shape (n_samples, k)"
synthetic,1634,generator,New_Code\.venv_sklearn152\Lib\site-packages\sklearn\ensemble\_gb.py,"y : generator of ndarray of shape (n_samples,)"
synthetic,1634,generate,New_Code\.venv_sklearn152\Lib\site-packages\sklearn\ensemble\_gb.py,"y : generator of ndarray of shape (n_samples,)"
synthetic,1709,generator,New_Code\.venv_sklearn152\Lib\site-packages\sklearn\ensemble\_gb.py,"y : generator of ndarray of shape (n_samples,)"
synthetic,1709,generate,New_Code\.venv_sklearn152\Lib\site-packages\sklearn\ensemble\_gb.py,"y : generator of ndarray of shape (n_samples,)"
synthetic,2148,generator,New_Code\.venv_sklearn152\Lib\site-packages\sklearn\ensemble\_gb.py,"y : generator of ndarray of shape (n_samples,)"
synthetic,2148,generate,New_Code\.venv_sklearn152\Lib\site-packages\sklearn\ensemble\_gb.py,"y : generator of ndarray of shape (n_samples,)"
synthetic,248,generate,New_Code\.venv_sklearn152\Lib\site-packages\sklearn\ensemble\_stacking.py,# Generate predictions from prefit models
synthetic,324,generate,New_Code\.venv_sklearn152\Lib\site-packages\sklearn\ensemble\_stacking.py,"then names are generated: `[x0, x1, ..., x(n_features_in_ - 1)]`."
synthetic,329,generate,New_Code\.venv_sklearn152\Lib\site-packages\sklearn\ensemble\_stacking.py,to generate the output feature names.
synthetic,338,generate,New_Code\.venv_sklearn152\Lib\site-packages\sklearn\ensemble\_stacking.py,"self, input_features, generate_names=self.passthrough"
synthetic,428,generator,New_Code\.venv_sklearn152\Lib\site-packages\sklearn\ensemble\_stacking.py,"cv : int, cross-validation generator, iterable, or ""prefit"", default=None"
synthetic,428,generate,New_Code\.venv_sklearn152\Lib\site-packages\sklearn\ensemble\_stacking.py,"cv : int, cross-validation generator, iterable, or ""prefit"", default=None"
synthetic,435,generator,New_Code\.venv_sklearn152\Lib\site-packages\sklearn\ensemble\_stacking.py,"* An object to be used as a cross-validation generator,"
synthetic,435,generate,New_Code\.venv_sklearn152\Lib\site-packages\sklearn\ensemble\_stacking.py,"* An object to be used as a cross-validation generator,"
synthetic,805,generator,New_Code\.venv_sklearn152\Lib\site-packages\sklearn\ensemble\_stacking.py,"cv : int, cross-validation generator, iterable, or ""prefit"", default=None"
synthetic,805,generate,New_Code\.venv_sklearn152\Lib\site-packages\sklearn\ensemble\_stacking.py,"cv : int, cross-validation generator, iterable, or ""prefit"", default=None"
synthetic,812,generator,New_Code\.venv_sklearn152\Lib\site-packages\sklearn\ensemble\_stacking.py,"* An object to be used as a cross-validation generator,"
synthetic,812,generate,New_Code\.venv_sklearn152\Lib\site-packages\sklearn\ensemble\_stacking.py,"* An object to be used as a cross-validation generator,"
synthetic,537,generate,New_Code\.venv_sklearn152\Lib\site-packages\sklearn\ensemble\_voting.py,"_check_feature_names_in(self, input_features, generate_names=False)"
synthetic,748,generate,New_Code\.venv_sklearn152\Lib\site-packages\sklearn\ensemble\_voting.py,"_check_feature_names_in(self, input_features, generate_names=False)"
synthetic,157,generate,New_Code\.venv_sklearn152\Lib\site-packages\sklearn\ensemble\_weight_boosting.py,# generate a seed at each iteration
synthetic,228,generator,New_Code\.venv_sklearn152\Lib\site-packages\sklearn\ensemble\_weight_boosting.py,The current random number generator
synthetic,228,generate,New_Code\.venv_sklearn152\Lib\site-packages\sklearn\ensemble\_weight_boosting.py,The current random number generator
synthetic,249,generator,New_Code\.venv_sklearn152\Lib\site-packages\sklearn\ensemble\_weight_boosting.py,This generator method yields the ensemble score after each iteration of
synthetic,249,generate,New_Code\.venv_sklearn152\Lib\site-packages\sklearn\ensemble\_weight_boosting.py,This generator method yields the ensemble score after each iteration of
synthetic,740,generator,New_Code\.venv_sklearn152\Lib\site-packages\sklearn\ensemble\_weight_boosting.py,This generator method yields the ensemble prediction after each
synthetic,740,generate,New_Code\.venv_sklearn152\Lib\site-packages\sklearn\ensemble\_weight_boosting.py,This generator method yields the ensemble prediction after each
synthetic,752,generator,New_Code\.venv_sklearn152\Lib\site-packages\sklearn\ensemble\_weight_boosting.py,"y : generator of ndarray of shape (n_samples,)"
synthetic,752,generate,New_Code\.venv_sklearn152\Lib\site-packages\sklearn\ensemble\_weight_boosting.py,"y : generator of ndarray of shape (n_samples,)"
synthetic,829,generator,New_Code\.venv_sklearn152\Lib\site-packages\sklearn\ensemble\_weight_boosting.py,"score : generator of ndarray of shape (n_samples, k)"
synthetic,829,generate,New_Code\.venv_sklearn152\Lib\site-packages\sklearn\ensemble\_weight_boosting.py,"score : generator of ndarray of shape (n_samples, k)"
synthetic,926,generator,New_Code\.venv_sklearn152\Lib\site-packages\sklearn\ensemble\_weight_boosting.py,This generator method yields the ensemble predicted class probabilities
synthetic,926,generate,New_Code\.venv_sklearn152\Lib\site-packages\sklearn\ensemble\_weight_boosting.py,This generator method yields the ensemble predicted class probabilities
synthetic,939,generator,New_Code\.venv_sklearn152\Lib\site-packages\sklearn\ensemble\_weight_boosting.py,"p : generator of ndarray of shape (n_samples,)"
synthetic,939,generate,New_Code\.venv_sklearn152\Lib\site-packages\sklearn\ensemble\_weight_boosting.py,"p : generator of ndarray of shape (n_samples,)"
synthetic,1260,generator,New_Code\.venv_sklearn152\Lib\site-packages\sklearn\ensemble\_weight_boosting.py,This generator method yields the ensemble prediction after each
synthetic,1260,generate,New_Code\.venv_sklearn152\Lib\site-packages\sklearn\ensemble\_weight_boosting.py,This generator method yields the ensemble prediction after each
synthetic,1271,generator,New_Code\.venv_sklearn152\Lib\site-packages\sklearn\ensemble\_weight_boosting.py,"y : generator of ndarray of shape (n_samples,)"
synthetic,1271,generate,New_Code\.venv_sklearn152\Lib\site-packages\sklearn\ensemble\_weight_boosting.py,"y : generator of ndarray of shape (n_samples,)"
synthetic,249,generate,New_Code\.venv_sklearn152\Lib\site-packages\sklearn\ensemble\tests\test_bagging.py,# Test that bootstrapping samples generate non-perfect base estimators.
synthetic,291,generate,New_Code\.venv_sklearn152\Lib\site-packages\sklearn\ensemble\tests\test_bagging.py,# Test that bootstrapping features may generate duplicate features.
synthetic,716,generate,New_Code\.venv_sklearn152\Lib\site-packages\sklearn\ensemble\tests\test_bagging.py,# generated at fit time can be identically reproduced at a later time
synthetic,757,generate,New_Code\.venv_sklearn152\Lib\site-packages\sklearn\ensemble\tests\test_bagging.py,# generated at fit time can be identically reproduced at a later time using
synthetic,912,generate,New_Code\.venv_sklearn152\Lib\site-packages\sklearn\ensemble\tests\test_bagging.py,# Check that Bagging estimator can generate sample indices properly
synthetic,1718,generator,New_Code\.venv_sklearn152\Lib\site-packages\sklearn\ensemble\tests\test_forest.py,Tests consistency across fits and whether or not the seed for the random generator
synthetic,1718,generate,New_Code\.venv_sklearn152\Lib\site-packages\sklearn\ensemble\tests\test_forest.py,Tests consistency across fits and whether or not the seed for the random generator
synthetic,101,synthetic,New_Code\.venv_sklearn152\Lib\site-packages\sklearn\ensemble\tests\test_gradient_boosting.py,# Test GradientBoostingClassifier on synthetic dataset used by
synthetic,103,generate,New_Code\.venv_sklearn152\Lib\site-packages\sklearn\ensemble\tests\test_gradient_boosting.py,# Note that Figure 10.9 reuses the dataset generated for figure 10.2
synthetic,207,synthetic,New_Code\.venv_sklearn152\Lib\site-packages\sklearn\ensemble\tests\test_gradient_boosting.py,"# Test on synthetic regression datasets used in Leo Breiman,"
synthetic,144,generate,New_Code\.venv_sklearn152\Lib\site-packages\sklearn\ensemble\tests\test_iforest.py,# Generate train/test data
synthetic,150,generate,New_Code\.venv_sklearn152\Lib\site-packages\sklearn\ensemble\tests\test_iforest.py,# Generate some abnormal novel observations
synthetic,116,generator,New_Code\.venv_sklearn152\Lib\site-packages\sklearn\ensemble\_hist_gradient_boosting\binning.py,Pseudo-random number generator to control the random sub-sampling.
synthetic,116,generate,New_Code\.venv_sklearn152\Lib\site-packages\sklearn\ensemble\_hist_gradient_boosting\binning.py,Pseudo-random number generator to control the random sub-sampling.
synthetic,1335,generator,New_Code\.venv_sklearn152\Lib\site-packages\sklearn\ensemble\_hist_gradient_boosting\gradient_boosting.py,raw_predictions : generator of ndarray of shape \
synthetic,1335,generate,New_Code\.venv_sklearn152\Lib\site-packages\sklearn\ensemble\_hist_gradient_boosting\gradient_boosting.py,raw_predictions : generator of ndarray of shape \
synthetic,1622,generator,New_Code\.venv_sklearn152\Lib\site-packages\sklearn\ensemble\_hist_gradient_boosting\gradient_boosting.py,Pseudo-random number generator to control the subsampling in the
synthetic,1622,generate,New_Code\.venv_sklearn152\Lib\site-packages\sklearn\ensemble\_hist_gradient_boosting\gradient_boosting.py,Pseudo-random number generator to control the subsampling in the
synthetic,1786,generator,New_Code\.venv_sklearn152\Lib\site-packages\sklearn\ensemble\_hist_gradient_boosting\gradient_boosting.py,"y : generator of ndarray of shape (n_samples,)"
synthetic,1786,generate,New_Code\.venv_sklearn152\Lib\site-packages\sklearn\ensemble\_hist_gradient_boosting\gradient_boosting.py,"y : generator of ndarray of shape (n_samples,)"
synthetic,2001,generator,New_Code\.venv_sklearn152\Lib\site-packages\sklearn\ensemble\_hist_gradient_boosting\gradient_boosting.py,Pseudo-random number generator to control the subsampling in the
synthetic,2001,generate,New_Code\.venv_sklearn152\Lib\site-packages\sklearn\ensemble\_hist_gradient_boosting\gradient_boosting.py,Pseudo-random number generator to control the subsampling in the
synthetic,2183,generator,New_Code\.venv_sklearn152\Lib\site-packages\sklearn\ensemble\_hist_gradient_boosting\gradient_boosting.py,"y : generator of ndarray of shape (n_samples,)"
synthetic,2183,generate,New_Code\.venv_sklearn152\Lib\site-packages\sklearn\ensemble\_hist_gradient_boosting\gradient_boosting.py,"y : generator of ndarray of shape (n_samples,)"
synthetic,2223,generator,New_Code\.venv_sklearn152\Lib\site-packages\sklearn\ensemble\_hist_gradient_boosting\gradient_boosting.py,"y : generator of ndarray of shape (n_samples,)"
synthetic,2223,generate,New_Code\.venv_sklearn152\Lib\site-packages\sklearn\ensemble\_hist_gradient_boosting\gradient_boosting.py,"y : generator of ndarray of shape (n_samples,)"
synthetic,2264,generator,New_Code\.venv_sklearn152\Lib\site-packages\sklearn\ensemble\_hist_gradient_boosting\gradient_boosting.py,"decision : generator of ndarray of shape (n_samples,) or \"
synthetic,2264,generate,New_Code\.venv_sklearn152\Lib\site-packages\sklearn\ensemble\_hist_gradient_boosting\gradient_boosting.py,"decision : generator of ndarray of shape (n_samples,) or \"
synthetic,211,generator,New_Code\.venv_sklearn152\Lib\site-packages\sklearn\ensemble\_hist_gradient_boosting\grower.py,rng : Generator
synthetic,211,generate,New_Code\.venv_sklearn152\Lib\site-packages\sklearn\ensemble\_hist_gradient_boosting\grower.py,rng : Generator
synthetic,212,generator,New_Code\.venv_sklearn152\Lib\site-packages\sklearn\ensemble\_hist_gradient_boosting\grower.py,Numpy random Generator used for feature subsampling.
synthetic,212,generate,New_Code\.venv_sklearn152\Lib\site-packages\sklearn\ensemble\_hist_gradient_boosting\grower.py,Numpy random Generator used for feature subsampling.
synthetic,1645,generate,New_Code\.venv_sklearn152\Lib\site-packages\sklearn\ensemble\_hist_gradient_boosting\tests\test_gradient_boosting.py,# Make sure that a platform specific pickle generated on a 64 bit
synthetic,25,generate,New_Code\.venv_sklearn152\Lib\site-packages\sklearn\ensemble\_hist_gradient_boosting\tests\test_grower.py,# Generate some test data directly binned so as to test the grower code
synthetic,131,generate,New_Code\.venv_sklearn152\Lib\site-packages\sklearn\externals\_arff.py,.org/doc/scipy/reference/generated/scipy.sparse.coo_matrix.html#scipy.sparse.coo_matrix>`_
synthetic,317,generator,New_Code\.venv_sklearn152\Lib\site-packages\sklearn\externals\_arff.py,DENSE_GEN = 3 # Generator of dictionaries
synthetic,317,generate,New_Code\.venv_sklearn152\Lib\site-packages\sklearn\externals\_arff.py,DENSE_GEN = 3 # Generator of dictionaries
synthetic,318,generator,New_Code\.venv_sklearn152\Lib\site-packages\sklearn\externals\_arff.py,LOD_GEN = 4   # Generator of dictionaries
synthetic,318,generate,New_Code\.venv_sklearn152\Lib\site-packages\sklearn\externals\_arff.py,LOD_GEN = 4   # Generator of dictionaries
synthetic,519,generator,New_Code\.venv_sklearn152\Lib\site-packages\sklearn\externals\_arff.py,"""""""Mixin to return a list from decode_rows instead of a generator"""""""
synthetic,519,generate,New_Code\.venv_sklearn152\Lib\site-packages\sklearn\externals\_arff.py,"""""""Mixin to return a list from decode_rows instead of a generator"""""""
synthetic,1089,generator,New_Code\.venv_sklearn152\Lib\site-packages\sklearn\externals\_arff.py,generator = encoder.iter_encode(obj)
synthetic,1089,generate,New_Code\.venv_sklearn152\Lib\site-packages\sklearn\externals\_arff.py,generator = encoder.iter_encode(obj)
synthetic,1091,generator,New_Code\.venv_sklearn152\Lib\site-packages\sklearn\externals\_arff.py,last_row = next(generator)
synthetic,1091,generate,New_Code\.venv_sklearn152\Lib\site-packages\sklearn\externals\_arff.py,last_row = next(generator)
synthetic,1092,generator,New_Code\.venv_sklearn152\Lib\site-packages\sklearn\externals\_arff.py,for row in generator:
synthetic,1092,generate,New_Code\.venv_sklearn152\Lib\site-packages\sklearn\externals\_arff.py,for row in generator:
synthetic,311,generate,New_Code\.venv_sklearn152\Lib\site-packages\sklearn\externals\_packaging\version.py,# Generate a key which will be used for sorting
synthetic,260,generate,New_Code\.venv_sklearn152\Lib\site-packages\sklearn\externals\_scipy\sparse\csgraph\_laplacian.py,but can alternatively be generated matrix-free as a LinearOperator:
synthetic,386,generator,New_Code\.venv_sklearn152\Lib\site-packages\sklearn\feature_extraction\image.py,Determines the random number generator used for random sampling when
synthetic,386,generate,New_Code\.venv_sklearn152\Lib\site-packages\sklearn\feature_extraction\image.py,Determines the random number generator used for random sampling when
synthetic,544,generator,New_Code\.venv_sklearn152\Lib\site-packages\sklearn\feature_extraction\image.py,Determines the random number generator used for random sampling when
synthetic,544,generate,New_Code\.venv_sklearn152\Lib\site-packages\sklearn\feature_extraction\image.py,Determines the random number generator used for random sampling when
synthetic,409,generate,New_Code\.venv_sklearn152\Lib\site-packages\sklearn\feature_extraction\text.py,"""words generated tokens %r not in """
synthetic,422,generate,New_Code\.venv_sklearn152\Lib\site-packages\sklearn\feature_extraction\text.py,"The callable handles preprocessing, tokenization, and n-grams generation."
synthetic,428,generate,New_Code\.venv_sklearn152\Lib\site-packages\sklearn\feature_extraction\text.py,and n-grams generation.
synthetic,649,generate,New_Code\.venv_sklearn152\Lib\site-packages\sklearn\feature_extraction\text.py,preserving the tokenizing and n-grams generation steps.
synthetic,654,generate,New_Code\.venv_sklearn152\Lib\site-packages\sklearn\feature_extraction\text.py,preprocessing and n-grams generation steps.
synthetic,983,generate,New_Code\.venv_sklearn152\Lib\site-packages\sklearn\feature_extraction\text.py,preserving the tokenizing and n-grams generation steps.
synthetic,988,generate,New_Code\.venv_sklearn152\Lib\site-packages\sklearn\feature_extraction\text.py,preprocessing and n-grams generation steps.
synthetic,1313,generate,New_Code\.venv_sklearn152\Lib\site-packages\sklearn\feature_extraction\text.py,"An iterable which generates either str, unicode or file objects."
synthetic,1336,generate,New_Code\.venv_sklearn152\Lib\site-packages\sklearn\feature_extraction\text.py,"An iterable which generates either str, unicode or file objects."
synthetic,1403,generate,New_Code\.venv_sklearn152\Lib\site-packages\sklearn\feature_extraction\text.py,"An iterable which generates either str, unicode or file objects."
synthetic,1778,generate,New_Code\.venv_sklearn152\Lib\site-packages\sklearn\feature_extraction\text.py,preserving the tokenizing and n-grams generation steps.
synthetic,1783,generate,New_Code\.venv_sklearn152\Lib\site-packages\sklearn\feature_extraction\text.py,preprocessing and n-grams generation steps.
synthetic,2043,generate,New_Code\.venv_sklearn152\Lib\site-packages\sklearn\feature_extraction\text.py,"An iterable which generates either str, unicode or file objects."
synthetic,2074,generate,New_Code\.venv_sklearn152\Lib\site-packages\sklearn\feature_extraction\text.py,"An iterable which generates either str, unicode or file objects."
synthetic,2106,generate,New_Code\.venv_sklearn152\Lib\site-packages\sklearn\feature_extraction\text.py,"An iterable which generates either str, unicode or file objects."
synthetic,156,generate,New_Code\.venv_sklearn152\Lib\site-packages\sklearn\feature_extraction\_hash.py,"containing/generating feature names (and optionally values, see"
synthetic,159,generator,New_Code\.venv_sklearn152\Lib\site-packages\sklearn\feature_extraction\_hash.py,of a generator; n_samples is determined on the fly.
synthetic,159,generate,New_Code\.venv_sklearn152\Lib\site-packages\sklearn\feature_extraction\_hash.py,of a generator; n_samples is determined on the fly.
synthetic,151,generate,New_Code\.venv_sklearn152\Lib\site-packages\sklearn\feature_extraction\tests\test_dict_vectorizer.py,# Generate equal dictionaries with different memory layouts
synthetic,52,generator,New_Code\.venv_sklearn152\Lib\site-packages\sklearn\feature_extraction\tests\test_feature_hasher.py,"ids=[""list"", ""generator""],"
synthetic,52,generate,New_Code\.venv_sklearn152\Lib\site-packages\sklearn\feature_extraction\tests\test_feature_hasher.py,"ids=[""list"", ""generator""],"
synthetic,52,generate,New_Code\.venv_sklearn152\Lib\site-packages\sklearn\feature_extraction\tests\test_image.py,# Generating two convex parts with one vertex
synthetic,671,generate,New_Code\.venv_sklearn152\Lib\site-packages\sklearn\feature_extraction\tests\test_text.py,# ngrams generate more non zeros
synthetic,1333,generate,New_Code\.venv_sklearn152\Lib\site-packages\sklearn\feature_extraction\tests\test_text.py,"""preprocessing. Tokenizing the stop words generated """
synthetic,178,generate,New_Code\.venv_sklearn152\Lib\site-packages\sklearn\feature_selection\_base.py,then the following input feature names are generated:
synthetic,243,generate,New_Code\.venv_sklearn152\Lib\site-packages\sklearn\feature_selection\_mutual_info.py,Determines random number generation for adding small noise to
synthetic,386,generate,New_Code\.venv_sklearn152\Lib\site-packages\sklearn\feature_selection\_mutual_info.py,Determines random number generation for adding small noise to
synthetic,514,generate,New_Code\.venv_sklearn152\Lib\site-packages\sklearn\feature_selection\_mutual_info.py,Determines random number generation for adding small noise to
synthetic,521,generator,New_Code\.venv_sklearn152\Lib\site-packages\sklearn\feature_selection\_rfe.py,"cv : int, cross-validation generator or an iterable, default=None"
synthetic,521,generate,New_Code\.venv_sklearn152\Lib\site-packages\sklearn\feature_selection\_rfe.py,"cv : int, cross-validation generator or an iterable, default=None"
synthetic,81,generator,New_Code\.venv_sklearn152\Lib\site-packages\sklearn\feature_selection\_sequential.py,"cv : int, cross-validation generator or an iterable, default=None"
synthetic,81,generate,New_Code\.venv_sklearn152\Lib\site-packages\sklearn\feature_selection\_sequential.py,"cv : int, cross-validation generator or an iterable, default=None"
synthetic,854,generate,New_Code\.venv_sklearn152\Lib\site-packages\sklearn\feature_selection\tests\test_feature_select.py,# Generate random uncorrelated data: a strict univariate test should
synthetic,135,generate,New_Code\.venv_sklearn152\Lib\site-packages\sklearn\feature_selection\tests\test_mutual_info.py,"# We generate sample from multivariate normal distribution, using"
synthetic,63,generator,New_Code\.venv_sklearn152\Lib\site-packages\sklearn\feature_selection\tests\test_rfe.py,generator = check_random_state(0)
synthetic,63,generate,New_Code\.venv_sklearn152\Lib\site-packages\sklearn\feature_selection\tests\test_rfe.py,generator = check_random_state(0)
synthetic,67,generator,New_Code\.venv_sklearn152\Lib\site-packages\sklearn\feature_selection\tests\test_rfe.py,"X = np.c_[iris.data, generator.normal(size=(len(iris.data), 6))]"
synthetic,67,generate,New_Code\.venv_sklearn152\Lib\site-packages\sklearn\feature_selection\tests\test_rfe.py,"X = np.c_[iris.data, generator.normal(size=(len(iris.data), 6))]"
synthetic,70,generator,New_Code\.venv_sklearn152\Lib\site-packages\sklearn\feature_selection\tests\test_rfe.py,"clf = RandomForestClassifier(n_estimators=20, random_state=generator, max_depth=2)"
synthetic,70,generate,New_Code\.venv_sklearn152\Lib\site-packages\sklearn\feature_selection\tests\test_rfe.py,"clf = RandomForestClassifier(n_estimators=20, random_state=generator, max_depth=2)"
synthetic,85,generator,New_Code\.venv_sklearn152\Lib\site-packages\sklearn\feature_selection\tests\test_rfe.py,generator = check_random_state(0)
synthetic,85,generate,New_Code\.venv_sklearn152\Lib\site-packages\sklearn\feature_selection\tests\test_rfe.py,generator = check_random_state(0)
synthetic,89,generator,New_Code\.venv_sklearn152\Lib\site-packages\sklearn\feature_selection\tests\test_rfe.py,"X = np.c_[iris.data, generator.normal(size=(len(iris.data), 6))]"
synthetic,89,generate,New_Code\.venv_sklearn152\Lib\site-packages\sklearn\feature_selection\tests\test_rfe.py,"X = np.c_[iris.data, generator.normal(size=(len(iris.data), 6))]"
synthetic,142,generator,New_Code\.venv_sklearn152\Lib\site-packages\sklearn\feature_selection\tests\test_rfe.py,generator = check_random_state(0)
synthetic,142,generate,New_Code\.venv_sklearn152\Lib\site-packages\sklearn\feature_selection\tests\test_rfe.py,generator = check_random_state(0)
synthetic,146,generator,New_Code\.venv_sklearn152\Lib\site-packages\sklearn\feature_selection\tests\test_rfe.py,"X = np.c_[iris.data, generator.normal(size=(len(iris.data), 6))]"
synthetic,146,generate,New_Code\.venv_sklearn152\Lib\site-packages\sklearn\feature_selection\tests\test_rfe.py,"X = np.c_[iris.data, generator.normal(size=(len(iris.data), 6))]"
synthetic,161,generator,New_Code\.venv_sklearn152\Lib\site-packages\sklearn\feature_selection\tests\test_rfe.py,generator = check_random_state(0)
synthetic,161,generate,New_Code\.venv_sklearn152\Lib\site-packages\sklearn\feature_selection\tests\test_rfe.py,generator = check_random_state(0)
synthetic,165,generator,New_Code\.venv_sklearn152\Lib\site-packages\sklearn\feature_selection\tests\test_rfe.py,"X = np.c_[iris.data, generator.normal(size=(len(iris.data), 6))]"
synthetic,165,generate,New_Code\.venv_sklearn152\Lib\site-packages\sklearn\feature_selection\tests\test_rfe.py,"X = np.c_[iris.data, generator.normal(size=(len(iris.data), 6))]"
synthetic,180,generator,New_Code\.venv_sklearn152\Lib\site-packages\sklearn\feature_selection\tests\test_rfe.py,generator = check_random_state(0)
synthetic,180,generate,New_Code\.venv_sklearn152\Lib\site-packages\sklearn\feature_selection\tests\test_rfe.py,generator = check_random_state(0)
synthetic,184,generator,New_Code\.venv_sklearn152\Lib\site-packages\sklearn\feature_selection\tests\test_rfe.py,"X = np.c_[iris.data, generator.normal(size=(len(iris.data), 6))]"
synthetic,184,generate,New_Code\.venv_sklearn152\Lib\site-packages\sklearn\feature_selection\tests\test_rfe.py,"X = np.c_[iris.data, generator.normal(size=(len(iris.data), 6))]"
synthetic,261,generator,New_Code\.venv_sklearn152\Lib\site-packages\sklearn\feature_selection\tests\test_rfe.py,generator = check_random_state(0)
synthetic,261,generate,New_Code\.venv_sklearn152\Lib\site-packages\sklearn\feature_selection\tests\test_rfe.py,generator = check_random_state(0)
synthetic,263,generator,New_Code\.venv_sklearn152\Lib\site-packages\sklearn\feature_selection\tests\test_rfe.py,"X = np.c_[iris.data, generator.normal(size=(len(iris.data), 6))]"
synthetic,263,generate,New_Code\.venv_sklearn152\Lib\site-packages\sklearn\feature_selection\tests\test_rfe.py,"X = np.c_[iris.data, generator.normal(size=(len(iris.data), 6))]"
synthetic,284,generator,New_Code\.venv_sklearn152\Lib\site-packages\sklearn\feature_selection\tests\test_rfe.py,generator = check_random_state(0)
synthetic,284,generate,New_Code\.venv_sklearn152\Lib\site-packages\sklearn\feature_selection\tests\test_rfe.py,generator = check_random_state(0)
synthetic,286,generator,New_Code\.venv_sklearn152\Lib\site-packages\sklearn\feature_selection\tests\test_rfe.py,"X = np.c_[iris.data, generator.normal(size=(len(iris.data), 6))]"
synthetic,286,generate,New_Code\.venv_sklearn152\Lib\site-packages\sklearn\feature_selection\tests\test_rfe.py,"X = np.c_[iris.data, generator.normal(size=(len(iris.data), 6))]"
synthetic,298,generator,New_Code\.venv_sklearn152\Lib\site-packages\sklearn\feature_selection\tests\test_rfe.py,generator = check_random_state(global_random_seed)
synthetic,298,generate,New_Code\.venv_sklearn152\Lib\site-packages\sklearn\feature_selection\tests\test_rfe.py,generator = check_random_state(global_random_seed)
synthetic,300,generator,New_Code\.venv_sklearn152\Lib\site-packages\sklearn\feature_selection\tests\test_rfe.py,"X = np.c_[iris.data, generator.normal(size=(len(iris.data), 6))]"
synthetic,300,generate,New_Code\.venv_sklearn152\Lib\site-packages\sklearn\feature_selection\tests\test_rfe.py,"X = np.c_[iris.data, generator.normal(size=(len(iris.data), 6))]"
synthetic,379,generator,New_Code\.venv_sklearn152\Lib\site-packages\sklearn\feature_selection\tests\test_rfe.py,generator = check_random_state(global_random_seed)
synthetic,379,generate,New_Code\.venv_sklearn152\Lib\site-packages\sklearn\feature_selection\tests\test_rfe.py,generator = check_random_state(global_random_seed)
synthetic,380,generator,New_Code\.venv_sklearn152\Lib\site-packages\sklearn\feature_selection\tests\test_rfe.py,"X = generator.normal(size=(100, n_features))"
synthetic,380,generate,New_Code\.venv_sklearn152\Lib\site-packages\sklearn\feature_selection\tests\test_rfe.py,"X = generator.normal(size=(100, n_features))"
synthetic,381,generator,New_Code\.venv_sklearn152\Lib\site-packages\sklearn\feature_selection\tests\test_rfe.py,y = generator.rand(100).round()
synthetic,381,generate,New_Code\.venv_sklearn152\Lib\site-packages\sklearn\feature_selection\tests\test_rfe.py,y = generator.rand(100).round()
synthetic,405,generator,New_Code\.venv_sklearn152\Lib\site-packages\sklearn\feature_selection\tests\test_rfe.py,generator = check_random_state(global_random_seed)
synthetic,405,generate,New_Code\.venv_sklearn152\Lib\site-packages\sklearn\feature_selection\tests\test_rfe.py,generator = check_random_state(global_random_seed)
synthetic,406,generator,New_Code\.venv_sklearn152\Lib\site-packages\sklearn\feature_selection\tests\test_rfe.py,"X = generator.normal(size=(100, n_features))"
synthetic,406,generate,New_Code\.venv_sklearn152\Lib\site-packages\sklearn\feature_selection\tests\test_rfe.py,"X = generator.normal(size=(100, n_features))"
synthetic,407,generator,New_Code\.venv_sklearn152\Lib\site-packages\sklearn\feature_selection\tests\test_rfe.py,y = generator.rand(100).round()
synthetic,407,generate,New_Code\.venv_sklearn152\Lib\site-packages\sklearn\feature_selection\tests\test_rfe.py,y = generator.rand(100).round()
synthetic,421,generator,New_Code\.venv_sklearn152\Lib\site-packages\sklearn\feature_selection\tests\test_rfe.py,generator = check_random_state(global_random_seed)
synthetic,421,generate,New_Code\.venv_sklearn152\Lib\site-packages\sklearn\feature_selection\tests\test_rfe.py,generator = check_random_state(global_random_seed)
synthetic,423,generator,New_Code\.venv_sklearn152\Lib\site-packages\sklearn\feature_selection\tests\test_rfe.py,"X = np.c_[iris.data, generator.normal(size=(len(iris.data), 6))]"
synthetic,423,generate,New_Code\.venv_sklearn152\Lib\site-packages\sklearn\feature_selection\tests\test_rfe.py,"X = np.c_[iris.data, generator.normal(size=(len(iris.data), 6))]"
synthetic,442,generator,New_Code\.venv_sklearn152\Lib\site-packages\sklearn\feature_selection\tests\test_rfe.py,generator = check_random_state(0)
synthetic,442,generate,New_Code\.venv_sklearn152\Lib\site-packages\sklearn\feature_selection\tests\test_rfe.py,generator = check_random_state(0)
synthetic,450,generator,New_Code\.venv_sklearn152\Lib\site-packages\sklearn\feature_selection\tests\test_rfe.py,"estimator=RandomForestClassifier(random_state=generator),"
synthetic,450,generate,New_Code\.venv_sklearn152\Lib\site-packages\sklearn\feature_selection\tests\test_rfe.py,"estimator=RandomForestClassifier(random_state=generator),"
synthetic,533,generator,New_Code\.venv_sklearn152\Lib\site-packages\sklearn\feature_selection\tests\test_rfe.py,generator = check_random_state(global_random_seed)
synthetic,533,generate,New_Code\.venv_sklearn152\Lib\site-packages\sklearn\feature_selection\tests\test_rfe.py,generator = check_random_state(global_random_seed)
synthetic,535,generator,New_Code\.venv_sklearn152\Lib\site-packages\sklearn\feature_selection\tests\test_rfe.py,"X = np.c_[iris.data, generator.normal(size=(len(iris.data), 6))]"
synthetic,535,generate,New_Code\.venv_sklearn152\Lib\site-packages\sklearn\feature_selection\tests\test_rfe.py,"X = np.c_[iris.data, generator.normal(size=(len(iris.data), 6))]"
synthetic,308,generator,New_Code\.venv_sklearn152\Lib\site-packages\sklearn\feature_selection\tests\test_sequential.py,"""""""Check that no exception raised when cv is generator"
synthetic,308,generate,New_Code\.venv_sklearn152\Lib\site-packages\sklearn\feature_selection\tests\test_sequential.py,"""""""Check that no exception raised when cv is generator"
synthetic,111,generate,New_Code\.venv_sklearn152\Lib\site-packages\sklearn\gaussian_process\_gpc.py,Determines random number generation used to initialize the centers.
synthetic,566,generate,New_Code\.venv_sklearn152\Lib\site-packages\sklearn\gaussian_process\_gpc.py,Determines random number generation used to initialize the centers.
synthetic,126,generate,New_Code\.venv_sklearn152\Lib\site-packages\sklearn\gaussian_process\_gpr.py,Determines random number generation used to initialize the centers.
synthetic,506,generate,New_Code\.venv_sklearn152\Lib\site-packages\sklearn\gaussian_process\_gpr.py,Determines random number generation to randomly draw samples.
synthetic,719,generate,New_Code\.venv_sklearn152\Lib\site-packages\sklearn\impute\_base.py,then the following input feature names are generated:
synthetic,993,generate,New_Code\.venv_sklearn152\Lib\site-packages\sklearn\impute\_base.py,"""""""Generate missing values indicator for `X`."
synthetic,1035,generate,New_Code\.venv_sklearn152\Lib\site-packages\sklearn\impute\_base.py,"""""""Generate missing values indicator for `X`."
synthetic,1069,generate,New_Code\.venv_sklearn152\Lib\site-packages\sklearn\impute\_base.py,then the following input feature names are generated:
synthetic,165,generator,New_Code\.venv_sklearn152\Lib\site-packages\sklearn\impute\_iterative.py,The seed of the pseudo random number generator to use. Randomizes
synthetic,165,generate,New_Code\.venv_sklearn152\Lib\site-packages\sklearn\impute\_iterative.py,The seed of the pseudo random number generator to use. Randomizes
synthetic,224,generate,New_Code\.venv_sklearn152\Lib\site-packages\sklearn\impute\_iterative.py,"RandomState instance that is generated either from a seed, the random"
synthetic,225,generator,New_Code\.venv_sklearn152\Lib\site-packages\sklearn\impute\_iterative.py,number generator or by `np.random`.
synthetic,225,generate,New_Code\.venv_sklearn152\Lib\site-packages\sklearn\impute\_iterative.py,number generator or by `np.random`.
synthetic,927,generate,New_Code\.venv_sklearn152\Lib\site-packages\sklearn\impute\_iterative.py,then the following input feature names are generated:
synthetic,389,generate,New_Code\.venv_sklearn152\Lib\site-packages\sklearn\impute\_knn.py,then the following input feature names are generated:
synthetic,753,generate,New_Code\.venv_sklearn152\Lib\site-packages\sklearn\impute\tests\test_impute.py,# generate multiple imputations for the single missing value
synthetic,1336,generate,New_Code\.venv_sklearn152\Lib\site-packages\sklearn\impute\tests\test_impute.py,# generated by missing indicator when X is sparse. (#13491)
synthetic,42,generate,New_Code\.venv_sklearn152\Lib\site-packages\sklearn\inspection\_partial_dependence.py,"""""""Generate a grid of points based on the percentiles of X."
synthetic,228,generate,New_Code\.venv_sklearn152\Lib\site-packages\sklearn\inspection\_partial_dependence.py,"`X` is used to generate values for the complement features. That is, for"
synthetic,414,generate,New_Code\.venv_sklearn152\Lib\site-packages\sklearn\inspection\_partial_dependence.py,``X`` is used to generate a grid of values for the target
synthetic,416,generate,New_Code\.venv_sklearn152\Lib\site-packages\sklearn\inspection\_partial_dependence.py,also to generate values for the complement features when the
synthetic,532,generate,New_Code\.venv_sklearn152\Lib\site-packages\sklearn\inspection\_partial_dependence.py,The values with which the grid has been created. The generated
synthetic,203,generator,New_Code\.venv_sklearn152\Lib\site-packages\sklearn\inspection\_permutation_importance.py,Pseudo-random number generator to control the permutations of each
synthetic,203,generate,New_Code\.venv_sklearn152\Lib\site-packages\sklearn\inspection\_permutation_importance.py,Pseudo-random number generator to control the permutations of each
synthetic,262,generate,New_Code\.venv_sklearn152\Lib\site-packages\sklearn\inspection\tests\test_partial_dependence.py,# generates unrealistic samples that have low mass in the joint
synthetic,121,generate,New_Code\.venv_sklearn152\Lib\site-packages\sklearn\inspection\tests\test_permutation_importance.py,# Generate a multiclass classification dataset and a set of informative
synthetic,330,generate,New_Code\.venv_sklearn152\Lib\site-packages\sklearn\inspection\_plot\partial_dependence.py,``X`` is used to generate a grid of values for the target
synthetic,332,generate,New_Code\.venv_sklearn152\Lib\site-packages\sklearn\inspection\_plot\partial_dependence.py,also to generate values for the complement features when the
synthetic,375,generate,New_Code\.venv_sklearn152\Lib\site-packages\sklearn\inspection\_plot\tests\test_plot_partial_dependence.py,# expected behavior one needs to pass the generated axes into the second
synthetic,81,generate,New_Code\.venv_sklearn152\Lib\site-packages\sklearn\linear_model\_base.py,Determines random number generation for dataset random sampling. It is not
synthetic,142,generate,New_Code\.venv_sklearn152\Lib\site-packages\sklearn\linear_model\_coordinate_descent.py,"""Automatic alpha grid generation is not supported for"""
synthetic,804,generator,New_Code\.venv_sklearn152\Lib\site-packages\sklearn\linear_model\_coordinate_descent.py,The seed of the pseudo random number generator that selects a random
synthetic,804,generate,New_Code\.venv_sklearn152\Lib\site-packages\sklearn\linear_model\_coordinate_descent.py,The seed of the pseudo random number generator that selects a random
synthetic,1209,generator,New_Code\.venv_sklearn152\Lib\site-packages\sklearn\linear_model\_coordinate_descent.py,The seed of the pseudo random number generator that selects a random
synthetic,1209,generate,New_Code\.venv_sklearn152\Lib\site-packages\sklearn\linear_model\_coordinate_descent.py,The seed of the pseudo random number generator that selects a random
synthetic,1729,generator,New_Code\.venv_sklearn152\Lib\site-packages\sklearn\linear_model\_coordinate_descent.py,# init cross-validation generator
synthetic,1729,generate,New_Code\.venv_sklearn152\Lib\site-packages\sklearn\linear_model\_coordinate_descent.py,# init cross-validation generator
synthetic,1924,generator,New_Code\.venv_sklearn152\Lib\site-packages\sklearn\linear_model\_coordinate_descent.py,"cv : int, cross-validation generator or iterable, default=None"
synthetic,1924,generate,New_Code\.venv_sklearn152\Lib\site-packages\sklearn\linear_model\_coordinate_descent.py,"cv : int, cross-validation generator or iterable, default=None"
synthetic,1954,generator,New_Code\.venv_sklearn152\Lib\site-packages\sklearn\linear_model\_coordinate_descent.py,The seed of the pseudo random number generator that selects a random
synthetic,1954,generate,New_Code\.venv_sklearn152\Lib\site-packages\sklearn\linear_model\_coordinate_descent.py,The seed of the pseudo random number generator that selects a random
synthetic,2183,generator,New_Code\.venv_sklearn152\Lib\site-packages\sklearn\linear_model\_coordinate_descent.py,"cv : int, cross-validation generator or iterable, default=None"
synthetic,2183,generate,New_Code\.venv_sklearn152\Lib\site-packages\sklearn\linear_model\_coordinate_descent.py,"cv : int, cross-validation generator or iterable, default=None"
synthetic,2216,generator,New_Code\.venv_sklearn152\Lib\site-packages\sklearn\linear_model\_coordinate_descent.py,The seed of the pseudo random number generator that selects a random
synthetic,2216,generate,New_Code\.venv_sklearn152\Lib\site-packages\sklearn\linear_model\_coordinate_descent.py,The seed of the pseudo random number generator that selects a random
synthetic,2465,generator,New_Code\.venv_sklearn152\Lib\site-packages\sklearn\linear_model\_coordinate_descent.py,The seed of the pseudo random number generator that selects a random
synthetic,2465,generate,New_Code\.venv_sklearn152\Lib\site-packages\sklearn\linear_model\_coordinate_descent.py,The seed of the pseudo random number generator that selects a random
synthetic,2706,generator,New_Code\.venv_sklearn152\Lib\site-packages\sklearn\linear_model\_coordinate_descent.py,The seed of the pseudo random number generator that selects a random
synthetic,2706,generate,New_Code\.venv_sklearn152\Lib\site-packages\sklearn\linear_model\_coordinate_descent.py,The seed of the pseudo random number generator that selects a random
synthetic,2866,generator,New_Code\.venv_sklearn152\Lib\site-packages\sklearn\linear_model\_coordinate_descent.py,"cv : int, cross-validation generator or iterable, default=None"
synthetic,2866,generate,New_Code\.venv_sklearn152\Lib\site-packages\sklearn\linear_model\_coordinate_descent.py,"cv : int, cross-validation generator or iterable, default=None"
synthetic,2897,generator,New_Code\.venv_sklearn152\Lib\site-packages\sklearn\linear_model\_coordinate_descent.py,The seed of the pseudo random number generator that selects a random
synthetic,2897,generate,New_Code\.venv_sklearn152\Lib\site-packages\sklearn\linear_model\_coordinate_descent.py,The seed of the pseudo random number generator that selects a random
synthetic,3110,generator,New_Code\.venv_sklearn152\Lib\site-packages\sklearn\linear_model\_coordinate_descent.py,"cv : int, cross-validation generator or iterable, default=None"
synthetic,3110,generate,New_Code\.venv_sklearn152\Lib\site-packages\sklearn\linear_model\_coordinate_descent.py,"cv : int, cross-validation generator or iterable, default=None"
synthetic,3138,generator,New_Code\.venv_sklearn152\Lib\site-packages\sklearn\linear_model\_coordinate_descent.py,The seed of the pseudo random number generator that selects a random
synthetic,3138,generate,New_Code\.venv_sklearn152\Lib\site-packages\sklearn\linear_model\_coordinate_descent.py,The seed of the pseudo random number generator that selects a random
synthetic,969,generate,New_Code\.venv_sklearn152\Lib\site-packages\sklearn\linear_model\_least_angle.py,Determines random number generation for jittering. Pass an int
synthetic,1282,generate,New_Code\.venv_sklearn152\Lib\site-packages\sklearn\linear_model\_least_angle.py,Determines random number generation for jittering. Pass an int
synthetic,1542,generator,New_Code\.venv_sklearn152\Lib\site-packages\sklearn\linear_model\_least_angle.py,"cv : int, cross-validation generator or an iterable, default=None"
synthetic,1542,generate,New_Code\.venv_sklearn152\Lib\site-packages\sklearn\linear_model\_least_angle.py,"cv : int, cross-validation generator or an iterable, default=None"
synthetic,1730,generator,New_Code\.venv_sklearn152\Lib\site-packages\sklearn\linear_model\_least_angle.py,# init cross-validation generator
synthetic,1730,generate,New_Code\.venv_sklearn152\Lib\site-packages\sklearn\linear_model\_least_angle.py,# init cross-validation generator
synthetic,1860,generator,New_Code\.venv_sklearn152\Lib\site-packages\sklearn\linear_model\_least_angle.py,"cv : int, cross-validation generator or an iterable, default=None"
synthetic,1860,generate,New_Code\.venv_sklearn152\Lib\site-packages\sklearn\linear_model\_least_angle.py,"cv : int, cross-validation generator or an iterable, default=None"
synthetic,204,synthetic,New_Code\.venv_sklearn152\Lib\site-packages\sklearn\linear_model\_logistic.py,"i.e. a ""synthetic"" feature with constant value equal to"
synthetic,208,synthetic,New_Code\.venv_sklearn152\Lib\site-packages\sklearn\linear_model\_logistic.py,Note! the synthetic feature weight is subject to l1/l2 regularization
synthetic,210,synthetic,New_Code\.venv_sklearn152\Lib\site-packages\sklearn\linear_model\_logistic.py,To lessen the effect of regularization on synthetic feature weight
synthetic,686,synthetic,New_Code\.venv_sklearn152\Lib\site-packages\sklearn\linear_model\_logistic.py,"i.e. a ""synthetic"" feature with constant value equals to"
synthetic,688,synthetic,New_Code\.venv_sklearn152\Lib\site-packages\sklearn\linear_model\_logistic.py,The intercept becomes intercept_scaling * synthetic feature weight
synthetic,689,synthetic,New_Code\.venv_sklearn152\Lib\site-packages\sklearn\linear_model\_logistic.py,Note! the synthetic feature weight is subject to l1/l2 regularization
synthetic,691,synthetic,New_Code\.venv_sklearn152\Lib\site-packages\sklearn\linear_model\_logistic.py,To lessen the effect of regularization on synthetic feature weight
synthetic,875,synthetic,New_Code\.venv_sklearn152\Lib\site-packages\sklearn\linear_model\_logistic.py,"i.e. a ""synthetic"" feature with constant value equal to"
synthetic,879,synthetic,New_Code\.venv_sklearn152\Lib\site-packages\sklearn\linear_model\_logistic.py,Note! the synthetic feature weight is subject to l1/l2 regularization
synthetic,881,synthetic,New_Code\.venv_sklearn152\Lib\site-packages\sklearn\linear_model\_logistic.py,To lessen the effect of regularization on synthetic feature weight
synthetic,1057,generator,New_Code\.venv_sklearn152\Lib\site-packages\sklearn\linear_model\_logistic.py,The underlying C implementation uses a random number generator to
synthetic,1057,generate,New_Code\.venv_sklearn152\Lib\site-packages\sklearn\linear_model\_logistic.py,The underlying C implementation uses a random number generator to
synthetic,1496,generator,New_Code\.venv_sklearn152\Lib\site-packages\sklearn\linear_model\_logistic.py,"cv : int or cross-validation generator, default=None"
synthetic,1496,generate,New_Code\.venv_sklearn152\Lib\site-packages\sklearn\linear_model\_logistic.py,"cv : int or cross-validation generator, default=None"
synthetic,1497,generator,New_Code\.venv_sklearn152\Lib\site-packages\sklearn\linear_model\_logistic.py,The default cross-validation generator used is Stratified K-Folds.
synthetic,1497,generate,New_Code\.venv_sklearn152\Lib\site-packages\sklearn\linear_model\_logistic.py,The default cross-validation generator used is Stratified K-Folds.
synthetic,1619,synthetic,New_Code\.venv_sklearn152\Lib\site-packages\sklearn\linear_model\_logistic.py,"i.e. a ""synthetic"" feature with constant value equal to"
synthetic,1623,synthetic,New_Code\.venv_sklearn152\Lib\site-packages\sklearn\linear_model\_logistic.py,Note! the synthetic feature weight is subject to l1/l2 regularization
synthetic,1625,synthetic,New_Code\.venv_sklearn152\Lib\site-packages\sklearn\linear_model\_logistic.py,To lessen the effect of regularization on synthetic feature weight
synthetic,1651,generator,New_Code\.venv_sklearn152\Lib\site-packages\sklearn\linear_model\_logistic.py,generator. See :term:`Glossary <random_state>` for details.
synthetic,1651,generate,New_Code\.venv_sklearn152\Lib\site-packages\sklearn\linear_model\_logistic.py,generator. See :term:`Glossary <random_state>` for details.
synthetic,1946,generator,New_Code\.venv_sklearn152\Lib\site-packages\sklearn\linear_model\_logistic.py,# init cross-validation generator
synthetic,1946,generate,New_Code\.venv_sklearn152\Lib\site-packages\sklearn\linear_model\_logistic.py,# init cross-validation generator
synthetic,365,generate,New_Code\.venv_sklearn152\Lib\site-packages\sklearn\linear_model\_omp.py,iterating over the last axis generates coefficients in increasing order
synthetic,917,generator,New_Code\.venv_sklearn152\Lib\site-packages\sklearn\linear_model\_omp.py,"cv : int, cross-validation generator or iterable, default=None"
synthetic,917,generate,New_Code\.venv_sklearn152\Lib\site-packages\sklearn\linear_model\_omp.py,"cv : int, cross-validation generator or iterable, default=None"
synthetic,64,generate,New_Code\.venv_sklearn152\Lib\site-packages\sklearn\linear_model\_ransac.py,Probability (confidence) that one outlier-free sample is generated.
synthetic,164,generate,New_Code\.venv_sklearn152\Lib\site-packages\sklearn\linear_model\_ransac.py,data is sampled in RANSAC. This requires to generate at least N
synthetic,188,generator,New_Code\.venv_sklearn152\Lib\site-packages\sklearn\linear_model\_ransac.py,The generator used to initialize the centers.
synthetic,188,generate,New_Code\.venv_sklearn152\Lib\site-packages\sklearn\linear_model\_ransac.py,The generator used to initialize the centers.
synthetic,2519,generator,New_Code\.venv_sklearn152\Lib\site-packages\sklearn\linear_model\_ridge.py,"cv : int, cross-validation generator or an iterable, default=None"
synthetic,2519,generate,New_Code\.venv_sklearn152\Lib\site-packages\sklearn\linear_model\_ridge.py,"cv : int, cross-validation generator or an iterable, default=None"
synthetic,2707,generator,New_Code\.venv_sklearn152\Lib\site-packages\sklearn\linear_model\_ridge.py,"cv : int, cross-validation generator or an iterable, default=None"
synthetic,2707,generate,New_Code\.venv_sklearn152\Lib\site-packages\sklearn\linear_model\_ridge.py,"cv : int, cross-validation generator or an iterable, default=None"
synthetic,429,generator,New_Code\.venv_sklearn152\Lib\site-packages\sklearn\linear_model\_stochastic_gradient.py,"If int, random_state is the seed used by the random number generator;"
synthetic,429,generate,New_Code\.venv_sklearn152\Lib\site-packages\sklearn\linear_model\_stochastic_gradient.py,"If int, random_state is the seed used by the random number generator;"
synthetic,430,generator,New_Code\.venv_sklearn152\Lib\site-packages\sklearn\linear_model\_stochastic_gradient.py,"If RandomState instance, random_state is the random number generator;"
synthetic,430,generate,New_Code\.venv_sklearn152\Lib\site-packages\sklearn\linear_model\_stochastic_gradient.py,"If RandomState instance, random_state is the random number generator;"
synthetic,431,generator,New_Code\.venv_sklearn152\Lib\site-packages\sklearn\linear_model\_stochastic_gradient.py,"If None, the random number generator is the RandomState instance used"
synthetic,431,generate,New_Code\.venv_sklearn152\Lib\site-packages\sklearn\linear_model\_stochastic_gradient.py,"If None, the random number generator is the RandomState instance used"
synthetic,2126,generator,New_Code\.venv_sklearn152\Lib\site-packages\sklearn\linear_model\_stochastic_gradient.py,The seed of the pseudo random number generator to use when shuffling
synthetic,2126,generate,New_Code\.venv_sklearn152\Lib\site-packages\sklearn\linear_model\_stochastic_gradient.py,The seed of the pseudo random number generator to use when shuffling
synthetic,2128,generator,New_Code\.venv_sklearn152\Lib\site-packages\sklearn\linear_model\_stochastic_gradient.py,"generator; If RandomState instance, random_state is the random number"
synthetic,2128,generate,New_Code\.venv_sklearn152\Lib\site-packages\sklearn\linear_model\_stochastic_gradient.py,"generator; If RandomState instance, random_state is the random number"
synthetic,2129,generator,New_Code\.venv_sklearn152\Lib\site-packages\sklearn\linear_model\_stochastic_gradient.py,"generator; If None, the random number generator is the RandomState"
synthetic,2129,generate,New_Code\.venv_sklearn152\Lib\site-packages\sklearn\linear_model\_stochastic_gradient.py,"generator; If None, the random number generator is the RandomState"
synthetic,257,generator,New_Code\.venv_sklearn152\Lib\site-packages\sklearn\linear_model\_theil_sen.py,A random number generator instance to define the state of the random
synthetic,257,generate,New_Code\.venv_sklearn152\Lib\site-packages\sklearn\linear_model\_theil_sen.py,A random number generator instance to define the state of the random
synthetic,258,generator,New_Code\.venv_sklearn152\Lib\site-packages\sklearn\linear_model\_theil_sen.py,permutations generator. Pass an int for reproducible output across
synthetic,258,generate,New_Code\.venv_sklearn152\Lib\site-packages\sklearn\linear_model\_theil_sen.py,permutations generator. Pass an int for reproducible output across
synthetic,425,generate,New_Code\.venv_sklearn152\Lib\site-packages\sklearn\linear_model\tests\test_base.py,# Generate random data with 50% of zero values to make sure
synthetic,1006,generate,New_Code\.venv_sklearn152\Lib\site-packages\sklearn\linear_model\tests\test_coordinate_descent.py,# Generate dataset
synthetic,1068,generate,New_Code\.venv_sklearn152\Lib\site-packages\sklearn\linear_model\tests\test_coordinate_descent.py,"""Automatic alpha grid generation is not supported for l1_ratio=0. """
synthetic,21,generate,New_Code\.venv_sklearn152\Lib\site-packages\sklearn\linear_model\tests\test_huber.py,# Generate data with outliers by replacing 10% of the samples with noise.
synthetic,342,generate,New_Code\.venv_sklearn152\Lib\site-packages\sklearn\linear_model\tests\test_least_angle.py,# Generate data
synthetic,627,generate,New_Code\.venv_sklearn152\Lib\site-packages\sklearn\linear_model\tests\test_least_angle.py,# Let's generate the data used in the bug report 7778
synthetic,31,generate,New_Code\.venv_sklearn152\Lib\site-packages\sklearn\linear_model\tests\test_linear_loss.py,"""""""Random generate y, X and coef in valid range."""""""
synthetic,1199,generate,New_Code\.venv_sklearn152\Lib\site-packages\sklearn\linear_model\tests\test_logistic.py,# Also generate a binary classification sub-problem.
synthetic,2034,generate,New_Code\.venv_sklearn152\Lib\site-packages\sklearn\linear_model\tests\test_logistic.py,# generate sparse matrix with int64 indices
synthetic,18,generate,New_Code\.venv_sklearn152\Lib\site-packages\sklearn\linear_model\tests\test_ransac.py,# Generate coordinates of line
synthetic,2147,generate,New_Code\.venv_sklearn152\Lib\site-packages\sklearn\linear_model\tests\test_ridge.py,# XXX: this test is quite sensitive to the seed used to generate the data:
synthetic,1341,generate,New_Code\.venv_sklearn152\Lib\site-packages\sklearn\linear_model\tests\test_sgd.py,# ground_truth linear model that generate y from X and to which the
synthetic,1679,generate,New_Code\.venv_sklearn152\Lib\site-packages\sklearn\linear_model\tests\test_sgd.py,# Generate train and test data
synthetic,1750,generate,New_Code\.venv_sklearn152\Lib\site-packages\sklearn\linear_model\tests\test_sgd.py,# Generate some weird data with hugely unscaled features
synthetic,133,generate,New_Code\.venv_sklearn152\Lib\site-packages\sklearn\linear_model\tests\test_sparse_coordinate_descent.py,# generate a ground truth model
synthetic,143,generate,New_Code\.venv_sklearn152\Lib\site-packages\sklearn\linear_model\tests\test_sparse_coordinate_descent.py,# generate training ground truth labels
synthetic,163,generator,New_Code\.venv_sklearn152\Lib\site-packages\sklearn\manifold\_locally_linear.py,Determines the random number generator when ``solver`` == 'arpack'.
synthetic,163,generate,New_Code\.venv_sklearn152\Lib\site-packages\sklearn\manifold\_locally_linear.py,Determines the random number generator when ``solver`` == 'arpack'.
synthetic,542,generator,New_Code\.venv_sklearn152\Lib\site-packages\sklearn\manifold\_locally_linear.py,Determines the random number generator when ``solver`` == 'arpack'.
synthetic,542,generate,New_Code\.venv_sklearn152\Lib\site-packages\sklearn\manifold\_locally_linear.py,Determines the random number generator when ``solver`` == 'arpack'.
synthetic,674,generator,New_Code\.venv_sklearn152\Lib\site-packages\sklearn\manifold\_locally_linear.py,Determines the random number generator when
synthetic,674,generate,New_Code\.venv_sklearn152\Lib\site-packages\sklearn\manifold\_locally_linear.py,Determines the random number generator when
synthetic,67,generator,New_Code\.venv_sklearn152\Lib\site-packages\sklearn\manifold\_mds.py,Determines the random number generator used to initialize the centers.
synthetic,67,generate,New_Code\.venv_sklearn152\Lib\site-packages\sklearn\manifold\_mds.py,Determines the random number generator used to initialize the centers.
synthetic,269,generator,New_Code\.venv_sklearn152\Lib\site-packages\sklearn\manifold\_mds.py,Determines the random number generator used to initialize the centers.
synthetic,269,generate,New_Code\.venv_sklearn152\Lib\site-packages\sklearn\manifold\_mds.py,Determines the random number generator used to initialize the centers.
synthetic,436,generator,New_Code\.venv_sklearn152\Lib\site-packages\sklearn\manifold\_mds.py,Determines the random number generator used to initialize the centers.
synthetic,436,generate,New_Code\.venv_sklearn152\Lib\site-packages\sklearn\manifold\_mds.py,Determines the random number generator used to initialize the centers.
synthetic,212,generator,New_Code\.venv_sklearn152\Lib\site-packages\sklearn\manifold\_spectral_embedding.py,A pseudo random number generator used for the initialization
synthetic,212,generate,New_Code\.venv_sklearn152\Lib\site-packages\sklearn\manifold\_spectral_embedding.py,A pseudo random number generator used for the initialization
synthetic,510,generator,New_Code\.venv_sklearn152\Lib\site-packages\sklearn\manifold\_spectral_embedding.py,A pseudo random number generator used for the initialization
synthetic,510,generate,New_Code\.venv_sklearn152\Lib\site-packages\sklearn\manifold\_spectral_embedding.py,A pseudo random number generator used for the initialization
synthetic,348,generate,New_Code\.venv_sklearn152\Lib\site-packages\sklearn\manifold\_t_sne.py,The momentum generates a weight for previous gradients that decays
synthetic,671,generator,New_Code\.venv_sklearn152\Lib\site-packages\sklearn\manifold\_t_sne.py,Determines the random number generator. Pass an int for reproducible
synthetic,671,generate,New_Code\.venv_sklearn152\Lib\site-packages\sklearn\manifold\_t_sne.py,Determines the random number generator. Pass an int for reproducible
synthetic,958,generator,New_Code\.venv_sklearn152\Lib\site-packages\sklearn\metrics\pairwise.py,# This returns a np.ndarray generator whose arrays we need
synthetic,958,generate,New_Code\.venv_sklearn152\Lib\site-packages\sklearn\metrics\pairwise.py,# This returns a np.ndarray generator whose arrays we need
synthetic,2023,generate,New_Code\.venv_sklearn152\Lib\site-packages\sklearn\metrics\pairwise.py,"""""""Generate a distance matrix chunk by chunk with optional reduction."
synthetic,2053,generator,New_Code\.venv_sklearn152\Lib\site-packages\sklearn\metrics\pairwise.py,"If None, pairwise_distances_chunked returns a generator of vertical"
synthetic,2053,generate,New_Code\.venv_sklearn152\Lib\site-packages\sklearn\metrics\pairwise.py,"If None, pairwise_distances_chunked returns a generator of vertical"
synthetic,2132,generate,New_Code\.venv_sklearn152\Lib\site-packages\sklearn\metrics\pairwise.py,Force row-by-row generation by reducing ``working_memory``:
synthetic,2319,generator,New_Code\.venv_sklearn152\Lib\site-packages\sklearn\metrics\pairwise.py,"function, but returns a generator of chunks of the distance matrix, in"
synthetic,2319,generate,New_Code\.venv_sklearn152\Lib\site-packages\sklearn\metrics\pairwise.py,"function, but returns a generator of chunks of the distance matrix, in"
synthetic,97,generate,New_Code\.venv_sklearn152\Lib\site-packages\sklearn\metrics\cluster\_unsupervised.py,Determines random number generation for selecting a subset of samples.
synthetic,168,generate,New_Code\.venv_sklearn152\Lib\site-packages\sklearn\metrics\cluster\tests\test_common.py,def generate_formats(y):
synthetic,183,generate,New_Code\.venv_sklearn152\Lib\site-packages\sklearn\metrics\cluster\tests\test_common.py,y_true_gen = generate_formats(y_true)
synthetic,184,generate,New_Code\.venv_sklearn152\Lib\site-packages\sklearn\metrics\cluster\tests\test_common.py,y_pred_gen = generate_formats(y_pred)
synthetic,192,generate,New_Code\.venv_sklearn152\Lib\site-packages\sklearn\metrics\cluster\tests\test_common.py,y_true_gen = generate_formats(y_true)
synthetic,638,generate,New_Code\.venv_sklearn152\Lib\site-packages\sklearn\metrics\tests\test_common.py,# Generate some data
synthetic,1043,generate,New_Code\.venv_sklearn152\Lib\site-packages\sklearn\metrics\tests\test_common.py,# Generate some data
synthetic,194,generate,New_Code\.venv_sklearn152\Lib\site-packages\sklearn\metrics\tests\test_dist_metrics.py,# seed in the module-level test data generation code.
synthetic,2,generate,New_Code\.venv_sklearn152\Lib\site-packages\sklearn\metrics\tests\test_pairwise.py,from types import GeneratorType
synthetic,617,generate,New_Code\.venv_sklearn152\Lib\site-packages\sklearn\metrics\tests\test_pairwise.py,"assert isinstance(S_chunks, GeneratorType)"
synthetic,633,generate,New_Code\.venv_sklearn152\Lib\site-packages\sklearn\metrics\tests\test_pairwise.py,"assert isinstance(S_chunks, GeneratorType)"
synthetic,711,generate,New_Code\.venv_sklearn152\Lib\site-packages\sklearn\metrics\tests\test_pairwise.py,"assert isinstance(gen, GeneratorType)"
synthetic,773,generate,New_Code\.venv_sklearn152\Lib\site-packages\sklearn\metrics\tests\test_pairwise.py,"assert isinstance(gen, GeneratorType)"
synthetic,665,generate,New_Code\.venv_sklearn152\Lib\site-packages\sklearn\metrics\tests\test_ranking.py,# Let's generate a set of random predictions and matching true labels such
synthetic,1164,generate,New_Code\.venv_sklearn152\Lib\site-packages\sklearn\metrics\tests\test_ranking.py,# Generate a dataset with 25% of positives
synthetic,107,generator,New_Code\.venv_sklearn152\Lib\site-packages\sklearn\mixture\_base.py,A random number generator instance that controls the random seed
synthetic,107,generate,New_Code\.venv_sklearn152\Lib\site-packages\sklearn\mixture\_base.py,A random number generator instance that controls the random seed
synthetic,407,generate,New_Code\.venv_sklearn152\Lib\site-packages\sklearn\mixture\_base.py,"""""""Generate random samples from the fitted Gaussian distribution."
synthetic,412,generate,New_Code\.venv_sklearn152\Lib\site-packages\sklearn\mixture\_base.py,Number of samples to generate.
synthetic,417,generate,New_Code\.venv_sklearn152\Lib\site-packages\sklearn\mixture\_base.py,Randomly generated sample.
synthetic,183,generate,New_Code\.venv_sklearn152\Lib\site-packages\sklearn\mixture\_bayesian_mixture.py,"In addition, it controls the generation of random samples from the"
synthetic,587,generate,New_Code\.venv_sklearn152\Lib\site-packages\sklearn\mixture\_gaussian_mixture.py,"In addition, it controls the generation of random samples from the"
synthetic,45,generate,New_Code\.venv_sklearn152\Lib\site-packages\sklearn\mixture\tests\test_gaussian_mixture.py,"def generate_data(n_samples, n_features, weights, means, precisions, covariance_type):"
synthetic,109,generate,New_Code\.venv_sklearn152\Lib\site-packages\sklearn\mixture\tests\test_gaussian_mixture.py,generate_data(
synthetic,1077,sample,New_Code\.venv_sklearn152\Lib\site-packages\sklearn\mixture\tests\test_gaussian_mixture.py,gmm.sample(0)
synthetic,1082,sample,New_Code\.venv_sklearn152\Lib\site-packages\sklearn\mixture\tests\test_gaussian_mixture.py,gmm.sample(0)
synthetic,1086,sample,New_Code\.venv_sklearn152\Lib\site-packages\sklearn\mixture\tests\test_gaussian_mixture.py,"X_s, y_s = gmm.sample(n_samples)"
synthetic,1116,sample,New_Code\.venv_sklearn152\Lib\site-packages\sklearn\mixture\tests\test_gaussian_mixture.py,"X_s, _ = gmm.sample(sample_size)"
synthetic,1283,generate,New_Code\.venv_sklearn152\Lib\site-packages\sklearn\mixture\tests\test_gaussian_mixture.py,# generate a toy dataset
synthetic,1332,generate,New_Code\.venv_sklearn152\Lib\site-packages\sklearn\mixture\tests\test_gaussian_mixture.py,"""""""Randomly generate samples and responsibilities."""""""
synthetic,1391,sample,New_Code\.venv_sklearn152\Lib\site-packages\sklearn\mixture\tests\test_gaussian_mixture.py,gm.fit(X).sample()
synthetic,431,generate,New_Code\.venv_sklearn152\Lib\site-packages\sklearn\model_selection\_classification_threshold.py,"score. If an integer, it will be used to generate `thresholds` thresholds"
synthetic,660,generator,New_Code\.venv_sklearn152\Lib\site-packages\sklearn\model_selection\_classification_threshold.py,"cv : int, float, cross-validation generator, iterable or ""prefit"", default=None"
synthetic,660,generate,New_Code\.venv_sklearn152\Lib\site-packages\sklearn\model_selection\_classification_threshold.py,"cv : int, float, cross-validation generator, iterable or ""prefit"", default=None"
synthetic,668,generator,New_Code\.venv_sklearn152\Lib\site-packages\sklearn\model_selection\_classification_threshold.py,* An object to be used as a cross-validation generator;
synthetic,668,generate,New_Code\.venv_sklearn152\Lib\site-packages\sklearn\model_selection\_classification_threshold.py,* An object to be used as a cross-validation generator;
synthetic,141,generate,New_Code\.venv_sklearn152\Lib\site-packages\sklearn\model_selection\_plot.py,Numbers of training examples that has been used to generate the
synthetic,339,generate,New_Code\.venv_sklearn152\Lib\site-packages\sklearn\model_selection\_plot.py,"to generate the learning curve. If the dtype is float, it is"
synthetic,347,generator,New_Code\.venv_sklearn152\Lib\site-packages\sklearn\model_selection\_plot.py,"cv : int, cross-validation generator or an iterable, default=None"
synthetic,347,generate,New_Code\.venv_sklearn152\Lib\site-packages\sklearn\model_selection\_plot.py,"cv : int, cross-validation generator or an iterable, default=None"
synthetic,730,generator,New_Code\.venv_sklearn152\Lib\site-packages\sklearn\model_selection\_plot.py,"cv : int, cross-validation generator or an iterable, default=None"
synthetic,730,generate,New_Code\.venv_sklearn152\Lib\site-packages\sklearn\model_selection\_plot.py,"cv : int, cross-validation generator or an iterable, default=None"
synthetic,68,generate,New_Code\.venv_sklearn152\Lib\site-packages\sklearn\model_selection\_search.py,The order of the generated parameter combinations is deterministic.
synthetic,217,generator,New_Code\.venv_sklearn152\Lib\site-packages\sklearn\model_selection\_search.py,"""""""Generator on parameters sampled from given distributions."
synthetic,217,generate,New_Code\.venv_sklearn152\Lib\site-packages\sklearn\model_selection\_search.py,"""""""Generator on parameters sampled from given distributions."
synthetic,242,generator,New_Code\.venv_sklearn152\Lib\site-packages\sklearn\model_selection\_search.py,Pseudo random number generator state used for random uniform sampling
synthetic,242,generate,New_Code\.venv_sklearn152\Lib\site-packages\sklearn\model_selection\_search.py,Pseudo random number generator state used for random uniform sampling
synthetic,1300,generator,New_Code\.venv_sklearn152\Lib\site-packages\sklearn\model_selection\_search.py,"cv : int, cross-validation generator or an iterable, default=None"
synthetic,1300,generate,New_Code\.venv_sklearn152\Lib\site-packages\sklearn\model_selection\_search.py,"cv : int, cross-validation generator or an iterable, default=None"
synthetic,1498,generate,New_Code\.venv_sklearn152\Lib\site-packages\sklearn\model_selection\_search.py,ParameterGrid : Generates all the combinations of a hyperparameter grid.
synthetic,1681,generator,New_Code\.venv_sklearn152\Lib\site-packages\sklearn\model_selection\_search.py,"cv : int, cross-validation generator or an iterable, default=None"
synthetic,1681,generate,New_Code\.venv_sklearn152\Lib\site-packages\sklearn\model_selection\_search.py,"cv : int, cross-validation generator or an iterable, default=None"
synthetic,1728,generator,New_Code\.venv_sklearn152\Lib\site-packages\sklearn\model_selection\_search.py,Pseudo random number generator state used for random uniform sampling
synthetic,1728,generate,New_Code\.venv_sklearn152\Lib\site-packages\sklearn\model_selection\_search.py,Pseudo random number generator state used for random uniform sampling
synthetic,1885,generator,New_Code\.venv_sklearn152\Lib\site-packages\sklearn\model_selection\_search.py,"ParameterSampler : A generator over parameter settings, constructed from"
synthetic,1885,generate,New_Code\.venv_sklearn152\Lib\site-packages\sklearn\model_selection\_search.py,"ParameterSampler : A generator over parameter settings, constructed from"
synthetic,469,generator,New_Code\.venv_sklearn152\Lib\site-packages\sklearn\model_selection\_search_successive_halving.py,"cv : int, cross-validation generator or iterable, default=5"
synthetic,469,generate,New_Code\.venv_sklearn152\Lib\site-packages\sklearn\model_selection\_search_successive_halving.py,"cv : int, cross-validation generator or iterable, default=5"
synthetic,521,generator,New_Code\.venv_sklearn152\Lib\site-packages\sklearn\model_selection\_search_successive_halving.py,Pseudo random number generator state used for subsampling the dataset
synthetic,521,generate,New_Code\.venv_sklearn152\Lib\site-packages\sklearn\model_selection\_search_successive_halving.py,Pseudo random number generator state used for subsampling the dataset
synthetic,813,generator,New_Code\.venv_sklearn152\Lib\site-packages\sklearn\model_selection\_search_successive_halving.py,"cv : int, cross-validation generator or an iterable, default=5"
synthetic,813,generate,New_Code\.venv_sklearn152\Lib\site-packages\sklearn\model_selection\_search_successive_halving.py,"cv : int, cross-validation generator or an iterable, default=5"
synthetic,865,generator,New_Code\.venv_sklearn152\Lib\site-packages\sklearn\model_selection\_search_successive_halving.py,Pseudo random number generator state used for subsampling the dataset
synthetic,865,generate,New_Code\.venv_sklearn152\Lib\site-packages\sklearn\model_selection\_search_successive_halving.py,Pseudo random number generator state used for subsampling the dataset
synthetic,1072,generate,New_Code\.venv_sklearn152\Lib\site-packages\sklearn\model_selection\_search_successive_halving.py,# This will generate enough candidate so that the last iteration
synthetic,68,generate,New_Code\.venv_sklearn152\Lib\site-packages\sklearn\model_selection\_split.py,"""""""Generate indices to split data into training and test set."
synthetic,117,generate,New_Code\.venv_sklearn152\Lib\site-packages\sklearn\model_selection\_split.py,# This also prevents ``set_split_request`` to be generated for splitters
synthetic,122,generate,New_Code\.venv_sklearn152\Lib\site-packages\sklearn\model_selection\_split.py,"""""""Generate indices to split data into training and test set."
synthetic,155,generate,New_Code\.venv_sklearn152\Lib\site-packages\sklearn\model_selection\_split.py,"""""""Generates boolean masks corresponding to test sets."
synthetic,165,generate,New_Code\.venv_sklearn152\Lib\site-packages\sklearn\model_selection\_split.py,"""""""Generates integer indices corresponding to test sets."""""""
synthetic,383,generate,New_Code\.venv_sklearn152\Lib\site-packages\sklearn\model_selection\_split.py,"""""""Generate indices to split data into training and test set."
synthetic,639,generate,New_Code\.venv_sklearn152\Lib\site-packages\sklearn\model_selection\_split.py,"""""""Generate indices to split data into training and test set."
synthetic,725,generate,New_Code\.venv_sklearn152\Lib\site-packages\sklearn\model_selection\_split.py,* Generate test sets such that all contain the same distribution of
synthetic,728,generate,New_Code\.venv_sklearn152\Lib\site-packages\sklearn\model_selection\_split.py,"``y = [1, 0]`` should not change the indices generated."
synthetic,732,generate,New_Code\.venv_sklearn152\Lib\site-packages\sklearn\model_selection\_split.py,* Generate test sets where the smallest and largest differ by at most one
synthetic,800,generate,New_Code\.venv_sklearn152\Lib\site-packages\sklearn\model_selection\_split.py,"# of class k in each test set, this generates blocks of fold"
synthetic,814,generate,New_Code\.venv_sklearn152\Lib\site-packages\sklearn\model_selection\_split.py,"""""""Generate indices to split data into training and test set."
synthetic,822,generate,New_Code\.venv_sklearn152\Lib\site-packages\sklearn\model_selection\_split.py,Note that providing ``y`` is sufficient to generate the splits and
synthetic,939,generate,New_Code\.venv_sklearn152\Lib\site-packages\sklearn\model_selection\_split.py,"``y = [1, 0]`` should not change the indices generated."
synthetic,1190,generate,New_Code\.venv_sklearn152\Lib\site-packages\sklearn\model_selection\_split.py,"""""""Generate indices to split data into training and test set."
synthetic,1220,generate,New_Code\.venv_sklearn152\Lib\site-packages\sklearn\model_selection\_split.py,"""""""Generate indices to split data into training and test set."
synthetic,1367,generate,New_Code\.venv_sklearn152\Lib\site-packages\sklearn\model_selection\_split.py,"""""""Generate indices to split data into training and test set."
synthetic,1500,generate,New_Code\.venv_sklearn152\Lib\site-packages\sklearn\model_selection\_split.py,"""""""Generate indices to split data into training and test set."
synthetic,1552,generate,New_Code\.venv_sklearn152\Lib\site-packages\sklearn\model_selection\_split.py,# This also prevents ``set_split_request`` to be generated for splitters
synthetic,1572,generate,New_Code\.venv_sklearn152\Lib\site-packages\sklearn\model_selection\_split.py,"""""""Generates indices to split data into training and test set."
synthetic,1716,generate,New_Code\.venv_sklearn152\Lib\site-packages\sklearn\model_selection\_split.py,Controls the generation of the random states for each repetition.
synthetic,1799,generate,New_Code\.venv_sklearn152\Lib\site-packages\sklearn\model_selection\_split.py,# This also prevents ``set_split_request`` to be generated for splitters
synthetic,1813,generate,New_Code\.venv_sklearn152\Lib\site-packages\sklearn\model_selection\_split.py,"""""""Generate indices to split data into training and test set."
synthetic,1847,generate,New_Code\.venv_sklearn152\Lib\site-packages\sklearn\model_selection\_split.py,"""""""Generate (train, test) indices"""""""
synthetic,2005,generate,New_Code\.venv_sklearn152\Lib\site-packages\sklearn\model_selection\_split.py,"the former generates splits using all subsets of size ``p`` unique groups,"
synthetic,2006,generate,New_Code\.venv_sklearn152\Lib\site-packages\sklearn\model_selection\_split.py,whereas ``GroupShuffleSplit`` generates a user-determined number of random
synthetic,2108,generate,New_Code\.venv_sklearn152\Lib\site-packages\sklearn\model_selection\_split.py,"""""""Generate indices to split data into training and test set."
synthetic,2301,generate,New_Code\.venv_sklearn152\Lib\site-packages\sklearn\model_selection\_split.py,"""""""Generate indices to split data into training and test set."
synthetic,2309,generate,New_Code\.venv_sklearn152\Lib\site-packages\sklearn\model_selection\_split.py,Note that providing ``y`` is sufficient to generate the splits and
synthetic,2473,generate,New_Code\.venv_sklearn152\Lib\site-packages\sklearn\model_selection\_split.py,"""""""Generate indices to split data into training and test set."
synthetic,2502,generate,New_Code\.venv_sklearn152\Lib\site-packages\sklearn\model_selection\_split.py,"""""""Generate indices to split data into training and test set."
synthetic,2519,generate,New_Code\.venv_sklearn152\Lib\site-packages\sklearn\model_selection\_split.py,"""""""Generates boolean masks corresponding to test sets."""""""
synthetic,2576,generate,New_Code\.venv_sklearn152\Lib\site-packages\sklearn\model_selection\_split.py,"""""""Generate indices to split data into training and test set."
synthetic,2606,generator,New_Code\.venv_sklearn152\Lib\site-packages\sklearn\model_selection\_split.py,"cv : int, cross-validation generator, iterable or None, default=5"
synthetic,2606,generate,New_Code\.venv_sklearn152\Lib\site-packages\sklearn\model_selection\_split.py,"cv : int, cross-validation generator, iterable or None, default=5"
synthetic,2612,generate,New_Code\.venv_sklearn152\Lib\site-packages\sklearn\model_selection\_split.py,"- An iterable that generates (train, test) splits as arrays of indices."
synthetic,2634,generate,New_Code\.venv_sklearn152\Lib\site-packages\sklearn\model_selection\_split.py,The return value is a cross-validator which generates the train/test
synthetic,186,generator,New_Code\.venv_sklearn152\Lib\site-packages\sklearn\model_selection\_validation.py,"cv : int, cross-validation generator or an iterable, default=None"
synthetic,186,generate,New_Code\.venv_sklearn152\Lib\site-packages\sklearn\model_selection\_validation.py,"cv : int, cross-validation generator or an iterable, default=None"
synthetic,615,generator,New_Code\.venv_sklearn152\Lib\site-packages\sklearn\model_selection\_validation.py,"cv : int, cross-validation generator or an iterable, default=None"
synthetic,615,generate,New_Code\.venv_sklearn152\Lib\site-packages\sklearn\model_selection\_validation.py,"cv : int, cross-validation generator or an iterable, default=None"
synthetic,622,generate,New_Code\.venv_sklearn152\Lib\site-packages\sklearn\model_selection\_validation.py,"- An iterable that generates (train, test) splits as arrays of indices."
synthetic,1068,generate,New_Code\.venv_sklearn152\Lib\site-packages\sklearn\model_selection\_validation.py,"""""""Generate cross-validated estimates for each input data point."
synthetic,1107,generator,New_Code\.venv_sklearn152\Lib\site-packages\sklearn\model_selection\_validation.py,"cv : int, cross-validation generator or an iterable, default=None"
synthetic,1107,generate,New_Code\.venv_sklearn152\Lib\site-packages\sklearn\model_selection\_validation.py,"cv : int, cross-validation generator or an iterable, default=None"
synthetic,1114,generate,New_Code\.venv_sklearn152\Lib\site-packages\sklearn\model_selection\_validation.py,"- An iterable that generates (train, test) splits as arrays of indices."
synthetic,1518,generate,New_Code\.venv_sklearn152\Lib\site-packages\sklearn\model_selection\_validation.py,Permutes targets to generate 'randomized data' and compute the empirical
synthetic,1554,generator,New_Code\.venv_sklearn152\Lib\site-packages\sklearn\model_selection\_validation.py,"cv : int, cross-validation generator or an iterable, default=None"
synthetic,1554,generate,New_Code\.venv_sklearn152\Lib\site-packages\sklearn\model_selection\_validation.py,"cv : int, cross-validation generator or an iterable, default=None"
synthetic,1748,generator,New_Code\.venv_sklearn152\Lib\site-packages\sklearn\model_selection\_validation.py,A cross-validation generator splits the whole dataset k times in training
synthetic,1748,generate,New_Code\.venv_sklearn152\Lib\site-packages\sklearn\model_selection\_validation.py,A cross-validation generator splits the whole dataset k times in training
synthetic,1779,generate,New_Code\.venv_sklearn152\Lib\site-packages\sklearn\model_selection\_validation.py,"generate the learning curve. If the dtype is float, it is regarded as a"
synthetic,1786,generator,New_Code\.venv_sklearn152\Lib\site-packages\sklearn\model_selection\_validation.py,"cv : int, cross-validation generator or an iterable, default=None"
synthetic,1786,generate,New_Code\.venv_sklearn152\Lib\site-packages\sklearn\model_selection\_validation.py,"cv : int, cross-validation generator or an iterable, default=None"
synthetic,1857,generate,New_Code\.venv_sklearn152\Lib\site-packages\sklearn\model_selection\_validation.py,Numbers of training examples that has been used to generate the
synthetic,2002,generate,New_Code\.venv_sklearn152\Lib\site-packages\sklearn\model_selection\_validation.py,Numbers of training examples that will be used to generate the
synthetic,2012,generate,New_Code\.venv_sklearn152\Lib\site-packages\sklearn\model_selection\_validation.py,Numbers of training examples that will be used to generate the
synthetic,2202,generator,New_Code\.venv_sklearn152\Lib\site-packages\sklearn\model_selection\_validation.py,"cv : int, cross-validation generator or an iterable, default=None"
synthetic,2202,generate,New_Code\.venv_sklearn152\Lib\site-packages\sklearn\model_selection\_validation.py,"cv : int, cross-validation generator or an iterable, default=None"
synthetic,11,generate,New_Code\.venv_sklearn152\Lib\site-packages\sklearn\model_selection\tests\test_search.py,from types import GeneratorType
synthetic,261,generate,New_Code\.venv_sklearn152\Lib\site-packages\sklearn\model_selection\tests\test_search.py,# The CheckingClassifier generates an assertion error if
synthetic,1829,generator,New_Code\.venv_sklearn152\Lib\site-packages\sklearn\model_selection\tests\test_search.py,# Give generator as a cv parameter
synthetic,1829,generate,New_Code\.venv_sklearn152\Lib\site-packages\sklearn\model_selection\tests\test_search.py,# Give generator as a cv parameter
synthetic,1832,generate,New_Code\.venv_sklearn152\Lib\site-packages\sklearn\model_selection\tests\test_search.py,"GeneratorType,"
synthetic,1860,generate,New_Code\.venv_sklearn152\Lib\site-packages\sklearn\model_selection\tests\test_search.py,# Check if generators are supported as cv and
synthetic,1869,generate,New_Code\.venv_sklearn152\Lib\site-packages\sklearn\model_selection\tests\test_search.py,# will be generated for the 2nd and subsequent cv.split calls.
synthetic,1888,generate,New_Code\.venv_sklearn152\Lib\site-packages\sklearn\model_selection\tests\test_search.py,# same as long as the same train/test indices are generated for all
synthetic,965,generate,New_Code\.venv_sklearn152\Lib\site-packages\sklearn\model_selection\tests\test_split.py,# Check that PredefinedSplit can reproduce a split generated by Kfold.
synthetic,355,generate,New_Code\.venv_sklearn152\Lib\site-packages\sklearn\model_selection\tests\test_successive_halving.py,"(512, ""exhaust"", 128),  # generate exactly as much as needed"
synthetic,363,generate,New_Code\.venv_sklearn152\Lib\site-packages\sklearn\model_selection\tests\test_successive_halving.py,# Test random search and make sure the number of generated candidates is
synthetic,571,generate,New_Code\.venv_sklearn152\Lib\site-packages\sklearn\model_selection\tests\test_successive_halving.py,"# generate random scores: we want to avoid ties, which would otherwise"
synthetic,1775,generate,New_Code\.venv_sklearn152\Lib\site-packages\sklearn\model_selection\tests\test_validation.py,# Generate expected outputs
synthetic,1796,generate,New_Code\.venv_sklearn152\Lib\site-packages\sklearn\model_selection\tests\test_validation.py,# Generate expected outputs
synthetic,1846,generate,New_Code\.venv_sklearn152\Lib\site-packages\sklearn\model_selection\tests\test_validation.py,# Generate expected outputs
synthetic,307,generate,New_Code\.venv_sklearn152\Lib\site-packages\sklearn\neighbors\_kde.py,"""""""Generate random samples from the model."
synthetic,314,generate,New_Code\.venv_sklearn152\Lib\site-packages\sklearn\neighbors\_kde.py,Number of samples to generate.
synthetic,317,generate,New_Code\.venv_sklearn152\Lib\site-packages\sklearn\neighbors\_kde.py,Determines random number generation used to generate
synthetic,119,generator,New_Code\.venv_sklearn152\Lib\site-packages\sklearn\neighbors\_nca.py,A pseudo random number generator object or a seed for it if int. If
synthetic,119,generate,New_Code\.venv_sklearn152\Lib\site-packages\sklearn\neighbors\_nca.py,A pseudo random number generator object or a seed for it if int. If
synthetic,140,generator,New_Code\.venv_sklearn152\Lib\site-packages\sklearn\neighbors\_nca.py,Pseudo random number generator object used during initialization.
synthetic,140,generate,New_Code\.venv_sklearn152\Lib\site-packages\sklearn\neighbors\_nca.py,Pseudo random number generator object used during initialization.
synthetic,294,generator,New_Code\.venv_sklearn152\Lib\site-packages\sklearn\neighbors\_nca.py,# Initialize the random generator
synthetic,294,generate,New_Code\.venv_sklearn152\Lib\site-packages\sklearn\neighbors\_nca.py,# Initialize the random generator
synthetic,78,sample,New_Code\.venv_sklearn152\Lib\site-packages\sklearn\neighbors\tests\test_kde.py,samp = kde.sample(100)
synthetic,96,sample,New_Code\.venv_sklearn152\Lib\site-packages\sklearn\neighbors\tests\test_kde.py,kde.sample(100)
synthetic,101,sample,New_Code\.venv_sklearn152\Lib\site-packages\sklearn\neighbors\tests\test_kde.py,"assert kde.sample().shape == (1, 1)"
synthetic,173,sample,New_Code\.venv_sklearn152\Lib\site-packages\sklearn\neighbors\tests\test_kde.py,sample_const_weight = kde.sample(random_state=1234)
synthetic,176,sample,New_Code\.venv_sklearn152\Lib\site-packages\sklearn\neighbors\tests\test_kde.py,sample_no_weight = kde.sample(random_state=1234)
synthetic,183,sample,New_Code\.venv_sklearn152\Lib\site-packages\sklearn\neighbors\tests\test_kde.py,sample_weight = kde.sample(random_state=1234)
synthetic,186,sample,New_Code\.venv_sklearn152\Lib\site-packages\sklearn\neighbors\tests\test_kde.py,sample_ref_sampling = kde.sample(random_state=1234)
synthetic,240,sample,New_Code\.venv_sklearn152\Lib\site-packages\sklearn\neighbors\tests\test_kde.py,samp = kde.sample(100)
synthetic,54,generate,New_Code\.venv_sklearn152\Lib\site-packages\sklearn\neighbors\tests\test_lof.py,# Generate train/test data
synthetic,59,generate,New_Code\.venv_sklearn152\Lib\site-packages\sklearn\neighbors\tests\test_lof.py,# Generate some abnormal novel observations
synthetic,92,generate,New_Code\.venv_sklearn152\Lib\site-packages\sklearn\neighbors\tests\test_nearest_centroid.py,"""Failed to generate same score after pickling (classification)."","
synthetic,179,generate,New_Code\.venv_sklearn152\Lib\site-packages\sklearn\neighbors\tests\test_neighbors.py,# Redefining the rng locally to use the same generated X
synthetic,285,generate,New_Code\.venv_sklearn152\Lib\site-packages\sklearn\neighbors\tests\test_neighbors.py,# Redefining the rng locally to use the same generated X
synthetic,12,generate,New_Code\.venv_sklearn152\Lib\site-packages\sklearn\neighbors\tests\test_neighbors_pipeline.py,from sklearn.cluster.tests.common import generate_clustered_data
synthetic,81,generate,New_Code\.venv_sklearn152\Lib\site-packages\sklearn\neighbors\tests\test_neighbors_pipeline.py,X = generate_clustered_data(n_clusters=n_clusters)
synthetic,417,generate,New_Code\.venv_sklearn152\Lib\site-packages\sklearn\neural_network\_multilayer_perceptron.py,# Generate weights and bias:
synthetic,861,generate,New_Code\.venv_sklearn152\Lib\site-packages\sklearn\neural_network\_multilayer_perceptron.py,Determines random number generation for weights and bias
synthetic,1357,generate,New_Code\.venv_sklearn152\Lib\site-packages\sklearn\neural_network\_multilayer_perceptron.py,Determines random number generation for weights and bias
synthetic,63,generate,New_Code\.venv_sklearn152\Lib\site-packages\sklearn\neural_network\_rbm.py,Determines random number generation for:
synthetic,206,generator,New_Code\.venv_sklearn152\Lib\site-packages\sklearn\neural_network\_rbm.py,Random number generator to use.
synthetic,206,generate,New_Code\.venv_sklearn152\Lib\site-packages\sklearn\neural_network\_rbm.py,Random number generator to use.
synthetic,225,generator,New_Code\.venv_sklearn152\Lib\site-packages\sklearn\neural_network\_rbm.py,Random number generator to use.
synthetic,225,generate,New_Code\.venv_sklearn152\Lib\site-packages\sklearn\neural_network\_rbm.py,Random number generator to use.
synthetic,329,generator,New_Code\.venv_sklearn152\Lib\site-packages\sklearn\neural_network\_rbm.py,Random number generator to use for sampling.
synthetic,329,generate,New_Code\.venv_sklearn152\Lib\site-packages\sklearn\neural_network\_rbm.py,Random number generator to use for sampling.
synthetic,164,generate,New_Code\.venv_sklearn152\Lib\site-packages\sklearn\neural_network\tests\test_rbm.py,# Test numerical stability (#2785): would previously generate infinities
synthetic,2594,generate,New_Code\.venv_sklearn152\Lib\site-packages\sklearn\preprocessing\_data.py,Determines random number generation for subsampling and smoothing
synthetic,3044,generate,New_Code\.venv_sklearn152\Lib\site-packages\sklearn\preprocessing\_data.py,Determines random number generation for subsampling and smoothing
synthetic,87,generate,New_Code\.venv_sklearn152\Lib\site-packages\sklearn\preprocessing\_discretization.py,Determines random number generation for subsampling.
synthetic,449,generate,New_Code\.venv_sklearn152\Lib\site-packages\sklearn\preprocessing\_discretization.py,then the following input feature names are generated:
synthetic,1197,generate,New_Code\.venv_sklearn152\Lib\site-packages\sklearn\preprocessing\_encoders.py,then the following input feature names are generated:
synthetic,285,generate,New_Code\.venv_sklearn152\Lib\site-packages\sklearn\preprocessing\_function_transformer.py,"""The output generated by `func` have different column names """
synthetic,340,generate,New_Code\.venv_sklearn152\Lib\site-packages\sklearn\preprocessing\_function_transformer.py,"defined, then names are generated:"
synthetic,100,generate,New_Code\.venv_sklearn152\Lib\site-packages\sklearn\preprocessing\_polynomial.py,"""""""Generate polynomial and interaction features."
synthetic,102,generate,New_Code\.venv_sklearn152\Lib\site-packages\sklearn\preprocessing\_polynomial.py,Generate a new feature matrix consisting of all polynomial combinations
synthetic,115,generate,New_Code\.venv_sklearn152\Lib\site-packages\sklearn\preprocessing\_polynomial.py,polynomial degree of the generated features. Note that `min_degree=0`
synthetic,161,generate,New_Code\.venv_sklearn152\Lib\site-packages\sklearn\preprocessing\_polynomial.py,SplineTransformer : Transformer that generates univariate B-spline bases
synthetic,276,generate,New_Code\.venv_sklearn152\Lib\site-packages\sklearn\preprocessing\_polynomial.py,then the following input feature names are generated:
synthetic,413,generate,New_Code\.venv_sklearn152\Lib\site-packages\sklearn\preprocessing\_polynomial.py,"its polynomial features generated, then converted back to CSC."
synthetic,427,generate,New_Code\.venv_sklearn152\Lib\site-packages\sklearn\preprocessing\_polynomial.py,features generated from the combination of inputs. If a sparse
synthetic,581,generate,New_Code\.venv_sklearn152\Lib\site-packages\sklearn\preprocessing\_polynomial.py,"""""""Generate univariate B-spline bases for features."
synthetic,583,generate,New_Code\.venv_sklearn152\Lib\site-packages\sklearn\preprocessing\_polynomial.py,Generate a new feature matrix consisting of
synthetic,678,generate,New_Code\.venv_sklearn152\Lib\site-packages\sklearn\preprocessing\_polynomial.py,PolynomialFeatures : Transformer that generates polynomial and interaction
synthetic,791,generate,New_Code\.venv_sklearn152\Lib\site-packages\sklearn\preprocessing\_polynomial.py,then the following input feature names are generated:
synthetic,152,generate,New_Code\.venv_sklearn152\Lib\site-packages\sklearn\preprocessing\_target_encoder.py,variables as it generate one new feature per unique category.
synthetic,512,generate,New_Code\.venv_sklearn152\Lib\site-packages\sklearn\preprocessing\_target_encoder.py,"generated: `[""x0"", ""x1"", ..., ""x(n_features_in_ - 1)""]`."
synthetic,1352,sample,New_Code\.venv_sklearn152\Lib\site-packages\sklearn\preprocessing\tests\test_data.py,"X = np.sort(np.random.sample((n_samples, 1)), axis=0)"
synthetic,251,generate,New_Code\.venv_sklearn152\Lib\site-packages\sklearn\preprocessing\tests\test_function_transformer.py,"# NumPy inputs, default behavior: generate names"
synthetic,577,generate,New_Code\.venv_sklearn152\Lib\site-packages\sklearn\preprocessing\tests\test_function_transformer.py,"err_msg = ""The output generated by `func` have different column names"""
synthetic,71,generate,New_Code\.venv_sklearn152\Lib\site-packages\sklearn\preprocessing\tests\test_polynomial.py,"""""""Test that SplineTransformer generates correct features name."""""""
synthetic,235,generate,New_Code\.venv_sklearn152\Lib\site-packages\sklearn\preprocessing\tests\test_polynomial.py,# Generate larger array to check periodic extrapolation
synthetic,518,generate,New_Code\.venv_sklearn152\Lib\site-packages\sklearn\preprocessing\tests\test_target_encoder.py,# about y_train has inadvertently leaked into the prior used to generate
synthetic,609,generate,New_Code\.venv_sklearn152\Lib\site-packages\sklearn\preprocessing\tests\test_target_encoder.py,# Generate a single informative ordinal feature with medium cardinality.
synthetic,628,generate,New_Code\.venv_sklearn152\Lib\site-packages\sklearn\preprocessing\tests\test_target_encoder.py,# Generate a shuffled copy of the informative feature to destroy the
synthetic,667,generate,New_Code\.venv_sklearn152\Lib\site-packages\sklearn\preprocessing\tests\test_target_encoder.py,# generation of the unique informative feature.
synthetic,26,generate,New_Code\.venv_sklearn152\Lib\site-packages\sklearn\semi_supervised\_label_propagation.py,implementation supports RBF and KNN kernels. Using the RBF kernel generates
synthetic,27,generate,New_Code\.venv_sklearn152\Lib\site-packages\sklearn\semi_supervised\_label_propagation.py,a dense matrix of size O(N^2). KNN kernel will generate a sparse matrix of
synthetic,34,generate,New_Code\.venv_sklearn152\Lib\site-packages\sklearn\svm\_base.py,"""""""Generate primal coefficients from dual coefficients"
synthetic,1131,generate,New_Code\.venv_sklearn152\Lib\site-packages\sklearn\svm\_base.py,Controls the pseudo random number generation for shuffling the data.
synthetic,57,synthetic,New_Code\.venv_sklearn152\Lib\site-packages\sklearn\svm\_bounds.py,"i.e. a ""synthetic"" feature with constant value equals to"
synthetic,104,synthetic,New_Code\.venv_sklearn152\Lib\site-packages\sklearn\svm\_classes.py,"..., x_n, intercept_scaling]``, i.e. a ""synthetic"" feature with a"
synthetic,106,synthetic,New_Code\.venv_sklearn152\Lib\site-packages\sklearn\svm\_classes.py,vector. The intercept becomes intercept_scaling * synthetic feature
synthetic,132,generate,New_Code\.venv_sklearn152\Lib\site-packages\sklearn\svm\_classes.py,Controls the pseudo random number generation for shuffling the data for
synthetic,194,generator,New_Code\.venv_sklearn152\Lib\site-packages\sklearn\svm\_classes.py,The underlying C implementation uses a random number generator to
synthetic,194,generate,New_Code\.venv_sklearn152\Lib\site-packages\sklearn\svm\_classes.py,The underlying C implementation uses a random number generator to
synthetic,404,synthetic,New_Code\.venv_sklearn152\Lib\site-packages\sklearn\svm\_classes.py,"x_n, intercept_scaling]`, i.e. a ""synthetic"" feature with a constant"
synthetic,406,synthetic,New_Code\.venv_sklearn152\Lib\site-packages\sklearn\svm\_classes.py,The intercept becomes intercept_scaling * synthetic feature weight.
synthetic,436,generate,New_Code\.venv_sklearn152\Lib\site-packages\sklearn\svm\_classes.py,Controls the pseudo random number generation for shuffling the data.
synthetic,737,generate,New_Code\.venv_sklearn152\Lib\site-packages\sklearn\svm\_classes.py,Controls the pseudo random number generation for shuffling the data for
synthetic,1000,generate,New_Code\.venv_sklearn152\Lib\site-packages\sklearn\svm\_classes.py,Controls the pseudo random number generation for shuffling the data for
synthetic,78,generate,New_Code\.venv_sklearn152\Lib\site-packages\sklearn\svm\tests\test_bounds.py,generated = [bounded_rand_int_wrap(100) for _ in range(10)]
synthetic,79,generate,New_Code\.venv_sklearn152\Lib\site-packages\sklearn\svm\tests\test_bounds.py,assert all(0 <= x < 100 for x in generated)
synthetic,80,generate,New_Code\.venv_sklearn152\Lib\site-packages\sklearn\svm\tests\test_bounds.py,assert not all(x == generated[0] for x in generated)
synthetic,87,generate,New_Code\.venv_sklearn152\Lib\site-packages\sklearn\svm\tests\test_bounds.py,generated = bounded_rand_int_wrap(100)
synthetic,88,generate,New_Code\.venv_sklearn152\Lib\site-packages\sklearn\svm\tests\test_bounds.py,assert generated == expected
synthetic,123,generate,New_Code\.venv_sklearn152\Lib\site-packages\sklearn\svm\tests\test_bounds.py,"""Null hypothesis rejected: generated random numbers are not uniform."""
synthetic,133,generate,New_Code\.venv_sklearn152\Lib\site-packages\sklearn\svm\tests\test_bounds.py,"""Null hypothesis rejected: generated random numbers are not uniform. """
synthetic,325,generate,New_Code\.venv_sklearn152\Lib\site-packages\sklearn\svm\tests\test_svm.py,# Generate train data
synthetic,329,generate,New_Code\.venv_sklearn152\Lib\site-packages\sklearn\svm\tests\test_svm.py,# Generate some regular novel observations
synthetic,332,generate,New_Code\.venv_sklearn152\Lib\site-packages\sklearn\svm\tests\test_svm.py,# Generate some abnormal novel observations
synthetic,637,generate,New_Code\.venv_sklearn152\Lib\site-packages\sklearn\svm\tests\test_svm.py,# model generates equal coefficients
synthetic,768,generate,New_Code\.venv_sklearn152\Lib\site-packages\sklearn\svm\tests\test_svm.py,# Generate list of possible parameter combinations
synthetic,32,generate,New_Code\.venv_sklearn152\Lib\site-packages\sklearn\tests\random_seed.py,# Set worker random seed from seed generated from main process
synthetic,334,generate,New_Code\.venv_sklearn152\Lib\site-packages\sklearn\tests\test_base.py,# generate random sample weights
synthetic,344,generate,New_Code\.venv_sklearn152\Lib\site-packages\sklearn\tests\test_base.py,"""""""This is a dummy class for generating numerical features"
synthetic,173,generate,New_Code\.venv_sklearn152\Lib\site-packages\sklearn\tests\test_common.py,"all_instance_gen_checks = check_estimator(LogisticRegression(), generate_only=True)"
synthetic,136,generate,New_Code\.venv_sklearn152\Lib\site-packages\sklearn\tests\test_discriminant_analysis.py,"def generate_dataset(n_samples, centers, covariances, random_state=None):"
synthetic,137,generate,New_Code\.venv_sklearn152\Lib\site-packages\sklearn\tests\test_discriminant_analysis.py,"""""""Generate a multivariate normal data given some centers and"
synthetic,153,generate,New_Code\.venv_sklearn152\Lib\site-packages\sklearn\tests\test_discriminant_analysis.py,"X, y = generate_dataset("
synthetic,160,generate,New_Code\.venv_sklearn152\Lib\site-packages\sklearn\tests\test_discriminant_analysis.py,# one used to generate the data
synthetic,27,generate,New_Code\.venv_sklearn152\Lib\site-packages\sklearn\tests\test_kernel_approximation.py,# generate data
synthetic,870,generate,New_Code\.venv_sklearn152\Lib\site-packages\sklearn\tests\test_metadata_routing.py,# Test if all required request methods are generated.
synthetic,195,generate,New_Code\.venv_sklearn152\Lib\site-packages\sklearn\tests\test_metaestimators.py,"""""""Generate instances of meta-estimators fed with a pipeline"
synthetic,499,generate,New_Code\.venv_sklearn152\Lib\site-packages\sklearn\tests\test_multioutput.py,def generate_multilabel_dataset_with_correlations():
synthetic,500,generate,New_Code\.venv_sklearn152\Lib\site-packages\sklearn\tests\test_multioutput.py,# Generate a multilabel data set from a multiclass dataset as a way of
synthetic,514,generate,New_Code\.venv_sklearn152\Lib\site-packages\sklearn\tests\test_multioutput.py,"X, Y = generate_multilabel_dataset_with_correlations()"
synthetic,533,generate,New_Code\.venv_sklearn152\Lib\site-packages\sklearn\tests\test_multioutput.py,"X, Y = generate_multilabel_dataset_with_correlations()"
synthetic,549,generate,New_Code\.venv_sklearn152\Lib\site-packages\sklearn\tests\test_multioutput.py,"X, Y = generate_multilabel_dataset_with_correlations()"
synthetic,575,generate,New_Code\.venv_sklearn152\Lib\site-packages\sklearn\tests\test_multioutput.py,"X, Y = generate_multilabel_dataset_with_correlations()"
synthetic,595,generate,New_Code\.venv_sklearn152\Lib\site-packages\sklearn\tests\test_multioutput.py,"X, Y = generate_multilabel_dataset_with_correlations()"
synthetic,608,generate,New_Code\.venv_sklearn152\Lib\site-packages\sklearn\tests\test_multioutput.py,"X, Y = generate_multilabel_dataset_with_correlations()"
synthetic,622,generate,New_Code\.venv_sklearn152\Lib\site-packages\sklearn\tests\test_multioutput.py,"X, Y = generate_multilabel_dataset_with_correlations()"
synthetic,651,generate,New_Code\.venv_sklearn152\Lib\site-packages\sklearn\tests\test_multioutput.py,"X, Y = generate_multilabel_dataset_with_correlations()"
synthetic,10,generate,New_Code\.venv_sklearn152\Lib\site-packages\sklearn\tests\test_public_functions.py,"generate_invalid_param_val,"
synthetic,11,generate,New_Code\.venv_sklearn152\Lib\site-packages\sklearn\tests\test_public_functions.py,"generate_valid_param,"
synthetic,28,generate,New_Code\.venv_sklearn152\Lib\site-packages\sklearn\tests\test_public_functions.py,# The parameters `*args` and `**kwargs` are ignored since we cannot generate
synthetic,45,generate,New_Code\.venv_sklearn152\Lib\site-packages\sklearn\tests\test_public_functions.py,# generate valid values for the required parameters
synthetic,51,generate,New_Code\.venv_sklearn152\Lib\site-packages\sklearn\tests\test_public_functions.py,valid_required_params[param_name] = generate_valid_param(
synthetic,113,generate,New_Code\.venv_sklearn152\Lib\site-packages\sklearn\tests\test_public_functions.py,bad_value = generate_invalid_param_val(constraint)
synthetic,122,generate,New_Code\.venv_sklearn152\Lib\site-packages\sklearn\tests\test_public_functions.py,"""constraint because generating an invalid string for the first """
synthetic,104,generate,New_Code\.venv_sklearn152\Lib\site-packages\sklearn\tests\test_random_projection.py,# tests random matrix generation
synthetic,142,generate,New_Code\.venv_sklearn152\Lib\site-packages\sklearn\tests\test_random_projection.py,# Check basic properties of random matrix generation
synthetic,402,generate,New_Code\.venv_sklearn152\Lib\site-packages\sklearn\tree\_classes.py,# straight away here so as to generate error messages for invalid
synthetic,28,generate,New_Code\.venv_sklearn152\Lib\site-packages\sklearn\tree\_export.py,"""""""Generate n colors with equally spaced hues."
synthetic,131,generate,New_Code\.venv_sklearn152\Lib\site-packages\sklearn\tree\_export.py,generated.
synthetic,294,generate,New_Code\.venv_sklearn152\Lib\site-packages\sklearn\tree\_export.py,# Generate the node content string
synthetic,800,generate,New_Code\.venv_sklearn152\Lib\site-packages\sklearn\tree\_export.py,"This function generates a GraphViz representation of the decision tree,"
synthetic,802,generate,New_Code\.venv_sklearn152\Lib\site-packages\sklearn\tree\_export.py,"can be generated using, for example::"
synthetic,826,generate,New_Code\.venv_sklearn152\Lib\site-packages\sklearn\tree\_export.py,generated.
synthetic,926,generate,New_Code\.venv_sklearn152\Lib\site-packages\sklearn\tree\tests\test_tree.py,"), ""Failed to generate same score  after pickling with {0}"".format(name)"
synthetic,932,generate,New_Code\.venv_sklearn152\Lib\site-packages\sklearn\tree\tests\test_tree.py,"f""Failed to generate same attribute {attribute} after pickling with"""
synthetic,1481,generate,New_Code\.venv_sklearn152\Lib\site-packages\sklearn\tree\tests\test_tree.py,"# Generate X, y"
synthetic,1851,generate,New_Code\.venv_sklearn152\Lib\site-packages\sklearn\tree\tests\test_tree.py,# generate trees with increasing alphas
synthetic,2206,generate,New_Code\.venv_sklearn152\Lib\site-packages\sklearn\tree\tests\test_tree.py,# Make sure that a platform specific pickle generated on a 64 bit
synthetic,59,generate,New_Code\.venv_sklearn152\Lib\site-packages\sklearn\utils\estimator_checks.py,"generate_invalid_param_val,"
synthetic,389,generate,New_Code\.venv_sklearn152\Lib\site-packages\sklearn\utils\estimator_checks.py,"`pytest.mark.parametrize` where `check_estimator(..., generate_only=True)`"
synthetic,395,generate,New_Code\.venv_sklearn152\Lib\site-packages\sklearn\utils\estimator_checks.py,Items generated by `check_estimator`.
synthetic,526,generate,New_Code\.venv_sklearn152\Lib\site-packages\sklearn\utils\estimator_checks.py,Estimators to generated checks for.
synthetic,576,generate,New_Code\.venv_sklearn152\Lib\site-packages\sklearn\utils\estimator_checks.py,"def check_estimator(estimator=None, generate_only=False):"
synthetic,586,generator,New_Code\.venv_sklearn152\Lib\site-packages\sklearn\utils\estimator_checks.py,"Setting `generate_only=True` returns a generator that yields (estimator,"
synthetic,586,generate,New_Code\.venv_sklearn152\Lib\site-packages\sklearn\utils\estimator_checks.py,"Setting `generate_only=True` returns a generator that yields (estimator,"
synthetic,604,generate,New_Code\.venv_sklearn152\Lib\site-packages\sklearn\utils\estimator_checks.py,"generate_only : bool, default=False"
synthetic,606,generator,New_Code\.venv_sklearn152\Lib\site-packages\sklearn\utils\estimator_checks.py,"When `True`, `check_estimator` returns a generator that yields"
synthetic,606,generate,New_Code\.venv_sklearn152\Lib\site-packages\sklearn\utils\estimator_checks.py,"When `True`, `check_estimator` returns a generator that yields"
synthetic,614,generator,New_Code\.venv_sklearn152\Lib\site-packages\sklearn\utils\estimator_checks.py,checks_generator : generator
synthetic,614,generate,New_Code\.venv_sklearn152\Lib\site-packages\sklearn\utils\estimator_checks.py,checks_generator : generator
synthetic,615,generator,New_Code\.venv_sklearn152\Lib\site-packages\sklearn\utils\estimator_checks.py,"Generator that yields (estimator, check) tuples. Returned when"
synthetic,615,generate,New_Code\.venv_sklearn152\Lib\site-packages\sklearn\utils\estimator_checks.py,"Generator that yields (estimator, check) tuples. Returned when"
synthetic,616,generate,New_Code\.venv_sklearn152\Lib\site-packages\sklearn\utils\estimator_checks.py,`generate_only=True`.
synthetic,627,generate,New_Code\.venv_sklearn152\Lib\site-packages\sklearn\utils\estimator_checks.py,">>> check_estimator(LogisticRegression(), generate_only=True)"
synthetic,628,generator,New_Code\.venv_sklearn152\Lib\site-packages\sklearn\utils\estimator_checks.py,<generator object ...>
synthetic,628,generate,New_Code\.venv_sklearn152\Lib\site-packages\sklearn\utils\estimator_checks.py,<generator object ...>
synthetic,645,generate,New_Code\.venv_sklearn152\Lib\site-packages\sklearn\utils\estimator_checks.py,if generate_only:
synthetic,836,generate,New_Code\.venv_sklearn152\Lib\site-packages\sklearn\utils\estimator_checks.py,"""""""Generate sparse matrices or arrays with {32,64}bit indices of diverse format."
synthetic,855,generate,New_Code\.venv_sklearn152\Lib\site-packages\sklearn\utils\estimator_checks.py,# Generate large indices matrix only if its supported by scipy
synthetic,2371,generate,New_Code\.venv_sklearn152\Lib\site-packages\sklearn\utils\estimator_checks.py,# generate binary problem from multi-class one
synthetic,4397,generate,New_Code\.venv_sklearn152\Lib\site-packages\sklearn\utils\estimator_checks.py,bad_value = generate_invalid_param_val(constraint)
synthetic,4413,generate,New_Code\.venv_sklearn152\Lib\site-packages\sklearn\utils\estimator_checks.py,"""constraint because generating an invalid string for the first """
synthetic,4478,generate,New_Code\.venv_sklearn152\Lib\site-packages\sklearn\utils\estimator_checks.py,"""""""Generate output to test `set_output` for different configuration:"
synthetic,4532,generate,New_Code\.venv_sklearn152\Lib\site-packages\sklearn\utils\estimator_checks.py,"""""""Check if the generated DataFrame by the transformer is valid."
synthetic,4541,generate,New_Code\.venv_sklearn152\Lib\site-packages\sklearn\utils\estimator_checks.py,A single case from the cases generated by `_output_from_fit_transform`.
synthetic,4564,generate,New_Code\.venv_sklearn152\Lib\site-packages\sklearn\utils\estimator_checks.py,# transformer used to generate the dataframe as a ground-truth of the
synthetic,4577,generate,New_Code\.venv_sklearn152\Lib\site-packages\sklearn\utils\estimator_checks.py,"f""{name} does not generate a valid dataframe in the {case} """
synthetic,4578,generate,New_Code\.venv_sklearn152\Lib\site-packages\sklearn\utils\estimator_checks.py,"""case. The generated dataframe is not equal to the expected """
synthetic,244,generator,New_Code\.venv_sklearn152\Lib\site-packages\sklearn\utils\extmath.py,The seed of the pseudo random number generator to use when shuffling
synthetic,244,generate,New_Code\.venv_sklearn152\Lib\site-packages\sklearn\utils\extmath.py,The seed of the pseudo random number generator to use when shuffling
synthetic,281,generate,New_Code\.venv_sklearn152\Lib\site-packages\sklearn\utils\extmath.py,"# Generating normal random vectors with shape: (A.shape[1], size)"
synthetic,282,generate,New_Code\.venv_sklearn152\Lib\site-packages\sklearn\utils\extmath.py,# XXX: generate random number directly from xp if it's possible
synthetic,437,generator,New_Code\.venv_sklearn152\Lib\site-packages\sklearn\utils\extmath.py,The seed of the pseudo random number generator to use when
synthetic,437,generate,New_Code\.venv_sklearn152\Lib\site-packages\sklearn\utils\extmath.py,The seed of the pseudo random number generator to use when
synthetic,628,generator,New_Code\.venv_sklearn152\Lib\site-packages\sklearn\utils\extmath.py,The seed of the pseudo random number generator to use when shuffling
synthetic,628,generate,New_Code\.venv_sklearn152\Lib\site-packages\sklearn\utils\extmath.py,The seed of the pseudo random number generator to use when shuffling
synthetic,790,generate,New_Code\.venv_sklearn152\Lib\site-packages\sklearn\utils\extmath.py,"""""""Generate a cartesian product of input arrays."
synthetic,18,generate,New_Code\.venv_sklearn152\Lib\site-packages\sklearn\utils\random.py,"""""""Generate a sparse random matrix given column class distributions"
synthetic,844,generate,New_Code\.venv_sklearn152\Lib\site-packages\sklearn\utils\validation.py,"""https://numpy.org/doc/stable/reference/generated/numpy.matrix.html"""
synthetic,963,generate,New_Code\.venv_sklearn152\Lib\site-packages\sklearn\utils\validation.py,"""generated a sparse matrix with object dtype which """
synthetic,2293,generate,New_Code\.venv_sklearn152\Lib\site-packages\sklearn\utils\validation.py,"def _check_feature_names_in(estimator, input_features=None, *, generate_names=True):"
synthetic,2294,generate,New_Code\.venv_sklearn152\Lib\site-packages\sklearn\utils\validation.py,"""""""Check `input_features` and generate names if needed."
synthetic,2305,generate,New_Code\.venv_sklearn152\Lib\site-packages\sklearn\utils\validation.py,then the following input feature names are generated:
synthetic,2310,generate,New_Code\.venv_sklearn152\Lib\site-packages\sklearn\utils\validation.py,"generate_names : bool, default=True"
synthetic,2311,generate,New_Code\.venv_sklearn152\Lib\site-packages\sklearn\utils\validation.py,Whether to generate names when `input_features` is `None` and
synthetic,2342,generate,New_Code\.venv_sklearn152\Lib\site-packages\sklearn\utils\validation.py,if not generate_names:
synthetic,2345,generate,New_Code\.venv_sklearn152\Lib\site-packages\sklearn\utils\validation.py,# Generates feature names if `n_features_in_` is defined
synthetic,2347,generate,New_Code\.venv_sklearn152\Lib\site-packages\sklearn\utils\validation.py,"raise ValueError(""Unable to generate feature names without n_features_in_"")"
synthetic,2353,generate,New_Code\.venv_sklearn152\Lib\site-packages\sklearn\utils\validation.py,"""""""Generate feature names out for estimator using the estimator name as the prefix."
synthetic,2356,generate,New_Code\.venv_sklearn152\Lib\site-packages\sklearn\utils\validation.py,"for estimators that generate their own names based on `n_features_out`, i.e. PCA."
synthetic,2374,generate,New_Code\.venv_sklearn152\Lib\site-packages\sklearn\utils\validation.py,"_check_feature_names_in(estimator, input_features, generate_names=False)"
synthetic,17,generator,New_Code\.venv_sklearn152\Lib\site-packages\sklearn\utils\_arpack.py,The seed of the pseudo random number generator used to generate a
synthetic,17,generate,New_Code\.venv_sklearn152\Lib\site-packages\sklearn\utils\_arpack.py,The seed of the pseudo random number generator used to generate a
synthetic,19,generator,New_Code\.venv_sklearn152\Lib\site-packages\sklearn\utils\_arpack.py,"random number generator; If RandomState instance, random_state is the"
synthetic,19,generate,New_Code\.venv_sklearn152\Lib\site-packages\sklearn\utils\_arpack.py,"random number generator; If RandomState instance, random_state is the"
synthetic,20,generator,New_Code\.venv_sklearn152\Lib\site-packages\sklearn\utils\_arpack.py,"random number generator; If None, the random number generator is the"
synthetic,20,generate,New_Code\.venv_sklearn152\Lib\site-packages\sklearn\utils\_arpack.py,"random number generator; If None, the random number generator is the"
synthetic,193,generate,New_Code\.venv_sklearn152\Lib\site-packages\sklearn\utils\_array_api.py,https://data-apis.org/array-api/latest/API_specification/generated/array_api.isdtype.html
synthetic,416,generate,New_Code\.venv_sklearn152\Lib\site-packages\sklearn\utils\_array_api.py,https://data-apis.org/array-api/latest/API_specification/generated/array_api.reshape.html
synthetic,628,generate,New_Code\.venv_sklearn152\Lib\site-packages\sklearn\utils\_array_api.py,https://numpy.org/doc/stable/reference/generated/numpy.average.html but
synthetic,59,generate,New_Code\.venv_sklearn152\Lib\site-packages\sklearn\utils\_bunch.py,# Bunch pickles generated with scikit-learn 0.16.* have an non
synthetic,12,generator,New_Code\.venv_sklearn152\Lib\site-packages\sklearn\utils\_chunking.py,"""""""Chunk generator, ``gen`` into lists of length ``chunksize``. The last"
synthetic,12,generate,New_Code\.venv_sklearn152\Lib\site-packages\sklearn\utils\_chunking.py,"""""""Chunk generator, ``gen`` into lists of length ``chunksize``. The last"
synthetic,31,generator,New_Code\.venv_sklearn152\Lib\site-packages\sklearn\utils\_chunking.py,"""""""Generator to create slices containing `batch_size` elements from 0 to `n`."
synthetic,31,generate,New_Code\.venv_sklearn152\Lib\site-packages\sklearn\utils\_chunking.py,"""""""Generator to create slices containing `batch_size` elements from 0 to `n`."
synthetic,51,generator,New_Code\.venv_sklearn152\Lib\site-packages\sklearn\utils\_chunking.py,gen_even_slices: Generator to create n_packs slices going up to n.
synthetic,51,generate,New_Code\.venv_sklearn152\Lib\site-packages\sklearn\utils\_chunking.py,gen_even_slices: Generator to create n_packs slices going up to n.
synthetic,87,generator,New_Code\.venv_sklearn152\Lib\site-packages\sklearn\utils\_chunking.py,"""""""Generator to create `n_packs` evenly spaced slices going up to `n`."
synthetic,87,generate,New_Code\.venv_sklearn152\Lib\site-packages\sklearn\utils\_chunking.py,"""""""Generator to create `n_packs` evenly spaced slices going up to `n`."
synthetic,97,generate,New_Code\.venv_sklearn152\Lib\site-packages\sklearn\utils\_chunking.py,Number of slices to generate.
synthetic,109,generator,New_Code\.venv_sklearn152\Lib\site-packages\sklearn\utils\_chunking.py,gen_batches: Generator to create slices containing batch_size elements
synthetic,109,generate,New_Code\.venv_sklearn152\Lib\site-packages\sklearn\utils\_chunking.py,gen_batches: Generator to create slices containing batch_size elements
synthetic,328,generate,New_Code\.venv_sklearn152\Lib\site-packages\sklearn\utils\_encode.py,"""""""Generate items without nans. Stores the nan counts separately."""""""
synthetic,14,generate,New_Code\.venv_sklearn152\Lib\site-packages\sklearn\utils\_estimator_html_repr.py,"""""""Generate sequential ids with a prefix."""""""
synthetic,116,generate,New_Code\.venv_sklearn152\Lib\site-packages\sklearn\utils\_estimator_html_repr.py,added to the diagram. This can be generated for an estimator if it uses the
synthetic,170,generate,New_Code\.venv_sklearn152\Lib\site-packages\sklearn\utils\_estimator_html_repr.py,"""""""Generate information about how to display an estimator."""""""
synthetic,407,generate,New_Code\.venv_sklearn152\Lib\site-packages\sklearn\utils\_estimator_html_repr.py,"""""""Mixin class allowing to generate a link to the API documentation."
synthetic,412,generate,New_Code\.venv_sklearn152\Lib\site-packages\sklearn\utils\_estimator_html_repr.py,- `_doc_link_template`: it corresponds to the template used to generate the
synthetic,414,generate,New_Code\.venv_sklearn152\Lib\site-packages\sklearn\utils\_estimator_html_repr.py,"`""https://scikit-learn.org/{version_url}/modules/generated/"
synthetic,416,generate,New_Code\.venv_sklearn152\Lib\site-packages\sklearn\utils\_estimator_html_repr.py,- `_doc_link_url_param_generator`: it corresponds to a function that generates the
synthetic,420,generate,New_Code\.venv_sklearn152\Lib\site-packages\sklearn\utils\_estimator_html_repr.py,The method :meth:`_get_doc_link` generates the link to the API documentation for a
synthetic,424,generate,New_Code\.venv_sklearn152\Lib\site-packages\sklearn\utils\_estimator_html_repr.py,:func:`sklearn.utils.estimator_html_repr` to generate a link to the API
synthetic,430,generate,New_Code\.venv_sklearn152\Lib\site-packages\sklearn\utils\_estimator_html_repr.py,then you can override them and provide a method to generate the URL parameters:
synthetic,471,generate,New_Code\.venv_sklearn152\Lib\site-packages\sklearn\utils\_estimator_html_repr.py,"f""https://scikit-learn.org/{version_url}/modules/generated/"""
synthetic,481,generate,New_Code\.venv_sklearn152\Lib\site-packages\sklearn\utils\_estimator_html_repr.py,"""""""Generates a link to the API documentation for a given estimator."
synthetic,483,generate,New_Code\.venv_sklearn152\Lib\site-packages\sklearn\utils\_estimator_html_repr.py,This method generates the link to the estimator's documentation page
synthetic,435,generate,New_Code\.venv_sklearn152\Lib\site-packages\sklearn\utils\_indexing.py,Number of samples to generate. If left to None this is
synthetic,441,generate,New_Code\.venv_sklearn152\Lib\site-packages\sklearn\utils\_indexing.py,Determines random number generation for shuffling
synthetic,580,generate,New_Code\.venv_sklearn152\Lib\site-packages\sklearn\utils\_indexing.py,Determines random number generation for shuffling
synthetic,586,generate,New_Code\.venv_sklearn152\Lib\site-packages\sklearn\utils\_indexing.py,Number of samples to generate. If left to None this is
synthetic,157,generate,New_Code\.venv_sklearn152\Lib\site-packages\sklearn\utils\_mask.py,Length of boolean mask to be generated.
synthetic,35,generate,New_Code\.venv_sklearn152\Lib\site-packages\sklearn\utils\_metadata_requests.py,"used in ``set_{method}_request`` which are automatically generated, so users"
synthetic,69,generate,New_Code\.venv_sklearn152\Lib\site-packages\sklearn\utils\_metadata_requests.py,The ``set_{method}_request`` methods are dynamically generated for estimators
synthetic,1158,generate,New_Code\.venv_sklearn152\Lib\site-packages\sklearn\utils\_metadata_requests.py,# their dynamic generation in a meta class.
synthetic,1160,generate,New_Code\.venv_sklearn152\Lib\site-packages\sklearn\utils\_metadata_requests.py,# These strings are used to dynamically generate the docstrings for
synthetic,1340,generate,New_Code\.venv_sklearn152\Lib\site-packages\sklearn\utils\_metadata_requests.py,"# methods are dynamically generated, and they complain that they are"
synthetic,761,generate,New_Code\.venv_sklearn152\Lib\site-packages\sklearn\utils\_param_validation.py,def generate_invalid_param_val(constraint):
synthetic,771,generate,New_Code\.venv_sklearn152\Lib\site-packages\sklearn\utils\_param_validation.py,The constraint to generate a value for.
synthetic,823,generate,New_Code\.venv_sklearn152\Lib\site-packages\sklearn\utils\_param_validation.py,def generate_valid_param(constraint):
synthetic,831,generate,New_Code\.venv_sklearn152\Lib\site-packages\sklearn\utils\_param_validation.py,The constraint to generate a value for.
synthetic,355,generator,New_Code\.venv_sklearn152\Lib\site-packages\sklearn\utils\_testing.py,Pseudo random number generator state.
synthetic,355,generate,New_Code\.venv_sklearn152\Lib\site-packages\sklearn\utils\_testing.py,Pseudo random number generator state.
synthetic,9,generate,New_Code\.venv_sklearn152\Lib\site-packages\sklearn\utils\tests\test_cython_templating.py,"""""""Check the consistence of the files generated from template files."""""""
synthetic,427,generate,New_Code\.venv_sklearn152\Lib\site-packages\sklearn\utils\tests\test_estimator_html_repr.py,"== f""https://scikit-learn.org/{version}/modules/generated/"""
synthetic,432,generate,New_Code\.venv_sklearn152\Lib\site-packages\sklearn\utils\tests\test_estimator_html_repr.py,"== f""https://scikit-learn.org/{version}/modules/generated/"""
synthetic,503,generate,New_Code\.venv_sklearn152\Lib\site-packages\sklearn\utils\tests\test_estimator_html_repr.py,# we can bypass the generation by providing our own callable
synthetic,520,generate,New_Code\.venv_sklearn152\Lib\site-packages\sklearn\utils\tests\test_estimator_html_repr.py,# we can bypass the generation by providing our own callable
synthetic,106,generate,New_Code\.venv_sklearn152\Lib\site-packages\sklearn\utils\tests\test_extmath.py,# generate a matrix X of approximate effective rank `rank` and no noise
synthetic,343,generate,New_Code\.venv_sklearn152\Lib\site-packages\sklearn\utils\tests\test_extmath.py,# generate a matrix X wity structure approximate rank `rank` and an
synthetic,32,generate,New_Code\.venv_sklearn152\Lib\site-packages\sklearn\utils\tests\test_param_validation.py,"generate_invalid_param_val,"
synthetic,33,generate,New_Code\.venv_sklearn152\Lib\site-packages\sklearn\utils\tests\test_param_validation.py,"generate_valid_param,"
synthetic,248,generate,New_Code\.venv_sklearn152\Lib\site-packages\sklearn\utils\tests\test_param_validation.py,"""""""Check that the value generated does not satisfy the constraint"""""""
synthetic,249,generate,New_Code\.venv_sklearn152\Lib\site-packages\sklearn\utils\tests\test_param_validation.py,bad_value = generate_invalid_param_val(constraint)
synthetic,331,generate,New_Code\.venv_sklearn152\Lib\site-packages\sklearn\utils\tests\test_param_validation.py,"""""""Check that the value generated for an interval constraint does not satisfy any of"
synthetic,334,generate,New_Code\.venv_sklearn152\Lib\site-packages\sklearn\utils\tests\test_param_validation.py,bad_value = generate_invalid_param_val(constraint=real_interval)
synthetic,338,generate,New_Code\.venv_sklearn152\Lib\site-packages\sklearn\utils\tests\test_param_validation.py,bad_value = generate_invalid_param_val(constraint=integer_interval)
synthetic,361,generate,New_Code\.venv_sklearn152\Lib\site-packages\sklearn\utils\tests\test_param_validation.py,generate_invalid_param_val(constraint)
synthetic,392,generate,New_Code\.venv_sklearn152\Lib\site-packages\sklearn\utils\tests\test_param_validation.py,"""""""Check that the value generated does satisfy the constraint."""""""
synthetic,393,generate,New_Code\.venv_sklearn152\Lib\site-packages\sklearn\utils\tests\test_param_validation.py,value = generate_valid_param(constraint)
synthetic,81,generate,New_Code\.venv_sklearn152\Lib\site-packages\sklearn\utils\tests\test_random.py,# sample generates all possible permutations
synthetic,31,generate,New_Code\.venv_sklearn152\Lib\site-packages\sklearn\utils\tests\test_shortest_path.py,def generate_graph(N=20):
synthetic,50,generate,New_Code\.venv_sklearn152\Lib\site-packages\sklearn\utils\tests\test_shortest_path.py,dist_matrix = generate_graph(20)
synthetic,283,generate,New_Code\.venv_sklearn152\Lib\site-packages\sklearn\utils\tests\test_validation.py,# to generate the same exception:
synthetic,1906,generate,New_Code\.venv_sklearn152\Lib\site-packages\sklearn\utils\tests\test_validation.py,"with pytest.raises(ValueError, match=""Unable to generate feature names""):"
synthetic,14,generate,New_Code\.venv_sklearn152\Lib\site-packages\sklearn\_build_utils\tempita.py,E.g. processing `template.c.in` generates `template.c`.
synthetic,91,generate,New_Code\.venv_sklearn152\Lib\site-packages\sklearn\_build_utils\__init__.py,"""""""Generate cython files from a list of templates"""""""
synthetic,110,generate,New_Code\.venv_sklearn152\Lib\site-packages\sklearn\_build_utils\__init__.py,"f""# It is automatically generated from {template!r}.\n"""
synthetic,61,generate,New_Code\.venv_sklearn152\Lib\site-packages\sklearn\_loss\link.py,"""""""Generate values low and high to be within the interval range."
synthetic,71,generate,New_Code\.venv_sklearn152\Lib\site-packages\sklearn\_loss\tests\test_loss.py,"""""""Random generate y_true and raw_prediction in valid range."""""""
synthetic,91,generate,New_Code\.venv_sklearn152\Lib\site-packages\sklearn\_loss\tests\test_loss.py,# generate a y_true in valid range
synthetic,397,generate,New_Code\.venv_sklearn152\Lib\site-packages\sklearn\_loss\tests\test_loss.py,# generate a y_true and raw_prediction in valid range
