file,line,value,is_claim_500,is_claim_100000,text,context
experiments\New_EXP2\artifacts\run_config_ArSL.json,11,64.0,0,0,"""batch_size"": 64,","], | ""img_size"": 224, | ""batch_size"": 64, | ""epochs_enc"": 30, | ""lr_enc"": 0.001,"
models\classifiers\train_hfagm.py,35,16.0,0,0,batch_size  = 16,hidden_dim  = 64 | num_classes = len(torch.unique(labels)) | batch_size  = 16 | epochs      = 20 | 
models\encoders\contrastive_encoder.py,18,64.0,0,0,"loader = DataLoader(dataset, batch_size=64, shuffle=True)","y_tensor = torch.tensor(y_train.values, dtype=torch.long) | dataset = TensorDataset(X_tensor, y_tensor) | loader = DataLoader(dataset, batch_size=64, shuffle=True) |  | # Encoder Model"
outputs\revision_audit\claim_evidence_detailed.csv,81,4.4,0,0,"C44_DI_REAL_1,4.4,fairness,Real-data disparate impact reported as 1.0,1.0,1.0,1,models\classifiers\train_hfagm.py,train_hfagm.py,""ive_path), dtype=torch.float32).to(device) adj_matrix = torch.tensor(np.load(adj_path), dtype=torch.float32).to(device) labels = torch.tensor(pd.read_csv(labels_path).values.squeeze(), dtype=torch.long).to(device) # Model config input_dim = contrastive_emb.shape[1] graph_dim = graph_features.shape[1] hidden_dim = 64 num_classes = len(torch.unique(labels)) batch_size = 16 epochs = 20 # Init model model = HFAGM(input_dim, graph_dim, hidden_dim, num_classes).to(device) opti"",False","C44_DI_REAL_1,4.4,fairness,Real-data disparate impact reported as 1.0,1.0,1.0,1,models\classifiers\hfagm_model.py,hfagm_model.py,""# [B, hidden_dim] # === Graph pathway === graph_repr, attn_weights = self.graph_attn(x_graph, adj_matrix) # [B, hidden_dim] # === Combine both and classify === combined = torch.cat([attr_repr, graph_repr], dim=1) # [B, 2*hidden_dim] logits = self.classifier(combined) # [B, num_classes] return logits, attn_weights"",False | C44_DI_REAL_1,4.4,fairness,Real-data disparate impact reported as 1.0,1.0,1.0,1,models\classifiers\hfagm_model.py,hfagm_model.py,""# === Graph pathway === graph_repr, attn_weights = self.graph_attn(x_graph, adj_matrix) # [B, hidden_dim] # === Combine both and classify === combined = torch.cat([attr_repr, graph_repr], dim=1) # [B, 2*hidden_dim] logits = self.classifier(combined) # [B, num_classes] return logits, attn_weights"",False | C44_DI_REAL_1,4.4,fairness,Real-data disparate impact reported as 1.0,1.0,1.0,1,models\classifiers\train_hfagm.py,train_hfagm.py,""ive_path), dtype=torch.float32).to(device) adj_matrix = torch.tensor(np.load(adj_path), dtype=torch.float32).to(device) labels = torch.tensor(pd.read_csv(labels_path).values.squeeze(), dtype=torch.long).to(device) # Model config input_dim = contrastive_emb.shape[1] graph_dim = graph_features.shape[1] hidden_dim = 64 num_classes = len(torch.unique(labels)) batch_size = 16 epochs = 20 # Init model model = HFAGM(input_dim, graph_dim, hidden_dim, num_classes).to(device) opti"",False | C44_DI_REAL_1,4.4,fairness,Real-data disparate impact reported as 1.0,1.0,1.0,1,models\classifiers\train_hfagm.py,train_hfagm.py,""ive_path), dtype=torch.float32).to(device) adj_matrix = torch.tensor(np.load(adj_path), dtype=torch.float32).to(device) labels = torch.tensor(pd.read_csv(labels_path).values.squeeze(), dtype=torch.long).to(device) # Model config input_dim = contrastive_emb.shape[1] graph_dim = graph_features.shape[1] hidden_dim = 64 num_classes = len(torch.unique(labels)) batch_size = 16 epochs = 20 # Init model model = HFAGM(input_dim, graph_dim, hidden_dim, num_classes).to(device) opti"",False | C44_DI_REAL_1,4.4,fairness,Real-data disparate impact reported as 1.0,1.0,1.0,1,models\classifiers\train_hfagm.py,train_hfagm.py,""ce) adj_matrix = torch.tensor(np.load(adj_path), dtype=torch.float32).to(device) labels = torch.tensor(pd.read_csv(labels_path).values.squeeze(), dtype=torch.long).to(device) # Model config input_dim = contrastive_emb.shape[1] graph_dim = graph_features.shape[1] hidden_dim = 64 num_classes = len(torch.unique(labels)) batch_size = 16 epochs = 20 # Init model model = HFAGM(input_dim, graph_dim, hidden_dim, num_classes).to(device) optimizer = torch.optim.Adam(model.paramete"",False"
outputs\revision_audit\claim_evidence_detailed.csv,81,1.0,0,0,"C44_DI_REAL_1,4.4,fairness,Real-data disparate impact reported as 1.0,1.0,1.0,1,models\classifiers\train_hfagm.py,train_hfagm.py,""ive_path), dtype=torch.float32).to(device) adj_matrix = torch.tensor(np.load(adj_path), dtype=torch.float32).to(device) labels = torch.tensor(pd.read_csv(labels_path).values.squeeze(), dtype=torch.long).to(device) # Model config input_dim = contrastive_emb.shape[1] graph_dim = graph_features.shape[1] hidden_dim = 64 num_classes = len(torch.unique(labels)) batch_size = 16 epochs = 20 # Init model model = HFAGM(input_dim, graph_dim, hidden_dim, num_classes).to(device) opti"",False","C44_DI_REAL_1,4.4,fairness,Real-data disparate impact reported as 1.0,1.0,1.0,1,models\classifiers\hfagm_model.py,hfagm_model.py,""# [B, hidden_dim] # === Graph pathway === graph_repr, attn_weights = self.graph_attn(x_graph, adj_matrix) # [B, hidden_dim] # === Combine both and classify === combined = torch.cat([attr_repr, graph_repr], dim=1) # [B, 2*hidden_dim] logits = self.classifier(combined) # [B, num_classes] return logits, attn_weights"",False | C44_DI_REAL_1,4.4,fairness,Real-data disparate impact reported as 1.0,1.0,1.0,1,models\classifiers\hfagm_model.py,hfagm_model.py,""# === Graph pathway === graph_repr, attn_weights = self.graph_attn(x_graph, adj_matrix) # [B, hidden_dim] # === Combine both and classify === combined = torch.cat([attr_repr, graph_repr], dim=1) # [B, 2*hidden_dim] logits = self.classifier(combined) # [B, num_classes] return logits, attn_weights"",False | C44_DI_REAL_1,4.4,fairness,Real-data disparate impact reported as 1.0,1.0,1.0,1,models\classifiers\train_hfagm.py,train_hfagm.py,""ive_path), dtype=torch.float32).to(device) adj_matrix = torch.tensor(np.load(adj_path), dtype=torch.float32).to(device) labels = torch.tensor(pd.read_csv(labels_path).values.squeeze(), dtype=torch.long).to(device) # Model config input_dim = contrastive_emb.shape[1] graph_dim = graph_features.shape[1] hidden_dim = 64 num_classes = len(torch.unique(labels)) batch_size = 16 epochs = 20 # Init model model = HFAGM(input_dim, graph_dim, hidden_dim, num_classes).to(device) opti"",False | C44_DI_REAL_1,4.4,fairness,Real-data disparate impact reported as 1.0,1.0,1.0,1,models\classifiers\train_hfagm.py,train_hfagm.py,""ive_path), dtype=torch.float32).to(device) adj_matrix = torch.tensor(np.load(adj_path), dtype=torch.float32).to(device) labels = torch.tensor(pd.read_csv(labels_path).values.squeeze(), dtype=torch.long).to(device) # Model config input_dim = contrastive_emb.shape[1] graph_dim = graph_features.shape[1] hidden_dim = 64 num_classes = len(torch.unique(labels)) batch_size = 16 epochs = 20 # Init model model = HFAGM(input_dim, graph_dim, hidden_dim, num_classes).to(device) opti"",False | C44_DI_REAL_1,4.4,fairness,Real-data disparate impact reported as 1.0,1.0,1.0,1,models\classifiers\train_hfagm.py,train_hfagm.py,""ce) adj_matrix = torch.tensor(np.load(adj_path), dtype=torch.float32).to(device) labels = torch.tensor(pd.read_csv(labels_path).values.squeeze(), dtype=torch.long).to(device) # Model config input_dim = contrastive_emb.shape[1] graph_dim = graph_features.shape[1] hidden_dim = 64 num_classes = len(torch.unique(labels)) batch_size = 16 epochs = 20 # Init model model = HFAGM(input_dim, graph_dim, hidden_dim, num_classes).to(device) optimizer = torch.optim.Adam(model.paramete"",False"
outputs\revision_audit\claim_evidence_detailed.csv,81,1.0,0,0,"C44_DI_REAL_1,4.4,fairness,Real-data disparate impact reported as 1.0,1.0,1.0,1,models\classifiers\train_hfagm.py,train_hfagm.py,""ive_path), dtype=torch.float32).to(device) adj_matrix = torch.tensor(np.load(adj_path), dtype=torch.float32).to(device) labels = torch.tensor(pd.read_csv(labels_path).values.squeeze(), dtype=torch.long).to(device) # Model config input_dim = contrastive_emb.shape[1] graph_dim = graph_features.shape[1] hidden_dim = 64 num_classes = len(torch.unique(labels)) batch_size = 16 epochs = 20 # Init model model = HFAGM(input_dim, graph_dim, hidden_dim, num_classes).to(device) opti"",False","C44_DI_REAL_1,4.4,fairness,Real-data disparate impact reported as 1.0,1.0,1.0,1,models\classifiers\hfagm_model.py,hfagm_model.py,""# [B, hidden_dim] # === Graph pathway === graph_repr, attn_weights = self.graph_attn(x_graph, adj_matrix) # [B, hidden_dim] # === Combine both and classify === combined = torch.cat([attr_repr, graph_repr], dim=1) # [B, 2*hidden_dim] logits = self.classifier(combined) # [B, num_classes] return logits, attn_weights"",False | C44_DI_REAL_1,4.4,fairness,Real-data disparate impact reported as 1.0,1.0,1.0,1,models\classifiers\hfagm_model.py,hfagm_model.py,""# === Graph pathway === graph_repr, attn_weights = self.graph_attn(x_graph, adj_matrix) # [B, hidden_dim] # === Combine both and classify === combined = torch.cat([attr_repr, graph_repr], dim=1) # [B, 2*hidden_dim] logits = self.classifier(combined) # [B, num_classes] return logits, attn_weights"",False | C44_DI_REAL_1,4.4,fairness,Real-data disparate impact reported as 1.0,1.0,1.0,1,models\classifiers\train_hfagm.py,train_hfagm.py,""ive_path), dtype=torch.float32).to(device) adj_matrix = torch.tensor(np.load(adj_path), dtype=torch.float32).to(device) labels = torch.tensor(pd.read_csv(labels_path).values.squeeze(), dtype=torch.long).to(device) # Model config input_dim = contrastive_emb.shape[1] graph_dim = graph_features.shape[1] hidden_dim = 64 num_classes = len(torch.unique(labels)) batch_size = 16 epochs = 20 # Init model model = HFAGM(input_dim, graph_dim, hidden_dim, num_classes).to(device) opti"",False | C44_DI_REAL_1,4.4,fairness,Real-data disparate impact reported as 1.0,1.0,1.0,1,models\classifiers\train_hfagm.py,train_hfagm.py,""ive_path), dtype=torch.float32).to(device) adj_matrix = torch.tensor(np.load(adj_path), dtype=torch.float32).to(device) labels = torch.tensor(pd.read_csv(labels_path).values.squeeze(), dtype=torch.long).to(device) # Model config input_dim = contrastive_emb.shape[1] graph_dim = graph_features.shape[1] hidden_dim = 64 num_classes = len(torch.unique(labels)) batch_size = 16 epochs = 20 # Init model model = HFAGM(input_dim, graph_dim, hidden_dim, num_classes).to(device) opti"",False | C44_DI_REAL_1,4.4,fairness,Real-data disparate impact reported as 1.0,1.0,1.0,1,models\classifiers\train_hfagm.py,train_hfagm.py,""ce) adj_matrix = torch.tensor(np.load(adj_path), dtype=torch.float32).to(device) labels = torch.tensor(pd.read_csv(labels_path).values.squeeze(), dtype=torch.long).to(device) # Model config input_dim = contrastive_emb.shape[1] graph_dim = graph_features.shape[1] hidden_dim = 64 num_classes = len(torch.unique(labels)) batch_size = 16 epochs = 20 # Init model model = HFAGM(input_dim, graph_dim, hidden_dim, num_classes).to(device) optimizer = torch.optim.Adam(model.paramete"",False"
outputs\revision_audit\claim_evidence_detailed.csv,81,1.0,0,0,"C44_DI_REAL_1,4.4,fairness,Real-data disparate impact reported as 1.0,1.0,1.0,1,models\classifiers\train_hfagm.py,train_hfagm.py,""ive_path), dtype=torch.float32).to(device) adj_matrix = torch.tensor(np.load(adj_path), dtype=torch.float32).to(device) labels = torch.tensor(pd.read_csv(labels_path).values.squeeze(), dtype=torch.long).to(device) # Model config input_dim = contrastive_emb.shape[1] graph_dim = graph_features.shape[1] hidden_dim = 64 num_classes = len(torch.unique(labels)) batch_size = 16 epochs = 20 # Init model model = HFAGM(input_dim, graph_dim, hidden_dim, num_classes).to(device) opti"",False","C44_DI_REAL_1,4.4,fairness,Real-data disparate impact reported as 1.0,1.0,1.0,1,models\classifiers\hfagm_model.py,hfagm_model.py,""# [B, hidden_dim] # === Graph pathway === graph_repr, attn_weights = self.graph_attn(x_graph, adj_matrix) # [B, hidden_dim] # === Combine both and classify === combined = torch.cat([attr_repr, graph_repr], dim=1) # [B, 2*hidden_dim] logits = self.classifier(combined) # [B, num_classes] return logits, attn_weights"",False | C44_DI_REAL_1,4.4,fairness,Real-data disparate impact reported as 1.0,1.0,1.0,1,models\classifiers\hfagm_model.py,hfagm_model.py,""# === Graph pathway === graph_repr, attn_weights = self.graph_attn(x_graph, adj_matrix) # [B, hidden_dim] # === Combine both and classify === combined = torch.cat([attr_repr, graph_repr], dim=1) # [B, 2*hidden_dim] logits = self.classifier(combined) # [B, num_classes] return logits, attn_weights"",False | C44_DI_REAL_1,4.4,fairness,Real-data disparate impact reported as 1.0,1.0,1.0,1,models\classifiers\train_hfagm.py,train_hfagm.py,""ive_path), dtype=torch.float32).to(device) adj_matrix = torch.tensor(np.load(adj_path), dtype=torch.float32).to(device) labels = torch.tensor(pd.read_csv(labels_path).values.squeeze(), dtype=torch.long).to(device) # Model config input_dim = contrastive_emb.shape[1] graph_dim = graph_features.shape[1] hidden_dim = 64 num_classes = len(torch.unique(labels)) batch_size = 16 epochs = 20 # Init model model = HFAGM(input_dim, graph_dim, hidden_dim, num_classes).to(device) opti"",False | C44_DI_REAL_1,4.4,fairness,Real-data disparate impact reported as 1.0,1.0,1.0,1,models\classifiers\train_hfagm.py,train_hfagm.py,""ive_path), dtype=torch.float32).to(device) adj_matrix = torch.tensor(np.load(adj_path), dtype=torch.float32).to(device) labels = torch.tensor(pd.read_csv(labels_path).values.squeeze(), dtype=torch.long).to(device) # Model config input_dim = contrastive_emb.shape[1] graph_dim = graph_features.shape[1] hidden_dim = 64 num_classes = len(torch.unique(labels)) batch_size = 16 epochs = 20 # Init model model = HFAGM(input_dim, graph_dim, hidden_dim, num_classes).to(device) opti"",False | C44_DI_REAL_1,4.4,fairness,Real-data disparate impact reported as 1.0,1.0,1.0,1,models\classifiers\train_hfagm.py,train_hfagm.py,""ce) adj_matrix = torch.tensor(np.load(adj_path), dtype=torch.float32).to(device) labels = torch.tensor(pd.read_csv(labels_path).values.squeeze(), dtype=torch.long).to(device) # Model config input_dim = contrastive_emb.shape[1] graph_dim = graph_features.shape[1] hidden_dim = 64 num_classes = len(torch.unique(labels)) batch_size = 16 epochs = 20 # Init model model = HFAGM(input_dim, graph_dim, hidden_dim, num_classes).to(device) optimizer = torch.optim.Adam(model.paramete"",False"
outputs\revision_audit\claim_evidence_detailed.csv,81,1.0,0,0,"C44_DI_REAL_1,4.4,fairness,Real-data disparate impact reported as 1.0,1.0,1.0,1,models\classifiers\train_hfagm.py,train_hfagm.py,""ive_path), dtype=torch.float32).to(device) adj_matrix = torch.tensor(np.load(adj_path), dtype=torch.float32).to(device) labels = torch.tensor(pd.read_csv(labels_path).values.squeeze(), dtype=torch.long).to(device) # Model config input_dim = contrastive_emb.shape[1] graph_dim = graph_features.shape[1] hidden_dim = 64 num_classes = len(torch.unique(labels)) batch_size = 16 epochs = 20 # Init model model = HFAGM(input_dim, graph_dim, hidden_dim, num_classes).to(device) opti"",False","C44_DI_REAL_1,4.4,fairness,Real-data disparate impact reported as 1.0,1.0,1.0,1,models\classifiers\hfagm_model.py,hfagm_model.py,""# [B, hidden_dim] # === Graph pathway === graph_repr, attn_weights = self.graph_attn(x_graph, adj_matrix) # [B, hidden_dim] # === Combine both and classify === combined = torch.cat([attr_repr, graph_repr], dim=1) # [B, 2*hidden_dim] logits = self.classifier(combined) # [B, num_classes] return logits, attn_weights"",False | C44_DI_REAL_1,4.4,fairness,Real-data disparate impact reported as 1.0,1.0,1.0,1,models\classifiers\hfagm_model.py,hfagm_model.py,""# === Graph pathway === graph_repr, attn_weights = self.graph_attn(x_graph, adj_matrix) # [B, hidden_dim] # === Combine both and classify === combined = torch.cat([attr_repr, graph_repr], dim=1) # [B, 2*hidden_dim] logits = self.classifier(combined) # [B, num_classes] return logits, attn_weights"",False | C44_DI_REAL_1,4.4,fairness,Real-data disparate impact reported as 1.0,1.0,1.0,1,models\classifiers\train_hfagm.py,train_hfagm.py,""ive_path), dtype=torch.float32).to(device) adj_matrix = torch.tensor(np.load(adj_path), dtype=torch.float32).to(device) labels = torch.tensor(pd.read_csv(labels_path).values.squeeze(), dtype=torch.long).to(device) # Model config input_dim = contrastive_emb.shape[1] graph_dim = graph_features.shape[1] hidden_dim = 64 num_classes = len(torch.unique(labels)) batch_size = 16 epochs = 20 # Init model model = HFAGM(input_dim, graph_dim, hidden_dim, num_classes).to(device) opti"",False | C44_DI_REAL_1,4.4,fairness,Real-data disparate impact reported as 1.0,1.0,1.0,1,models\classifiers\train_hfagm.py,train_hfagm.py,""ive_path), dtype=torch.float32).to(device) adj_matrix = torch.tensor(np.load(adj_path), dtype=torch.float32).to(device) labels = torch.tensor(pd.read_csv(labels_path).values.squeeze(), dtype=torch.long).to(device) # Model config input_dim = contrastive_emb.shape[1] graph_dim = graph_features.shape[1] hidden_dim = 64 num_classes = len(torch.unique(labels)) batch_size = 16 epochs = 20 # Init model model = HFAGM(input_dim, graph_dim, hidden_dim, num_classes).to(device) opti"",False | C44_DI_REAL_1,4.4,fairness,Real-data disparate impact reported as 1.0,1.0,1.0,1,models\classifiers\train_hfagm.py,train_hfagm.py,""ce) adj_matrix = torch.tensor(np.load(adj_path), dtype=torch.float32).to(device) labels = torch.tensor(pd.read_csv(labels_path).values.squeeze(), dtype=torch.long).to(device) # Model config input_dim = contrastive_emb.shape[1] graph_dim = graph_features.shape[1] hidden_dim = 64 num_classes = len(torch.unique(labels)) batch_size = 16 epochs = 20 # Init model model = HFAGM(input_dim, graph_dim, hidden_dim, num_classes).to(device) optimizer = torch.optim.Adam(model.paramete"",False"
outputs\revision_audit\claim_evidence_detailed.csv,81,1.0,0,0,"C44_DI_REAL_1,4.4,fairness,Real-data disparate impact reported as 1.0,1.0,1.0,1,models\classifiers\train_hfagm.py,train_hfagm.py,""ive_path), dtype=torch.float32).to(device) adj_matrix = torch.tensor(np.load(adj_path), dtype=torch.float32).to(device) labels = torch.tensor(pd.read_csv(labels_path).values.squeeze(), dtype=torch.long).to(device) # Model config input_dim = contrastive_emb.shape[1] graph_dim = graph_features.shape[1] hidden_dim = 64 num_classes = len(torch.unique(labels)) batch_size = 16 epochs = 20 # Init model model = HFAGM(input_dim, graph_dim, hidden_dim, num_classes).to(device) opti"",False","C44_DI_REAL_1,4.4,fairness,Real-data disparate impact reported as 1.0,1.0,1.0,1,models\classifiers\hfagm_model.py,hfagm_model.py,""# [B, hidden_dim] # === Graph pathway === graph_repr, attn_weights = self.graph_attn(x_graph, adj_matrix) # [B, hidden_dim] # === Combine both and classify === combined = torch.cat([attr_repr, graph_repr], dim=1) # [B, 2*hidden_dim] logits = self.classifier(combined) # [B, num_classes] return logits, attn_weights"",False | C44_DI_REAL_1,4.4,fairness,Real-data disparate impact reported as 1.0,1.0,1.0,1,models\classifiers\hfagm_model.py,hfagm_model.py,""# === Graph pathway === graph_repr, attn_weights = self.graph_attn(x_graph, adj_matrix) # [B, hidden_dim] # === Combine both and classify === combined = torch.cat([attr_repr, graph_repr], dim=1) # [B, 2*hidden_dim] logits = self.classifier(combined) # [B, num_classes] return logits, attn_weights"",False | C44_DI_REAL_1,4.4,fairness,Real-data disparate impact reported as 1.0,1.0,1.0,1,models\classifiers\train_hfagm.py,train_hfagm.py,""ive_path), dtype=torch.float32).to(device) adj_matrix = torch.tensor(np.load(adj_path), dtype=torch.float32).to(device) labels = torch.tensor(pd.read_csv(labels_path).values.squeeze(), dtype=torch.long).to(device) # Model config input_dim = contrastive_emb.shape[1] graph_dim = graph_features.shape[1] hidden_dim = 64 num_classes = len(torch.unique(labels)) batch_size = 16 epochs = 20 # Init model model = HFAGM(input_dim, graph_dim, hidden_dim, num_classes).to(device) opti"",False | C44_DI_REAL_1,4.4,fairness,Real-data disparate impact reported as 1.0,1.0,1.0,1,models\classifiers\train_hfagm.py,train_hfagm.py,""ive_path), dtype=torch.float32).to(device) adj_matrix = torch.tensor(np.load(adj_path), dtype=torch.float32).to(device) labels = torch.tensor(pd.read_csv(labels_path).values.squeeze(), dtype=torch.long).to(device) # Model config input_dim = contrastive_emb.shape[1] graph_dim = graph_features.shape[1] hidden_dim = 64 num_classes = len(torch.unique(labels)) batch_size = 16 epochs = 20 # Init model model = HFAGM(input_dim, graph_dim, hidden_dim, num_classes).to(device) opti"",False | C44_DI_REAL_1,4.4,fairness,Real-data disparate impact reported as 1.0,1.0,1.0,1,models\classifiers\train_hfagm.py,train_hfagm.py,""ce) adj_matrix = torch.tensor(np.load(adj_path), dtype=torch.float32).to(device) labels = torch.tensor(pd.read_csv(labels_path).values.squeeze(), dtype=torch.long).to(device) # Model config input_dim = contrastive_emb.shape[1] graph_dim = graph_features.shape[1] hidden_dim = 64 num_classes = len(torch.unique(labels)) batch_size = 16 epochs = 20 # Init model model = HFAGM(input_dim, graph_dim, hidden_dim, num_classes).to(device) optimizer = torch.optim.Adam(model.paramete"",False"
outputs\revision_audit\claim_evidence_detailed.csv,81,1.0,0,0,"C44_DI_REAL_1,4.4,fairness,Real-data disparate impact reported as 1.0,1.0,1.0,1,models\classifiers\train_hfagm.py,train_hfagm.py,""ive_path), dtype=torch.float32).to(device) adj_matrix = torch.tensor(np.load(adj_path), dtype=torch.float32).to(device) labels = torch.tensor(pd.read_csv(labels_path).values.squeeze(), dtype=torch.long).to(device) # Model config input_dim = contrastive_emb.shape[1] graph_dim = graph_features.shape[1] hidden_dim = 64 num_classes = len(torch.unique(labels)) batch_size = 16 epochs = 20 # Init model model = HFAGM(input_dim, graph_dim, hidden_dim, num_classes).to(device) opti"",False","C44_DI_REAL_1,4.4,fairness,Real-data disparate impact reported as 1.0,1.0,1.0,1,models\classifiers\hfagm_model.py,hfagm_model.py,""# [B, hidden_dim] # === Graph pathway === graph_repr, attn_weights = self.graph_attn(x_graph, adj_matrix) # [B, hidden_dim] # === Combine both and classify === combined = torch.cat([attr_repr, graph_repr], dim=1) # [B, 2*hidden_dim] logits = self.classifier(combined) # [B, num_classes] return logits, attn_weights"",False | C44_DI_REAL_1,4.4,fairness,Real-data disparate impact reported as 1.0,1.0,1.0,1,models\classifiers\hfagm_model.py,hfagm_model.py,""# === Graph pathway === graph_repr, attn_weights = self.graph_attn(x_graph, adj_matrix) # [B, hidden_dim] # === Combine both and classify === combined = torch.cat([attr_repr, graph_repr], dim=1) # [B, 2*hidden_dim] logits = self.classifier(combined) # [B, num_classes] return logits, attn_weights"",False | C44_DI_REAL_1,4.4,fairness,Real-data disparate impact reported as 1.0,1.0,1.0,1,models\classifiers\train_hfagm.py,train_hfagm.py,""ive_path), dtype=torch.float32).to(device) adj_matrix = torch.tensor(np.load(adj_path), dtype=torch.float32).to(device) labels = torch.tensor(pd.read_csv(labels_path).values.squeeze(), dtype=torch.long).to(device) # Model config input_dim = contrastive_emb.shape[1] graph_dim = graph_features.shape[1] hidden_dim = 64 num_classes = len(torch.unique(labels)) batch_size = 16 epochs = 20 # Init model model = HFAGM(input_dim, graph_dim, hidden_dim, num_classes).to(device) opti"",False | C44_DI_REAL_1,4.4,fairness,Real-data disparate impact reported as 1.0,1.0,1.0,1,models\classifiers\train_hfagm.py,train_hfagm.py,""ive_path), dtype=torch.float32).to(device) adj_matrix = torch.tensor(np.load(adj_path), dtype=torch.float32).to(device) labels = torch.tensor(pd.read_csv(labels_path).values.squeeze(), dtype=torch.long).to(device) # Model config input_dim = contrastive_emb.shape[1] graph_dim = graph_features.shape[1] hidden_dim = 64 num_classes = len(torch.unique(labels)) batch_size = 16 epochs = 20 # Init model model = HFAGM(input_dim, graph_dim, hidden_dim, num_classes).to(device) opti"",False | C44_DI_REAL_1,4.4,fairness,Real-data disparate impact reported as 1.0,1.0,1.0,1,models\classifiers\train_hfagm.py,train_hfagm.py,""ce) adj_matrix = torch.tensor(np.load(adj_path), dtype=torch.float32).to(device) labels = torch.tensor(pd.read_csv(labels_path).values.squeeze(), dtype=torch.long).to(device) # Model config input_dim = contrastive_emb.shape[1] graph_dim = graph_features.shape[1] hidden_dim = 64 num_classes = len(torch.unique(labels)) batch_size = 16 epochs = 20 # Init model model = HFAGM(input_dim, graph_dim, hidden_dim, num_classes).to(device) optimizer = torch.optim.Adam(model.paramete"",False"
outputs\revision_audit\claim_evidence_detailed.csv,81,64.0,0,0,"C44_DI_REAL_1,4.4,fairness,Real-data disparate impact reported as 1.0,1.0,1.0,1,models\classifiers\train_hfagm.py,train_hfagm.py,""ive_path), dtype=torch.float32).to(device) adj_matrix = torch.tensor(np.load(adj_path), dtype=torch.float32).to(device) labels = torch.tensor(pd.read_csv(labels_path).values.squeeze(), dtype=torch.long).to(device) # Model config input_dim = contrastive_emb.shape[1] graph_dim = graph_features.shape[1] hidden_dim = 64 num_classes = len(torch.unique(labels)) batch_size = 16 epochs = 20 # Init model model = HFAGM(input_dim, graph_dim, hidden_dim, num_classes).to(device) opti"",False","C44_DI_REAL_1,4.4,fairness,Real-data disparate impact reported as 1.0,1.0,1.0,1,models\classifiers\hfagm_model.py,hfagm_model.py,""# [B, hidden_dim] # === Graph pathway === graph_repr, attn_weights = self.graph_attn(x_graph, adj_matrix) # [B, hidden_dim] # === Combine both and classify === combined = torch.cat([attr_repr, graph_repr], dim=1) # [B, 2*hidden_dim] logits = self.classifier(combined) # [B, num_classes] return logits, attn_weights"",False | C44_DI_REAL_1,4.4,fairness,Real-data disparate impact reported as 1.0,1.0,1.0,1,models\classifiers\hfagm_model.py,hfagm_model.py,""# === Graph pathway === graph_repr, attn_weights = self.graph_attn(x_graph, adj_matrix) # [B, hidden_dim] # === Combine both and classify === combined = torch.cat([attr_repr, graph_repr], dim=1) # [B, 2*hidden_dim] logits = self.classifier(combined) # [B, num_classes] return logits, attn_weights"",False | C44_DI_REAL_1,4.4,fairness,Real-data disparate impact reported as 1.0,1.0,1.0,1,models\classifiers\train_hfagm.py,train_hfagm.py,""ive_path), dtype=torch.float32).to(device) adj_matrix = torch.tensor(np.load(adj_path), dtype=torch.float32).to(device) labels = torch.tensor(pd.read_csv(labels_path).values.squeeze(), dtype=torch.long).to(device) # Model config input_dim = contrastive_emb.shape[1] graph_dim = graph_features.shape[1] hidden_dim = 64 num_classes = len(torch.unique(labels)) batch_size = 16 epochs = 20 # Init model model = HFAGM(input_dim, graph_dim, hidden_dim, num_classes).to(device) opti"",False | C44_DI_REAL_1,4.4,fairness,Real-data disparate impact reported as 1.0,1.0,1.0,1,models\classifiers\train_hfagm.py,train_hfagm.py,""ive_path), dtype=torch.float32).to(device) adj_matrix = torch.tensor(np.load(adj_path), dtype=torch.float32).to(device) labels = torch.tensor(pd.read_csv(labels_path).values.squeeze(), dtype=torch.long).to(device) # Model config input_dim = contrastive_emb.shape[1] graph_dim = graph_features.shape[1] hidden_dim = 64 num_classes = len(torch.unique(labels)) batch_size = 16 epochs = 20 # Init model model = HFAGM(input_dim, graph_dim, hidden_dim, num_classes).to(device) opti"",False | C44_DI_REAL_1,4.4,fairness,Real-data disparate impact reported as 1.0,1.0,1.0,1,models\classifiers\train_hfagm.py,train_hfagm.py,""ce) adj_matrix = torch.tensor(np.load(adj_path), dtype=torch.float32).to(device) labels = torch.tensor(pd.read_csv(labels_path).values.squeeze(), dtype=torch.long).to(device) # Model config input_dim = contrastive_emb.shape[1] graph_dim = graph_features.shape[1] hidden_dim = 64 num_classes = len(torch.unique(labels)) batch_size = 16 epochs = 20 # Init model model = HFAGM(input_dim, graph_dim, hidden_dim, num_classes).to(device) optimizer = torch.optim.Adam(model.paramete"",False"
outputs\revision_audit\claim_evidence_detailed.csv,81,16.0,0,0,"C44_DI_REAL_1,4.4,fairness,Real-data disparate impact reported as 1.0,1.0,1.0,1,models\classifiers\train_hfagm.py,train_hfagm.py,""ive_path), dtype=torch.float32).to(device) adj_matrix = torch.tensor(np.load(adj_path), dtype=torch.float32).to(device) labels = torch.tensor(pd.read_csv(labels_path).values.squeeze(), dtype=torch.long).to(device) # Model config input_dim = contrastive_emb.shape[1] graph_dim = graph_features.shape[1] hidden_dim = 64 num_classes = len(torch.unique(labels)) batch_size = 16 epochs = 20 # Init model model = HFAGM(input_dim, graph_dim, hidden_dim, num_classes).to(device) opti"",False","C44_DI_REAL_1,4.4,fairness,Real-data disparate impact reported as 1.0,1.0,1.0,1,models\classifiers\hfagm_model.py,hfagm_model.py,""# [B, hidden_dim] # === Graph pathway === graph_repr, attn_weights = self.graph_attn(x_graph, adj_matrix) # [B, hidden_dim] # === Combine both and classify === combined = torch.cat([attr_repr, graph_repr], dim=1) # [B, 2*hidden_dim] logits = self.classifier(combined) # [B, num_classes] return logits, attn_weights"",False | C44_DI_REAL_1,4.4,fairness,Real-data disparate impact reported as 1.0,1.0,1.0,1,models\classifiers\hfagm_model.py,hfagm_model.py,""# === Graph pathway === graph_repr, attn_weights = self.graph_attn(x_graph, adj_matrix) # [B, hidden_dim] # === Combine both and classify === combined = torch.cat([attr_repr, graph_repr], dim=1) # [B, 2*hidden_dim] logits = self.classifier(combined) # [B, num_classes] return logits, attn_weights"",False | C44_DI_REAL_1,4.4,fairness,Real-data disparate impact reported as 1.0,1.0,1.0,1,models\classifiers\train_hfagm.py,train_hfagm.py,""ive_path), dtype=torch.float32).to(device) adj_matrix = torch.tensor(np.load(adj_path), dtype=torch.float32).to(device) labels = torch.tensor(pd.read_csv(labels_path).values.squeeze(), dtype=torch.long).to(device) # Model config input_dim = contrastive_emb.shape[1] graph_dim = graph_features.shape[1] hidden_dim = 64 num_classes = len(torch.unique(labels)) batch_size = 16 epochs = 20 # Init model model = HFAGM(input_dim, graph_dim, hidden_dim, num_classes).to(device) opti"",False | C44_DI_REAL_1,4.4,fairness,Real-data disparate impact reported as 1.0,1.0,1.0,1,models\classifiers\train_hfagm.py,train_hfagm.py,""ive_path), dtype=torch.float32).to(device) adj_matrix = torch.tensor(np.load(adj_path), dtype=torch.float32).to(device) labels = torch.tensor(pd.read_csv(labels_path).values.squeeze(), dtype=torch.long).to(device) # Model config input_dim = contrastive_emb.shape[1] graph_dim = graph_features.shape[1] hidden_dim = 64 num_classes = len(torch.unique(labels)) batch_size = 16 epochs = 20 # Init model model = HFAGM(input_dim, graph_dim, hidden_dim, num_classes).to(device) opti"",False | C44_DI_REAL_1,4.4,fairness,Real-data disparate impact reported as 1.0,1.0,1.0,1,models\classifiers\train_hfagm.py,train_hfagm.py,""ce) adj_matrix = torch.tensor(np.load(adj_path), dtype=torch.float32).to(device) labels = torch.tensor(pd.read_csv(labels_path).values.squeeze(), dtype=torch.long).to(device) # Model config input_dim = contrastive_emb.shape[1] graph_dim = graph_features.shape[1] hidden_dim = 64 num_classes = len(torch.unique(labels)) batch_size = 16 epochs = 20 # Init model model = HFAGM(input_dim, graph_dim, hidden_dim, num_classes).to(device) optimizer = torch.optim.Adam(model.paramete"",False"
outputs\revision_audit\claim_evidence_detailed.csv,81,20.0,0,0,"C44_DI_REAL_1,4.4,fairness,Real-data disparate impact reported as 1.0,1.0,1.0,1,models\classifiers\train_hfagm.py,train_hfagm.py,""ive_path), dtype=torch.float32).to(device) adj_matrix = torch.tensor(np.load(adj_path), dtype=torch.float32).to(device) labels = torch.tensor(pd.read_csv(labels_path).values.squeeze(), dtype=torch.long).to(device) # Model config input_dim = contrastive_emb.shape[1] graph_dim = graph_features.shape[1] hidden_dim = 64 num_classes = len(torch.unique(labels)) batch_size = 16 epochs = 20 # Init model model = HFAGM(input_dim, graph_dim, hidden_dim, num_classes).to(device) opti"",False","C44_DI_REAL_1,4.4,fairness,Real-data disparate impact reported as 1.0,1.0,1.0,1,models\classifiers\hfagm_model.py,hfagm_model.py,""# [B, hidden_dim] # === Graph pathway === graph_repr, attn_weights = self.graph_attn(x_graph, adj_matrix) # [B, hidden_dim] # === Combine both and classify === combined = torch.cat([attr_repr, graph_repr], dim=1) # [B, 2*hidden_dim] logits = self.classifier(combined) # [B, num_classes] return logits, attn_weights"",False | C44_DI_REAL_1,4.4,fairness,Real-data disparate impact reported as 1.0,1.0,1.0,1,models\classifiers\hfagm_model.py,hfagm_model.py,""# === Graph pathway === graph_repr, attn_weights = self.graph_attn(x_graph, adj_matrix) # [B, hidden_dim] # === Combine both and classify === combined = torch.cat([attr_repr, graph_repr], dim=1) # [B, 2*hidden_dim] logits = self.classifier(combined) # [B, num_classes] return logits, attn_weights"",False | C44_DI_REAL_1,4.4,fairness,Real-data disparate impact reported as 1.0,1.0,1.0,1,models\classifiers\train_hfagm.py,train_hfagm.py,""ive_path), dtype=torch.float32).to(device) adj_matrix = torch.tensor(np.load(adj_path), dtype=torch.float32).to(device) labels = torch.tensor(pd.read_csv(labels_path).values.squeeze(), dtype=torch.long).to(device) # Model config input_dim = contrastive_emb.shape[1] graph_dim = graph_features.shape[1] hidden_dim = 64 num_classes = len(torch.unique(labels)) batch_size = 16 epochs = 20 # Init model model = HFAGM(input_dim, graph_dim, hidden_dim, num_classes).to(device) opti"",False | C44_DI_REAL_1,4.4,fairness,Real-data disparate impact reported as 1.0,1.0,1.0,1,models\classifiers\train_hfagm.py,train_hfagm.py,""ive_path), dtype=torch.float32).to(device) adj_matrix = torch.tensor(np.load(adj_path), dtype=torch.float32).to(device) labels = torch.tensor(pd.read_csv(labels_path).values.squeeze(), dtype=torch.long).to(device) # Model config input_dim = contrastive_emb.shape[1] graph_dim = graph_features.shape[1] hidden_dim = 64 num_classes = len(torch.unique(labels)) batch_size = 16 epochs = 20 # Init model model = HFAGM(input_dim, graph_dim, hidden_dim, num_classes).to(device) opti"",False | C44_DI_REAL_1,4.4,fairness,Real-data disparate impact reported as 1.0,1.0,1.0,1,models\classifiers\train_hfagm.py,train_hfagm.py,""ce) adj_matrix = torch.tensor(np.load(adj_path), dtype=torch.float32).to(device) labels = torch.tensor(pd.read_csv(labels_path).values.squeeze(), dtype=torch.long).to(device) # Model config input_dim = contrastive_emb.shape[1] graph_dim = graph_features.shape[1] hidden_dim = 64 num_classes = len(torch.unique(labels)) batch_size = 16 epochs = 20 # Init model model = HFAGM(input_dim, graph_dim, hidden_dim, num_classes).to(device) optimizer = torch.optim.Adam(model.paramete"",False"
outputs\revision_audit\claim_evidence_detailed.csv,82,4.4,0,0,"C44_DI_REAL_1,4.4,fairness,Real-data disparate impact reported as 1.0,1.0,1.0,1,models\classifiers\train_hfagm.py,train_hfagm.py,""ive_path), dtype=torch.float32).to(device) adj_matrix = torch.tensor(np.load(adj_path), dtype=torch.float32).to(device) labels = torch.tensor(pd.read_csv(labels_path).values.squeeze(), dtype=torch.long).to(device) # Model config input_dim = contrastive_emb.shape[1] graph_dim = graph_features.shape[1] hidden_dim = 64 num_classes = len(torch.unique(labels)) batch_size = 16 epochs = 20 # Init model model = HFAGM(input_dim, graph_dim, hidden_dim, num_classes).to(device) opti"",False","C44_DI_REAL_1,4.4,fairness,Real-data disparate impact reported as 1.0,1.0,1.0,1,models\classifiers\hfagm_model.py,hfagm_model.py,""# === Graph pathway === graph_repr, attn_weights = self.graph_attn(x_graph, adj_matrix) # [B, hidden_dim] # === Combine both and classify === combined = torch.cat([attr_repr, graph_repr], dim=1) # [B, 2*hidden_dim] logits = self.classifier(combined) # [B, num_classes] return logits, attn_weights"",False | C44_DI_REAL_1,4.4,fairness,Real-data disparate impact reported as 1.0,1.0,1.0,1,models\classifiers\train_hfagm.py,train_hfagm.py,""ive_path), dtype=torch.float32).to(device) adj_matrix = torch.tensor(np.load(adj_path), dtype=torch.float32).to(device) labels = torch.tensor(pd.read_csv(labels_path).values.squeeze(), dtype=torch.long).to(device) # Model config input_dim = contrastive_emb.shape[1] graph_dim = graph_features.shape[1] hidden_dim = 64 num_classes = len(torch.unique(labels)) batch_size = 16 epochs = 20 # Init model model = HFAGM(input_dim, graph_dim, hidden_dim, num_classes).to(device) opti"",False | C44_DI_REAL_1,4.4,fairness,Real-data disparate impact reported as 1.0,1.0,1.0,1,models\classifiers\train_hfagm.py,train_hfagm.py,""ive_path), dtype=torch.float32).to(device) adj_matrix = torch.tensor(np.load(adj_path), dtype=torch.float32).to(device) labels = torch.tensor(pd.read_csv(labels_path).values.squeeze(), dtype=torch.long).to(device) # Model config input_dim = contrastive_emb.shape[1] graph_dim = graph_features.shape[1] hidden_dim = 64 num_classes = len(torch.unique(labels)) batch_size = 16 epochs = 20 # Init model model = HFAGM(input_dim, graph_dim, hidden_dim, num_classes).to(device) opti"",False | C44_DI_REAL_1,4.4,fairness,Real-data disparate impact reported as 1.0,1.0,1.0,1,models\classifiers\train_hfagm.py,train_hfagm.py,""ce) adj_matrix = torch.tensor(np.load(adj_path), dtype=torch.float32).to(device) labels = torch.tensor(pd.read_csv(labels_path).values.squeeze(), dtype=torch.long).to(device) # Model config input_dim = contrastive_emb.shape[1] graph_dim = graph_features.shape[1] hidden_dim = 64 num_classes = len(torch.unique(labels)) batch_size = 16 epochs = 20 # Init model model = HFAGM(input_dim, graph_dim, hidden_dim, num_classes).to(device) optimizer = torch.optim.Adam(model.paramete"",False | C44_DI_REAL_1,4.4,fairness,Real-data disparate impact reported as 1.0,1.0,1.0,1,models\classifiers\train_hfagm.py,train_hfagm.py,""ce) adj_matrix = torch.tensor(np.load(adj_path), dtype=torch.float32).to(device) labels = torch.tensor(pd.read_csv(labels_path).values.squeeze(), dtype=torch.long).to(device) # Model config input_dim = contrastive_emb.shape[1] graph_dim = graph_features.shape[1] hidden_dim = 64 num_classes = len(torch.unique(labels)) batch_size = 16 epochs = 20 # Init model model = HFAGM(input_dim, graph_dim, hidden_dim, num_classes).to(device) optimizer = torch.optim.Adam(model.paramete"",False"
outputs\revision_audit\claim_evidence_detailed.csv,82,1.0,0,0,"C44_DI_REAL_1,4.4,fairness,Real-data disparate impact reported as 1.0,1.0,1.0,1,models\classifiers\train_hfagm.py,train_hfagm.py,""ive_path), dtype=torch.float32).to(device) adj_matrix = torch.tensor(np.load(adj_path), dtype=torch.float32).to(device) labels = torch.tensor(pd.read_csv(labels_path).values.squeeze(), dtype=torch.long).to(device) # Model config input_dim = contrastive_emb.shape[1] graph_dim = graph_features.shape[1] hidden_dim = 64 num_classes = len(torch.unique(labels)) batch_size = 16 epochs = 20 # Init model model = HFAGM(input_dim, graph_dim, hidden_dim, num_classes).to(device) opti"",False","C44_DI_REAL_1,4.4,fairness,Real-data disparate impact reported as 1.0,1.0,1.0,1,models\classifiers\hfagm_model.py,hfagm_model.py,""# === Graph pathway === graph_repr, attn_weights = self.graph_attn(x_graph, adj_matrix) # [B, hidden_dim] # === Combine both and classify === combined = torch.cat([attr_repr, graph_repr], dim=1) # [B, 2*hidden_dim] logits = self.classifier(combined) # [B, num_classes] return logits, attn_weights"",False | C44_DI_REAL_1,4.4,fairness,Real-data disparate impact reported as 1.0,1.0,1.0,1,models\classifiers\train_hfagm.py,train_hfagm.py,""ive_path), dtype=torch.float32).to(device) adj_matrix = torch.tensor(np.load(adj_path), dtype=torch.float32).to(device) labels = torch.tensor(pd.read_csv(labels_path).values.squeeze(), dtype=torch.long).to(device) # Model config input_dim = contrastive_emb.shape[1] graph_dim = graph_features.shape[1] hidden_dim = 64 num_classes = len(torch.unique(labels)) batch_size = 16 epochs = 20 # Init model model = HFAGM(input_dim, graph_dim, hidden_dim, num_classes).to(device) opti"",False | C44_DI_REAL_1,4.4,fairness,Real-data disparate impact reported as 1.0,1.0,1.0,1,models\classifiers\train_hfagm.py,train_hfagm.py,""ive_path), dtype=torch.float32).to(device) adj_matrix = torch.tensor(np.load(adj_path), dtype=torch.float32).to(device) labels = torch.tensor(pd.read_csv(labels_path).values.squeeze(), dtype=torch.long).to(device) # Model config input_dim = contrastive_emb.shape[1] graph_dim = graph_features.shape[1] hidden_dim = 64 num_classes = len(torch.unique(labels)) batch_size = 16 epochs = 20 # Init model model = HFAGM(input_dim, graph_dim, hidden_dim, num_classes).to(device) opti"",False | C44_DI_REAL_1,4.4,fairness,Real-data disparate impact reported as 1.0,1.0,1.0,1,models\classifiers\train_hfagm.py,train_hfagm.py,""ce) adj_matrix = torch.tensor(np.load(adj_path), dtype=torch.float32).to(device) labels = torch.tensor(pd.read_csv(labels_path).values.squeeze(), dtype=torch.long).to(device) # Model config input_dim = contrastive_emb.shape[1] graph_dim = graph_features.shape[1] hidden_dim = 64 num_classes = len(torch.unique(labels)) batch_size = 16 epochs = 20 # Init model model = HFAGM(input_dim, graph_dim, hidden_dim, num_classes).to(device) optimizer = torch.optim.Adam(model.paramete"",False | C44_DI_REAL_1,4.4,fairness,Real-data disparate impact reported as 1.0,1.0,1.0,1,models\classifiers\train_hfagm.py,train_hfagm.py,""ce) adj_matrix = torch.tensor(np.load(adj_path), dtype=torch.float32).to(device) labels = torch.tensor(pd.read_csv(labels_path).values.squeeze(), dtype=torch.long).to(device) # Model config input_dim = contrastive_emb.shape[1] graph_dim = graph_features.shape[1] hidden_dim = 64 num_classes = len(torch.unique(labels)) batch_size = 16 epochs = 20 # Init model model = HFAGM(input_dim, graph_dim, hidden_dim, num_classes).to(device) optimizer = torch.optim.Adam(model.paramete"",False"
outputs\revision_audit\claim_evidence_detailed.csv,82,1.0,0,0,"C44_DI_REAL_1,4.4,fairness,Real-data disparate impact reported as 1.0,1.0,1.0,1,models\classifiers\train_hfagm.py,train_hfagm.py,""ive_path), dtype=torch.float32).to(device) adj_matrix = torch.tensor(np.load(adj_path), dtype=torch.float32).to(device) labels = torch.tensor(pd.read_csv(labels_path).values.squeeze(), dtype=torch.long).to(device) # Model config input_dim = contrastive_emb.shape[1] graph_dim = graph_features.shape[1] hidden_dim = 64 num_classes = len(torch.unique(labels)) batch_size = 16 epochs = 20 # Init model model = HFAGM(input_dim, graph_dim, hidden_dim, num_classes).to(device) opti"",False","C44_DI_REAL_1,4.4,fairness,Real-data disparate impact reported as 1.0,1.0,1.0,1,models\classifiers\hfagm_model.py,hfagm_model.py,""# === Graph pathway === graph_repr, attn_weights = self.graph_attn(x_graph, adj_matrix) # [B, hidden_dim] # === Combine both and classify === combined = torch.cat([attr_repr, graph_repr], dim=1) # [B, 2*hidden_dim] logits = self.classifier(combined) # [B, num_classes] return logits, attn_weights"",False | C44_DI_REAL_1,4.4,fairness,Real-data disparate impact reported as 1.0,1.0,1.0,1,models\classifiers\train_hfagm.py,train_hfagm.py,""ive_path), dtype=torch.float32).to(device) adj_matrix = torch.tensor(np.load(adj_path), dtype=torch.float32).to(device) labels = torch.tensor(pd.read_csv(labels_path).values.squeeze(), dtype=torch.long).to(device) # Model config input_dim = contrastive_emb.shape[1] graph_dim = graph_features.shape[1] hidden_dim = 64 num_classes = len(torch.unique(labels)) batch_size = 16 epochs = 20 # Init model model = HFAGM(input_dim, graph_dim, hidden_dim, num_classes).to(device) opti"",False | C44_DI_REAL_1,4.4,fairness,Real-data disparate impact reported as 1.0,1.0,1.0,1,models\classifiers\train_hfagm.py,train_hfagm.py,""ive_path), dtype=torch.float32).to(device) adj_matrix = torch.tensor(np.load(adj_path), dtype=torch.float32).to(device) labels = torch.tensor(pd.read_csv(labels_path).values.squeeze(), dtype=torch.long).to(device) # Model config input_dim = contrastive_emb.shape[1] graph_dim = graph_features.shape[1] hidden_dim = 64 num_classes = len(torch.unique(labels)) batch_size = 16 epochs = 20 # Init model model = HFAGM(input_dim, graph_dim, hidden_dim, num_classes).to(device) opti"",False | C44_DI_REAL_1,4.4,fairness,Real-data disparate impact reported as 1.0,1.0,1.0,1,models\classifiers\train_hfagm.py,train_hfagm.py,""ce) adj_matrix = torch.tensor(np.load(adj_path), dtype=torch.float32).to(device) labels = torch.tensor(pd.read_csv(labels_path).values.squeeze(), dtype=torch.long).to(device) # Model config input_dim = contrastive_emb.shape[1] graph_dim = graph_features.shape[1] hidden_dim = 64 num_classes = len(torch.unique(labels)) batch_size = 16 epochs = 20 # Init model model = HFAGM(input_dim, graph_dim, hidden_dim, num_classes).to(device) optimizer = torch.optim.Adam(model.paramete"",False | C44_DI_REAL_1,4.4,fairness,Real-data disparate impact reported as 1.0,1.0,1.0,1,models\classifiers\train_hfagm.py,train_hfagm.py,""ce) adj_matrix = torch.tensor(np.load(adj_path), dtype=torch.float32).to(device) labels = torch.tensor(pd.read_csv(labels_path).values.squeeze(), dtype=torch.long).to(device) # Model config input_dim = contrastive_emb.shape[1] graph_dim = graph_features.shape[1] hidden_dim = 64 num_classes = len(torch.unique(labels)) batch_size = 16 epochs = 20 # Init model model = HFAGM(input_dim, graph_dim, hidden_dim, num_classes).to(device) optimizer = torch.optim.Adam(model.paramete"",False"
outputs\revision_audit\claim_evidence_detailed.csv,82,1.0,0,0,"C44_DI_REAL_1,4.4,fairness,Real-data disparate impact reported as 1.0,1.0,1.0,1,models\classifiers\train_hfagm.py,train_hfagm.py,""ive_path), dtype=torch.float32).to(device) adj_matrix = torch.tensor(np.load(adj_path), dtype=torch.float32).to(device) labels = torch.tensor(pd.read_csv(labels_path).values.squeeze(), dtype=torch.long).to(device) # Model config input_dim = contrastive_emb.shape[1] graph_dim = graph_features.shape[1] hidden_dim = 64 num_classes = len(torch.unique(labels)) batch_size = 16 epochs = 20 # Init model model = HFAGM(input_dim, graph_dim, hidden_dim, num_classes).to(device) opti"",False","C44_DI_REAL_1,4.4,fairness,Real-data disparate impact reported as 1.0,1.0,1.0,1,models\classifiers\hfagm_model.py,hfagm_model.py,""# === Graph pathway === graph_repr, attn_weights = self.graph_attn(x_graph, adj_matrix) # [B, hidden_dim] # === Combine both and classify === combined = torch.cat([attr_repr, graph_repr], dim=1) # [B, 2*hidden_dim] logits = self.classifier(combined) # [B, num_classes] return logits, attn_weights"",False | C44_DI_REAL_1,4.4,fairness,Real-data disparate impact reported as 1.0,1.0,1.0,1,models\classifiers\train_hfagm.py,train_hfagm.py,""ive_path), dtype=torch.float32).to(device) adj_matrix = torch.tensor(np.load(adj_path), dtype=torch.float32).to(device) labels = torch.tensor(pd.read_csv(labels_path).values.squeeze(), dtype=torch.long).to(device) # Model config input_dim = contrastive_emb.shape[1] graph_dim = graph_features.shape[1] hidden_dim = 64 num_classes = len(torch.unique(labels)) batch_size = 16 epochs = 20 # Init model model = HFAGM(input_dim, graph_dim, hidden_dim, num_classes).to(device) opti"",False | C44_DI_REAL_1,4.4,fairness,Real-data disparate impact reported as 1.0,1.0,1.0,1,models\classifiers\train_hfagm.py,train_hfagm.py,""ive_path), dtype=torch.float32).to(device) adj_matrix = torch.tensor(np.load(adj_path), dtype=torch.float32).to(device) labels = torch.tensor(pd.read_csv(labels_path).values.squeeze(), dtype=torch.long).to(device) # Model config input_dim = contrastive_emb.shape[1] graph_dim = graph_features.shape[1] hidden_dim = 64 num_classes = len(torch.unique(labels)) batch_size = 16 epochs = 20 # Init model model = HFAGM(input_dim, graph_dim, hidden_dim, num_classes).to(device) opti"",False | C44_DI_REAL_1,4.4,fairness,Real-data disparate impact reported as 1.0,1.0,1.0,1,models\classifiers\train_hfagm.py,train_hfagm.py,""ce) adj_matrix = torch.tensor(np.load(adj_path), dtype=torch.float32).to(device) labels = torch.tensor(pd.read_csv(labels_path).values.squeeze(), dtype=torch.long).to(device) # Model config input_dim = contrastive_emb.shape[1] graph_dim = graph_features.shape[1] hidden_dim = 64 num_classes = len(torch.unique(labels)) batch_size = 16 epochs = 20 # Init model model = HFAGM(input_dim, graph_dim, hidden_dim, num_classes).to(device) optimizer = torch.optim.Adam(model.paramete"",False | C44_DI_REAL_1,4.4,fairness,Real-data disparate impact reported as 1.0,1.0,1.0,1,models\classifiers\train_hfagm.py,train_hfagm.py,""ce) adj_matrix = torch.tensor(np.load(adj_path), dtype=torch.float32).to(device) labels = torch.tensor(pd.read_csv(labels_path).values.squeeze(), dtype=torch.long).to(device) # Model config input_dim = contrastive_emb.shape[1] graph_dim = graph_features.shape[1] hidden_dim = 64 num_classes = len(torch.unique(labels)) batch_size = 16 epochs = 20 # Init model model = HFAGM(input_dim, graph_dim, hidden_dim, num_classes).to(device) optimizer = torch.optim.Adam(model.paramete"",False"
outputs\revision_audit\claim_evidence_detailed.csv,82,1.0,0,0,"C44_DI_REAL_1,4.4,fairness,Real-data disparate impact reported as 1.0,1.0,1.0,1,models\classifiers\train_hfagm.py,train_hfagm.py,""ive_path), dtype=torch.float32).to(device) adj_matrix = torch.tensor(np.load(adj_path), dtype=torch.float32).to(device) labels = torch.tensor(pd.read_csv(labels_path).values.squeeze(), dtype=torch.long).to(device) # Model config input_dim = contrastive_emb.shape[1] graph_dim = graph_features.shape[1] hidden_dim = 64 num_classes = len(torch.unique(labels)) batch_size = 16 epochs = 20 # Init model model = HFAGM(input_dim, graph_dim, hidden_dim, num_classes).to(device) opti"",False","C44_DI_REAL_1,4.4,fairness,Real-data disparate impact reported as 1.0,1.0,1.0,1,models\classifiers\hfagm_model.py,hfagm_model.py,""# === Graph pathway === graph_repr, attn_weights = self.graph_attn(x_graph, adj_matrix) # [B, hidden_dim] # === Combine both and classify === combined = torch.cat([attr_repr, graph_repr], dim=1) # [B, 2*hidden_dim] logits = self.classifier(combined) # [B, num_classes] return logits, attn_weights"",False | C44_DI_REAL_1,4.4,fairness,Real-data disparate impact reported as 1.0,1.0,1.0,1,models\classifiers\train_hfagm.py,train_hfagm.py,""ive_path), dtype=torch.float32).to(device) adj_matrix = torch.tensor(np.load(adj_path), dtype=torch.float32).to(device) labels = torch.tensor(pd.read_csv(labels_path).values.squeeze(), dtype=torch.long).to(device) # Model config input_dim = contrastive_emb.shape[1] graph_dim = graph_features.shape[1] hidden_dim = 64 num_classes = len(torch.unique(labels)) batch_size = 16 epochs = 20 # Init model model = HFAGM(input_dim, graph_dim, hidden_dim, num_classes).to(device) opti"",False | C44_DI_REAL_1,4.4,fairness,Real-data disparate impact reported as 1.0,1.0,1.0,1,models\classifiers\train_hfagm.py,train_hfagm.py,""ive_path), dtype=torch.float32).to(device) adj_matrix = torch.tensor(np.load(adj_path), dtype=torch.float32).to(device) labels = torch.tensor(pd.read_csv(labels_path).values.squeeze(), dtype=torch.long).to(device) # Model config input_dim = contrastive_emb.shape[1] graph_dim = graph_features.shape[1] hidden_dim = 64 num_classes = len(torch.unique(labels)) batch_size = 16 epochs = 20 # Init model model = HFAGM(input_dim, graph_dim, hidden_dim, num_classes).to(device) opti"",False | C44_DI_REAL_1,4.4,fairness,Real-data disparate impact reported as 1.0,1.0,1.0,1,models\classifiers\train_hfagm.py,train_hfagm.py,""ce) adj_matrix = torch.tensor(np.load(adj_path), dtype=torch.float32).to(device) labels = torch.tensor(pd.read_csv(labels_path).values.squeeze(), dtype=torch.long).to(device) # Model config input_dim = contrastive_emb.shape[1] graph_dim = graph_features.shape[1] hidden_dim = 64 num_classes = len(torch.unique(labels)) batch_size = 16 epochs = 20 # Init model model = HFAGM(input_dim, graph_dim, hidden_dim, num_classes).to(device) optimizer = torch.optim.Adam(model.paramete"",False | C44_DI_REAL_1,4.4,fairness,Real-data disparate impact reported as 1.0,1.0,1.0,1,models\classifiers\train_hfagm.py,train_hfagm.py,""ce) adj_matrix = torch.tensor(np.load(adj_path), dtype=torch.float32).to(device) labels = torch.tensor(pd.read_csv(labels_path).values.squeeze(), dtype=torch.long).to(device) # Model config input_dim = contrastive_emb.shape[1] graph_dim = graph_features.shape[1] hidden_dim = 64 num_classes = len(torch.unique(labels)) batch_size = 16 epochs = 20 # Init model model = HFAGM(input_dim, graph_dim, hidden_dim, num_classes).to(device) optimizer = torch.optim.Adam(model.paramete"",False"
outputs\revision_audit\claim_evidence_detailed.csv,82,1.0,0,0,"C44_DI_REAL_1,4.4,fairness,Real-data disparate impact reported as 1.0,1.0,1.0,1,models\classifiers\train_hfagm.py,train_hfagm.py,""ive_path), dtype=torch.float32).to(device) adj_matrix = torch.tensor(np.load(adj_path), dtype=torch.float32).to(device) labels = torch.tensor(pd.read_csv(labels_path).values.squeeze(), dtype=torch.long).to(device) # Model config input_dim = contrastive_emb.shape[1] graph_dim = graph_features.shape[1] hidden_dim = 64 num_classes = len(torch.unique(labels)) batch_size = 16 epochs = 20 # Init model model = HFAGM(input_dim, graph_dim, hidden_dim, num_classes).to(device) opti"",False","C44_DI_REAL_1,4.4,fairness,Real-data disparate impact reported as 1.0,1.0,1.0,1,models\classifiers\hfagm_model.py,hfagm_model.py,""# === Graph pathway === graph_repr, attn_weights = self.graph_attn(x_graph, adj_matrix) # [B, hidden_dim] # === Combine both and classify === combined = torch.cat([attr_repr, graph_repr], dim=1) # [B, 2*hidden_dim] logits = self.classifier(combined) # [B, num_classes] return logits, attn_weights"",False | C44_DI_REAL_1,4.4,fairness,Real-data disparate impact reported as 1.0,1.0,1.0,1,models\classifiers\train_hfagm.py,train_hfagm.py,""ive_path), dtype=torch.float32).to(device) adj_matrix = torch.tensor(np.load(adj_path), dtype=torch.float32).to(device) labels = torch.tensor(pd.read_csv(labels_path).values.squeeze(), dtype=torch.long).to(device) # Model config input_dim = contrastive_emb.shape[1] graph_dim = graph_features.shape[1] hidden_dim = 64 num_classes = len(torch.unique(labels)) batch_size = 16 epochs = 20 # Init model model = HFAGM(input_dim, graph_dim, hidden_dim, num_classes).to(device) opti"",False | C44_DI_REAL_1,4.4,fairness,Real-data disparate impact reported as 1.0,1.0,1.0,1,models\classifiers\train_hfagm.py,train_hfagm.py,""ive_path), dtype=torch.float32).to(device) adj_matrix = torch.tensor(np.load(adj_path), dtype=torch.float32).to(device) labels = torch.tensor(pd.read_csv(labels_path).values.squeeze(), dtype=torch.long).to(device) # Model config input_dim = contrastive_emb.shape[1] graph_dim = graph_features.shape[1] hidden_dim = 64 num_classes = len(torch.unique(labels)) batch_size = 16 epochs = 20 # Init model model = HFAGM(input_dim, graph_dim, hidden_dim, num_classes).to(device) opti"",False | C44_DI_REAL_1,4.4,fairness,Real-data disparate impact reported as 1.0,1.0,1.0,1,models\classifiers\train_hfagm.py,train_hfagm.py,""ce) adj_matrix = torch.tensor(np.load(adj_path), dtype=torch.float32).to(device) labels = torch.tensor(pd.read_csv(labels_path).values.squeeze(), dtype=torch.long).to(device) # Model config input_dim = contrastive_emb.shape[1] graph_dim = graph_features.shape[1] hidden_dim = 64 num_classes = len(torch.unique(labels)) batch_size = 16 epochs = 20 # Init model model = HFAGM(input_dim, graph_dim, hidden_dim, num_classes).to(device) optimizer = torch.optim.Adam(model.paramete"",False | C44_DI_REAL_1,4.4,fairness,Real-data disparate impact reported as 1.0,1.0,1.0,1,models\classifiers\train_hfagm.py,train_hfagm.py,""ce) adj_matrix = torch.tensor(np.load(adj_path), dtype=torch.float32).to(device) labels = torch.tensor(pd.read_csv(labels_path).values.squeeze(), dtype=torch.long).to(device) # Model config input_dim = contrastive_emb.shape[1] graph_dim = graph_features.shape[1] hidden_dim = 64 num_classes = len(torch.unique(labels)) batch_size = 16 epochs = 20 # Init model model = HFAGM(input_dim, graph_dim, hidden_dim, num_classes).to(device) optimizer = torch.optim.Adam(model.paramete"",False"
outputs\revision_audit\claim_evidence_detailed.csv,82,1.0,0,0,"C44_DI_REAL_1,4.4,fairness,Real-data disparate impact reported as 1.0,1.0,1.0,1,models\classifiers\train_hfagm.py,train_hfagm.py,""ive_path), dtype=torch.float32).to(device) adj_matrix = torch.tensor(np.load(adj_path), dtype=torch.float32).to(device) labels = torch.tensor(pd.read_csv(labels_path).values.squeeze(), dtype=torch.long).to(device) # Model config input_dim = contrastive_emb.shape[1] graph_dim = graph_features.shape[1] hidden_dim = 64 num_classes = len(torch.unique(labels)) batch_size = 16 epochs = 20 # Init model model = HFAGM(input_dim, graph_dim, hidden_dim, num_classes).to(device) opti"",False","C44_DI_REAL_1,4.4,fairness,Real-data disparate impact reported as 1.0,1.0,1.0,1,models\classifiers\hfagm_model.py,hfagm_model.py,""# === Graph pathway === graph_repr, attn_weights = self.graph_attn(x_graph, adj_matrix) # [B, hidden_dim] # === Combine both and classify === combined = torch.cat([attr_repr, graph_repr], dim=1) # [B, 2*hidden_dim] logits = self.classifier(combined) # [B, num_classes] return logits, attn_weights"",False | C44_DI_REAL_1,4.4,fairness,Real-data disparate impact reported as 1.0,1.0,1.0,1,models\classifiers\train_hfagm.py,train_hfagm.py,""ive_path), dtype=torch.float32).to(device) adj_matrix = torch.tensor(np.load(adj_path), dtype=torch.float32).to(device) labels = torch.tensor(pd.read_csv(labels_path).values.squeeze(), dtype=torch.long).to(device) # Model config input_dim = contrastive_emb.shape[1] graph_dim = graph_features.shape[1] hidden_dim = 64 num_classes = len(torch.unique(labels)) batch_size = 16 epochs = 20 # Init model model = HFAGM(input_dim, graph_dim, hidden_dim, num_classes).to(device) opti"",False | C44_DI_REAL_1,4.4,fairness,Real-data disparate impact reported as 1.0,1.0,1.0,1,models\classifiers\train_hfagm.py,train_hfagm.py,""ive_path), dtype=torch.float32).to(device) adj_matrix = torch.tensor(np.load(adj_path), dtype=torch.float32).to(device) labels = torch.tensor(pd.read_csv(labels_path).values.squeeze(), dtype=torch.long).to(device) # Model config input_dim = contrastive_emb.shape[1] graph_dim = graph_features.shape[1] hidden_dim = 64 num_classes = len(torch.unique(labels)) batch_size = 16 epochs = 20 # Init model model = HFAGM(input_dim, graph_dim, hidden_dim, num_classes).to(device) opti"",False | C44_DI_REAL_1,4.4,fairness,Real-data disparate impact reported as 1.0,1.0,1.0,1,models\classifiers\train_hfagm.py,train_hfagm.py,""ce) adj_matrix = torch.tensor(np.load(adj_path), dtype=torch.float32).to(device) labels = torch.tensor(pd.read_csv(labels_path).values.squeeze(), dtype=torch.long).to(device) # Model config input_dim = contrastive_emb.shape[1] graph_dim = graph_features.shape[1] hidden_dim = 64 num_classes = len(torch.unique(labels)) batch_size = 16 epochs = 20 # Init model model = HFAGM(input_dim, graph_dim, hidden_dim, num_classes).to(device) optimizer = torch.optim.Adam(model.paramete"",False | C44_DI_REAL_1,4.4,fairness,Real-data disparate impact reported as 1.0,1.0,1.0,1,models\classifiers\train_hfagm.py,train_hfagm.py,""ce) adj_matrix = torch.tensor(np.load(adj_path), dtype=torch.float32).to(device) labels = torch.tensor(pd.read_csv(labels_path).values.squeeze(), dtype=torch.long).to(device) # Model config input_dim = contrastive_emb.shape[1] graph_dim = graph_features.shape[1] hidden_dim = 64 num_classes = len(torch.unique(labels)) batch_size = 16 epochs = 20 # Init model model = HFAGM(input_dim, graph_dim, hidden_dim, num_classes).to(device) optimizer = torch.optim.Adam(model.paramete"",False"
outputs\revision_audit\claim_evidence_detailed.csv,82,64.0,0,0,"C44_DI_REAL_1,4.4,fairness,Real-data disparate impact reported as 1.0,1.0,1.0,1,models\classifiers\train_hfagm.py,train_hfagm.py,""ive_path), dtype=torch.float32).to(device) adj_matrix = torch.tensor(np.load(adj_path), dtype=torch.float32).to(device) labels = torch.tensor(pd.read_csv(labels_path).values.squeeze(), dtype=torch.long).to(device) # Model config input_dim = contrastive_emb.shape[1] graph_dim = graph_features.shape[1] hidden_dim = 64 num_classes = len(torch.unique(labels)) batch_size = 16 epochs = 20 # Init model model = HFAGM(input_dim, graph_dim, hidden_dim, num_classes).to(device) opti"",False","C44_DI_REAL_1,4.4,fairness,Real-data disparate impact reported as 1.0,1.0,1.0,1,models\classifiers\hfagm_model.py,hfagm_model.py,""# === Graph pathway === graph_repr, attn_weights = self.graph_attn(x_graph, adj_matrix) # [B, hidden_dim] # === Combine both and classify === combined = torch.cat([attr_repr, graph_repr], dim=1) # [B, 2*hidden_dim] logits = self.classifier(combined) # [B, num_classes] return logits, attn_weights"",False | C44_DI_REAL_1,4.4,fairness,Real-data disparate impact reported as 1.0,1.0,1.0,1,models\classifiers\train_hfagm.py,train_hfagm.py,""ive_path), dtype=torch.float32).to(device) adj_matrix = torch.tensor(np.load(adj_path), dtype=torch.float32).to(device) labels = torch.tensor(pd.read_csv(labels_path).values.squeeze(), dtype=torch.long).to(device) # Model config input_dim = contrastive_emb.shape[1] graph_dim = graph_features.shape[1] hidden_dim = 64 num_classes = len(torch.unique(labels)) batch_size = 16 epochs = 20 # Init model model = HFAGM(input_dim, graph_dim, hidden_dim, num_classes).to(device) opti"",False | C44_DI_REAL_1,4.4,fairness,Real-data disparate impact reported as 1.0,1.0,1.0,1,models\classifiers\train_hfagm.py,train_hfagm.py,""ive_path), dtype=torch.float32).to(device) adj_matrix = torch.tensor(np.load(adj_path), dtype=torch.float32).to(device) labels = torch.tensor(pd.read_csv(labels_path).values.squeeze(), dtype=torch.long).to(device) # Model config input_dim = contrastive_emb.shape[1] graph_dim = graph_features.shape[1] hidden_dim = 64 num_classes = len(torch.unique(labels)) batch_size = 16 epochs = 20 # Init model model = HFAGM(input_dim, graph_dim, hidden_dim, num_classes).to(device) opti"",False | C44_DI_REAL_1,4.4,fairness,Real-data disparate impact reported as 1.0,1.0,1.0,1,models\classifiers\train_hfagm.py,train_hfagm.py,""ce) adj_matrix = torch.tensor(np.load(adj_path), dtype=torch.float32).to(device) labels = torch.tensor(pd.read_csv(labels_path).values.squeeze(), dtype=torch.long).to(device) # Model config input_dim = contrastive_emb.shape[1] graph_dim = graph_features.shape[1] hidden_dim = 64 num_classes = len(torch.unique(labels)) batch_size = 16 epochs = 20 # Init model model = HFAGM(input_dim, graph_dim, hidden_dim, num_classes).to(device) optimizer = torch.optim.Adam(model.paramete"",False | C44_DI_REAL_1,4.4,fairness,Real-data disparate impact reported as 1.0,1.0,1.0,1,models\classifiers\train_hfagm.py,train_hfagm.py,""ce) adj_matrix = torch.tensor(np.load(adj_path), dtype=torch.float32).to(device) labels = torch.tensor(pd.read_csv(labels_path).values.squeeze(), dtype=torch.long).to(device) # Model config input_dim = contrastive_emb.shape[1] graph_dim = graph_features.shape[1] hidden_dim = 64 num_classes = len(torch.unique(labels)) batch_size = 16 epochs = 20 # Init model model = HFAGM(input_dim, graph_dim, hidden_dim, num_classes).to(device) optimizer = torch.optim.Adam(model.paramete"",False"
outputs\revision_audit\claim_evidence_detailed.csv,82,16.0,0,0,"C44_DI_REAL_1,4.4,fairness,Real-data disparate impact reported as 1.0,1.0,1.0,1,models\classifiers\train_hfagm.py,train_hfagm.py,""ive_path), dtype=torch.float32).to(device) adj_matrix = torch.tensor(np.load(adj_path), dtype=torch.float32).to(device) labels = torch.tensor(pd.read_csv(labels_path).values.squeeze(), dtype=torch.long).to(device) # Model config input_dim = contrastive_emb.shape[1] graph_dim = graph_features.shape[1] hidden_dim = 64 num_classes = len(torch.unique(labels)) batch_size = 16 epochs = 20 # Init model model = HFAGM(input_dim, graph_dim, hidden_dim, num_classes).to(device) opti"",False","C44_DI_REAL_1,4.4,fairness,Real-data disparate impact reported as 1.0,1.0,1.0,1,models\classifiers\hfagm_model.py,hfagm_model.py,""# === Graph pathway === graph_repr, attn_weights = self.graph_attn(x_graph, adj_matrix) # [B, hidden_dim] # === Combine both and classify === combined = torch.cat([attr_repr, graph_repr], dim=1) # [B, 2*hidden_dim] logits = self.classifier(combined) # [B, num_classes] return logits, attn_weights"",False | C44_DI_REAL_1,4.4,fairness,Real-data disparate impact reported as 1.0,1.0,1.0,1,models\classifiers\train_hfagm.py,train_hfagm.py,""ive_path), dtype=torch.float32).to(device) adj_matrix = torch.tensor(np.load(adj_path), dtype=torch.float32).to(device) labels = torch.tensor(pd.read_csv(labels_path).values.squeeze(), dtype=torch.long).to(device) # Model config input_dim = contrastive_emb.shape[1] graph_dim = graph_features.shape[1] hidden_dim = 64 num_classes = len(torch.unique(labels)) batch_size = 16 epochs = 20 # Init model model = HFAGM(input_dim, graph_dim, hidden_dim, num_classes).to(device) opti"",False | C44_DI_REAL_1,4.4,fairness,Real-data disparate impact reported as 1.0,1.0,1.0,1,models\classifiers\train_hfagm.py,train_hfagm.py,""ive_path), dtype=torch.float32).to(device) adj_matrix = torch.tensor(np.load(adj_path), dtype=torch.float32).to(device) labels = torch.tensor(pd.read_csv(labels_path).values.squeeze(), dtype=torch.long).to(device) # Model config input_dim = contrastive_emb.shape[1] graph_dim = graph_features.shape[1] hidden_dim = 64 num_classes = len(torch.unique(labels)) batch_size = 16 epochs = 20 # Init model model = HFAGM(input_dim, graph_dim, hidden_dim, num_classes).to(device) opti"",False | C44_DI_REAL_1,4.4,fairness,Real-data disparate impact reported as 1.0,1.0,1.0,1,models\classifiers\train_hfagm.py,train_hfagm.py,""ce) adj_matrix = torch.tensor(np.load(adj_path), dtype=torch.float32).to(device) labels = torch.tensor(pd.read_csv(labels_path).values.squeeze(), dtype=torch.long).to(device) # Model config input_dim = contrastive_emb.shape[1] graph_dim = graph_features.shape[1] hidden_dim = 64 num_classes = len(torch.unique(labels)) batch_size = 16 epochs = 20 # Init model model = HFAGM(input_dim, graph_dim, hidden_dim, num_classes).to(device) optimizer = torch.optim.Adam(model.paramete"",False | C44_DI_REAL_1,4.4,fairness,Real-data disparate impact reported as 1.0,1.0,1.0,1,models\classifiers\train_hfagm.py,train_hfagm.py,""ce) adj_matrix = torch.tensor(np.load(adj_path), dtype=torch.float32).to(device) labels = torch.tensor(pd.read_csv(labels_path).values.squeeze(), dtype=torch.long).to(device) # Model config input_dim = contrastive_emb.shape[1] graph_dim = graph_features.shape[1] hidden_dim = 64 num_classes = len(torch.unique(labels)) batch_size = 16 epochs = 20 # Init model model = HFAGM(input_dim, graph_dim, hidden_dim, num_classes).to(device) optimizer = torch.optim.Adam(model.paramete"",False"
outputs\revision_audit\claim_evidence_detailed.csv,82,20.0,0,0,"C44_DI_REAL_1,4.4,fairness,Real-data disparate impact reported as 1.0,1.0,1.0,1,models\classifiers\train_hfagm.py,train_hfagm.py,""ive_path), dtype=torch.float32).to(device) adj_matrix = torch.tensor(np.load(adj_path), dtype=torch.float32).to(device) labels = torch.tensor(pd.read_csv(labels_path).values.squeeze(), dtype=torch.long).to(device) # Model config input_dim = contrastive_emb.shape[1] graph_dim = graph_features.shape[1] hidden_dim = 64 num_classes = len(torch.unique(labels)) batch_size = 16 epochs = 20 # Init model model = HFAGM(input_dim, graph_dim, hidden_dim, num_classes).to(device) opti"",False","C44_DI_REAL_1,4.4,fairness,Real-data disparate impact reported as 1.0,1.0,1.0,1,models\classifiers\hfagm_model.py,hfagm_model.py,""# === Graph pathway === graph_repr, attn_weights = self.graph_attn(x_graph, adj_matrix) # [B, hidden_dim] # === Combine both and classify === combined = torch.cat([attr_repr, graph_repr], dim=1) # [B, 2*hidden_dim] logits = self.classifier(combined) # [B, num_classes] return logits, attn_weights"",False | C44_DI_REAL_1,4.4,fairness,Real-data disparate impact reported as 1.0,1.0,1.0,1,models\classifiers\train_hfagm.py,train_hfagm.py,""ive_path), dtype=torch.float32).to(device) adj_matrix = torch.tensor(np.load(adj_path), dtype=torch.float32).to(device) labels = torch.tensor(pd.read_csv(labels_path).values.squeeze(), dtype=torch.long).to(device) # Model config input_dim = contrastive_emb.shape[1] graph_dim = graph_features.shape[1] hidden_dim = 64 num_classes = len(torch.unique(labels)) batch_size = 16 epochs = 20 # Init model model = HFAGM(input_dim, graph_dim, hidden_dim, num_classes).to(device) opti"",False | C44_DI_REAL_1,4.4,fairness,Real-data disparate impact reported as 1.0,1.0,1.0,1,models\classifiers\train_hfagm.py,train_hfagm.py,""ive_path), dtype=torch.float32).to(device) adj_matrix = torch.tensor(np.load(adj_path), dtype=torch.float32).to(device) labels = torch.tensor(pd.read_csv(labels_path).values.squeeze(), dtype=torch.long).to(device) # Model config input_dim = contrastive_emb.shape[1] graph_dim = graph_features.shape[1] hidden_dim = 64 num_classes = len(torch.unique(labels)) batch_size = 16 epochs = 20 # Init model model = HFAGM(input_dim, graph_dim, hidden_dim, num_classes).to(device) opti"",False | C44_DI_REAL_1,4.4,fairness,Real-data disparate impact reported as 1.0,1.0,1.0,1,models\classifiers\train_hfagm.py,train_hfagm.py,""ce) adj_matrix = torch.tensor(np.load(adj_path), dtype=torch.float32).to(device) labels = torch.tensor(pd.read_csv(labels_path).values.squeeze(), dtype=torch.long).to(device) # Model config input_dim = contrastive_emb.shape[1] graph_dim = graph_features.shape[1] hidden_dim = 64 num_classes = len(torch.unique(labels)) batch_size = 16 epochs = 20 # Init model model = HFAGM(input_dim, graph_dim, hidden_dim, num_classes).to(device) optimizer = torch.optim.Adam(model.paramete"",False | C44_DI_REAL_1,4.4,fairness,Real-data disparate impact reported as 1.0,1.0,1.0,1,models\classifiers\train_hfagm.py,train_hfagm.py,""ce) adj_matrix = torch.tensor(np.load(adj_path), dtype=torch.float32).to(device) labels = torch.tensor(pd.read_csv(labels_path).values.squeeze(), dtype=torch.long).to(device) # Model config input_dim = contrastive_emb.shape[1] graph_dim = graph_features.shape[1] hidden_dim = 64 num_classes = len(torch.unique(labels)) batch_size = 16 epochs = 20 # Init model model = HFAGM(input_dim, graph_dim, hidden_dim, num_classes).to(device) optimizer = torch.optim.Adam(model.paramete"",False"
outputs\revision_audit\claim_evidence_detailed.csv,83,4.4,0,0,"C44_DI_REAL_1,4.4,fairness,Real-data disparate impact reported as 1.0,1.0,1.0,1,models\classifiers\train_hfagm.py,train_hfagm.py,""ce) adj_matrix = torch.tensor(np.load(adj_path), dtype=torch.float32).to(device) labels = torch.tensor(pd.read_csv(labels_path).values.squeeze(), dtype=torch.long).to(device) # Model config input_dim = contrastive_emb.shape[1] graph_dim = graph_features.shape[1] hidden_dim = 64 num_classes = len(torch.unique(labels)) batch_size = 16 epochs = 20 # Init model model = HFAGM(input_dim, graph_dim, hidden_dim, num_classes).to(device) optimizer = torch.optim.Adam(model.paramete"",False","C44_DI_REAL_1,4.4,fairness,Real-data disparate impact reported as 1.0,1.0,1.0,1,models\classifiers\train_hfagm.py,train_hfagm.py,""ive_path), dtype=torch.float32).to(device) adj_matrix = torch.tensor(np.load(adj_path), dtype=torch.float32).to(device) labels = torch.tensor(pd.read_csv(labels_path).values.squeeze(), dtype=torch.long).to(device) # Model config input_dim = contrastive_emb.shape[1] graph_dim = graph_features.shape[1] hidden_dim = 64 num_classes = len(torch.unique(labels)) batch_size = 16 epochs = 20 # Init model model = HFAGM(input_dim, graph_dim, hidden_dim, num_classes).to(device) opti"",False | C44_DI_REAL_1,4.4,fairness,Real-data disparate impact reported as 1.0,1.0,1.0,1,models\classifiers\train_hfagm.py,train_hfagm.py,""ive_path), dtype=torch.float32).to(device) adj_matrix = torch.tensor(np.load(adj_path), dtype=torch.float32).to(device) labels = torch.tensor(pd.read_csv(labels_path).values.squeeze(), dtype=torch.long).to(device) # Model config input_dim = contrastive_emb.shape[1] graph_dim = graph_features.shape[1] hidden_dim = 64 num_classes = len(torch.unique(labels)) batch_size = 16 epochs = 20 # Init model model = HFAGM(input_dim, graph_dim, hidden_dim, num_classes).to(device) opti"",False | C44_DI_REAL_1,4.4,fairness,Real-data disparate impact reported as 1.0,1.0,1.0,1,models\classifiers\train_hfagm.py,train_hfagm.py,""ce) adj_matrix = torch.tensor(np.load(adj_path), dtype=torch.float32).to(device) labels = torch.tensor(pd.read_csv(labels_path).values.squeeze(), dtype=torch.long).to(device) # Model config input_dim = contrastive_emb.shape[1] graph_dim = graph_features.shape[1] hidden_dim = 64 num_classes = len(torch.unique(labels)) batch_size = 16 epochs = 20 # Init model model = HFAGM(input_dim, graph_dim, hidden_dim, num_classes).to(device) optimizer = torch.optim.Adam(model.paramete"",False | C44_DI_REAL_1,4.4,fairness,Real-data disparate impact reported as 1.0,1.0,1.0,1,models\classifiers\train_hfagm.py,train_hfagm.py,""ce) adj_matrix = torch.tensor(np.load(adj_path), dtype=torch.float32).to(device) labels = torch.tensor(pd.read_csv(labels_path).values.squeeze(), dtype=torch.long).to(device) # Model config input_dim = contrastive_emb.shape[1] graph_dim = graph_features.shape[1] hidden_dim = 64 num_classes = len(torch.unique(labels)) batch_size = 16 epochs = 20 # Init model model = HFAGM(input_dim, graph_dim, hidden_dim, num_classes).to(device) optimizer = torch.optim.Adam(model.paramete"",False | C44_DI_REAL_1,4.4,fairness,Real-data disparate impact reported as 1.0,1.0,1.0,1,models\classifiers\train_hfagm.py,train_hfagm.py,""oad(adj_path), dtype=torch.float32).to(device) labels = torch.tensor(pd.read_csv(labels_path).values.squeeze(), dtype=torch.long).to(device) # Model config input_dim = contrastive_emb.shape[1] graph_dim = graph_features.shape[1] hidden_dim = 64 num_classes = len(torch.unique(labels)) batch_size = 16 epochs = 20 # Init model model = HFAGM(input_dim, graph_dim, hidden_dim, num_classes).to(device) optimizer = "
outputs\revision_audit\claim_evidence_detailed.csv,83,1.0,0,0,"C44_DI_REAL_1,4.4,fairness,Real-data disparate impact reported as 1.0,1.0,1.0,1,models\classifiers\train_hfagm.py,train_hfagm.py,""ce) adj_matrix = torch.tensor(np.load(adj_path), dtype=torch.float32).to(device) labels = torch.tensor(pd.read_csv(labels_path).values.squeeze(), dtype=torch.long).to(device) # Model config input_dim = contrastive_emb.shape[1] graph_dim = graph_features.shape[1] hidden_dim = 64 num_classes = len(torch.unique(labels)) batch_size = 16 epochs = 20 # Init model model = HFAGM(input_dim, graph_dim, hidden_dim, num_classes).to(device) optimizer = torch.optim.Adam(model.paramete"",False","C44_DI_REAL_1,4.4,fairness,Real-data disparate impact reported as 1.0,1.0,1.0,1,models\classifiers\train_hfagm.py,train_hfagm.py,""ive_path), dtype=torch.float32).to(device) adj_matrix = torch.tensor(np.load(adj_path), dtype=torch.float32).to(device) labels = torch.tensor(pd.read_csv(labels_path).values.squeeze(), dtype=torch.long).to(device) # Model config input_dim = contrastive_emb.shape[1] graph_dim = graph_features.shape[1] hidden_dim = 64 num_classes = len(torch.unique(labels)) batch_size = 16 epochs = 20 # Init model model = HFAGM(input_dim, graph_dim, hidden_dim, num_classes).to(device) opti"",False | C44_DI_REAL_1,4.4,fairness,Real-data disparate impact reported as 1.0,1.0,1.0,1,models\classifiers\train_hfagm.py,train_hfagm.py,""ive_path), dtype=torch.float32).to(device) adj_matrix = torch.tensor(np.load(adj_path), dtype=torch.float32).to(device) labels = torch.tensor(pd.read_csv(labels_path).values.squeeze(), dtype=torch.long).to(device) # Model config input_dim = contrastive_emb.shape[1] graph_dim = graph_features.shape[1] hidden_dim = 64 num_classes = len(torch.unique(labels)) batch_size = 16 epochs = 20 # Init model model = HFAGM(input_dim, graph_dim, hidden_dim, num_classes).to(device) opti"",False | C44_DI_REAL_1,4.4,fairness,Real-data disparate impact reported as 1.0,1.0,1.0,1,models\classifiers\train_hfagm.py,train_hfagm.py,""ce) adj_matrix = torch.tensor(np.load(adj_path), dtype=torch.float32).to(device) labels = torch.tensor(pd.read_csv(labels_path).values.squeeze(), dtype=torch.long).to(device) # Model config input_dim = contrastive_emb.shape[1] graph_dim = graph_features.shape[1] hidden_dim = 64 num_classes = len(torch.unique(labels)) batch_size = 16 epochs = 20 # Init model model = HFAGM(input_dim, graph_dim, hidden_dim, num_classes).to(device) optimizer = torch.optim.Adam(model.paramete"",False | C44_DI_REAL_1,4.4,fairness,Real-data disparate impact reported as 1.0,1.0,1.0,1,models\classifiers\train_hfagm.py,train_hfagm.py,""ce) adj_matrix = torch.tensor(np.load(adj_path), dtype=torch.float32).to(device) labels = torch.tensor(pd.read_csv(labels_path).values.squeeze(), dtype=torch.long).to(device) # Model config input_dim = contrastive_emb.shape[1] graph_dim = graph_features.shape[1] hidden_dim = 64 num_classes = len(torch.unique(labels)) batch_size = 16 epochs = 20 # Init model model = HFAGM(input_dim, graph_dim, hidden_dim, num_classes).to(device) optimizer = torch.optim.Adam(model.paramete"",False | C44_DI_REAL_1,4.4,fairness,Real-data disparate impact reported as 1.0,1.0,1.0,1,models\classifiers\train_hfagm.py,train_hfagm.py,""oad(adj_path), dtype=torch.float32).to(device) labels = torch.tensor(pd.read_csv(labels_path).values.squeeze(), dtype=torch.long).to(device) # Model config input_dim = contrastive_emb.shape[1] graph_dim = graph_features.shape[1] hidden_dim = 64 num_classes = len(torch.unique(labels)) batch_size = 16 epochs = 20 # Init model model = HFAGM(input_dim, graph_dim, hidden_dim, num_classes).to(device) optimizer = "
outputs\revision_audit\claim_evidence_detailed.csv,83,1.0,0,0,"C44_DI_REAL_1,4.4,fairness,Real-data disparate impact reported as 1.0,1.0,1.0,1,models\classifiers\train_hfagm.py,train_hfagm.py,""ce) adj_matrix = torch.tensor(np.load(adj_path), dtype=torch.float32).to(device) labels = torch.tensor(pd.read_csv(labels_path).values.squeeze(), dtype=torch.long).to(device) # Model config input_dim = contrastive_emb.shape[1] graph_dim = graph_features.shape[1] hidden_dim = 64 num_classes = len(torch.unique(labels)) batch_size = 16 epochs = 20 # Init model model = HFAGM(input_dim, graph_dim, hidden_dim, num_classes).to(device) optimizer = torch.optim.Adam(model.paramete"",False","C44_DI_REAL_1,4.4,fairness,Real-data disparate impact reported as 1.0,1.0,1.0,1,models\classifiers\train_hfagm.py,train_hfagm.py,""ive_path), dtype=torch.float32).to(device) adj_matrix = torch.tensor(np.load(adj_path), dtype=torch.float32).to(device) labels = torch.tensor(pd.read_csv(labels_path).values.squeeze(), dtype=torch.long).to(device) # Model config input_dim = contrastive_emb.shape[1] graph_dim = graph_features.shape[1] hidden_dim = 64 num_classes = len(torch.unique(labels)) batch_size = 16 epochs = 20 # Init model model = HFAGM(input_dim, graph_dim, hidden_dim, num_classes).to(device) opti"",False | C44_DI_REAL_1,4.4,fairness,Real-data disparate impact reported as 1.0,1.0,1.0,1,models\classifiers\train_hfagm.py,train_hfagm.py,""ive_path), dtype=torch.float32).to(device) adj_matrix = torch.tensor(np.load(adj_path), dtype=torch.float32).to(device) labels = torch.tensor(pd.read_csv(labels_path).values.squeeze(), dtype=torch.long).to(device) # Model config input_dim = contrastive_emb.shape[1] graph_dim = graph_features.shape[1] hidden_dim = 64 num_classes = len(torch.unique(labels)) batch_size = 16 epochs = 20 # Init model model = HFAGM(input_dim, graph_dim, hidden_dim, num_classes).to(device) opti"",False | C44_DI_REAL_1,4.4,fairness,Real-data disparate impact reported as 1.0,1.0,1.0,1,models\classifiers\train_hfagm.py,train_hfagm.py,""ce) adj_matrix = torch.tensor(np.load(adj_path), dtype=torch.float32).to(device) labels = torch.tensor(pd.read_csv(labels_path).values.squeeze(), dtype=torch.long).to(device) # Model config input_dim = contrastive_emb.shape[1] graph_dim = graph_features.shape[1] hidden_dim = 64 num_classes = len(torch.unique(labels)) batch_size = 16 epochs = 20 # Init model model = HFAGM(input_dim, graph_dim, hidden_dim, num_classes).to(device) optimizer = torch.optim.Adam(model.paramete"",False | C44_DI_REAL_1,4.4,fairness,Real-data disparate impact reported as 1.0,1.0,1.0,1,models\classifiers\train_hfagm.py,train_hfagm.py,""ce) adj_matrix = torch.tensor(np.load(adj_path), dtype=torch.float32).to(device) labels = torch.tensor(pd.read_csv(labels_path).values.squeeze(), dtype=torch.long).to(device) # Model config input_dim = contrastive_emb.shape[1] graph_dim = graph_features.shape[1] hidden_dim = 64 num_classes = len(torch.unique(labels)) batch_size = 16 epochs = 20 # Init model model = HFAGM(input_dim, graph_dim, hidden_dim, num_classes).to(device) optimizer = torch.optim.Adam(model.paramete"",False | C44_DI_REAL_1,4.4,fairness,Real-data disparate impact reported as 1.0,1.0,1.0,1,models\classifiers\train_hfagm.py,train_hfagm.py,""oad(adj_path), dtype=torch.float32).to(device) labels = torch.tensor(pd.read_csv(labels_path).values.squeeze(), dtype=torch.long).to(device) # Model config input_dim = contrastive_emb.shape[1] graph_dim = graph_features.shape[1] hidden_dim = 64 num_classes = len(torch.unique(labels)) batch_size = 16 epochs = 20 # Init model model = HFAGM(input_dim, graph_dim, hidden_dim, num_classes).to(device) optimizer = "
outputs\revision_audit\claim_evidence_detailed.csv,83,1.0,0,0,"C44_DI_REAL_1,4.4,fairness,Real-data disparate impact reported as 1.0,1.0,1.0,1,models\classifiers\train_hfagm.py,train_hfagm.py,""ce) adj_matrix = torch.tensor(np.load(adj_path), dtype=torch.float32).to(device) labels = torch.tensor(pd.read_csv(labels_path).values.squeeze(), dtype=torch.long).to(device) # Model config input_dim = contrastive_emb.shape[1] graph_dim = graph_features.shape[1] hidden_dim = 64 num_classes = len(torch.unique(labels)) batch_size = 16 epochs = 20 # Init model model = HFAGM(input_dim, graph_dim, hidden_dim, num_classes).to(device) optimizer = torch.optim.Adam(model.paramete"",False","C44_DI_REAL_1,4.4,fairness,Real-data disparate impact reported as 1.0,1.0,1.0,1,models\classifiers\train_hfagm.py,train_hfagm.py,""ive_path), dtype=torch.float32).to(device) adj_matrix = torch.tensor(np.load(adj_path), dtype=torch.float32).to(device) labels = torch.tensor(pd.read_csv(labels_path).values.squeeze(), dtype=torch.long).to(device) # Model config input_dim = contrastive_emb.shape[1] graph_dim = graph_features.shape[1] hidden_dim = 64 num_classes = len(torch.unique(labels)) batch_size = 16 epochs = 20 # Init model model = HFAGM(input_dim, graph_dim, hidden_dim, num_classes).to(device) opti"",False | C44_DI_REAL_1,4.4,fairness,Real-data disparate impact reported as 1.0,1.0,1.0,1,models\classifiers\train_hfagm.py,train_hfagm.py,""ive_path), dtype=torch.float32).to(device) adj_matrix = torch.tensor(np.load(adj_path), dtype=torch.float32).to(device) labels = torch.tensor(pd.read_csv(labels_path).values.squeeze(), dtype=torch.long).to(device) # Model config input_dim = contrastive_emb.shape[1] graph_dim = graph_features.shape[1] hidden_dim = 64 num_classes = len(torch.unique(labels)) batch_size = 16 epochs = 20 # Init model model = HFAGM(input_dim, graph_dim, hidden_dim, num_classes).to(device) opti"",False | C44_DI_REAL_1,4.4,fairness,Real-data disparate impact reported as 1.0,1.0,1.0,1,models\classifiers\train_hfagm.py,train_hfagm.py,""ce) adj_matrix = torch.tensor(np.load(adj_path), dtype=torch.float32).to(device) labels = torch.tensor(pd.read_csv(labels_path).values.squeeze(), dtype=torch.long).to(device) # Model config input_dim = contrastive_emb.shape[1] graph_dim = graph_features.shape[1] hidden_dim = 64 num_classes = len(torch.unique(labels)) batch_size = 16 epochs = 20 # Init model model = HFAGM(input_dim, graph_dim, hidden_dim, num_classes).to(device) optimizer = torch.optim.Adam(model.paramete"",False | C44_DI_REAL_1,4.4,fairness,Real-data disparate impact reported as 1.0,1.0,1.0,1,models\classifiers\train_hfagm.py,train_hfagm.py,""ce) adj_matrix = torch.tensor(np.load(adj_path), dtype=torch.float32).to(device) labels = torch.tensor(pd.read_csv(labels_path).values.squeeze(), dtype=torch.long).to(device) # Model config input_dim = contrastive_emb.shape[1] graph_dim = graph_features.shape[1] hidden_dim = 64 num_classes = len(torch.unique(labels)) batch_size = 16 epochs = 20 # Init model model = HFAGM(input_dim, graph_dim, hidden_dim, num_classes).to(device) optimizer = torch.optim.Adam(model.paramete"",False | C44_DI_REAL_1,4.4,fairness,Real-data disparate impact reported as 1.0,1.0,1.0,1,models\classifiers\train_hfagm.py,train_hfagm.py,""oad(adj_path), dtype=torch.float32).to(device) labels = torch.tensor(pd.read_csv(labels_path).values.squeeze(), dtype=torch.long).to(device) # Model config input_dim = contrastive_emb.shape[1] graph_dim = graph_features.shape[1] hidden_dim = 64 num_classes = len(torch.unique(labels)) batch_size = 16 epochs = 20 # Init model model = HFAGM(input_dim, graph_dim, hidden_dim, num_classes).to(device) optimizer = "
outputs\revision_audit\claim_evidence_detailed.csv,83,1.0,0,0,"C44_DI_REAL_1,4.4,fairness,Real-data disparate impact reported as 1.0,1.0,1.0,1,models\classifiers\train_hfagm.py,train_hfagm.py,""ce) adj_matrix = torch.tensor(np.load(adj_path), dtype=torch.float32).to(device) labels = torch.tensor(pd.read_csv(labels_path).values.squeeze(), dtype=torch.long).to(device) # Model config input_dim = contrastive_emb.shape[1] graph_dim = graph_features.shape[1] hidden_dim = 64 num_classes = len(torch.unique(labels)) batch_size = 16 epochs = 20 # Init model model = HFAGM(input_dim, graph_dim, hidden_dim, num_classes).to(device) optimizer = torch.optim.Adam(model.paramete"",False","C44_DI_REAL_1,4.4,fairness,Real-data disparate impact reported as 1.0,1.0,1.0,1,models\classifiers\train_hfagm.py,train_hfagm.py,""ive_path), dtype=torch.float32).to(device) adj_matrix = torch.tensor(np.load(adj_path), dtype=torch.float32).to(device) labels = torch.tensor(pd.read_csv(labels_path).values.squeeze(), dtype=torch.long).to(device) # Model config input_dim = contrastive_emb.shape[1] graph_dim = graph_features.shape[1] hidden_dim = 64 num_classes = len(torch.unique(labels)) batch_size = 16 epochs = 20 # Init model model = HFAGM(input_dim, graph_dim, hidden_dim, num_classes).to(device) opti"",False | C44_DI_REAL_1,4.4,fairness,Real-data disparate impact reported as 1.0,1.0,1.0,1,models\classifiers\train_hfagm.py,train_hfagm.py,""ive_path), dtype=torch.float32).to(device) adj_matrix = torch.tensor(np.load(adj_path), dtype=torch.float32).to(device) labels = torch.tensor(pd.read_csv(labels_path).values.squeeze(), dtype=torch.long).to(device) # Model config input_dim = contrastive_emb.shape[1] graph_dim = graph_features.shape[1] hidden_dim = 64 num_classes = len(torch.unique(labels)) batch_size = 16 epochs = 20 # Init model model = HFAGM(input_dim, graph_dim, hidden_dim, num_classes).to(device) opti"",False | C44_DI_REAL_1,4.4,fairness,Real-data disparate impact reported as 1.0,1.0,1.0,1,models\classifiers\train_hfagm.py,train_hfagm.py,""ce) adj_matrix = torch.tensor(np.load(adj_path), dtype=torch.float32).to(device) labels = torch.tensor(pd.read_csv(labels_path).values.squeeze(), dtype=torch.long).to(device) # Model config input_dim = contrastive_emb.shape[1] graph_dim = graph_features.shape[1] hidden_dim = 64 num_classes = len(torch.unique(labels)) batch_size = 16 epochs = 20 # Init model model = HFAGM(input_dim, graph_dim, hidden_dim, num_classes).to(device) optimizer = torch.optim.Adam(model.paramete"",False | C44_DI_REAL_1,4.4,fairness,Real-data disparate impact reported as 1.0,1.0,1.0,1,models\classifiers\train_hfagm.py,train_hfagm.py,""ce) adj_matrix = torch.tensor(np.load(adj_path), dtype=torch.float32).to(device) labels = torch.tensor(pd.read_csv(labels_path).values.squeeze(), dtype=torch.long).to(device) # Model config input_dim = contrastive_emb.shape[1] graph_dim = graph_features.shape[1] hidden_dim = 64 num_classes = len(torch.unique(labels)) batch_size = 16 epochs = 20 # Init model model = HFAGM(input_dim, graph_dim, hidden_dim, num_classes).to(device) optimizer = torch.optim.Adam(model.paramete"",False | C44_DI_REAL_1,4.4,fairness,Real-data disparate impact reported as 1.0,1.0,1.0,1,models\classifiers\train_hfagm.py,train_hfagm.py,""oad(adj_path), dtype=torch.float32).to(device) labels = torch.tensor(pd.read_csv(labels_path).values.squeeze(), dtype=torch.long).to(device) # Model config input_dim = contrastive_emb.shape[1] graph_dim = graph_features.shape[1] hidden_dim = 64 num_classes = len(torch.unique(labels)) batch_size = 16 epochs = 20 # Init model model = HFAGM(input_dim, graph_dim, hidden_dim, num_classes).to(device) optimizer = "
outputs\revision_audit\claim_evidence_detailed.csv,83,1.0,0,0,"C44_DI_REAL_1,4.4,fairness,Real-data disparate impact reported as 1.0,1.0,1.0,1,models\classifiers\train_hfagm.py,train_hfagm.py,""ce) adj_matrix = torch.tensor(np.load(adj_path), dtype=torch.float32).to(device) labels = torch.tensor(pd.read_csv(labels_path).values.squeeze(), dtype=torch.long).to(device) # Model config input_dim = contrastive_emb.shape[1] graph_dim = graph_features.shape[1] hidden_dim = 64 num_classes = len(torch.unique(labels)) batch_size = 16 epochs = 20 # Init model model = HFAGM(input_dim, graph_dim, hidden_dim, num_classes).to(device) optimizer = torch.optim.Adam(model.paramete"",False","C44_DI_REAL_1,4.4,fairness,Real-data disparate impact reported as 1.0,1.0,1.0,1,models\classifiers\train_hfagm.py,train_hfagm.py,""ive_path), dtype=torch.float32).to(device) adj_matrix = torch.tensor(np.load(adj_path), dtype=torch.float32).to(device) labels = torch.tensor(pd.read_csv(labels_path).values.squeeze(), dtype=torch.long).to(device) # Model config input_dim = contrastive_emb.shape[1] graph_dim = graph_features.shape[1] hidden_dim = 64 num_classes = len(torch.unique(labels)) batch_size = 16 epochs = 20 # Init model model = HFAGM(input_dim, graph_dim, hidden_dim, num_classes).to(device) opti"",False | C44_DI_REAL_1,4.4,fairness,Real-data disparate impact reported as 1.0,1.0,1.0,1,models\classifiers\train_hfagm.py,train_hfagm.py,""ive_path), dtype=torch.float32).to(device) adj_matrix = torch.tensor(np.load(adj_path), dtype=torch.float32).to(device) labels = torch.tensor(pd.read_csv(labels_path).values.squeeze(), dtype=torch.long).to(device) # Model config input_dim = contrastive_emb.shape[1] graph_dim = graph_features.shape[1] hidden_dim = 64 num_classes = len(torch.unique(labels)) batch_size = 16 epochs = 20 # Init model model = HFAGM(input_dim, graph_dim, hidden_dim, num_classes).to(device) opti"",False | C44_DI_REAL_1,4.4,fairness,Real-data disparate impact reported as 1.0,1.0,1.0,1,models\classifiers\train_hfagm.py,train_hfagm.py,""ce) adj_matrix = torch.tensor(np.load(adj_path), dtype=torch.float32).to(device) labels = torch.tensor(pd.read_csv(labels_path).values.squeeze(), dtype=torch.long).to(device) # Model config input_dim = contrastive_emb.shape[1] graph_dim = graph_features.shape[1] hidden_dim = 64 num_classes = len(torch.unique(labels)) batch_size = 16 epochs = 20 # Init model model = HFAGM(input_dim, graph_dim, hidden_dim, num_classes).to(device) optimizer = torch.optim.Adam(model.paramete"",False | C44_DI_REAL_1,4.4,fairness,Real-data disparate impact reported as 1.0,1.0,1.0,1,models\classifiers\train_hfagm.py,train_hfagm.py,""ce) adj_matrix = torch.tensor(np.load(adj_path), dtype=torch.float32).to(device) labels = torch.tensor(pd.read_csv(labels_path).values.squeeze(), dtype=torch.long).to(device) # Model config input_dim = contrastive_emb.shape[1] graph_dim = graph_features.shape[1] hidden_dim = 64 num_classes = len(torch.unique(labels)) batch_size = 16 epochs = 20 # Init model model = HFAGM(input_dim, graph_dim, hidden_dim, num_classes).to(device) optimizer = torch.optim.Adam(model.paramete"",False | C44_DI_REAL_1,4.4,fairness,Real-data disparate impact reported as 1.0,1.0,1.0,1,models\classifiers\train_hfagm.py,train_hfagm.py,""oad(adj_path), dtype=torch.float32).to(device) labels = torch.tensor(pd.read_csv(labels_path).values.squeeze(), dtype=torch.long).to(device) # Model config input_dim = contrastive_emb.shape[1] graph_dim = graph_features.shape[1] hidden_dim = 64 num_classes = len(torch.unique(labels)) batch_size = 16 epochs = 20 # Init model model = HFAGM(input_dim, graph_dim, hidden_dim, num_classes).to(device) optimizer = "
outputs\revision_audit\claim_evidence_detailed.csv,83,1.0,0,0,"C44_DI_REAL_1,4.4,fairness,Real-data disparate impact reported as 1.0,1.0,1.0,1,models\classifiers\train_hfagm.py,train_hfagm.py,""ce) adj_matrix = torch.tensor(np.load(adj_path), dtype=torch.float32).to(device) labels = torch.tensor(pd.read_csv(labels_path).values.squeeze(), dtype=torch.long).to(device) # Model config input_dim = contrastive_emb.shape[1] graph_dim = graph_features.shape[1] hidden_dim = 64 num_classes = len(torch.unique(labels)) batch_size = 16 epochs = 20 # Init model model = HFAGM(input_dim, graph_dim, hidden_dim, num_classes).to(device) optimizer = torch.optim.Adam(model.paramete"",False","C44_DI_REAL_1,4.4,fairness,Real-data disparate impact reported as 1.0,1.0,1.0,1,models\classifiers\train_hfagm.py,train_hfagm.py,""ive_path), dtype=torch.float32).to(device) adj_matrix = torch.tensor(np.load(adj_path), dtype=torch.float32).to(device) labels = torch.tensor(pd.read_csv(labels_path).values.squeeze(), dtype=torch.long).to(device) # Model config input_dim = contrastive_emb.shape[1] graph_dim = graph_features.shape[1] hidden_dim = 64 num_classes = len(torch.unique(labels)) batch_size = 16 epochs = 20 # Init model model = HFAGM(input_dim, graph_dim, hidden_dim, num_classes).to(device) opti"",False | C44_DI_REAL_1,4.4,fairness,Real-data disparate impact reported as 1.0,1.0,1.0,1,models\classifiers\train_hfagm.py,train_hfagm.py,""ive_path), dtype=torch.float32).to(device) adj_matrix = torch.tensor(np.load(adj_path), dtype=torch.float32).to(device) labels = torch.tensor(pd.read_csv(labels_path).values.squeeze(), dtype=torch.long).to(device) # Model config input_dim = contrastive_emb.shape[1] graph_dim = graph_features.shape[1] hidden_dim = 64 num_classes = len(torch.unique(labels)) batch_size = 16 epochs = 20 # Init model model = HFAGM(input_dim, graph_dim, hidden_dim, num_classes).to(device) opti"",False | C44_DI_REAL_1,4.4,fairness,Real-data disparate impact reported as 1.0,1.0,1.0,1,models\classifiers\train_hfagm.py,train_hfagm.py,""ce) adj_matrix = torch.tensor(np.load(adj_path), dtype=torch.float32).to(device) labels = torch.tensor(pd.read_csv(labels_path).values.squeeze(), dtype=torch.long).to(device) # Model config input_dim = contrastive_emb.shape[1] graph_dim = graph_features.shape[1] hidden_dim = 64 num_classes = len(torch.unique(labels)) batch_size = 16 epochs = 20 # Init model model = HFAGM(input_dim, graph_dim, hidden_dim, num_classes).to(device) optimizer = torch.optim.Adam(model.paramete"",False | C44_DI_REAL_1,4.4,fairness,Real-data disparate impact reported as 1.0,1.0,1.0,1,models\classifiers\train_hfagm.py,train_hfagm.py,""ce) adj_matrix = torch.tensor(np.load(adj_path), dtype=torch.float32).to(device) labels = torch.tensor(pd.read_csv(labels_path).values.squeeze(), dtype=torch.long).to(device) # Model config input_dim = contrastive_emb.shape[1] graph_dim = graph_features.shape[1] hidden_dim = 64 num_classes = len(torch.unique(labels)) batch_size = 16 epochs = 20 # Init model model = HFAGM(input_dim, graph_dim, hidden_dim, num_classes).to(device) optimizer = torch.optim.Adam(model.paramete"",False | C44_DI_REAL_1,4.4,fairness,Real-data disparate impact reported as 1.0,1.0,1.0,1,models\classifiers\train_hfagm.py,train_hfagm.py,""oad(adj_path), dtype=torch.float32).to(device) labels = torch.tensor(pd.read_csv(labels_path).values.squeeze(), dtype=torch.long).to(device) # Model config input_dim = contrastive_emb.shape[1] graph_dim = graph_features.shape[1] hidden_dim = 64 num_classes = len(torch.unique(labels)) batch_size = 16 epochs = 20 # Init model model = HFAGM(input_dim, graph_dim, hidden_dim, num_classes).to(device) optimizer = "
outputs\revision_audit\claim_evidence_detailed.csv,83,64.0,0,0,"C44_DI_REAL_1,4.4,fairness,Real-data disparate impact reported as 1.0,1.0,1.0,1,models\classifiers\train_hfagm.py,train_hfagm.py,""ce) adj_matrix = torch.tensor(np.load(adj_path), dtype=torch.float32).to(device) labels = torch.tensor(pd.read_csv(labels_path).values.squeeze(), dtype=torch.long).to(device) # Model config input_dim = contrastive_emb.shape[1] graph_dim = graph_features.shape[1] hidden_dim = 64 num_classes = len(torch.unique(labels)) batch_size = 16 epochs = 20 # Init model model = HFAGM(input_dim, graph_dim, hidden_dim, num_classes).to(device) optimizer = torch.optim.Adam(model.paramete"",False","C44_DI_REAL_1,4.4,fairness,Real-data disparate impact reported as 1.0,1.0,1.0,1,models\classifiers\train_hfagm.py,train_hfagm.py,""ive_path), dtype=torch.float32).to(device) adj_matrix = torch.tensor(np.load(adj_path), dtype=torch.float32).to(device) labels = torch.tensor(pd.read_csv(labels_path).values.squeeze(), dtype=torch.long).to(device) # Model config input_dim = contrastive_emb.shape[1] graph_dim = graph_features.shape[1] hidden_dim = 64 num_classes = len(torch.unique(labels)) batch_size = 16 epochs = 20 # Init model model = HFAGM(input_dim, graph_dim, hidden_dim, num_classes).to(device) opti"",False | C44_DI_REAL_1,4.4,fairness,Real-data disparate impact reported as 1.0,1.0,1.0,1,models\classifiers\train_hfagm.py,train_hfagm.py,""ive_path), dtype=torch.float32).to(device) adj_matrix = torch.tensor(np.load(adj_path), dtype=torch.float32).to(device) labels = torch.tensor(pd.read_csv(labels_path).values.squeeze(), dtype=torch.long).to(device) # Model config input_dim = contrastive_emb.shape[1] graph_dim = graph_features.shape[1] hidden_dim = 64 num_classes = len(torch.unique(labels)) batch_size = 16 epochs = 20 # Init model model = HFAGM(input_dim, graph_dim, hidden_dim, num_classes).to(device) opti"",False | C44_DI_REAL_1,4.4,fairness,Real-data disparate impact reported as 1.0,1.0,1.0,1,models\classifiers\train_hfagm.py,train_hfagm.py,""ce) adj_matrix = torch.tensor(np.load(adj_path), dtype=torch.float32).to(device) labels = torch.tensor(pd.read_csv(labels_path).values.squeeze(), dtype=torch.long).to(device) # Model config input_dim = contrastive_emb.shape[1] graph_dim = graph_features.shape[1] hidden_dim = 64 num_classes = len(torch.unique(labels)) batch_size = 16 epochs = 20 # Init model model = HFAGM(input_dim, graph_dim, hidden_dim, num_classes).to(device) optimizer = torch.optim.Adam(model.paramete"",False | C44_DI_REAL_1,4.4,fairness,Real-data disparate impact reported as 1.0,1.0,1.0,1,models\classifiers\train_hfagm.py,train_hfagm.py,""ce) adj_matrix = torch.tensor(np.load(adj_path), dtype=torch.float32).to(device) labels = torch.tensor(pd.read_csv(labels_path).values.squeeze(), dtype=torch.long).to(device) # Model config input_dim = contrastive_emb.shape[1] graph_dim = graph_features.shape[1] hidden_dim = 64 num_classes = len(torch.unique(labels)) batch_size = 16 epochs = 20 # Init model model = HFAGM(input_dim, graph_dim, hidden_dim, num_classes).to(device) optimizer = torch.optim.Adam(model.paramete"",False | C44_DI_REAL_1,4.4,fairness,Real-data disparate impact reported as 1.0,1.0,1.0,1,models\classifiers\train_hfagm.py,train_hfagm.py,""oad(adj_path), dtype=torch.float32).to(device) labels = torch.tensor(pd.read_csv(labels_path).values.squeeze(), dtype=torch.long).to(device) # Model config input_dim = contrastive_emb.shape[1] graph_dim = graph_features.shape[1] hidden_dim = 64 num_classes = len(torch.unique(labels)) batch_size = 16 epochs = 20 # Init model model = HFAGM(input_dim, graph_dim, hidden_dim, num_classes).to(device) optimizer = "
outputs\revision_audit\claim_evidence_detailed.csv,83,16.0,0,0,"C44_DI_REAL_1,4.4,fairness,Real-data disparate impact reported as 1.0,1.0,1.0,1,models\classifiers\train_hfagm.py,train_hfagm.py,""ce) adj_matrix = torch.tensor(np.load(adj_path), dtype=torch.float32).to(device) labels = torch.tensor(pd.read_csv(labels_path).values.squeeze(), dtype=torch.long).to(device) # Model config input_dim = contrastive_emb.shape[1] graph_dim = graph_features.shape[1] hidden_dim = 64 num_classes = len(torch.unique(labels)) batch_size = 16 epochs = 20 # Init model model = HFAGM(input_dim, graph_dim, hidden_dim, num_classes).to(device) optimizer = torch.optim.Adam(model.paramete"",False","C44_DI_REAL_1,4.4,fairness,Real-data disparate impact reported as 1.0,1.0,1.0,1,models\classifiers\train_hfagm.py,train_hfagm.py,""ive_path), dtype=torch.float32).to(device) adj_matrix = torch.tensor(np.load(adj_path), dtype=torch.float32).to(device) labels = torch.tensor(pd.read_csv(labels_path).values.squeeze(), dtype=torch.long).to(device) # Model config input_dim = contrastive_emb.shape[1] graph_dim = graph_features.shape[1] hidden_dim = 64 num_classes = len(torch.unique(labels)) batch_size = 16 epochs = 20 # Init model model = HFAGM(input_dim, graph_dim, hidden_dim, num_classes).to(device) opti"",False | C44_DI_REAL_1,4.4,fairness,Real-data disparate impact reported as 1.0,1.0,1.0,1,models\classifiers\train_hfagm.py,train_hfagm.py,""ive_path), dtype=torch.float32).to(device) adj_matrix = torch.tensor(np.load(adj_path), dtype=torch.float32).to(device) labels = torch.tensor(pd.read_csv(labels_path).values.squeeze(), dtype=torch.long).to(device) # Model config input_dim = contrastive_emb.shape[1] graph_dim = graph_features.shape[1] hidden_dim = 64 num_classes = len(torch.unique(labels)) batch_size = 16 epochs = 20 # Init model model = HFAGM(input_dim, graph_dim, hidden_dim, num_classes).to(device) opti"",False | C44_DI_REAL_1,4.4,fairness,Real-data disparate impact reported as 1.0,1.0,1.0,1,models\classifiers\train_hfagm.py,train_hfagm.py,""ce) adj_matrix = torch.tensor(np.load(adj_path), dtype=torch.float32).to(device) labels = torch.tensor(pd.read_csv(labels_path).values.squeeze(), dtype=torch.long).to(device) # Model config input_dim = contrastive_emb.shape[1] graph_dim = graph_features.shape[1] hidden_dim = 64 num_classes = len(torch.unique(labels)) batch_size = 16 epochs = 20 # Init model model = HFAGM(input_dim, graph_dim, hidden_dim, num_classes).to(device) optimizer = torch.optim.Adam(model.paramete"",False | C44_DI_REAL_1,4.4,fairness,Real-data disparate impact reported as 1.0,1.0,1.0,1,models\classifiers\train_hfagm.py,train_hfagm.py,""ce) adj_matrix = torch.tensor(np.load(adj_path), dtype=torch.float32).to(device) labels = torch.tensor(pd.read_csv(labels_path).values.squeeze(), dtype=torch.long).to(device) # Model config input_dim = contrastive_emb.shape[1] graph_dim = graph_features.shape[1] hidden_dim = 64 num_classes = len(torch.unique(labels)) batch_size = 16 epochs = 20 # Init model model = HFAGM(input_dim, graph_dim, hidden_dim, num_classes).to(device) optimizer = torch.optim.Adam(model.paramete"",False | C44_DI_REAL_1,4.4,fairness,Real-data disparate impact reported as 1.0,1.0,1.0,1,models\classifiers\train_hfagm.py,train_hfagm.py,""oad(adj_path), dtype=torch.float32).to(device) labels = torch.tensor(pd.read_csv(labels_path).values.squeeze(), dtype=torch.long).to(device) # Model config input_dim = contrastive_emb.shape[1] graph_dim = graph_features.shape[1] hidden_dim = 64 num_classes = len(torch.unique(labels)) batch_size = 16 epochs = 20 # Init model model = HFAGM(input_dim, graph_dim, hidden_dim, num_classes).to(device) optimizer = "
outputs\revision_audit\claim_evidence_detailed.csv,83,20.0,0,0,"C44_DI_REAL_1,4.4,fairness,Real-data disparate impact reported as 1.0,1.0,1.0,1,models\classifiers\train_hfagm.py,train_hfagm.py,""ce) adj_matrix = torch.tensor(np.load(adj_path), dtype=torch.float32).to(device) labels = torch.tensor(pd.read_csv(labels_path).values.squeeze(), dtype=torch.long).to(device) # Model config input_dim = contrastive_emb.shape[1] graph_dim = graph_features.shape[1] hidden_dim = 64 num_classes = len(torch.unique(labels)) batch_size = 16 epochs = 20 # Init model model = HFAGM(input_dim, graph_dim, hidden_dim, num_classes).to(device) optimizer = torch.optim.Adam(model.paramete"",False","C44_DI_REAL_1,4.4,fairness,Real-data disparate impact reported as 1.0,1.0,1.0,1,models\classifiers\train_hfagm.py,train_hfagm.py,""ive_path), dtype=torch.float32).to(device) adj_matrix = torch.tensor(np.load(adj_path), dtype=torch.float32).to(device) labels = torch.tensor(pd.read_csv(labels_path).values.squeeze(), dtype=torch.long).to(device) # Model config input_dim = contrastive_emb.shape[1] graph_dim = graph_features.shape[1] hidden_dim = 64 num_classes = len(torch.unique(labels)) batch_size = 16 epochs = 20 # Init model model = HFAGM(input_dim, graph_dim, hidden_dim, num_classes).to(device) opti"",False | C44_DI_REAL_1,4.4,fairness,Real-data disparate impact reported as 1.0,1.0,1.0,1,models\classifiers\train_hfagm.py,train_hfagm.py,""ive_path), dtype=torch.float32).to(device) adj_matrix = torch.tensor(np.load(adj_path), dtype=torch.float32).to(device) labels = torch.tensor(pd.read_csv(labels_path).values.squeeze(), dtype=torch.long).to(device) # Model config input_dim = contrastive_emb.shape[1] graph_dim = graph_features.shape[1] hidden_dim = 64 num_classes = len(torch.unique(labels)) batch_size = 16 epochs = 20 # Init model model = HFAGM(input_dim, graph_dim, hidden_dim, num_classes).to(device) opti"",False | C44_DI_REAL_1,4.4,fairness,Real-data disparate impact reported as 1.0,1.0,1.0,1,models\classifiers\train_hfagm.py,train_hfagm.py,""ce) adj_matrix = torch.tensor(np.load(adj_path), dtype=torch.float32).to(device) labels = torch.tensor(pd.read_csv(labels_path).values.squeeze(), dtype=torch.long).to(device) # Model config input_dim = contrastive_emb.shape[1] graph_dim = graph_features.shape[1] hidden_dim = 64 num_classes = len(torch.unique(labels)) batch_size = 16 epochs = 20 # Init model model = HFAGM(input_dim, graph_dim, hidden_dim, num_classes).to(device) optimizer = torch.optim.Adam(model.paramete"",False | C44_DI_REAL_1,4.4,fairness,Real-data disparate impact reported as 1.0,1.0,1.0,1,models\classifiers\train_hfagm.py,train_hfagm.py,""ce) adj_matrix = torch.tensor(np.load(adj_path), dtype=torch.float32).to(device) labels = torch.tensor(pd.read_csv(labels_path).values.squeeze(), dtype=torch.long).to(device) # Model config input_dim = contrastive_emb.shape[1] graph_dim = graph_features.shape[1] hidden_dim = 64 num_classes = len(torch.unique(labels)) batch_size = 16 epochs = 20 # Init model model = HFAGM(input_dim, graph_dim, hidden_dim, num_classes).to(device) optimizer = torch.optim.Adam(model.paramete"",False | C44_DI_REAL_1,4.4,fairness,Real-data disparate impact reported as 1.0,1.0,1.0,1,models\classifiers\train_hfagm.py,train_hfagm.py,""oad(adj_path), dtype=torch.float32).to(device) labels = torch.tensor(pd.read_csv(labels_path).values.squeeze(), dtype=torch.long).to(device) # Model config input_dim = contrastive_emb.shape[1] graph_dim = graph_features.shape[1] hidden_dim = 64 num_classes = len(torch.unique(labels)) batch_size = 16 epochs = 20 # Init model model = HFAGM(input_dim, graph_dim, hidden_dim, num_classes).to(device) optimizer = "
outputs\revision_audit\claim_evidence_detailed.csv,84,4.4,0,0,"C44_DI_REAL_1,4.4,fairness,Real-data disparate impact reported as 1.0,1.0,1.0,1,models\classifiers\train_hfagm.py,train_hfagm.py,""ce) adj_matrix = torch.tensor(np.load(adj_path), dtype=torch.float32).to(device) labels = torch.tensor(pd.read_csv(labels_path).values.squeeze(), dtype=torch.long).to(device) # Model config input_dim = contrastive_emb.shape[1] graph_dim = graph_features.shape[1] hidden_dim = 64 num_classes = len(torch.unique(labels)) batch_size = 16 epochs = 20 # Init model model = HFAGM(input_dim, graph_dim, hidden_dim, num_classes).to(device) optimizer = torch.optim.Adam(model.paramete"",False","C44_DI_REAL_1,4.4,fairness,Real-data disparate impact reported as 1.0,1.0,1.0,1,models\classifiers\train_hfagm.py,train_hfagm.py,""ive_path), dtype=torch.float32).to(device) adj_matrix = torch.tensor(np.load(adj_path), dtype=torch.float32).to(device) labels = torch.tensor(pd.read_csv(labels_path).values.squeeze(), dtype=torch.long).to(device) # Model config input_dim = contrastive_emb.shape[1] graph_dim = graph_features.shape[1] hidden_dim = 64 num_classes = len(torch.unique(labels)) batch_size = 16 epochs = 20 # Init model model = HFAGM(input_dim, graph_dim, hidden_dim, num_classes).to(device) opti"",False | C44_DI_REAL_1,4.4,fairness,Real-data disparate impact reported as 1.0,1.0,1.0,1,models\classifiers\train_hfagm.py,train_hfagm.py,""ce) adj_matrix = torch.tensor(np.load(adj_path), dtype=torch.float32).to(device) labels = torch.tensor(pd.read_csv(labels_path).values.squeeze(), dtype=torch.long).to(device) # Model config input_dim = contrastive_emb.shape[1] graph_dim = graph_features.shape[1] hidden_dim = 64 num_classes = len(torch.unique(labels)) batch_size = 16 epochs = 20 # Init model model = HFAGM(input_dim, graph_dim, hidden_dim, num_classes).to(device) optimizer = torch.optim.Adam(model.paramete"",False | C44_DI_REAL_1,4.4,fairness,Real-data disparate impact reported as 1.0,1.0,1.0,1,models\classifiers\train_hfagm.py,train_hfagm.py,""ce) adj_matrix = torch.tensor(np.load(adj_path), dtype=torch.float32).to(device) labels = torch.tensor(pd.read_csv(labels_path).values.squeeze(), dtype=torch.long).to(device) # Model config input_dim = contrastive_emb.shape[1] graph_dim = graph_features.shape[1] hidden_dim = 64 num_classes = len(torch.unique(labels)) batch_size = 16 epochs = 20 # Init model model = HFAGM(input_dim, graph_dim, hidden_dim, num_classes).to(device) optimizer = torch.optim.Adam(model.paramete"",False | C44_DI_REAL_1,4.4,fairness,Real-data disparate impact reported as 1.0,1.0,1.0,1,models\classifiers\train_hfagm.py,train_hfagm.py,""oad(adj_path), dtype=torch.float32).to(device) labels = torch.tensor(pd.read_csv(labels_path).values.squeeze(), dtype=torch.long).to(device) # Model config input_dim = contrastive_emb.shape[1] graph_dim = graph_features.shape[1] hidden_dim = 64 num_classes = len(torch.unique(labels)) batch_size = 16 epochs = 20 # Init model model = HFAGM(input_dim, graph_dim, hidden_dim, num_classes).to(device) optimizer = torch.optim.Adam(model.parameters(), lr=1e-3) criterion = nn.CrossEntr"",False | C44_DI_REAL_1,4.4,fairness,Real-data disparate impact reported as 1.0,1.0,1.0,1,models\classifiers\train_hfagm.py,train_hfagm.py,""oad(adj_path), dtype=torch.float32).to(device) labels = torch.tensor(pd.read_csv(labels_path).values.squeeze(), dtype=torch.long).to(device) # Model config input_dim = contrastive_emb.shape[1] graph_dim = graph_features.shape[1] hidden_dim = 64 num_classes = len(torch.unique(labels)) batch_size = 16 epochs = 20 # Init model model = HFAGM(input_dim, graph_dim, hidden_dim, num_classes).to(device) optimiz"
outputs\revision_audit\claim_evidence_detailed.csv,84,1.0,0,0,"C44_DI_REAL_1,4.4,fairness,Real-data disparate impact reported as 1.0,1.0,1.0,1,models\classifiers\train_hfagm.py,train_hfagm.py,""ce) adj_matrix = torch.tensor(np.load(adj_path), dtype=torch.float32).to(device) labels = torch.tensor(pd.read_csv(labels_path).values.squeeze(), dtype=torch.long).to(device) # Model config input_dim = contrastive_emb.shape[1] graph_dim = graph_features.shape[1] hidden_dim = 64 num_classes = len(torch.unique(labels)) batch_size = 16 epochs = 20 # Init model model = HFAGM(input_dim, graph_dim, hidden_dim, num_classes).to(device) optimizer = torch.optim.Adam(model.paramete"",False","C44_DI_REAL_1,4.4,fairness,Real-data disparate impact reported as 1.0,1.0,1.0,1,models\classifiers\train_hfagm.py,train_hfagm.py,""ive_path), dtype=torch.float32).to(device) adj_matrix = torch.tensor(np.load(adj_path), dtype=torch.float32).to(device) labels = torch.tensor(pd.read_csv(labels_path).values.squeeze(), dtype=torch.long).to(device) # Model config input_dim = contrastive_emb.shape[1] graph_dim = graph_features.shape[1] hidden_dim = 64 num_classes = len(torch.unique(labels)) batch_size = 16 epochs = 20 # Init model model = HFAGM(input_dim, graph_dim, hidden_dim, num_classes).to(device) opti"",False | C44_DI_REAL_1,4.4,fairness,Real-data disparate impact reported as 1.0,1.0,1.0,1,models\classifiers\train_hfagm.py,train_hfagm.py,""ce) adj_matrix = torch.tensor(np.load(adj_path), dtype=torch.float32).to(device) labels = torch.tensor(pd.read_csv(labels_path).values.squeeze(), dtype=torch.long).to(device) # Model config input_dim = contrastive_emb.shape[1] graph_dim = graph_features.shape[1] hidden_dim = 64 num_classes = len(torch.unique(labels)) batch_size = 16 epochs = 20 # Init model model = HFAGM(input_dim, graph_dim, hidden_dim, num_classes).to(device) optimizer = torch.optim.Adam(model.paramete"",False | C44_DI_REAL_1,4.4,fairness,Real-data disparate impact reported as 1.0,1.0,1.0,1,models\classifiers\train_hfagm.py,train_hfagm.py,""ce) adj_matrix = torch.tensor(np.load(adj_path), dtype=torch.float32).to(device) labels = torch.tensor(pd.read_csv(labels_path).values.squeeze(), dtype=torch.long).to(device) # Model config input_dim = contrastive_emb.shape[1] graph_dim = graph_features.shape[1] hidden_dim = 64 num_classes = len(torch.unique(labels)) batch_size = 16 epochs = 20 # Init model model = HFAGM(input_dim, graph_dim, hidden_dim, num_classes).to(device) optimizer = torch.optim.Adam(model.paramete"",False | C44_DI_REAL_1,4.4,fairness,Real-data disparate impact reported as 1.0,1.0,1.0,1,models\classifiers\train_hfagm.py,train_hfagm.py,""oad(adj_path), dtype=torch.float32).to(device) labels = torch.tensor(pd.read_csv(labels_path).values.squeeze(), dtype=torch.long).to(device) # Model config input_dim = contrastive_emb.shape[1] graph_dim = graph_features.shape[1] hidden_dim = 64 num_classes = len(torch.unique(labels)) batch_size = 16 epochs = 20 # Init model model = HFAGM(input_dim, graph_dim, hidden_dim, num_classes).to(device) optimizer = torch.optim.Adam(model.parameters(), lr=1e-3) criterion = nn.CrossEntr"",False | C44_DI_REAL_1,4.4,fairness,Real-data disparate impact reported as 1.0,1.0,1.0,1,models\classifiers\train_hfagm.py,train_hfagm.py,""oad(adj_path), dtype=torch.float32).to(device) labels = torch.tensor(pd.read_csv(labels_path).values.squeeze(), dtype=torch.long).to(device) # Model config input_dim = contrastive_emb.shape[1] graph_dim = graph_features.shape[1] hidden_dim = 64 num_classes = len(torch.unique(labels)) batch_size = 16 epochs = 20 # Init model model = HFAGM(input_dim, graph_dim, hidden_dim, num_classes).to(device) optimiz"
outputs\revision_audit\claim_evidence_detailed.csv,84,1.0,0,0,"C44_DI_REAL_1,4.4,fairness,Real-data disparate impact reported as 1.0,1.0,1.0,1,models\classifiers\train_hfagm.py,train_hfagm.py,""ce) adj_matrix = torch.tensor(np.load(adj_path), dtype=torch.float32).to(device) labels = torch.tensor(pd.read_csv(labels_path).values.squeeze(), dtype=torch.long).to(device) # Model config input_dim = contrastive_emb.shape[1] graph_dim = graph_features.shape[1] hidden_dim = 64 num_classes = len(torch.unique(labels)) batch_size = 16 epochs = 20 # Init model model = HFAGM(input_dim, graph_dim, hidden_dim, num_classes).to(device) optimizer = torch.optim.Adam(model.paramete"",False","C44_DI_REAL_1,4.4,fairness,Real-data disparate impact reported as 1.0,1.0,1.0,1,models\classifiers\train_hfagm.py,train_hfagm.py,""ive_path), dtype=torch.float32).to(device) adj_matrix = torch.tensor(np.load(adj_path), dtype=torch.float32).to(device) labels = torch.tensor(pd.read_csv(labels_path).values.squeeze(), dtype=torch.long).to(device) # Model config input_dim = contrastive_emb.shape[1] graph_dim = graph_features.shape[1] hidden_dim = 64 num_classes = len(torch.unique(labels)) batch_size = 16 epochs = 20 # Init model model = HFAGM(input_dim, graph_dim, hidden_dim, num_classes).to(device) opti"",False | C44_DI_REAL_1,4.4,fairness,Real-data disparate impact reported as 1.0,1.0,1.0,1,models\classifiers\train_hfagm.py,train_hfagm.py,""ce) adj_matrix = torch.tensor(np.load(adj_path), dtype=torch.float32).to(device) labels = torch.tensor(pd.read_csv(labels_path).values.squeeze(), dtype=torch.long).to(device) # Model config input_dim = contrastive_emb.shape[1] graph_dim = graph_features.shape[1] hidden_dim = 64 num_classes = len(torch.unique(labels)) batch_size = 16 epochs = 20 # Init model model = HFAGM(input_dim, graph_dim, hidden_dim, num_classes).to(device) optimizer = torch.optim.Adam(model.paramete"",False | C44_DI_REAL_1,4.4,fairness,Real-data disparate impact reported as 1.0,1.0,1.0,1,models\classifiers\train_hfagm.py,train_hfagm.py,""ce) adj_matrix = torch.tensor(np.load(adj_path), dtype=torch.float32).to(device) labels = torch.tensor(pd.read_csv(labels_path).values.squeeze(), dtype=torch.long).to(device) # Model config input_dim = contrastive_emb.shape[1] graph_dim = graph_features.shape[1] hidden_dim = 64 num_classes = len(torch.unique(labels)) batch_size = 16 epochs = 20 # Init model model = HFAGM(input_dim, graph_dim, hidden_dim, num_classes).to(device) optimizer = torch.optim.Adam(model.paramete"",False | C44_DI_REAL_1,4.4,fairness,Real-data disparate impact reported as 1.0,1.0,1.0,1,models\classifiers\train_hfagm.py,train_hfagm.py,""oad(adj_path), dtype=torch.float32).to(device) labels = torch.tensor(pd.read_csv(labels_path).values.squeeze(), dtype=torch.long).to(device) # Model config input_dim = contrastive_emb.shape[1] graph_dim = graph_features.shape[1] hidden_dim = 64 num_classes = len(torch.unique(labels)) batch_size = 16 epochs = 20 # Init model model = HFAGM(input_dim, graph_dim, hidden_dim, num_classes).to(device) optimizer = torch.optim.Adam(model.parameters(), lr=1e-3) criterion = nn.CrossEntr"",False | C44_DI_REAL_1,4.4,fairness,Real-data disparate impact reported as 1.0,1.0,1.0,1,models\classifiers\train_hfagm.py,train_hfagm.py,""oad(adj_path), dtype=torch.float32).to(device) labels = torch.tensor(pd.read_csv(labels_path).values.squeeze(), dtype=torch.long).to(device) # Model config input_dim = contrastive_emb.shape[1] graph_dim = graph_features.shape[1] hidden_dim = 64 num_classes = len(torch.unique(labels)) batch_size = 16 epochs = 20 # Init model model = HFAGM(input_dim, graph_dim, hidden_dim, num_classes).to(device) optimiz"
outputs\revision_audit\claim_evidence_detailed.csv,84,1.0,0,0,"C44_DI_REAL_1,4.4,fairness,Real-data disparate impact reported as 1.0,1.0,1.0,1,models\classifiers\train_hfagm.py,train_hfagm.py,""ce) adj_matrix = torch.tensor(np.load(adj_path), dtype=torch.float32).to(device) labels = torch.tensor(pd.read_csv(labels_path).values.squeeze(), dtype=torch.long).to(device) # Model config input_dim = contrastive_emb.shape[1] graph_dim = graph_features.shape[1] hidden_dim = 64 num_classes = len(torch.unique(labels)) batch_size = 16 epochs = 20 # Init model model = HFAGM(input_dim, graph_dim, hidden_dim, num_classes).to(device) optimizer = torch.optim.Adam(model.paramete"",False","C44_DI_REAL_1,4.4,fairness,Real-data disparate impact reported as 1.0,1.0,1.0,1,models\classifiers\train_hfagm.py,train_hfagm.py,""ive_path), dtype=torch.float32).to(device) adj_matrix = torch.tensor(np.load(adj_path), dtype=torch.float32).to(device) labels = torch.tensor(pd.read_csv(labels_path).values.squeeze(), dtype=torch.long).to(device) # Model config input_dim = contrastive_emb.shape[1] graph_dim = graph_features.shape[1] hidden_dim = 64 num_classes = len(torch.unique(labels)) batch_size = 16 epochs = 20 # Init model model = HFAGM(input_dim, graph_dim, hidden_dim, num_classes).to(device) opti"",False | C44_DI_REAL_1,4.4,fairness,Real-data disparate impact reported as 1.0,1.0,1.0,1,models\classifiers\train_hfagm.py,train_hfagm.py,""ce) adj_matrix = torch.tensor(np.load(adj_path), dtype=torch.float32).to(device) labels = torch.tensor(pd.read_csv(labels_path).values.squeeze(), dtype=torch.long).to(device) # Model config input_dim = contrastive_emb.shape[1] graph_dim = graph_features.shape[1] hidden_dim = 64 num_classes = len(torch.unique(labels)) batch_size = 16 epochs = 20 # Init model model = HFAGM(input_dim, graph_dim, hidden_dim, num_classes).to(device) optimizer = torch.optim.Adam(model.paramete"",False | C44_DI_REAL_1,4.4,fairness,Real-data disparate impact reported as 1.0,1.0,1.0,1,models\classifiers\train_hfagm.py,train_hfagm.py,""ce) adj_matrix = torch.tensor(np.load(adj_path), dtype=torch.float32).to(device) labels = torch.tensor(pd.read_csv(labels_path).values.squeeze(), dtype=torch.long).to(device) # Model config input_dim = contrastive_emb.shape[1] graph_dim = graph_features.shape[1] hidden_dim = 64 num_classes = len(torch.unique(labels)) batch_size = 16 epochs = 20 # Init model model = HFAGM(input_dim, graph_dim, hidden_dim, num_classes).to(device) optimizer = torch.optim.Adam(model.paramete"",False | C44_DI_REAL_1,4.4,fairness,Real-data disparate impact reported as 1.0,1.0,1.0,1,models\classifiers\train_hfagm.py,train_hfagm.py,""oad(adj_path), dtype=torch.float32).to(device) labels = torch.tensor(pd.read_csv(labels_path).values.squeeze(), dtype=torch.long).to(device) # Model config input_dim = contrastive_emb.shape[1] graph_dim = graph_features.shape[1] hidden_dim = 64 num_classes = len(torch.unique(labels)) batch_size = 16 epochs = 20 # Init model model = HFAGM(input_dim, graph_dim, hidden_dim, num_classes).to(device) optimizer = torch.optim.Adam(model.parameters(), lr=1e-3) criterion = nn.CrossEntr"",False | C44_DI_REAL_1,4.4,fairness,Real-data disparate impact reported as 1.0,1.0,1.0,1,models\classifiers\train_hfagm.py,train_hfagm.py,""oad(adj_path), dtype=torch.float32).to(device) labels = torch.tensor(pd.read_csv(labels_path).values.squeeze(), dtype=torch.long).to(device) # Model config input_dim = contrastive_emb.shape[1] graph_dim = graph_features.shape[1] hidden_dim = 64 num_classes = len(torch.unique(labels)) batch_size = 16 epochs = 20 # Init model model = HFAGM(input_dim, graph_dim, hidden_dim, num_classes).to(device) optimiz"
outputs\revision_audit\claim_evidence_detailed.csv,84,1.0,0,0,"C44_DI_REAL_1,4.4,fairness,Real-data disparate impact reported as 1.0,1.0,1.0,1,models\classifiers\train_hfagm.py,train_hfagm.py,""ce) adj_matrix = torch.tensor(np.load(adj_path), dtype=torch.float32).to(device) labels = torch.tensor(pd.read_csv(labels_path).values.squeeze(), dtype=torch.long).to(device) # Model config input_dim = contrastive_emb.shape[1] graph_dim = graph_features.shape[1] hidden_dim = 64 num_classes = len(torch.unique(labels)) batch_size = 16 epochs = 20 # Init model model = HFAGM(input_dim, graph_dim, hidden_dim, num_classes).to(device) optimizer = torch.optim.Adam(model.paramete"",False","C44_DI_REAL_1,4.4,fairness,Real-data disparate impact reported as 1.0,1.0,1.0,1,models\classifiers\train_hfagm.py,train_hfagm.py,""ive_path), dtype=torch.float32).to(device) adj_matrix = torch.tensor(np.load(adj_path), dtype=torch.float32).to(device) labels = torch.tensor(pd.read_csv(labels_path).values.squeeze(), dtype=torch.long).to(device) # Model config input_dim = contrastive_emb.shape[1] graph_dim = graph_features.shape[1] hidden_dim = 64 num_classes = len(torch.unique(labels)) batch_size = 16 epochs = 20 # Init model model = HFAGM(input_dim, graph_dim, hidden_dim, num_classes).to(device) opti"",False | C44_DI_REAL_1,4.4,fairness,Real-data disparate impact reported as 1.0,1.0,1.0,1,models\classifiers\train_hfagm.py,train_hfagm.py,""ce) adj_matrix = torch.tensor(np.load(adj_path), dtype=torch.float32).to(device) labels = torch.tensor(pd.read_csv(labels_path).values.squeeze(), dtype=torch.long).to(device) # Model config input_dim = contrastive_emb.shape[1] graph_dim = graph_features.shape[1] hidden_dim = 64 num_classes = len(torch.unique(labels)) batch_size = 16 epochs = 20 # Init model model = HFAGM(input_dim, graph_dim, hidden_dim, num_classes).to(device) optimizer = torch.optim.Adam(model.paramete"",False | C44_DI_REAL_1,4.4,fairness,Real-data disparate impact reported as 1.0,1.0,1.0,1,models\classifiers\train_hfagm.py,train_hfagm.py,""ce) adj_matrix = torch.tensor(np.load(adj_path), dtype=torch.float32).to(device) labels = torch.tensor(pd.read_csv(labels_path).values.squeeze(), dtype=torch.long).to(device) # Model config input_dim = contrastive_emb.shape[1] graph_dim = graph_features.shape[1] hidden_dim = 64 num_classes = len(torch.unique(labels)) batch_size = 16 epochs = 20 # Init model model = HFAGM(input_dim, graph_dim, hidden_dim, num_classes).to(device) optimizer = torch.optim.Adam(model.paramete"",False | C44_DI_REAL_1,4.4,fairness,Real-data disparate impact reported as 1.0,1.0,1.0,1,models\classifiers\train_hfagm.py,train_hfagm.py,""oad(adj_path), dtype=torch.float32).to(device) labels = torch.tensor(pd.read_csv(labels_path).values.squeeze(), dtype=torch.long).to(device) # Model config input_dim = contrastive_emb.shape[1] graph_dim = graph_features.shape[1] hidden_dim = 64 num_classes = len(torch.unique(labels)) batch_size = 16 epochs = 20 # Init model model = HFAGM(input_dim, graph_dim, hidden_dim, num_classes).to(device) optimizer = torch.optim.Adam(model.parameters(), lr=1e-3) criterion = nn.CrossEntr"",False | C44_DI_REAL_1,4.4,fairness,Real-data disparate impact reported as 1.0,1.0,1.0,1,models\classifiers\train_hfagm.py,train_hfagm.py,""oad(adj_path), dtype=torch.float32).to(device) labels = torch.tensor(pd.read_csv(labels_path).values.squeeze(), dtype=torch.long).to(device) # Model config input_dim = contrastive_emb.shape[1] graph_dim = graph_features.shape[1] hidden_dim = 64 num_classes = len(torch.unique(labels)) batch_size = 16 epochs = 20 # Init model model = HFAGM(input_dim, graph_dim, hidden_dim, num_classes).to(device) optimiz"
outputs\revision_audit\claim_evidence_detailed.csv,84,1.0,0,0,"C44_DI_REAL_1,4.4,fairness,Real-data disparate impact reported as 1.0,1.0,1.0,1,models\classifiers\train_hfagm.py,train_hfagm.py,""ce) adj_matrix = torch.tensor(np.load(adj_path), dtype=torch.float32).to(device) labels = torch.tensor(pd.read_csv(labels_path).values.squeeze(), dtype=torch.long).to(device) # Model config input_dim = contrastive_emb.shape[1] graph_dim = graph_features.shape[1] hidden_dim = 64 num_classes = len(torch.unique(labels)) batch_size = 16 epochs = 20 # Init model model = HFAGM(input_dim, graph_dim, hidden_dim, num_classes).to(device) optimizer = torch.optim.Adam(model.paramete"",False","C44_DI_REAL_1,4.4,fairness,Real-data disparate impact reported as 1.0,1.0,1.0,1,models\classifiers\train_hfagm.py,train_hfagm.py,""ive_path), dtype=torch.float32).to(device) adj_matrix = torch.tensor(np.load(adj_path), dtype=torch.float32).to(device) labels = torch.tensor(pd.read_csv(labels_path).values.squeeze(), dtype=torch.long).to(device) # Model config input_dim = contrastive_emb.shape[1] graph_dim = graph_features.shape[1] hidden_dim = 64 num_classes = len(torch.unique(labels)) batch_size = 16 epochs = 20 # Init model model = HFAGM(input_dim, graph_dim, hidden_dim, num_classes).to(device) opti"",False | C44_DI_REAL_1,4.4,fairness,Real-data disparate impact reported as 1.0,1.0,1.0,1,models\classifiers\train_hfagm.py,train_hfagm.py,""ce) adj_matrix = torch.tensor(np.load(adj_path), dtype=torch.float32).to(device) labels = torch.tensor(pd.read_csv(labels_path).values.squeeze(), dtype=torch.long).to(device) # Model config input_dim = contrastive_emb.shape[1] graph_dim = graph_features.shape[1] hidden_dim = 64 num_classes = len(torch.unique(labels)) batch_size = 16 epochs = 20 # Init model model = HFAGM(input_dim, graph_dim, hidden_dim, num_classes).to(device) optimizer = torch.optim.Adam(model.paramete"",False | C44_DI_REAL_1,4.4,fairness,Real-data disparate impact reported as 1.0,1.0,1.0,1,models\classifiers\train_hfagm.py,train_hfagm.py,""ce) adj_matrix = torch.tensor(np.load(adj_path), dtype=torch.float32).to(device) labels = torch.tensor(pd.read_csv(labels_path).values.squeeze(), dtype=torch.long).to(device) # Model config input_dim = contrastive_emb.shape[1] graph_dim = graph_features.shape[1] hidden_dim = 64 num_classes = len(torch.unique(labels)) batch_size = 16 epochs = 20 # Init model model = HFAGM(input_dim, graph_dim, hidden_dim, num_classes).to(device) optimizer = torch.optim.Adam(model.paramete"",False | C44_DI_REAL_1,4.4,fairness,Real-data disparate impact reported as 1.0,1.0,1.0,1,models\classifiers\train_hfagm.py,train_hfagm.py,""oad(adj_path), dtype=torch.float32).to(device) labels = torch.tensor(pd.read_csv(labels_path).values.squeeze(), dtype=torch.long).to(device) # Model config input_dim = contrastive_emb.shape[1] graph_dim = graph_features.shape[1] hidden_dim = 64 num_classes = len(torch.unique(labels)) batch_size = 16 epochs = 20 # Init model model = HFAGM(input_dim, graph_dim, hidden_dim, num_classes).to(device) optimizer = torch.optim.Adam(model.parameters(), lr=1e-3) criterion = nn.CrossEntr"",False | C44_DI_REAL_1,4.4,fairness,Real-data disparate impact reported as 1.0,1.0,1.0,1,models\classifiers\train_hfagm.py,train_hfagm.py,""oad(adj_path), dtype=torch.float32).to(device) labels = torch.tensor(pd.read_csv(labels_path).values.squeeze(), dtype=torch.long).to(device) # Model config input_dim = contrastive_emb.shape[1] graph_dim = graph_features.shape[1] hidden_dim = 64 num_classes = len(torch.unique(labels)) batch_size = 16 epochs = 20 # Init model model = HFAGM(input_dim, graph_dim, hidden_dim, num_classes).to(device) optimiz"
outputs\revision_audit\claim_evidence_detailed.csv,84,1.0,0,0,"C44_DI_REAL_1,4.4,fairness,Real-data disparate impact reported as 1.0,1.0,1.0,1,models\classifiers\train_hfagm.py,train_hfagm.py,""ce) adj_matrix = torch.tensor(np.load(adj_path), dtype=torch.float32).to(device) labels = torch.tensor(pd.read_csv(labels_path).values.squeeze(), dtype=torch.long).to(device) # Model config input_dim = contrastive_emb.shape[1] graph_dim = graph_features.shape[1] hidden_dim = 64 num_classes = len(torch.unique(labels)) batch_size = 16 epochs = 20 # Init model model = HFAGM(input_dim, graph_dim, hidden_dim, num_classes).to(device) optimizer = torch.optim.Adam(model.paramete"",False","C44_DI_REAL_1,4.4,fairness,Real-data disparate impact reported as 1.0,1.0,1.0,1,models\classifiers\train_hfagm.py,train_hfagm.py,""ive_path), dtype=torch.float32).to(device) adj_matrix = torch.tensor(np.load(adj_path), dtype=torch.float32).to(device) labels = torch.tensor(pd.read_csv(labels_path).values.squeeze(), dtype=torch.long).to(device) # Model config input_dim = contrastive_emb.shape[1] graph_dim = graph_features.shape[1] hidden_dim = 64 num_classes = len(torch.unique(labels)) batch_size = 16 epochs = 20 # Init model model = HFAGM(input_dim, graph_dim, hidden_dim, num_classes).to(device) opti"",False | C44_DI_REAL_1,4.4,fairness,Real-data disparate impact reported as 1.0,1.0,1.0,1,models\classifiers\train_hfagm.py,train_hfagm.py,""ce) adj_matrix = torch.tensor(np.load(adj_path), dtype=torch.float32).to(device) labels = torch.tensor(pd.read_csv(labels_path).values.squeeze(), dtype=torch.long).to(device) # Model config input_dim = contrastive_emb.shape[1] graph_dim = graph_features.shape[1] hidden_dim = 64 num_classes = len(torch.unique(labels)) batch_size = 16 epochs = 20 # Init model model = HFAGM(input_dim, graph_dim, hidden_dim, num_classes).to(device) optimizer = torch.optim.Adam(model.paramete"",False | C44_DI_REAL_1,4.4,fairness,Real-data disparate impact reported as 1.0,1.0,1.0,1,models\classifiers\train_hfagm.py,train_hfagm.py,""ce) adj_matrix = torch.tensor(np.load(adj_path), dtype=torch.float32).to(device) labels = torch.tensor(pd.read_csv(labels_path).values.squeeze(), dtype=torch.long).to(device) # Model config input_dim = contrastive_emb.shape[1] graph_dim = graph_features.shape[1] hidden_dim = 64 num_classes = len(torch.unique(labels)) batch_size = 16 epochs = 20 # Init model model = HFAGM(input_dim, graph_dim, hidden_dim, num_classes).to(device) optimizer = torch.optim.Adam(model.paramete"",False | C44_DI_REAL_1,4.4,fairness,Real-data disparate impact reported as 1.0,1.0,1.0,1,models\classifiers\train_hfagm.py,train_hfagm.py,""oad(adj_path), dtype=torch.float32).to(device) labels = torch.tensor(pd.read_csv(labels_path).values.squeeze(), dtype=torch.long).to(device) # Model config input_dim = contrastive_emb.shape[1] graph_dim = graph_features.shape[1] hidden_dim = 64 num_classes = len(torch.unique(labels)) batch_size = 16 epochs = 20 # Init model model = HFAGM(input_dim, graph_dim, hidden_dim, num_classes).to(device) optimizer = torch.optim.Adam(model.parameters(), lr=1e-3) criterion = nn.CrossEntr"",False | C44_DI_REAL_1,4.4,fairness,Real-data disparate impact reported as 1.0,1.0,1.0,1,models\classifiers\train_hfagm.py,train_hfagm.py,""oad(adj_path), dtype=torch.float32).to(device) labels = torch.tensor(pd.read_csv(labels_path).values.squeeze(), dtype=torch.long).to(device) # Model config input_dim = contrastive_emb.shape[1] graph_dim = graph_features.shape[1] hidden_dim = 64 num_classes = len(torch.unique(labels)) batch_size = 16 epochs = 20 # Init model model = HFAGM(input_dim, graph_dim, hidden_dim, num_classes).to(device) optimiz"
outputs\revision_audit\claim_evidence_detailed.csv,84,64.0,0,0,"C44_DI_REAL_1,4.4,fairness,Real-data disparate impact reported as 1.0,1.0,1.0,1,models\classifiers\train_hfagm.py,train_hfagm.py,""ce) adj_matrix = torch.tensor(np.load(adj_path), dtype=torch.float32).to(device) labels = torch.tensor(pd.read_csv(labels_path).values.squeeze(), dtype=torch.long).to(device) # Model config input_dim = contrastive_emb.shape[1] graph_dim = graph_features.shape[1] hidden_dim = 64 num_classes = len(torch.unique(labels)) batch_size = 16 epochs = 20 # Init model model = HFAGM(input_dim, graph_dim, hidden_dim, num_classes).to(device) optimizer = torch.optim.Adam(model.paramete"",False","C44_DI_REAL_1,4.4,fairness,Real-data disparate impact reported as 1.0,1.0,1.0,1,models\classifiers\train_hfagm.py,train_hfagm.py,""ive_path), dtype=torch.float32).to(device) adj_matrix = torch.tensor(np.load(adj_path), dtype=torch.float32).to(device) labels = torch.tensor(pd.read_csv(labels_path).values.squeeze(), dtype=torch.long).to(device) # Model config input_dim = contrastive_emb.shape[1] graph_dim = graph_features.shape[1] hidden_dim = 64 num_classes = len(torch.unique(labels)) batch_size = 16 epochs = 20 # Init model model = HFAGM(input_dim, graph_dim, hidden_dim, num_classes).to(device) opti"",False | C44_DI_REAL_1,4.4,fairness,Real-data disparate impact reported as 1.0,1.0,1.0,1,models\classifiers\train_hfagm.py,train_hfagm.py,""ce) adj_matrix = torch.tensor(np.load(adj_path), dtype=torch.float32).to(device) labels = torch.tensor(pd.read_csv(labels_path).values.squeeze(), dtype=torch.long).to(device) # Model config input_dim = contrastive_emb.shape[1] graph_dim = graph_features.shape[1] hidden_dim = 64 num_classes = len(torch.unique(labels)) batch_size = 16 epochs = 20 # Init model model = HFAGM(input_dim, graph_dim, hidden_dim, num_classes).to(device) optimizer = torch.optim.Adam(model.paramete"",False | C44_DI_REAL_1,4.4,fairness,Real-data disparate impact reported as 1.0,1.0,1.0,1,models\classifiers\train_hfagm.py,train_hfagm.py,""ce) adj_matrix = torch.tensor(np.load(adj_path), dtype=torch.float32).to(device) labels = torch.tensor(pd.read_csv(labels_path).values.squeeze(), dtype=torch.long).to(device) # Model config input_dim = contrastive_emb.shape[1] graph_dim = graph_features.shape[1] hidden_dim = 64 num_classes = len(torch.unique(labels)) batch_size = 16 epochs = 20 # Init model model = HFAGM(input_dim, graph_dim, hidden_dim, num_classes).to(device) optimizer = torch.optim.Adam(model.paramete"",False | C44_DI_REAL_1,4.4,fairness,Real-data disparate impact reported as 1.0,1.0,1.0,1,models\classifiers\train_hfagm.py,train_hfagm.py,""oad(adj_path), dtype=torch.float32).to(device) labels = torch.tensor(pd.read_csv(labels_path).values.squeeze(), dtype=torch.long).to(device) # Model config input_dim = contrastive_emb.shape[1] graph_dim = graph_features.shape[1] hidden_dim = 64 num_classes = len(torch.unique(labels)) batch_size = 16 epochs = 20 # Init model model = HFAGM(input_dim, graph_dim, hidden_dim, num_classes).to(device) optimizer = torch.optim.Adam(model.parameters(), lr=1e-3) criterion = nn.CrossEntr"",False | C44_DI_REAL_1,4.4,fairness,Real-data disparate impact reported as 1.0,1.0,1.0,1,models\classifiers\train_hfagm.py,train_hfagm.py,""oad(adj_path), dtype=torch.float32).to(device) labels = torch.tensor(pd.read_csv(labels_path).values.squeeze(), dtype=torch.long).to(device) # Model config input_dim = contrastive_emb.shape[1] graph_dim = graph_features.shape[1] hidden_dim = 64 num_classes = len(torch.unique(labels)) batch_size = 16 epochs = 20 # Init model model = HFAGM(input_dim, graph_dim, hidden_dim, num_classes).to(device) optimiz"
outputs\revision_audit\claim_evidence_detailed.csv,84,16.0,0,0,"C44_DI_REAL_1,4.4,fairness,Real-data disparate impact reported as 1.0,1.0,1.0,1,models\classifiers\train_hfagm.py,train_hfagm.py,""ce) adj_matrix = torch.tensor(np.load(adj_path), dtype=torch.float32).to(device) labels = torch.tensor(pd.read_csv(labels_path).values.squeeze(), dtype=torch.long).to(device) # Model config input_dim = contrastive_emb.shape[1] graph_dim = graph_features.shape[1] hidden_dim = 64 num_classes = len(torch.unique(labels)) batch_size = 16 epochs = 20 # Init model model = HFAGM(input_dim, graph_dim, hidden_dim, num_classes).to(device) optimizer = torch.optim.Adam(model.paramete"",False","C44_DI_REAL_1,4.4,fairness,Real-data disparate impact reported as 1.0,1.0,1.0,1,models\classifiers\train_hfagm.py,train_hfagm.py,""ive_path), dtype=torch.float32).to(device) adj_matrix = torch.tensor(np.load(adj_path), dtype=torch.float32).to(device) labels = torch.tensor(pd.read_csv(labels_path).values.squeeze(), dtype=torch.long).to(device) # Model config input_dim = contrastive_emb.shape[1] graph_dim = graph_features.shape[1] hidden_dim = 64 num_classes = len(torch.unique(labels)) batch_size = 16 epochs = 20 # Init model model = HFAGM(input_dim, graph_dim, hidden_dim, num_classes).to(device) opti"",False | C44_DI_REAL_1,4.4,fairness,Real-data disparate impact reported as 1.0,1.0,1.0,1,models\classifiers\train_hfagm.py,train_hfagm.py,""ce) adj_matrix = torch.tensor(np.load(adj_path), dtype=torch.float32).to(device) labels = torch.tensor(pd.read_csv(labels_path).values.squeeze(), dtype=torch.long).to(device) # Model config input_dim = contrastive_emb.shape[1] graph_dim = graph_features.shape[1] hidden_dim = 64 num_classes = len(torch.unique(labels)) batch_size = 16 epochs = 20 # Init model model = HFAGM(input_dim, graph_dim, hidden_dim, num_classes).to(device) optimizer = torch.optim.Adam(model.paramete"",False | C44_DI_REAL_1,4.4,fairness,Real-data disparate impact reported as 1.0,1.0,1.0,1,models\classifiers\train_hfagm.py,train_hfagm.py,""ce) adj_matrix = torch.tensor(np.load(adj_path), dtype=torch.float32).to(device) labels = torch.tensor(pd.read_csv(labels_path).values.squeeze(), dtype=torch.long).to(device) # Model config input_dim = contrastive_emb.shape[1] graph_dim = graph_features.shape[1] hidden_dim = 64 num_classes = len(torch.unique(labels)) batch_size = 16 epochs = 20 # Init model model = HFAGM(input_dim, graph_dim, hidden_dim, num_classes).to(device) optimizer = torch.optim.Adam(model.paramete"",False | C44_DI_REAL_1,4.4,fairness,Real-data disparate impact reported as 1.0,1.0,1.0,1,models\classifiers\train_hfagm.py,train_hfagm.py,""oad(adj_path), dtype=torch.float32).to(device) labels = torch.tensor(pd.read_csv(labels_path).values.squeeze(), dtype=torch.long).to(device) # Model config input_dim = contrastive_emb.shape[1] graph_dim = graph_features.shape[1] hidden_dim = 64 num_classes = len(torch.unique(labels)) batch_size = 16 epochs = 20 # Init model model = HFAGM(input_dim, graph_dim, hidden_dim, num_classes).to(device) optimizer = torch.optim.Adam(model.parameters(), lr=1e-3) criterion = nn.CrossEntr"",False | C44_DI_REAL_1,4.4,fairness,Real-data disparate impact reported as 1.0,1.0,1.0,1,models\classifiers\train_hfagm.py,train_hfagm.py,""oad(adj_path), dtype=torch.float32).to(device) labels = torch.tensor(pd.read_csv(labels_path).values.squeeze(), dtype=torch.long).to(device) # Model config input_dim = contrastive_emb.shape[1] graph_dim = graph_features.shape[1] hidden_dim = 64 num_classes = len(torch.unique(labels)) batch_size = 16 epochs = 20 # Init model model = HFAGM(input_dim, graph_dim, hidden_dim, num_classes).to(device) optimiz"
outputs\revision_audit\claim_evidence_detailed.csv,84,20.0,0,0,"C44_DI_REAL_1,4.4,fairness,Real-data disparate impact reported as 1.0,1.0,1.0,1,models\classifiers\train_hfagm.py,train_hfagm.py,""ce) adj_matrix = torch.tensor(np.load(adj_path), dtype=torch.float32).to(device) labels = torch.tensor(pd.read_csv(labels_path).values.squeeze(), dtype=torch.long).to(device) # Model config input_dim = contrastive_emb.shape[1] graph_dim = graph_features.shape[1] hidden_dim = 64 num_classes = len(torch.unique(labels)) batch_size = 16 epochs = 20 # Init model model = HFAGM(input_dim, graph_dim, hidden_dim, num_classes).to(device) optimizer = torch.optim.Adam(model.paramete"",False","C44_DI_REAL_1,4.4,fairness,Real-data disparate impact reported as 1.0,1.0,1.0,1,models\classifiers\train_hfagm.py,train_hfagm.py,""ive_path), dtype=torch.float32).to(device) adj_matrix = torch.tensor(np.load(adj_path), dtype=torch.float32).to(device) labels = torch.tensor(pd.read_csv(labels_path).values.squeeze(), dtype=torch.long).to(device) # Model config input_dim = contrastive_emb.shape[1] graph_dim = graph_features.shape[1] hidden_dim = 64 num_classes = len(torch.unique(labels)) batch_size = 16 epochs = 20 # Init model model = HFAGM(input_dim, graph_dim, hidden_dim, num_classes).to(device) opti"",False | C44_DI_REAL_1,4.4,fairness,Real-data disparate impact reported as 1.0,1.0,1.0,1,models\classifiers\train_hfagm.py,train_hfagm.py,""ce) adj_matrix = torch.tensor(np.load(adj_path), dtype=torch.float32).to(device) labels = torch.tensor(pd.read_csv(labels_path).values.squeeze(), dtype=torch.long).to(device) # Model config input_dim = contrastive_emb.shape[1] graph_dim = graph_features.shape[1] hidden_dim = 64 num_classes = len(torch.unique(labels)) batch_size = 16 epochs = 20 # Init model model = HFAGM(input_dim, graph_dim, hidden_dim, num_classes).to(device) optimizer = torch.optim.Adam(model.paramete"",False | C44_DI_REAL_1,4.4,fairness,Real-data disparate impact reported as 1.0,1.0,1.0,1,models\classifiers\train_hfagm.py,train_hfagm.py,""ce) adj_matrix = torch.tensor(np.load(adj_path), dtype=torch.float32).to(device) labels = torch.tensor(pd.read_csv(labels_path).values.squeeze(), dtype=torch.long).to(device) # Model config input_dim = contrastive_emb.shape[1] graph_dim = graph_features.shape[1] hidden_dim = 64 num_classes = len(torch.unique(labels)) batch_size = 16 epochs = 20 # Init model model = HFAGM(input_dim, graph_dim, hidden_dim, num_classes).to(device) optimizer = torch.optim.Adam(model.paramete"",False | C44_DI_REAL_1,4.4,fairness,Real-data disparate impact reported as 1.0,1.0,1.0,1,models\classifiers\train_hfagm.py,train_hfagm.py,""oad(adj_path), dtype=torch.float32).to(device) labels = torch.tensor(pd.read_csv(labels_path).values.squeeze(), dtype=torch.long).to(device) # Model config input_dim = contrastive_emb.shape[1] graph_dim = graph_features.shape[1] hidden_dim = 64 num_classes = len(torch.unique(labels)) batch_size = 16 epochs = 20 # Init model model = HFAGM(input_dim, graph_dim, hidden_dim, num_classes).to(device) optimizer = torch.optim.Adam(model.parameters(), lr=1e-3) criterion = nn.CrossEntr"",False | C44_DI_REAL_1,4.4,fairness,Real-data disparate impact reported as 1.0,1.0,1.0,1,models\classifiers\train_hfagm.py,train_hfagm.py,""oad(adj_path), dtype=torch.float32).to(device) labels = torch.tensor(pd.read_csv(labels_path).values.squeeze(), dtype=torch.long).to(device) # Model config input_dim = contrastive_emb.shape[1] graph_dim = graph_features.shape[1] hidden_dim = 64 num_classes = len(torch.unique(labels)) batch_size = 16 epochs = 20 # Init model model = HFAGM(input_dim, graph_dim, hidden_dim, num_classes).to(device) optimiz"
outputs\revision_audit\claim_evidence_detailed.csv,85,4.4,0,0,"C44_DI_REAL_1,4.4,fairness,Real-data disparate impact reported as 1.0,1.0,1.0,1,models\classifiers\train_hfagm.py,train_hfagm.py,""oad(adj_path), dtype=torch.float32).to(device) labels = torch.tensor(pd.read_csv(labels_path).values.squeeze(), dtype=torch.long).to(device) # Model config input_dim = contrastive_emb.shape[1] graph_dim = graph_features.shape[1] hidden_dim = 64 num_classes = len(torch.unique(labels)) batch_size = 16 epochs = 20 # Init model model = HFAGM(input_dim, graph_dim, hidden_dim, num_classes).to(device) optimizer = torch.optim.Adam(model.parameters(), lr=1e-3) criterion = nn.CrossEntr"",False","C44_DI_REAL_1,4.4,fairness,Real-data disparate impact reported as 1.0,1.0,1.0,1,models\classifiers\train_hfagm.py,train_hfagm.py,""ce) adj_matrix = torch.tensor(np.load(adj_path), dtype=torch.float32).to(device) labels = torch.tensor(pd.read_csv(labels_path).values.squeeze(), dtype=torch.long).to(device) # Model config input_dim = contrastive_emb.shape[1] graph_dim = graph_features.shape[1] hidden_dim = 64 num_classes = len(torch.unique(labels)) batch_size = 16 epochs = 20 # Init model model = HFAGM(input_dim, graph_dim, hidden_dim, num_classes).to(device) optimizer = torch.optim.Adam(model.paramete"",False | C44_DI_REAL_1,4.4,fairness,Real-data disparate impact reported as 1.0,1.0,1.0,1,models\classifiers\train_hfagm.py,train_hfagm.py,""ce) adj_matrix = torch.tensor(np.load(adj_path), dtype=torch.float32).to(device) labels = torch.tensor(pd.read_csv(labels_path).values.squeeze(), dtype=torch.long).to(device) # Model config input_dim = contrastive_emb.shape[1] graph_dim = graph_features.shape[1] hidden_dim = 64 num_classes = len(torch.unique(labels)) batch_size = 16 epochs = 20 # Init model model = HFAGM(input_dim, graph_dim, hidden_dim, num_classes).to(device) optimizer = torch.optim.Adam(model.paramete"",False | C44_DI_REAL_1,4.4,fairness,Real-data disparate impact reported as 1.0,1.0,1.0,1,models\classifiers\train_hfagm.py,train_hfagm.py,""oad(adj_path), dtype=torch.float32).to(device) labels = torch.tensor(pd.read_csv(labels_path).values.squeeze(), dtype=torch.long).to(device) # Model config input_dim = contrastive_emb.shape[1] graph_dim = graph_features.shape[1] hidden_dim = 64 num_classes = len(torch.unique(labels)) batch_size = 16 epochs = 20 # Init model model = HFAGM(input_dim, graph_dim, hidden_dim, num_classes).to(device) optimizer = torch.optim.Adam(model.parameters(), lr=1e-3) criterion = nn.CrossEntr"",False | C44_DI_REAL_1,4.4,fairness,Real-data disparate impact reported as 1.0,1.0,1.0,1,models\classifiers\train_hfagm.py,train_hfagm.py,""oad(adj_path), dtype=torch.float32).to(device) labels = torch.tensor(pd.read_csv(labels_path).values.squeeze(), dtype=torch.long).to(device) # Model config input_dim = contrastive_emb.shape[1] graph_dim = graph_features.shape[1] hidden_dim = 64 num_classes = len(torch.unique(labels)) batch_size = 16 epochs = 20 # Init model model = HFAGM(input_dim, graph_dim, hidden_dim, num_classes).to(device) optimizer = torch.optim.Adam(model.parameters(), lr=1e-3) criterion = nn.CrossEntr"",False | C44_DI_REAL_1,4.4,fairness,Real-data disparate impact reported as 1.0,1.0,1.0,1,models\classifiers\train_hfagm.py,train_hfagm.py,""), dtype=torch.long).to(device) # Model config input_dim = contrastive_emb.shape[1] graph_dim = graph_features.shape[1] hidden_dim = 64 num_classes = len(torch.unique(labels)) batch_size = 16 epochs = 20 # Init model model = HFAGM(input_dim, graph_dim, hidden_dim, num_classes).to(device) optimizer = torch.optim.Adam(model.parameters(), lr=1e-3) criterion = nn.CrossEntropyLoss() # Logging train_los"
outputs\revision_audit\claim_evidence_detailed.csv,85,1.0,0,0,"C44_DI_REAL_1,4.4,fairness,Real-data disparate impact reported as 1.0,1.0,1.0,1,models\classifiers\train_hfagm.py,train_hfagm.py,""oad(adj_path), dtype=torch.float32).to(device) labels = torch.tensor(pd.read_csv(labels_path).values.squeeze(), dtype=torch.long).to(device) # Model config input_dim = contrastive_emb.shape[1] graph_dim = graph_features.shape[1] hidden_dim = 64 num_classes = len(torch.unique(labels)) batch_size = 16 epochs = 20 # Init model model = HFAGM(input_dim, graph_dim, hidden_dim, num_classes).to(device) optimizer = torch.optim.Adam(model.parameters(), lr=1e-3) criterion = nn.CrossEntr"",False","C44_DI_REAL_1,4.4,fairness,Real-data disparate impact reported as 1.0,1.0,1.0,1,models\classifiers\train_hfagm.py,train_hfagm.py,""ce) adj_matrix = torch.tensor(np.load(adj_path), dtype=torch.float32).to(device) labels = torch.tensor(pd.read_csv(labels_path).values.squeeze(), dtype=torch.long).to(device) # Model config input_dim = contrastive_emb.shape[1] graph_dim = graph_features.shape[1] hidden_dim = 64 num_classes = len(torch.unique(labels)) batch_size = 16 epochs = 20 # Init model model = HFAGM(input_dim, graph_dim, hidden_dim, num_classes).to(device) optimizer = torch.optim.Adam(model.paramete"",False | C44_DI_REAL_1,4.4,fairness,Real-data disparate impact reported as 1.0,1.0,1.0,1,models\classifiers\train_hfagm.py,train_hfagm.py,""ce) adj_matrix = torch.tensor(np.load(adj_path), dtype=torch.float32).to(device) labels = torch.tensor(pd.read_csv(labels_path).values.squeeze(), dtype=torch.long).to(device) # Model config input_dim = contrastive_emb.shape[1] graph_dim = graph_features.shape[1] hidden_dim = 64 num_classes = len(torch.unique(labels)) batch_size = 16 epochs = 20 # Init model model = HFAGM(input_dim, graph_dim, hidden_dim, num_classes).to(device) optimizer = torch.optim.Adam(model.paramete"",False | C44_DI_REAL_1,4.4,fairness,Real-data disparate impact reported as 1.0,1.0,1.0,1,models\classifiers\train_hfagm.py,train_hfagm.py,""oad(adj_path), dtype=torch.float32).to(device) labels = torch.tensor(pd.read_csv(labels_path).values.squeeze(), dtype=torch.long).to(device) # Model config input_dim = contrastive_emb.shape[1] graph_dim = graph_features.shape[1] hidden_dim = 64 num_classes = len(torch.unique(labels)) batch_size = 16 epochs = 20 # Init model model = HFAGM(input_dim, graph_dim, hidden_dim, num_classes).to(device) optimizer = torch.optim.Adam(model.parameters(), lr=1e-3) criterion = nn.CrossEntr"",False | C44_DI_REAL_1,4.4,fairness,Real-data disparate impact reported as 1.0,1.0,1.0,1,models\classifiers\train_hfagm.py,train_hfagm.py,""oad(adj_path), dtype=torch.float32).to(device) labels = torch.tensor(pd.read_csv(labels_path).values.squeeze(), dtype=torch.long).to(device) # Model config input_dim = contrastive_emb.shape[1] graph_dim = graph_features.shape[1] hidden_dim = 64 num_classes = len(torch.unique(labels)) batch_size = 16 epochs = 20 # Init model model = HFAGM(input_dim, graph_dim, hidden_dim, num_classes).to(device) optimizer = torch.optim.Adam(model.parameters(), lr=1e-3) criterion = nn.CrossEntr"",False | C44_DI_REAL_1,4.4,fairness,Real-data disparate impact reported as 1.0,1.0,1.0,1,models\classifiers\train_hfagm.py,train_hfagm.py,""), dtype=torch.long).to(device) # Model config input_dim = contrastive_emb.shape[1] graph_dim = graph_features.shape[1] hidden_dim = 64 num_classes = len(torch.unique(labels)) batch_size = 16 epochs = 20 # Init model model = HFAGM(input_dim, graph_dim, hidden_dim, num_classes).to(device) optimizer = torch.optim.Adam(model.parameters(), lr=1e-3) criterion = nn.CrossEntropyLoss() # Logging train_los"
outputs\revision_audit\claim_evidence_detailed.csv,85,1.0,0,0,"C44_DI_REAL_1,4.4,fairness,Real-data disparate impact reported as 1.0,1.0,1.0,1,models\classifiers\train_hfagm.py,train_hfagm.py,""oad(adj_path), dtype=torch.float32).to(device) labels = torch.tensor(pd.read_csv(labels_path).values.squeeze(), dtype=torch.long).to(device) # Model config input_dim = contrastive_emb.shape[1] graph_dim = graph_features.shape[1] hidden_dim = 64 num_classes = len(torch.unique(labels)) batch_size = 16 epochs = 20 # Init model model = HFAGM(input_dim, graph_dim, hidden_dim, num_classes).to(device) optimizer = torch.optim.Adam(model.parameters(), lr=1e-3) criterion = nn.CrossEntr"",False","C44_DI_REAL_1,4.4,fairness,Real-data disparate impact reported as 1.0,1.0,1.0,1,models\classifiers\train_hfagm.py,train_hfagm.py,""ce) adj_matrix = torch.tensor(np.load(adj_path), dtype=torch.float32).to(device) labels = torch.tensor(pd.read_csv(labels_path).values.squeeze(), dtype=torch.long).to(device) # Model config input_dim = contrastive_emb.shape[1] graph_dim = graph_features.shape[1] hidden_dim = 64 num_classes = len(torch.unique(labels)) batch_size = 16 epochs = 20 # Init model model = HFAGM(input_dim, graph_dim, hidden_dim, num_classes).to(device) optimizer = torch.optim.Adam(model.paramete"",False | C44_DI_REAL_1,4.4,fairness,Real-data disparate impact reported as 1.0,1.0,1.0,1,models\classifiers\train_hfagm.py,train_hfagm.py,""ce) adj_matrix = torch.tensor(np.load(adj_path), dtype=torch.float32).to(device) labels = torch.tensor(pd.read_csv(labels_path).values.squeeze(), dtype=torch.long).to(device) # Model config input_dim = contrastive_emb.shape[1] graph_dim = graph_features.shape[1] hidden_dim = 64 num_classes = len(torch.unique(labels)) batch_size = 16 epochs = 20 # Init model model = HFAGM(input_dim, graph_dim, hidden_dim, num_classes).to(device) optimizer = torch.optim.Adam(model.paramete"",False | C44_DI_REAL_1,4.4,fairness,Real-data disparate impact reported as 1.0,1.0,1.0,1,models\classifiers\train_hfagm.py,train_hfagm.py,""oad(adj_path), dtype=torch.float32).to(device) labels = torch.tensor(pd.read_csv(labels_path).values.squeeze(), dtype=torch.long).to(device) # Model config input_dim = contrastive_emb.shape[1] graph_dim = graph_features.shape[1] hidden_dim = 64 num_classes = len(torch.unique(labels)) batch_size = 16 epochs = 20 # Init model model = HFAGM(input_dim, graph_dim, hidden_dim, num_classes).to(device) optimizer = torch.optim.Adam(model.parameters(), lr=1e-3) criterion = nn.CrossEntr"",False | C44_DI_REAL_1,4.4,fairness,Real-data disparate impact reported as 1.0,1.0,1.0,1,models\classifiers\train_hfagm.py,train_hfagm.py,""oad(adj_path), dtype=torch.float32).to(device) labels = torch.tensor(pd.read_csv(labels_path).values.squeeze(), dtype=torch.long).to(device) # Model config input_dim = contrastive_emb.shape[1] graph_dim = graph_features.shape[1] hidden_dim = 64 num_classes = len(torch.unique(labels)) batch_size = 16 epochs = 20 # Init model model = HFAGM(input_dim, graph_dim, hidden_dim, num_classes).to(device) optimizer = torch.optim.Adam(model.parameters(), lr=1e-3) criterion = nn.CrossEntr"",False | C44_DI_REAL_1,4.4,fairness,Real-data disparate impact reported as 1.0,1.0,1.0,1,models\classifiers\train_hfagm.py,train_hfagm.py,""), dtype=torch.long).to(device) # Model config input_dim = contrastive_emb.shape[1] graph_dim = graph_features.shape[1] hidden_dim = 64 num_classes = len(torch.unique(labels)) batch_size = 16 epochs = 20 # Init model model = HFAGM(input_dim, graph_dim, hidden_dim, num_classes).to(device) optimizer = torch.optim.Adam(model.parameters(), lr=1e-3) criterion = nn.CrossEntropyLoss() # Logging train_los"
outputs\revision_audit\claim_evidence_detailed.csv,85,1.0,0,0,"C44_DI_REAL_1,4.4,fairness,Real-data disparate impact reported as 1.0,1.0,1.0,1,models\classifiers\train_hfagm.py,train_hfagm.py,""oad(adj_path), dtype=torch.float32).to(device) labels = torch.tensor(pd.read_csv(labels_path).values.squeeze(), dtype=torch.long).to(device) # Model config input_dim = contrastive_emb.shape[1] graph_dim = graph_features.shape[1] hidden_dim = 64 num_classes = len(torch.unique(labels)) batch_size = 16 epochs = 20 # Init model model = HFAGM(input_dim, graph_dim, hidden_dim, num_classes).to(device) optimizer = torch.optim.Adam(model.parameters(), lr=1e-3) criterion = nn.CrossEntr"",False","C44_DI_REAL_1,4.4,fairness,Real-data disparate impact reported as 1.0,1.0,1.0,1,models\classifiers\train_hfagm.py,train_hfagm.py,""ce) adj_matrix = torch.tensor(np.load(adj_path), dtype=torch.float32).to(device) labels = torch.tensor(pd.read_csv(labels_path).values.squeeze(), dtype=torch.long).to(device) # Model config input_dim = contrastive_emb.shape[1] graph_dim = graph_features.shape[1] hidden_dim = 64 num_classes = len(torch.unique(labels)) batch_size = 16 epochs = 20 # Init model model = HFAGM(input_dim, graph_dim, hidden_dim, num_classes).to(device) optimizer = torch.optim.Adam(model.paramete"",False | C44_DI_REAL_1,4.4,fairness,Real-data disparate impact reported as 1.0,1.0,1.0,1,models\classifiers\train_hfagm.py,train_hfagm.py,""ce) adj_matrix = torch.tensor(np.load(adj_path), dtype=torch.float32).to(device) labels = torch.tensor(pd.read_csv(labels_path).values.squeeze(), dtype=torch.long).to(device) # Model config input_dim = contrastive_emb.shape[1] graph_dim = graph_features.shape[1] hidden_dim = 64 num_classes = len(torch.unique(labels)) batch_size = 16 epochs = 20 # Init model model = HFAGM(input_dim, graph_dim, hidden_dim, num_classes).to(device) optimizer = torch.optim.Adam(model.paramete"",False | C44_DI_REAL_1,4.4,fairness,Real-data disparate impact reported as 1.0,1.0,1.0,1,models\classifiers\train_hfagm.py,train_hfagm.py,""oad(adj_path), dtype=torch.float32).to(device) labels = torch.tensor(pd.read_csv(labels_path).values.squeeze(), dtype=torch.long).to(device) # Model config input_dim = contrastive_emb.shape[1] graph_dim = graph_features.shape[1] hidden_dim = 64 num_classes = len(torch.unique(labels)) batch_size = 16 epochs = 20 # Init model model = HFAGM(input_dim, graph_dim, hidden_dim, num_classes).to(device) optimizer = torch.optim.Adam(model.parameters(), lr=1e-3) criterion = nn.CrossEntr"",False | C44_DI_REAL_1,4.4,fairness,Real-data disparate impact reported as 1.0,1.0,1.0,1,models\classifiers\train_hfagm.py,train_hfagm.py,""oad(adj_path), dtype=torch.float32).to(device) labels = torch.tensor(pd.read_csv(labels_path).values.squeeze(), dtype=torch.long).to(device) # Model config input_dim = contrastive_emb.shape[1] graph_dim = graph_features.shape[1] hidden_dim = 64 num_classes = len(torch.unique(labels)) batch_size = 16 epochs = 20 # Init model model = HFAGM(input_dim, graph_dim, hidden_dim, num_classes).to(device) optimizer = torch.optim.Adam(model.parameters(), lr=1e-3) criterion = nn.CrossEntr"",False | C44_DI_REAL_1,4.4,fairness,Real-data disparate impact reported as 1.0,1.0,1.0,1,models\classifiers\train_hfagm.py,train_hfagm.py,""), dtype=torch.long).to(device) # Model config input_dim = contrastive_emb.shape[1] graph_dim = graph_features.shape[1] hidden_dim = 64 num_classes = len(torch.unique(labels)) batch_size = 16 epochs = 20 # Init model model = HFAGM(input_dim, graph_dim, hidden_dim, num_classes).to(device) optimizer = torch.optim.Adam(model.parameters(), lr=1e-3) criterion = nn.CrossEntropyLoss() # Logging train_los"
outputs\revision_audit\claim_evidence_detailed.csv,85,1.0,0,0,"C44_DI_REAL_1,4.4,fairness,Real-data disparate impact reported as 1.0,1.0,1.0,1,models\classifiers\train_hfagm.py,train_hfagm.py,""oad(adj_path), dtype=torch.float32).to(device) labels = torch.tensor(pd.read_csv(labels_path).values.squeeze(), dtype=torch.long).to(device) # Model config input_dim = contrastive_emb.shape[1] graph_dim = graph_features.shape[1] hidden_dim = 64 num_classes = len(torch.unique(labels)) batch_size = 16 epochs = 20 # Init model model = HFAGM(input_dim, graph_dim, hidden_dim, num_classes).to(device) optimizer = torch.optim.Adam(model.parameters(), lr=1e-3) criterion = nn.CrossEntr"",False","C44_DI_REAL_1,4.4,fairness,Real-data disparate impact reported as 1.0,1.0,1.0,1,models\classifiers\train_hfagm.py,train_hfagm.py,""ce) adj_matrix = torch.tensor(np.load(adj_path), dtype=torch.float32).to(device) labels = torch.tensor(pd.read_csv(labels_path).values.squeeze(), dtype=torch.long).to(device) # Model config input_dim = contrastive_emb.shape[1] graph_dim = graph_features.shape[1] hidden_dim = 64 num_classes = len(torch.unique(labels)) batch_size = 16 epochs = 20 # Init model model = HFAGM(input_dim, graph_dim, hidden_dim, num_classes).to(device) optimizer = torch.optim.Adam(model.paramete"",False | C44_DI_REAL_1,4.4,fairness,Real-data disparate impact reported as 1.0,1.0,1.0,1,models\classifiers\train_hfagm.py,train_hfagm.py,""ce) adj_matrix = torch.tensor(np.load(adj_path), dtype=torch.float32).to(device) labels = torch.tensor(pd.read_csv(labels_path).values.squeeze(), dtype=torch.long).to(device) # Model config input_dim = contrastive_emb.shape[1] graph_dim = graph_features.shape[1] hidden_dim = 64 num_classes = len(torch.unique(labels)) batch_size = 16 epochs = 20 # Init model model = HFAGM(input_dim, graph_dim, hidden_dim, num_classes).to(device) optimizer = torch.optim.Adam(model.paramete"",False | C44_DI_REAL_1,4.4,fairness,Real-data disparate impact reported as 1.0,1.0,1.0,1,models\classifiers\train_hfagm.py,train_hfagm.py,""oad(adj_path), dtype=torch.float32).to(device) labels = torch.tensor(pd.read_csv(labels_path).values.squeeze(), dtype=torch.long).to(device) # Model config input_dim = contrastive_emb.shape[1] graph_dim = graph_features.shape[1] hidden_dim = 64 num_classes = len(torch.unique(labels)) batch_size = 16 epochs = 20 # Init model model = HFAGM(input_dim, graph_dim, hidden_dim, num_classes).to(device) optimizer = torch.optim.Adam(model.parameters(), lr=1e-3) criterion = nn.CrossEntr"",False | C44_DI_REAL_1,4.4,fairness,Real-data disparate impact reported as 1.0,1.0,1.0,1,models\classifiers\train_hfagm.py,train_hfagm.py,""oad(adj_path), dtype=torch.float32).to(device) labels = torch.tensor(pd.read_csv(labels_path).values.squeeze(), dtype=torch.long).to(device) # Model config input_dim = contrastive_emb.shape[1] graph_dim = graph_features.shape[1] hidden_dim = 64 num_classes = len(torch.unique(labels)) batch_size = 16 epochs = 20 # Init model model = HFAGM(input_dim, graph_dim, hidden_dim, num_classes).to(device) optimizer = torch.optim.Adam(model.parameters(), lr=1e-3) criterion = nn.CrossEntr"",False | C44_DI_REAL_1,4.4,fairness,Real-data disparate impact reported as 1.0,1.0,1.0,1,models\classifiers\train_hfagm.py,train_hfagm.py,""), dtype=torch.long).to(device) # Model config input_dim = contrastive_emb.shape[1] graph_dim = graph_features.shape[1] hidden_dim = 64 num_classes = len(torch.unique(labels)) batch_size = 16 epochs = 20 # Init model model = HFAGM(input_dim, graph_dim, hidden_dim, num_classes).to(device) optimizer = torch.optim.Adam(model.parameters(), lr=1e-3) criterion = nn.CrossEntropyLoss() # Logging train_los"
outputs\revision_audit\claim_evidence_detailed.csv,85,1.0,0,0,"C44_DI_REAL_1,4.4,fairness,Real-data disparate impact reported as 1.0,1.0,1.0,1,models\classifiers\train_hfagm.py,train_hfagm.py,""oad(adj_path), dtype=torch.float32).to(device) labels = torch.tensor(pd.read_csv(labels_path).values.squeeze(), dtype=torch.long).to(device) # Model config input_dim = contrastive_emb.shape[1] graph_dim = graph_features.shape[1] hidden_dim = 64 num_classes = len(torch.unique(labels)) batch_size = 16 epochs = 20 # Init model model = HFAGM(input_dim, graph_dim, hidden_dim, num_classes).to(device) optimizer = torch.optim.Adam(model.parameters(), lr=1e-3) criterion = nn.CrossEntr"",False","C44_DI_REAL_1,4.4,fairness,Real-data disparate impact reported as 1.0,1.0,1.0,1,models\classifiers\train_hfagm.py,train_hfagm.py,""ce) adj_matrix = torch.tensor(np.load(adj_path), dtype=torch.float32).to(device) labels = torch.tensor(pd.read_csv(labels_path).values.squeeze(), dtype=torch.long).to(device) # Model config input_dim = contrastive_emb.shape[1] graph_dim = graph_features.shape[1] hidden_dim = 64 num_classes = len(torch.unique(labels)) batch_size = 16 epochs = 20 # Init model model = HFAGM(input_dim, graph_dim, hidden_dim, num_classes).to(device) optimizer = torch.optim.Adam(model.paramete"",False | C44_DI_REAL_1,4.4,fairness,Real-data disparate impact reported as 1.0,1.0,1.0,1,models\classifiers\train_hfagm.py,train_hfagm.py,""ce) adj_matrix = torch.tensor(np.load(adj_path), dtype=torch.float32).to(device) labels = torch.tensor(pd.read_csv(labels_path).values.squeeze(), dtype=torch.long).to(device) # Model config input_dim = contrastive_emb.shape[1] graph_dim = graph_features.shape[1] hidden_dim = 64 num_classes = len(torch.unique(labels)) batch_size = 16 epochs = 20 # Init model model = HFAGM(input_dim, graph_dim, hidden_dim, num_classes).to(device) optimizer = torch.optim.Adam(model.paramete"",False | C44_DI_REAL_1,4.4,fairness,Real-data disparate impact reported as 1.0,1.0,1.0,1,models\classifiers\train_hfagm.py,train_hfagm.py,""oad(adj_path), dtype=torch.float32).to(device) labels = torch.tensor(pd.read_csv(labels_path).values.squeeze(), dtype=torch.long).to(device) # Model config input_dim = contrastive_emb.shape[1] graph_dim = graph_features.shape[1] hidden_dim = 64 num_classes = len(torch.unique(labels)) batch_size = 16 epochs = 20 # Init model model = HFAGM(input_dim, graph_dim, hidden_dim, num_classes).to(device) optimizer = torch.optim.Adam(model.parameters(), lr=1e-3) criterion = nn.CrossEntr"",False | C44_DI_REAL_1,4.4,fairness,Real-data disparate impact reported as 1.0,1.0,1.0,1,models\classifiers\train_hfagm.py,train_hfagm.py,""oad(adj_path), dtype=torch.float32).to(device) labels = torch.tensor(pd.read_csv(labels_path).values.squeeze(), dtype=torch.long).to(device) # Model config input_dim = contrastive_emb.shape[1] graph_dim = graph_features.shape[1] hidden_dim = 64 num_classes = len(torch.unique(labels)) batch_size = 16 epochs = 20 # Init model model = HFAGM(input_dim, graph_dim, hidden_dim, num_classes).to(device) optimizer = torch.optim.Adam(model.parameters(), lr=1e-3) criterion = nn.CrossEntr"",False | C44_DI_REAL_1,4.4,fairness,Real-data disparate impact reported as 1.0,1.0,1.0,1,models\classifiers\train_hfagm.py,train_hfagm.py,""), dtype=torch.long).to(device) # Model config input_dim = contrastive_emb.shape[1] graph_dim = graph_features.shape[1] hidden_dim = 64 num_classes = len(torch.unique(labels)) batch_size = 16 epochs = 20 # Init model model = HFAGM(input_dim, graph_dim, hidden_dim, num_classes).to(device) optimizer = torch.optim.Adam(model.parameters(), lr=1e-3) criterion = nn.CrossEntropyLoss() # Logging train_los"
outputs\revision_audit\claim_evidence_detailed.csv,85,1.0,0,0,"C44_DI_REAL_1,4.4,fairness,Real-data disparate impact reported as 1.0,1.0,1.0,1,models\classifiers\train_hfagm.py,train_hfagm.py,""oad(adj_path), dtype=torch.float32).to(device) labels = torch.tensor(pd.read_csv(labels_path).values.squeeze(), dtype=torch.long).to(device) # Model config input_dim = contrastive_emb.shape[1] graph_dim = graph_features.shape[1] hidden_dim = 64 num_classes = len(torch.unique(labels)) batch_size = 16 epochs = 20 # Init model model = HFAGM(input_dim, graph_dim, hidden_dim, num_classes).to(device) optimizer = torch.optim.Adam(model.parameters(), lr=1e-3) criterion = nn.CrossEntr"",False","C44_DI_REAL_1,4.4,fairness,Real-data disparate impact reported as 1.0,1.0,1.0,1,models\classifiers\train_hfagm.py,train_hfagm.py,""ce) adj_matrix = torch.tensor(np.load(adj_path), dtype=torch.float32).to(device) labels = torch.tensor(pd.read_csv(labels_path).values.squeeze(), dtype=torch.long).to(device) # Model config input_dim = contrastive_emb.shape[1] graph_dim = graph_features.shape[1] hidden_dim = 64 num_classes = len(torch.unique(labels)) batch_size = 16 epochs = 20 # Init model model = HFAGM(input_dim, graph_dim, hidden_dim, num_classes).to(device) optimizer = torch.optim.Adam(model.paramete"",False | C44_DI_REAL_1,4.4,fairness,Real-data disparate impact reported as 1.0,1.0,1.0,1,models\classifiers\train_hfagm.py,train_hfagm.py,""ce) adj_matrix = torch.tensor(np.load(adj_path), dtype=torch.float32).to(device) labels = torch.tensor(pd.read_csv(labels_path).values.squeeze(), dtype=torch.long).to(device) # Model config input_dim = contrastive_emb.shape[1] graph_dim = graph_features.shape[1] hidden_dim = 64 num_classes = len(torch.unique(labels)) batch_size = 16 epochs = 20 # Init model model = HFAGM(input_dim, graph_dim, hidden_dim, num_classes).to(device) optimizer = torch.optim.Adam(model.paramete"",False | C44_DI_REAL_1,4.4,fairness,Real-data disparate impact reported as 1.0,1.0,1.0,1,models\classifiers\train_hfagm.py,train_hfagm.py,""oad(adj_path), dtype=torch.float32).to(device) labels = torch.tensor(pd.read_csv(labels_path).values.squeeze(), dtype=torch.long).to(device) # Model config input_dim = contrastive_emb.shape[1] graph_dim = graph_features.shape[1] hidden_dim = 64 num_classes = len(torch.unique(labels)) batch_size = 16 epochs = 20 # Init model model = HFAGM(input_dim, graph_dim, hidden_dim, num_classes).to(device) optimizer = torch.optim.Adam(model.parameters(), lr=1e-3) criterion = nn.CrossEntr"",False | C44_DI_REAL_1,4.4,fairness,Real-data disparate impact reported as 1.0,1.0,1.0,1,models\classifiers\train_hfagm.py,train_hfagm.py,""oad(adj_path), dtype=torch.float32).to(device) labels = torch.tensor(pd.read_csv(labels_path).values.squeeze(), dtype=torch.long).to(device) # Model config input_dim = contrastive_emb.shape[1] graph_dim = graph_features.shape[1] hidden_dim = 64 num_classes = len(torch.unique(labels)) batch_size = 16 epochs = 20 # Init model model = HFAGM(input_dim, graph_dim, hidden_dim, num_classes).to(device) optimizer = torch.optim.Adam(model.parameters(), lr=1e-3) criterion = nn.CrossEntr"",False | C44_DI_REAL_1,4.4,fairness,Real-data disparate impact reported as 1.0,1.0,1.0,1,models\classifiers\train_hfagm.py,train_hfagm.py,""), dtype=torch.long).to(device) # Model config input_dim = contrastive_emb.shape[1] graph_dim = graph_features.shape[1] hidden_dim = 64 num_classes = len(torch.unique(labels)) batch_size = 16 epochs = 20 # Init model model = HFAGM(input_dim, graph_dim, hidden_dim, num_classes).to(device) optimizer = torch.optim.Adam(model.parameters(), lr=1e-3) criterion = nn.CrossEntropyLoss() # Logging train_los"
outputs\revision_audit\claim_evidence_detailed.csv,85,64.0,0,0,"C44_DI_REAL_1,4.4,fairness,Real-data disparate impact reported as 1.0,1.0,1.0,1,models\classifiers\train_hfagm.py,train_hfagm.py,""oad(adj_path), dtype=torch.float32).to(device) labels = torch.tensor(pd.read_csv(labels_path).values.squeeze(), dtype=torch.long).to(device) # Model config input_dim = contrastive_emb.shape[1] graph_dim = graph_features.shape[1] hidden_dim = 64 num_classes = len(torch.unique(labels)) batch_size = 16 epochs = 20 # Init model model = HFAGM(input_dim, graph_dim, hidden_dim, num_classes).to(device) optimizer = torch.optim.Adam(model.parameters(), lr=1e-3) criterion = nn.CrossEntr"",False","C44_DI_REAL_1,4.4,fairness,Real-data disparate impact reported as 1.0,1.0,1.0,1,models\classifiers\train_hfagm.py,train_hfagm.py,""ce) adj_matrix = torch.tensor(np.load(adj_path), dtype=torch.float32).to(device) labels = torch.tensor(pd.read_csv(labels_path).values.squeeze(), dtype=torch.long).to(device) # Model config input_dim = contrastive_emb.shape[1] graph_dim = graph_features.shape[1] hidden_dim = 64 num_classes = len(torch.unique(labels)) batch_size = 16 epochs = 20 # Init model model = HFAGM(input_dim, graph_dim, hidden_dim, num_classes).to(device) optimizer = torch.optim.Adam(model.paramete"",False | C44_DI_REAL_1,4.4,fairness,Real-data disparate impact reported as 1.0,1.0,1.0,1,models\classifiers\train_hfagm.py,train_hfagm.py,""ce) adj_matrix = torch.tensor(np.load(adj_path), dtype=torch.float32).to(device) labels = torch.tensor(pd.read_csv(labels_path).values.squeeze(), dtype=torch.long).to(device) # Model config input_dim = contrastive_emb.shape[1] graph_dim = graph_features.shape[1] hidden_dim = 64 num_classes = len(torch.unique(labels)) batch_size = 16 epochs = 20 # Init model model = HFAGM(input_dim, graph_dim, hidden_dim, num_classes).to(device) optimizer = torch.optim.Adam(model.paramete"",False | C44_DI_REAL_1,4.4,fairness,Real-data disparate impact reported as 1.0,1.0,1.0,1,models\classifiers\train_hfagm.py,train_hfagm.py,""oad(adj_path), dtype=torch.float32).to(device) labels = torch.tensor(pd.read_csv(labels_path).values.squeeze(), dtype=torch.long).to(device) # Model config input_dim = contrastive_emb.shape[1] graph_dim = graph_features.shape[1] hidden_dim = 64 num_classes = len(torch.unique(labels)) batch_size = 16 epochs = 20 # Init model model = HFAGM(input_dim, graph_dim, hidden_dim, num_classes).to(device) optimizer = torch.optim.Adam(model.parameters(), lr=1e-3) criterion = nn.CrossEntr"",False | C44_DI_REAL_1,4.4,fairness,Real-data disparate impact reported as 1.0,1.0,1.0,1,models\classifiers\train_hfagm.py,train_hfagm.py,""oad(adj_path), dtype=torch.float32).to(device) labels = torch.tensor(pd.read_csv(labels_path).values.squeeze(), dtype=torch.long).to(device) # Model config input_dim = contrastive_emb.shape[1] graph_dim = graph_features.shape[1] hidden_dim = 64 num_classes = len(torch.unique(labels)) batch_size = 16 epochs = 20 # Init model model = HFAGM(input_dim, graph_dim, hidden_dim, num_classes).to(device) optimizer = torch.optim.Adam(model.parameters(), lr=1e-3) criterion = nn.CrossEntr"",False | C44_DI_REAL_1,4.4,fairness,Real-data disparate impact reported as 1.0,1.0,1.0,1,models\classifiers\train_hfagm.py,train_hfagm.py,""), dtype=torch.long).to(device) # Model config input_dim = contrastive_emb.shape[1] graph_dim = graph_features.shape[1] hidden_dim = 64 num_classes = len(torch.unique(labels)) batch_size = 16 epochs = 20 # Init model model = HFAGM(input_dim, graph_dim, hidden_dim, num_classes).to(device) optimizer = torch.optim.Adam(model.parameters(), lr=1e-3) criterion = nn.CrossEntropyLoss() # Logging train_los"
outputs\revision_audit\claim_evidence_detailed.csv,85,16.0,0,0,"C44_DI_REAL_1,4.4,fairness,Real-data disparate impact reported as 1.0,1.0,1.0,1,models\classifiers\train_hfagm.py,train_hfagm.py,""oad(adj_path), dtype=torch.float32).to(device) labels = torch.tensor(pd.read_csv(labels_path).values.squeeze(), dtype=torch.long).to(device) # Model config input_dim = contrastive_emb.shape[1] graph_dim = graph_features.shape[1] hidden_dim = 64 num_classes = len(torch.unique(labels)) batch_size = 16 epochs = 20 # Init model model = HFAGM(input_dim, graph_dim, hidden_dim, num_classes).to(device) optimizer = torch.optim.Adam(model.parameters(), lr=1e-3) criterion = nn.CrossEntr"",False","C44_DI_REAL_1,4.4,fairness,Real-data disparate impact reported as 1.0,1.0,1.0,1,models\classifiers\train_hfagm.py,train_hfagm.py,""ce) adj_matrix = torch.tensor(np.load(adj_path), dtype=torch.float32).to(device) labels = torch.tensor(pd.read_csv(labels_path).values.squeeze(), dtype=torch.long).to(device) # Model config input_dim = contrastive_emb.shape[1] graph_dim = graph_features.shape[1] hidden_dim = 64 num_classes = len(torch.unique(labels)) batch_size = 16 epochs = 20 # Init model model = HFAGM(input_dim, graph_dim, hidden_dim, num_classes).to(device) optimizer = torch.optim.Adam(model.paramete"",False | C44_DI_REAL_1,4.4,fairness,Real-data disparate impact reported as 1.0,1.0,1.0,1,models\classifiers\train_hfagm.py,train_hfagm.py,""ce) adj_matrix = torch.tensor(np.load(adj_path), dtype=torch.float32).to(device) labels = torch.tensor(pd.read_csv(labels_path).values.squeeze(), dtype=torch.long).to(device) # Model config input_dim = contrastive_emb.shape[1] graph_dim = graph_features.shape[1] hidden_dim = 64 num_classes = len(torch.unique(labels)) batch_size = 16 epochs = 20 # Init model model = HFAGM(input_dim, graph_dim, hidden_dim, num_classes).to(device) optimizer = torch.optim.Adam(model.paramete"",False | C44_DI_REAL_1,4.4,fairness,Real-data disparate impact reported as 1.0,1.0,1.0,1,models\classifiers\train_hfagm.py,train_hfagm.py,""oad(adj_path), dtype=torch.float32).to(device) labels = torch.tensor(pd.read_csv(labels_path).values.squeeze(), dtype=torch.long).to(device) # Model config input_dim = contrastive_emb.shape[1] graph_dim = graph_features.shape[1] hidden_dim = 64 num_classes = len(torch.unique(labels)) batch_size = 16 epochs = 20 # Init model model = HFAGM(input_dim, graph_dim, hidden_dim, num_classes).to(device) optimizer = torch.optim.Adam(model.parameters(), lr=1e-3) criterion = nn.CrossEntr"",False | C44_DI_REAL_1,4.4,fairness,Real-data disparate impact reported as 1.0,1.0,1.0,1,models\classifiers\train_hfagm.py,train_hfagm.py,""oad(adj_path), dtype=torch.float32).to(device) labels = torch.tensor(pd.read_csv(labels_path).values.squeeze(), dtype=torch.long).to(device) # Model config input_dim = contrastive_emb.shape[1] graph_dim = graph_features.shape[1] hidden_dim = 64 num_classes = len(torch.unique(labels)) batch_size = 16 epochs = 20 # Init model model = HFAGM(input_dim, graph_dim, hidden_dim, num_classes).to(device) optimizer = torch.optim.Adam(model.parameters(), lr=1e-3) criterion = nn.CrossEntr"",False | C44_DI_REAL_1,4.4,fairness,Real-data disparate impact reported as 1.0,1.0,1.0,1,models\classifiers\train_hfagm.py,train_hfagm.py,""), dtype=torch.long).to(device) # Model config input_dim = contrastive_emb.shape[1] graph_dim = graph_features.shape[1] hidden_dim = 64 num_classes = len(torch.unique(labels)) batch_size = 16 epochs = 20 # Init model model = HFAGM(input_dim, graph_dim, hidden_dim, num_classes).to(device) optimizer = torch.optim.Adam(model.parameters(), lr=1e-3) criterion = nn.CrossEntropyLoss() # Logging train_los"
outputs\revision_audit\claim_evidence_detailed.csv,85,20.0,0,0,"C44_DI_REAL_1,4.4,fairness,Real-data disparate impact reported as 1.0,1.0,1.0,1,models\classifiers\train_hfagm.py,train_hfagm.py,""oad(adj_path), dtype=torch.float32).to(device) labels = torch.tensor(pd.read_csv(labels_path).values.squeeze(), dtype=torch.long).to(device) # Model config input_dim = contrastive_emb.shape[1] graph_dim = graph_features.shape[1] hidden_dim = 64 num_classes = len(torch.unique(labels)) batch_size = 16 epochs = 20 # Init model model = HFAGM(input_dim, graph_dim, hidden_dim, num_classes).to(device) optimizer = torch.optim.Adam(model.parameters(), lr=1e-3) criterion = nn.CrossEntr"",False","C44_DI_REAL_1,4.4,fairness,Real-data disparate impact reported as 1.0,1.0,1.0,1,models\classifiers\train_hfagm.py,train_hfagm.py,""ce) adj_matrix = torch.tensor(np.load(adj_path), dtype=torch.float32).to(device) labels = torch.tensor(pd.read_csv(labels_path).values.squeeze(), dtype=torch.long).to(device) # Model config input_dim = contrastive_emb.shape[1] graph_dim = graph_features.shape[1] hidden_dim = 64 num_classes = len(torch.unique(labels)) batch_size = 16 epochs = 20 # Init model model = HFAGM(input_dim, graph_dim, hidden_dim, num_classes).to(device) optimizer = torch.optim.Adam(model.paramete"",False | C44_DI_REAL_1,4.4,fairness,Real-data disparate impact reported as 1.0,1.0,1.0,1,models\classifiers\train_hfagm.py,train_hfagm.py,""ce) adj_matrix = torch.tensor(np.load(adj_path), dtype=torch.float32).to(device) labels = torch.tensor(pd.read_csv(labels_path).values.squeeze(), dtype=torch.long).to(device) # Model config input_dim = contrastive_emb.shape[1] graph_dim = graph_features.shape[1] hidden_dim = 64 num_classes = len(torch.unique(labels)) batch_size = 16 epochs = 20 # Init model model = HFAGM(input_dim, graph_dim, hidden_dim, num_classes).to(device) optimizer = torch.optim.Adam(model.paramete"",False | C44_DI_REAL_1,4.4,fairness,Real-data disparate impact reported as 1.0,1.0,1.0,1,models\classifiers\train_hfagm.py,train_hfagm.py,""oad(adj_path), dtype=torch.float32).to(device) labels = torch.tensor(pd.read_csv(labels_path).values.squeeze(), dtype=torch.long).to(device) # Model config input_dim = contrastive_emb.shape[1] graph_dim = graph_features.shape[1] hidden_dim = 64 num_classes = len(torch.unique(labels)) batch_size = 16 epochs = 20 # Init model model = HFAGM(input_dim, graph_dim, hidden_dim, num_classes).to(device) optimizer = torch.optim.Adam(model.parameters(), lr=1e-3) criterion = nn.CrossEntr"",False | C44_DI_REAL_1,4.4,fairness,Real-data disparate impact reported as 1.0,1.0,1.0,1,models\classifiers\train_hfagm.py,train_hfagm.py,""oad(adj_path), dtype=torch.float32).to(device) labels = torch.tensor(pd.read_csv(labels_path).values.squeeze(), dtype=torch.long).to(device) # Model config input_dim = contrastive_emb.shape[1] graph_dim = graph_features.shape[1] hidden_dim = 64 num_classes = len(torch.unique(labels)) batch_size = 16 epochs = 20 # Init model model = HFAGM(input_dim, graph_dim, hidden_dim, num_classes).to(device) optimizer = torch.optim.Adam(model.parameters(), lr=1e-3) criterion = nn.CrossEntr"",False | C44_DI_REAL_1,4.4,fairness,Real-data disparate impact reported as 1.0,1.0,1.0,1,models\classifiers\train_hfagm.py,train_hfagm.py,""), dtype=torch.long).to(device) # Model config input_dim = contrastive_emb.shape[1] graph_dim = graph_features.shape[1] hidden_dim = 64 num_classes = len(torch.unique(labels)) batch_size = 16 epochs = 20 # Init model model = HFAGM(input_dim, graph_dim, hidden_dim, num_classes).to(device) optimizer = torch.optim.Adam(model.parameters(), lr=1e-3) criterion = nn.CrossEntropyLoss() # Logging train_los"
outputs\revision_audit\claim_evidence_detailed.csv,86,4.4,0,0,"C44_DI_REAL_1,4.4,fairness,Real-data disparate impact reported as 1.0,1.0,1.0,1,models\classifiers\train_hfagm.py,train_hfagm.py,""oad(adj_path), dtype=torch.float32).to(device) labels = torch.tensor(pd.read_csv(labels_path).values.squeeze(), dtype=torch.long).to(device) # Model config input_dim = contrastive_emb.shape[1] graph_dim = graph_features.shape[1] hidden_dim = 64 num_classes = len(torch.unique(labels)) batch_size = 16 epochs = 20 # Init model model = HFAGM(input_dim, graph_dim, hidden_dim, num_classes).to(device) optimizer = torch.optim.Adam(model.parameters(), lr=1e-3) criterion = nn.CrossEntr"",False","C44_DI_REAL_1,4.4,fairness,Real-data disparate impact reported as 1.0,1.0,1.0,1,models\classifiers\train_hfagm.py,train_hfagm.py,""ce) adj_matrix = torch.tensor(np.load(adj_path), dtype=torch.float32).to(device) labels = torch.tensor(pd.read_csv(labels_path).values.squeeze(), dtype=torch.long).to(device) # Model config input_dim = contrastive_emb.shape[1] graph_dim = graph_features.shape[1] hidden_dim = 64 num_classes = len(torch.unique(labels)) batch_size = 16 epochs = 20 # Init model model = HFAGM(input_dim, graph_dim, hidden_dim, num_classes).to(device) optimizer = torch.optim.Adam(model.paramete"",False | C44_DI_REAL_1,4.4,fairness,Real-data disparate impact reported as 1.0,1.0,1.0,1,models\classifiers\train_hfagm.py,train_hfagm.py,""oad(adj_path), dtype=torch.float32).to(device) labels = torch.tensor(pd.read_csv(labels_path).values.squeeze(), dtype=torch.long).to(device) # Model config input_dim = contrastive_emb.shape[1] graph_dim = graph_features.shape[1] hidden_dim = 64 num_classes = len(torch.unique(labels)) batch_size = 16 epochs = 20 # Init model model = HFAGM(input_dim, graph_dim, hidden_dim, num_classes).to(device) optimizer = torch.optim.Adam(model.parameters(), lr=1e-3) criterion = nn.CrossEntr"",False | C44_DI_REAL_1,4.4,fairness,Real-data disparate impact reported as 1.0,1.0,1.0,1,models\classifiers\train_hfagm.py,train_hfagm.py,""oad(adj_path), dtype=torch.float32).to(device) labels = torch.tensor(pd.read_csv(labels_path).values.squeeze(), dtype=torch.long).to(device) # Model config input_dim = contrastive_emb.shape[1] graph_dim = graph_features.shape[1] hidden_dim = 64 num_classes = len(torch.unique(labels)) batch_size = 16 epochs = 20 # Init model model = HFAGM(input_dim, graph_dim, hidden_dim, num_classes).to(device) optimizer = torch.optim.Adam(model.parameters(), lr=1e-3) criterion = nn.CrossEntr"",False | C44_DI_REAL_1,4.4,fairness,Real-data disparate impact reported as 1.0,1.0,1.0,1,models\classifiers\train_hfagm.py,train_hfagm.py,""), dtype=torch.long).to(device) # Model config input_dim = contrastive_emb.shape[1] graph_dim = graph_features.shape[1] hidden_dim = 64 num_classes = len(torch.unique(labels)) batch_size = 16 epochs = 20 # Init model model = HFAGM(input_dim, graph_dim, hidden_dim, num_classes).to(device) optimizer = torch.optim.Adam(model.parameters(), lr=1e-3) criterion = nn.CrossEntropyLoss() # Logging train_losses = [] train_accuracies = [] for epoch in range(epochs): model.train() permut"",False | C44_DI_REAL_1,4.4,fairness,Real-data disparate impact reported as 1.0,1.0,1.0,1,models\classifiers\train_hfagm.py,train_hfagm.py,""), dtype=torch.long).to(device) # Model config input_dim = contrastive_emb.shape[1] graph_dim = graph_features.shape[1] hidden_dim = 64 num_classes = len(torch.unique(labels)) batch_size = 16 epochs = 20 # Init model model = HFAGM(input_dim, graph_dim, hidden_dim, num_classes).to(device) optimizer = torch.optim.Adam(model.parameters(), lr=1e-3) criterion = nn.CrossEntropyLoss() # Logging train"
outputs\revision_audit\claim_evidence_detailed.csv,86,1.0,0,0,"C44_DI_REAL_1,4.4,fairness,Real-data disparate impact reported as 1.0,1.0,1.0,1,models\classifiers\train_hfagm.py,train_hfagm.py,""oad(adj_path), dtype=torch.float32).to(device) labels = torch.tensor(pd.read_csv(labels_path).values.squeeze(), dtype=torch.long).to(device) # Model config input_dim = contrastive_emb.shape[1] graph_dim = graph_features.shape[1] hidden_dim = 64 num_classes = len(torch.unique(labels)) batch_size = 16 epochs = 20 # Init model model = HFAGM(input_dim, graph_dim, hidden_dim, num_classes).to(device) optimizer = torch.optim.Adam(model.parameters(), lr=1e-3) criterion = nn.CrossEntr"",False","C44_DI_REAL_1,4.4,fairness,Real-data disparate impact reported as 1.0,1.0,1.0,1,models\classifiers\train_hfagm.py,train_hfagm.py,""ce) adj_matrix = torch.tensor(np.load(adj_path), dtype=torch.float32).to(device) labels = torch.tensor(pd.read_csv(labels_path).values.squeeze(), dtype=torch.long).to(device) # Model config input_dim = contrastive_emb.shape[1] graph_dim = graph_features.shape[1] hidden_dim = 64 num_classes = len(torch.unique(labels)) batch_size = 16 epochs = 20 # Init model model = HFAGM(input_dim, graph_dim, hidden_dim, num_classes).to(device) optimizer = torch.optim.Adam(model.paramete"",False | C44_DI_REAL_1,4.4,fairness,Real-data disparate impact reported as 1.0,1.0,1.0,1,models\classifiers\train_hfagm.py,train_hfagm.py,""oad(adj_path), dtype=torch.float32).to(device) labels = torch.tensor(pd.read_csv(labels_path).values.squeeze(), dtype=torch.long).to(device) # Model config input_dim = contrastive_emb.shape[1] graph_dim = graph_features.shape[1] hidden_dim = 64 num_classes = len(torch.unique(labels)) batch_size = 16 epochs = 20 # Init model model = HFAGM(input_dim, graph_dim, hidden_dim, num_classes).to(device) optimizer = torch.optim.Adam(model.parameters(), lr=1e-3) criterion = nn.CrossEntr"",False | C44_DI_REAL_1,4.4,fairness,Real-data disparate impact reported as 1.0,1.0,1.0,1,models\classifiers\train_hfagm.py,train_hfagm.py,""oad(adj_path), dtype=torch.float32).to(device) labels = torch.tensor(pd.read_csv(labels_path).values.squeeze(), dtype=torch.long).to(device) # Model config input_dim = contrastive_emb.shape[1] graph_dim = graph_features.shape[1] hidden_dim = 64 num_classes = len(torch.unique(labels)) batch_size = 16 epochs = 20 # Init model model = HFAGM(input_dim, graph_dim, hidden_dim, num_classes).to(device) optimizer = torch.optim.Adam(model.parameters(), lr=1e-3) criterion = nn.CrossEntr"",False | C44_DI_REAL_1,4.4,fairness,Real-data disparate impact reported as 1.0,1.0,1.0,1,models\classifiers\train_hfagm.py,train_hfagm.py,""), dtype=torch.long).to(device) # Model config input_dim = contrastive_emb.shape[1] graph_dim = graph_features.shape[1] hidden_dim = 64 num_classes = len(torch.unique(labels)) batch_size = 16 epochs = 20 # Init model model = HFAGM(input_dim, graph_dim, hidden_dim, num_classes).to(device) optimizer = torch.optim.Adam(model.parameters(), lr=1e-3) criterion = nn.CrossEntropyLoss() # Logging train_losses = [] train_accuracies = [] for epoch in range(epochs): model.train() permut"",False | C44_DI_REAL_1,4.4,fairness,Real-data disparate impact reported as 1.0,1.0,1.0,1,models\classifiers\train_hfagm.py,train_hfagm.py,""), dtype=torch.long).to(device) # Model config input_dim = contrastive_emb.shape[1] graph_dim = graph_features.shape[1] hidden_dim = 64 num_classes = len(torch.unique(labels)) batch_size = 16 epochs = 20 # Init model model = HFAGM(input_dim, graph_dim, hidden_dim, num_classes).to(device) optimizer = torch.optim.Adam(model.parameters(), lr=1e-3) criterion = nn.CrossEntropyLoss() # Logging train"
outputs\revision_audit\claim_evidence_detailed.csv,86,1.0,0,0,"C44_DI_REAL_1,4.4,fairness,Real-data disparate impact reported as 1.0,1.0,1.0,1,models\classifiers\train_hfagm.py,train_hfagm.py,""oad(adj_path), dtype=torch.float32).to(device) labels = torch.tensor(pd.read_csv(labels_path).values.squeeze(), dtype=torch.long).to(device) # Model config input_dim = contrastive_emb.shape[1] graph_dim = graph_features.shape[1] hidden_dim = 64 num_classes = len(torch.unique(labels)) batch_size = 16 epochs = 20 # Init model model = HFAGM(input_dim, graph_dim, hidden_dim, num_classes).to(device) optimizer = torch.optim.Adam(model.parameters(), lr=1e-3) criterion = nn.CrossEntr"",False","C44_DI_REAL_1,4.4,fairness,Real-data disparate impact reported as 1.0,1.0,1.0,1,models\classifiers\train_hfagm.py,train_hfagm.py,""ce) adj_matrix = torch.tensor(np.load(adj_path), dtype=torch.float32).to(device) labels = torch.tensor(pd.read_csv(labels_path).values.squeeze(), dtype=torch.long).to(device) # Model config input_dim = contrastive_emb.shape[1] graph_dim = graph_features.shape[1] hidden_dim = 64 num_classes = len(torch.unique(labels)) batch_size = 16 epochs = 20 # Init model model = HFAGM(input_dim, graph_dim, hidden_dim, num_classes).to(device) optimizer = torch.optim.Adam(model.paramete"",False | C44_DI_REAL_1,4.4,fairness,Real-data disparate impact reported as 1.0,1.0,1.0,1,models\classifiers\train_hfagm.py,train_hfagm.py,""oad(adj_path), dtype=torch.float32).to(device) labels = torch.tensor(pd.read_csv(labels_path).values.squeeze(), dtype=torch.long).to(device) # Model config input_dim = contrastive_emb.shape[1] graph_dim = graph_features.shape[1] hidden_dim = 64 num_classes = len(torch.unique(labels)) batch_size = 16 epochs = 20 # Init model model = HFAGM(input_dim, graph_dim, hidden_dim, num_classes).to(device) optimizer = torch.optim.Adam(model.parameters(), lr=1e-3) criterion = nn.CrossEntr"",False | C44_DI_REAL_1,4.4,fairness,Real-data disparate impact reported as 1.0,1.0,1.0,1,models\classifiers\train_hfagm.py,train_hfagm.py,""oad(adj_path), dtype=torch.float32).to(device) labels = torch.tensor(pd.read_csv(labels_path).values.squeeze(), dtype=torch.long).to(device) # Model config input_dim = contrastive_emb.shape[1] graph_dim = graph_features.shape[1] hidden_dim = 64 num_classes = len(torch.unique(labels)) batch_size = 16 epochs = 20 # Init model model = HFAGM(input_dim, graph_dim, hidden_dim, num_classes).to(device) optimizer = torch.optim.Adam(model.parameters(), lr=1e-3) criterion = nn.CrossEntr"",False | C44_DI_REAL_1,4.4,fairness,Real-data disparate impact reported as 1.0,1.0,1.0,1,models\classifiers\train_hfagm.py,train_hfagm.py,""), dtype=torch.long).to(device) # Model config input_dim = contrastive_emb.shape[1] graph_dim = graph_features.shape[1] hidden_dim = 64 num_classes = len(torch.unique(labels)) batch_size = 16 epochs = 20 # Init model model = HFAGM(input_dim, graph_dim, hidden_dim, num_classes).to(device) optimizer = torch.optim.Adam(model.parameters(), lr=1e-3) criterion = nn.CrossEntropyLoss() # Logging train_losses = [] train_accuracies = [] for epoch in range(epochs): model.train() permut"",False | C44_DI_REAL_1,4.4,fairness,Real-data disparate impact reported as 1.0,1.0,1.0,1,models\classifiers\train_hfagm.py,train_hfagm.py,""), dtype=torch.long).to(device) # Model config input_dim = contrastive_emb.shape[1] graph_dim = graph_features.shape[1] hidden_dim = 64 num_classes = len(torch.unique(labels)) batch_size = 16 epochs = 20 # Init model model = HFAGM(input_dim, graph_dim, hidden_dim, num_classes).to(device) optimizer = torch.optim.Adam(model.parameters(), lr=1e-3) criterion = nn.CrossEntropyLoss() # Logging train"
outputs\revision_audit\claim_evidence_detailed.csv,86,1.0,0,0,"C44_DI_REAL_1,4.4,fairness,Real-data disparate impact reported as 1.0,1.0,1.0,1,models\classifiers\train_hfagm.py,train_hfagm.py,""oad(adj_path), dtype=torch.float32).to(device) labels = torch.tensor(pd.read_csv(labels_path).values.squeeze(), dtype=torch.long).to(device) # Model config input_dim = contrastive_emb.shape[1] graph_dim = graph_features.shape[1] hidden_dim = 64 num_classes = len(torch.unique(labels)) batch_size = 16 epochs = 20 # Init model model = HFAGM(input_dim, graph_dim, hidden_dim, num_classes).to(device) optimizer = torch.optim.Adam(model.parameters(), lr=1e-3) criterion = nn.CrossEntr"",False","C44_DI_REAL_1,4.4,fairness,Real-data disparate impact reported as 1.0,1.0,1.0,1,models\classifiers\train_hfagm.py,train_hfagm.py,""ce) adj_matrix = torch.tensor(np.load(adj_path), dtype=torch.float32).to(device) labels = torch.tensor(pd.read_csv(labels_path).values.squeeze(), dtype=torch.long).to(device) # Model config input_dim = contrastive_emb.shape[1] graph_dim = graph_features.shape[1] hidden_dim = 64 num_classes = len(torch.unique(labels)) batch_size = 16 epochs = 20 # Init model model = HFAGM(input_dim, graph_dim, hidden_dim, num_classes).to(device) optimizer = torch.optim.Adam(model.paramete"",False | C44_DI_REAL_1,4.4,fairness,Real-data disparate impact reported as 1.0,1.0,1.0,1,models\classifiers\train_hfagm.py,train_hfagm.py,""oad(adj_path), dtype=torch.float32).to(device) labels = torch.tensor(pd.read_csv(labels_path).values.squeeze(), dtype=torch.long).to(device) # Model config input_dim = contrastive_emb.shape[1] graph_dim = graph_features.shape[1] hidden_dim = 64 num_classes = len(torch.unique(labels)) batch_size = 16 epochs = 20 # Init model model = HFAGM(input_dim, graph_dim, hidden_dim, num_classes).to(device) optimizer = torch.optim.Adam(model.parameters(), lr=1e-3) criterion = nn.CrossEntr"",False | C44_DI_REAL_1,4.4,fairness,Real-data disparate impact reported as 1.0,1.0,1.0,1,models\classifiers\train_hfagm.py,train_hfagm.py,""oad(adj_path), dtype=torch.float32).to(device) labels = torch.tensor(pd.read_csv(labels_path).values.squeeze(), dtype=torch.long).to(device) # Model config input_dim = contrastive_emb.shape[1] graph_dim = graph_features.shape[1] hidden_dim = 64 num_classes = len(torch.unique(labels)) batch_size = 16 epochs = 20 # Init model model = HFAGM(input_dim, graph_dim, hidden_dim, num_classes).to(device) optimizer = torch.optim.Adam(model.parameters(), lr=1e-3) criterion = nn.CrossEntr"",False | C44_DI_REAL_1,4.4,fairness,Real-data disparate impact reported as 1.0,1.0,1.0,1,models\classifiers\train_hfagm.py,train_hfagm.py,""), dtype=torch.long).to(device) # Model config input_dim = contrastive_emb.shape[1] graph_dim = graph_features.shape[1] hidden_dim = 64 num_classes = len(torch.unique(labels)) batch_size = 16 epochs = 20 # Init model model = HFAGM(input_dim, graph_dim, hidden_dim, num_classes).to(device) optimizer = torch.optim.Adam(model.parameters(), lr=1e-3) criterion = nn.CrossEntropyLoss() # Logging train_losses = [] train_accuracies = [] for epoch in range(epochs): model.train() permut"",False | C44_DI_REAL_1,4.4,fairness,Real-data disparate impact reported as 1.0,1.0,1.0,1,models\classifiers\train_hfagm.py,train_hfagm.py,""), dtype=torch.long).to(device) # Model config input_dim = contrastive_emb.shape[1] graph_dim = graph_features.shape[1] hidden_dim = 64 num_classes = len(torch.unique(labels)) batch_size = 16 epochs = 20 # Init model model = HFAGM(input_dim, graph_dim, hidden_dim, num_classes).to(device) optimizer = torch.optim.Adam(model.parameters(), lr=1e-3) criterion = nn.CrossEntropyLoss() # Logging train"
outputs\revision_audit\claim_evidence_detailed.csv,86,1.0,0,0,"C44_DI_REAL_1,4.4,fairness,Real-data disparate impact reported as 1.0,1.0,1.0,1,models\classifiers\train_hfagm.py,train_hfagm.py,""oad(adj_path), dtype=torch.float32).to(device) labels = torch.tensor(pd.read_csv(labels_path).values.squeeze(), dtype=torch.long).to(device) # Model config input_dim = contrastive_emb.shape[1] graph_dim = graph_features.shape[1] hidden_dim = 64 num_classes = len(torch.unique(labels)) batch_size = 16 epochs = 20 # Init model model = HFAGM(input_dim, graph_dim, hidden_dim, num_classes).to(device) optimizer = torch.optim.Adam(model.parameters(), lr=1e-3) criterion = nn.CrossEntr"",False","C44_DI_REAL_1,4.4,fairness,Real-data disparate impact reported as 1.0,1.0,1.0,1,models\classifiers\train_hfagm.py,train_hfagm.py,""ce) adj_matrix = torch.tensor(np.load(adj_path), dtype=torch.float32).to(device) labels = torch.tensor(pd.read_csv(labels_path).values.squeeze(), dtype=torch.long).to(device) # Model config input_dim = contrastive_emb.shape[1] graph_dim = graph_features.shape[1] hidden_dim = 64 num_classes = len(torch.unique(labels)) batch_size = 16 epochs = 20 # Init model model = HFAGM(input_dim, graph_dim, hidden_dim, num_classes).to(device) optimizer = torch.optim.Adam(model.paramete"",False | C44_DI_REAL_1,4.4,fairness,Real-data disparate impact reported as 1.0,1.0,1.0,1,models\classifiers\train_hfagm.py,train_hfagm.py,""oad(adj_path), dtype=torch.float32).to(device) labels = torch.tensor(pd.read_csv(labels_path).values.squeeze(), dtype=torch.long).to(device) # Model config input_dim = contrastive_emb.shape[1] graph_dim = graph_features.shape[1] hidden_dim = 64 num_classes = len(torch.unique(labels)) batch_size = 16 epochs = 20 # Init model model = HFAGM(input_dim, graph_dim, hidden_dim, num_classes).to(device) optimizer = torch.optim.Adam(model.parameters(), lr=1e-3) criterion = nn.CrossEntr"",False | C44_DI_REAL_1,4.4,fairness,Real-data disparate impact reported as 1.0,1.0,1.0,1,models\classifiers\train_hfagm.py,train_hfagm.py,""oad(adj_path), dtype=torch.float32).to(device) labels = torch.tensor(pd.read_csv(labels_path).values.squeeze(), dtype=torch.long).to(device) # Model config input_dim = contrastive_emb.shape[1] graph_dim = graph_features.shape[1] hidden_dim = 64 num_classes = len(torch.unique(labels)) batch_size = 16 epochs = 20 # Init model model = HFAGM(input_dim, graph_dim, hidden_dim, num_classes).to(device) optimizer = torch.optim.Adam(model.parameters(), lr=1e-3) criterion = nn.CrossEntr"",False | C44_DI_REAL_1,4.4,fairness,Real-data disparate impact reported as 1.0,1.0,1.0,1,models\classifiers\train_hfagm.py,train_hfagm.py,""), dtype=torch.long).to(device) # Model config input_dim = contrastive_emb.shape[1] graph_dim = graph_features.shape[1] hidden_dim = 64 num_classes = len(torch.unique(labels)) batch_size = 16 epochs = 20 # Init model model = HFAGM(input_dim, graph_dim, hidden_dim, num_classes).to(device) optimizer = torch.optim.Adam(model.parameters(), lr=1e-3) criterion = nn.CrossEntropyLoss() # Logging train_losses = [] train_accuracies = [] for epoch in range(epochs): model.train() permut"",False | C44_DI_REAL_1,4.4,fairness,Real-data disparate impact reported as 1.0,1.0,1.0,1,models\classifiers\train_hfagm.py,train_hfagm.py,""), dtype=torch.long).to(device) # Model config input_dim = contrastive_emb.shape[1] graph_dim = graph_features.shape[1] hidden_dim = 64 num_classes = len(torch.unique(labels)) batch_size = 16 epochs = 20 # Init model model = HFAGM(input_dim, graph_dim, hidden_dim, num_classes).to(device) optimizer = torch.optim.Adam(model.parameters(), lr=1e-3) criterion = nn.CrossEntropyLoss() # Logging train"
outputs\revision_audit\claim_evidence_detailed.csv,86,1.0,0,0,"C44_DI_REAL_1,4.4,fairness,Real-data disparate impact reported as 1.0,1.0,1.0,1,models\classifiers\train_hfagm.py,train_hfagm.py,""oad(adj_path), dtype=torch.float32).to(device) labels = torch.tensor(pd.read_csv(labels_path).values.squeeze(), dtype=torch.long).to(device) # Model config input_dim = contrastive_emb.shape[1] graph_dim = graph_features.shape[1] hidden_dim = 64 num_classes = len(torch.unique(labels)) batch_size = 16 epochs = 20 # Init model model = HFAGM(input_dim, graph_dim, hidden_dim, num_classes).to(device) optimizer = torch.optim.Adam(model.parameters(), lr=1e-3) criterion = nn.CrossEntr"",False","C44_DI_REAL_1,4.4,fairness,Real-data disparate impact reported as 1.0,1.0,1.0,1,models\classifiers\train_hfagm.py,train_hfagm.py,""ce) adj_matrix = torch.tensor(np.load(adj_path), dtype=torch.float32).to(device) labels = torch.tensor(pd.read_csv(labels_path).values.squeeze(), dtype=torch.long).to(device) # Model config input_dim = contrastive_emb.shape[1] graph_dim = graph_features.shape[1] hidden_dim = 64 num_classes = len(torch.unique(labels)) batch_size = 16 epochs = 20 # Init model model = HFAGM(input_dim, graph_dim, hidden_dim, num_classes).to(device) optimizer = torch.optim.Adam(model.paramete"",False | C44_DI_REAL_1,4.4,fairness,Real-data disparate impact reported as 1.0,1.0,1.0,1,models\classifiers\train_hfagm.py,train_hfagm.py,""oad(adj_path), dtype=torch.float32).to(device) labels = torch.tensor(pd.read_csv(labels_path).values.squeeze(), dtype=torch.long).to(device) # Model config input_dim = contrastive_emb.shape[1] graph_dim = graph_features.shape[1] hidden_dim = 64 num_classes = len(torch.unique(labels)) batch_size = 16 epochs = 20 # Init model model = HFAGM(input_dim, graph_dim, hidden_dim, num_classes).to(device) optimizer = torch.optim.Adam(model.parameters(), lr=1e-3) criterion = nn.CrossEntr"",False | C44_DI_REAL_1,4.4,fairness,Real-data disparate impact reported as 1.0,1.0,1.0,1,models\classifiers\train_hfagm.py,train_hfagm.py,""oad(adj_path), dtype=torch.float32).to(device) labels = torch.tensor(pd.read_csv(labels_path).values.squeeze(), dtype=torch.long).to(device) # Model config input_dim = contrastive_emb.shape[1] graph_dim = graph_features.shape[1] hidden_dim = 64 num_classes = len(torch.unique(labels)) batch_size = 16 epochs = 20 # Init model model = HFAGM(input_dim, graph_dim, hidden_dim, num_classes).to(device) optimizer = torch.optim.Adam(model.parameters(), lr=1e-3) criterion = nn.CrossEntr"",False | C44_DI_REAL_1,4.4,fairness,Real-data disparate impact reported as 1.0,1.0,1.0,1,models\classifiers\train_hfagm.py,train_hfagm.py,""), dtype=torch.long).to(device) # Model config input_dim = contrastive_emb.shape[1] graph_dim = graph_features.shape[1] hidden_dim = 64 num_classes = len(torch.unique(labels)) batch_size = 16 epochs = 20 # Init model model = HFAGM(input_dim, graph_dim, hidden_dim, num_classes).to(device) optimizer = torch.optim.Adam(model.parameters(), lr=1e-3) criterion = nn.CrossEntropyLoss() # Logging train_losses = [] train_accuracies = [] for epoch in range(epochs): model.train() permut"",False | C44_DI_REAL_1,4.4,fairness,Real-data disparate impact reported as 1.0,1.0,1.0,1,models\classifiers\train_hfagm.py,train_hfagm.py,""), dtype=torch.long).to(device) # Model config input_dim = contrastive_emb.shape[1] graph_dim = graph_features.shape[1] hidden_dim = 64 num_classes = len(torch.unique(labels)) batch_size = 16 epochs = 20 # Init model model = HFAGM(input_dim, graph_dim, hidden_dim, num_classes).to(device) optimizer = torch.optim.Adam(model.parameters(), lr=1e-3) criterion = nn.CrossEntropyLoss() # Logging train"
outputs\revision_audit\claim_evidence_detailed.csv,86,1.0,0,0,"C44_DI_REAL_1,4.4,fairness,Real-data disparate impact reported as 1.0,1.0,1.0,1,models\classifiers\train_hfagm.py,train_hfagm.py,""oad(adj_path), dtype=torch.float32).to(device) labels = torch.tensor(pd.read_csv(labels_path).values.squeeze(), dtype=torch.long).to(device) # Model config input_dim = contrastive_emb.shape[1] graph_dim = graph_features.shape[1] hidden_dim = 64 num_classes = len(torch.unique(labels)) batch_size = 16 epochs = 20 # Init model model = HFAGM(input_dim, graph_dim, hidden_dim, num_classes).to(device) optimizer = torch.optim.Adam(model.parameters(), lr=1e-3) criterion = nn.CrossEntr"",False","C44_DI_REAL_1,4.4,fairness,Real-data disparate impact reported as 1.0,1.0,1.0,1,models\classifiers\train_hfagm.py,train_hfagm.py,""ce) adj_matrix = torch.tensor(np.load(adj_path), dtype=torch.float32).to(device) labels = torch.tensor(pd.read_csv(labels_path).values.squeeze(), dtype=torch.long).to(device) # Model config input_dim = contrastive_emb.shape[1] graph_dim = graph_features.shape[1] hidden_dim = 64 num_classes = len(torch.unique(labels)) batch_size = 16 epochs = 20 # Init model model = HFAGM(input_dim, graph_dim, hidden_dim, num_classes).to(device) optimizer = torch.optim.Adam(model.paramete"",False | C44_DI_REAL_1,4.4,fairness,Real-data disparate impact reported as 1.0,1.0,1.0,1,models\classifiers\train_hfagm.py,train_hfagm.py,""oad(adj_path), dtype=torch.float32).to(device) labels = torch.tensor(pd.read_csv(labels_path).values.squeeze(), dtype=torch.long).to(device) # Model config input_dim = contrastive_emb.shape[1] graph_dim = graph_features.shape[1] hidden_dim = 64 num_classes = len(torch.unique(labels)) batch_size = 16 epochs = 20 # Init model model = HFAGM(input_dim, graph_dim, hidden_dim, num_classes).to(device) optimizer = torch.optim.Adam(model.parameters(), lr=1e-3) criterion = nn.CrossEntr"",False | C44_DI_REAL_1,4.4,fairness,Real-data disparate impact reported as 1.0,1.0,1.0,1,models\classifiers\train_hfagm.py,train_hfagm.py,""oad(adj_path), dtype=torch.float32).to(device) labels = torch.tensor(pd.read_csv(labels_path).values.squeeze(), dtype=torch.long).to(device) # Model config input_dim = contrastive_emb.shape[1] graph_dim = graph_features.shape[1] hidden_dim = 64 num_classes = len(torch.unique(labels)) batch_size = 16 epochs = 20 # Init model model = HFAGM(input_dim, graph_dim, hidden_dim, num_classes).to(device) optimizer = torch.optim.Adam(model.parameters(), lr=1e-3) criterion = nn.CrossEntr"",False | C44_DI_REAL_1,4.4,fairness,Real-data disparate impact reported as 1.0,1.0,1.0,1,models\classifiers\train_hfagm.py,train_hfagm.py,""), dtype=torch.long).to(device) # Model config input_dim = contrastive_emb.shape[1] graph_dim = graph_features.shape[1] hidden_dim = 64 num_classes = len(torch.unique(labels)) batch_size = 16 epochs = 20 # Init model model = HFAGM(input_dim, graph_dim, hidden_dim, num_classes).to(device) optimizer = torch.optim.Adam(model.parameters(), lr=1e-3) criterion = nn.CrossEntropyLoss() # Logging train_losses = [] train_accuracies = [] for epoch in range(epochs): model.train() permut"",False | C44_DI_REAL_1,4.4,fairness,Real-data disparate impact reported as 1.0,1.0,1.0,1,models\classifiers\train_hfagm.py,train_hfagm.py,""), dtype=torch.long).to(device) # Model config input_dim = contrastive_emb.shape[1] graph_dim = graph_features.shape[1] hidden_dim = 64 num_classes = len(torch.unique(labels)) batch_size = 16 epochs = 20 # Init model model = HFAGM(input_dim, graph_dim, hidden_dim, num_classes).to(device) optimizer = torch.optim.Adam(model.parameters(), lr=1e-3) criterion = nn.CrossEntropyLoss() # Logging train"
outputs\revision_audit\claim_evidence_detailed.csv,86,64.0,0,0,"C44_DI_REAL_1,4.4,fairness,Real-data disparate impact reported as 1.0,1.0,1.0,1,models\classifiers\train_hfagm.py,train_hfagm.py,""oad(adj_path), dtype=torch.float32).to(device) labels = torch.tensor(pd.read_csv(labels_path).values.squeeze(), dtype=torch.long).to(device) # Model config input_dim = contrastive_emb.shape[1] graph_dim = graph_features.shape[1] hidden_dim = 64 num_classes = len(torch.unique(labels)) batch_size = 16 epochs = 20 # Init model model = HFAGM(input_dim, graph_dim, hidden_dim, num_classes).to(device) optimizer = torch.optim.Adam(model.parameters(), lr=1e-3) criterion = nn.CrossEntr"",False","C44_DI_REAL_1,4.4,fairness,Real-data disparate impact reported as 1.0,1.0,1.0,1,models\classifiers\train_hfagm.py,train_hfagm.py,""ce) adj_matrix = torch.tensor(np.load(adj_path), dtype=torch.float32).to(device) labels = torch.tensor(pd.read_csv(labels_path).values.squeeze(), dtype=torch.long).to(device) # Model config input_dim = contrastive_emb.shape[1] graph_dim = graph_features.shape[1] hidden_dim = 64 num_classes = len(torch.unique(labels)) batch_size = 16 epochs = 20 # Init model model = HFAGM(input_dim, graph_dim, hidden_dim, num_classes).to(device) optimizer = torch.optim.Adam(model.paramete"",False | C44_DI_REAL_1,4.4,fairness,Real-data disparate impact reported as 1.0,1.0,1.0,1,models\classifiers\train_hfagm.py,train_hfagm.py,""oad(adj_path), dtype=torch.float32).to(device) labels = torch.tensor(pd.read_csv(labels_path).values.squeeze(), dtype=torch.long).to(device) # Model config input_dim = contrastive_emb.shape[1] graph_dim = graph_features.shape[1] hidden_dim = 64 num_classes = len(torch.unique(labels)) batch_size = 16 epochs = 20 # Init model model = HFAGM(input_dim, graph_dim, hidden_dim, num_classes).to(device) optimizer = torch.optim.Adam(model.parameters(), lr=1e-3) criterion = nn.CrossEntr"",False | C44_DI_REAL_1,4.4,fairness,Real-data disparate impact reported as 1.0,1.0,1.0,1,models\classifiers\train_hfagm.py,train_hfagm.py,""oad(adj_path), dtype=torch.float32).to(device) labels = torch.tensor(pd.read_csv(labels_path).values.squeeze(), dtype=torch.long).to(device) # Model config input_dim = contrastive_emb.shape[1] graph_dim = graph_features.shape[1] hidden_dim = 64 num_classes = len(torch.unique(labels)) batch_size = 16 epochs = 20 # Init model model = HFAGM(input_dim, graph_dim, hidden_dim, num_classes).to(device) optimizer = torch.optim.Adam(model.parameters(), lr=1e-3) criterion = nn.CrossEntr"",False | C44_DI_REAL_1,4.4,fairness,Real-data disparate impact reported as 1.0,1.0,1.0,1,models\classifiers\train_hfagm.py,train_hfagm.py,""), dtype=torch.long).to(device) # Model config input_dim = contrastive_emb.shape[1] graph_dim = graph_features.shape[1] hidden_dim = 64 num_classes = len(torch.unique(labels)) batch_size = 16 epochs = 20 # Init model model = HFAGM(input_dim, graph_dim, hidden_dim, num_classes).to(device) optimizer = torch.optim.Adam(model.parameters(), lr=1e-3) criterion = nn.CrossEntropyLoss() # Logging train_losses = [] train_accuracies = [] for epoch in range(epochs): model.train() permut"",False | C44_DI_REAL_1,4.4,fairness,Real-data disparate impact reported as 1.0,1.0,1.0,1,models\classifiers\train_hfagm.py,train_hfagm.py,""), dtype=torch.long).to(device) # Model config input_dim = contrastive_emb.shape[1] graph_dim = graph_features.shape[1] hidden_dim = 64 num_classes = len(torch.unique(labels)) batch_size = 16 epochs = 20 # Init model model = HFAGM(input_dim, graph_dim, hidden_dim, num_classes).to(device) optimizer = torch.optim.Adam(model.parameters(), lr=1e-3) criterion = nn.CrossEntropyLoss() # Logging train"
outputs\revision_audit\claim_evidence_detailed.csv,86,16.0,0,0,"C44_DI_REAL_1,4.4,fairness,Real-data disparate impact reported as 1.0,1.0,1.0,1,models\classifiers\train_hfagm.py,train_hfagm.py,""oad(adj_path), dtype=torch.float32).to(device) labels = torch.tensor(pd.read_csv(labels_path).values.squeeze(), dtype=torch.long).to(device) # Model config input_dim = contrastive_emb.shape[1] graph_dim = graph_features.shape[1] hidden_dim = 64 num_classes = len(torch.unique(labels)) batch_size = 16 epochs = 20 # Init model model = HFAGM(input_dim, graph_dim, hidden_dim, num_classes).to(device) optimizer = torch.optim.Adam(model.parameters(), lr=1e-3) criterion = nn.CrossEntr"",False","C44_DI_REAL_1,4.4,fairness,Real-data disparate impact reported as 1.0,1.0,1.0,1,models\classifiers\train_hfagm.py,train_hfagm.py,""ce) adj_matrix = torch.tensor(np.load(adj_path), dtype=torch.float32).to(device) labels = torch.tensor(pd.read_csv(labels_path).values.squeeze(), dtype=torch.long).to(device) # Model config input_dim = contrastive_emb.shape[1] graph_dim = graph_features.shape[1] hidden_dim = 64 num_classes = len(torch.unique(labels)) batch_size = 16 epochs = 20 # Init model model = HFAGM(input_dim, graph_dim, hidden_dim, num_classes).to(device) optimizer = torch.optim.Adam(model.paramete"",False | C44_DI_REAL_1,4.4,fairness,Real-data disparate impact reported as 1.0,1.0,1.0,1,models\classifiers\train_hfagm.py,train_hfagm.py,""oad(adj_path), dtype=torch.float32).to(device) labels = torch.tensor(pd.read_csv(labels_path).values.squeeze(), dtype=torch.long).to(device) # Model config input_dim = contrastive_emb.shape[1] graph_dim = graph_features.shape[1] hidden_dim = 64 num_classes = len(torch.unique(labels)) batch_size = 16 epochs = 20 # Init model model = HFAGM(input_dim, graph_dim, hidden_dim, num_classes).to(device) optimizer = torch.optim.Adam(model.parameters(), lr=1e-3) criterion = nn.CrossEntr"",False | C44_DI_REAL_1,4.4,fairness,Real-data disparate impact reported as 1.0,1.0,1.0,1,models\classifiers\train_hfagm.py,train_hfagm.py,""oad(adj_path), dtype=torch.float32).to(device) labels = torch.tensor(pd.read_csv(labels_path).values.squeeze(), dtype=torch.long).to(device) # Model config input_dim = contrastive_emb.shape[1] graph_dim = graph_features.shape[1] hidden_dim = 64 num_classes = len(torch.unique(labels)) batch_size = 16 epochs = 20 # Init model model = HFAGM(input_dim, graph_dim, hidden_dim, num_classes).to(device) optimizer = torch.optim.Adam(model.parameters(), lr=1e-3) criterion = nn.CrossEntr"",False | C44_DI_REAL_1,4.4,fairness,Real-data disparate impact reported as 1.0,1.0,1.0,1,models\classifiers\train_hfagm.py,train_hfagm.py,""), dtype=torch.long).to(device) # Model config input_dim = contrastive_emb.shape[1] graph_dim = graph_features.shape[1] hidden_dim = 64 num_classes = len(torch.unique(labels)) batch_size = 16 epochs = 20 # Init model model = HFAGM(input_dim, graph_dim, hidden_dim, num_classes).to(device) optimizer = torch.optim.Adam(model.parameters(), lr=1e-3) criterion = nn.CrossEntropyLoss() # Logging train_losses = [] train_accuracies = [] for epoch in range(epochs): model.train() permut"",False | C44_DI_REAL_1,4.4,fairness,Real-data disparate impact reported as 1.0,1.0,1.0,1,models\classifiers\train_hfagm.py,train_hfagm.py,""), dtype=torch.long).to(device) # Model config input_dim = contrastive_emb.shape[1] graph_dim = graph_features.shape[1] hidden_dim = 64 num_classes = len(torch.unique(labels)) batch_size = 16 epochs = 20 # Init model model = HFAGM(input_dim, graph_dim, hidden_dim, num_classes).to(device) optimizer = torch.optim.Adam(model.parameters(), lr=1e-3) criterion = nn.CrossEntropyLoss() # Logging train"
outputs\revision_audit\claim_evidence_detailed.csv,86,20.0,0,0,"C44_DI_REAL_1,4.4,fairness,Real-data disparate impact reported as 1.0,1.0,1.0,1,models\classifiers\train_hfagm.py,train_hfagm.py,""oad(adj_path), dtype=torch.float32).to(device) labels = torch.tensor(pd.read_csv(labels_path).values.squeeze(), dtype=torch.long).to(device) # Model config input_dim = contrastive_emb.shape[1] graph_dim = graph_features.shape[1] hidden_dim = 64 num_classes = len(torch.unique(labels)) batch_size = 16 epochs = 20 # Init model model = HFAGM(input_dim, graph_dim, hidden_dim, num_classes).to(device) optimizer = torch.optim.Adam(model.parameters(), lr=1e-3) criterion = nn.CrossEntr"",False","C44_DI_REAL_1,4.4,fairness,Real-data disparate impact reported as 1.0,1.0,1.0,1,models\classifiers\train_hfagm.py,train_hfagm.py,""ce) adj_matrix = torch.tensor(np.load(adj_path), dtype=torch.float32).to(device) labels = torch.tensor(pd.read_csv(labels_path).values.squeeze(), dtype=torch.long).to(device) # Model config input_dim = contrastive_emb.shape[1] graph_dim = graph_features.shape[1] hidden_dim = 64 num_classes = len(torch.unique(labels)) batch_size = 16 epochs = 20 # Init model model = HFAGM(input_dim, graph_dim, hidden_dim, num_classes).to(device) optimizer = torch.optim.Adam(model.paramete"",False | C44_DI_REAL_1,4.4,fairness,Real-data disparate impact reported as 1.0,1.0,1.0,1,models\classifiers\train_hfagm.py,train_hfagm.py,""oad(adj_path), dtype=torch.float32).to(device) labels = torch.tensor(pd.read_csv(labels_path).values.squeeze(), dtype=torch.long).to(device) # Model config input_dim = contrastive_emb.shape[1] graph_dim = graph_features.shape[1] hidden_dim = 64 num_classes = len(torch.unique(labels)) batch_size = 16 epochs = 20 # Init model model = HFAGM(input_dim, graph_dim, hidden_dim, num_classes).to(device) optimizer = torch.optim.Adam(model.parameters(), lr=1e-3) criterion = nn.CrossEntr"",False | C44_DI_REAL_1,4.4,fairness,Real-data disparate impact reported as 1.0,1.0,1.0,1,models\classifiers\train_hfagm.py,train_hfagm.py,""oad(adj_path), dtype=torch.float32).to(device) labels = torch.tensor(pd.read_csv(labels_path).values.squeeze(), dtype=torch.long).to(device) # Model config input_dim = contrastive_emb.shape[1] graph_dim = graph_features.shape[1] hidden_dim = 64 num_classes = len(torch.unique(labels)) batch_size = 16 epochs = 20 # Init model model = HFAGM(input_dim, graph_dim, hidden_dim, num_classes).to(device) optimizer = torch.optim.Adam(model.parameters(), lr=1e-3) criterion = nn.CrossEntr"",False | C44_DI_REAL_1,4.4,fairness,Real-data disparate impact reported as 1.0,1.0,1.0,1,models\classifiers\train_hfagm.py,train_hfagm.py,""), dtype=torch.long).to(device) # Model config input_dim = contrastive_emb.shape[1] graph_dim = graph_features.shape[1] hidden_dim = 64 num_classes = len(torch.unique(labels)) batch_size = 16 epochs = 20 # Init model model = HFAGM(input_dim, graph_dim, hidden_dim, num_classes).to(device) optimizer = torch.optim.Adam(model.parameters(), lr=1e-3) criterion = nn.CrossEntropyLoss() # Logging train_losses = [] train_accuracies = [] for epoch in range(epochs): model.train() permut"",False | C44_DI_REAL_1,4.4,fairness,Real-data disparate impact reported as 1.0,1.0,1.0,1,models\classifiers\train_hfagm.py,train_hfagm.py,""), dtype=torch.long).to(device) # Model config input_dim = contrastive_emb.shape[1] graph_dim = graph_features.shape[1] hidden_dim = 64 num_classes = len(torch.unique(labels)) batch_size = 16 epochs = 20 # Init model model = HFAGM(input_dim, graph_dim, hidden_dim, num_classes).to(device) optimizer = torch.optim.Adam(model.parameters(), lr=1e-3) criterion = nn.CrossEntropyLoss() # Logging train"
outputs\revision_audit\claim_evidence_detailed.csv,87,4.4,0,0,"C44_DI_REAL_1,4.4,fairness,Real-data disparate impact reported as 1.0,1.0,1.0,1,models\classifiers\train_hfagm.py,train_hfagm.py,""), dtype=torch.long).to(device) # Model config input_dim = contrastive_emb.shape[1] graph_dim = graph_features.shape[1] hidden_dim = 64 num_classes = len(torch.unique(labels)) batch_size = 16 epochs = 20 # Init model model = HFAGM(input_dim, graph_dim, hidden_dim, num_classes).to(device) optimizer = torch.optim.Adam(model.parameters(), lr=1e-3) criterion = nn.CrossEntropyLoss() # Logging train_losses = [] train_accuracies = [] for epoch in range(epochs): model.train() permut"",False","C44_DI_REAL_1,4.4,fairness,Real-data disparate impact reported as 1.0,1.0,1.0,1,models\classifiers\train_hfagm.py,train_hfagm.py,""oad(adj_path), dtype=torch.float32).to(device) labels = torch.tensor(pd.read_csv(labels_path).values.squeeze(), dtype=torch.long).to(device) # Model config input_dim = contrastive_emb.shape[1] graph_dim = graph_features.shape[1] hidden_dim = 64 num_classes = len(torch.unique(labels)) batch_size = 16 epochs = 20 # Init model model = HFAGM(input_dim, graph_dim, hidden_dim, num_classes).to(device) optimizer = torch.optim.Adam(model.parameters(), lr=1e-3) criterion = nn.CrossEntr"",False | C44_DI_REAL_1,4.4,fairness,Real-data disparate impact reported as 1.0,1.0,1.0,1,models\classifiers\train_hfagm.py,train_hfagm.py,""oad(adj_path), dtype=torch.float32).to(device) labels = torch.tensor(pd.read_csv(labels_path).values.squeeze(), dtype=torch.long).to(device) # Model config input_dim = contrastive_emb.shape[1] graph_dim = graph_features.shape[1] hidden_dim = 64 num_classes = len(torch.unique(labels)) batch_size = 16 epochs = 20 # Init model model = HFAGM(input_dim, graph_dim, hidden_dim, num_classes).to(device) optimizer = torch.optim.Adam(model.parameters(), lr=1e-3) criterion = nn.CrossEntr"",False | C44_DI_REAL_1,4.4,fairness,Real-data disparate impact reported as 1.0,1.0,1.0,1,models\classifiers\train_hfagm.py,train_hfagm.py,""), dtype=torch.long).to(device) # Model config input_dim = contrastive_emb.shape[1] graph_dim = graph_features.shape[1] hidden_dim = 64 num_classes = len(torch.unique(labels)) batch_size = 16 epochs = 20 # Init model model = HFAGM(input_dim, graph_dim, hidden_dim, num_classes).to(device) optimizer = torch.optim.Adam(model.parameters(), lr=1e-3) criterion = nn.CrossEntropyLoss() # Logging train_losses = [] train_accuracies = [] for epoch in range(epochs): model.train() permut"",False | C44_DI_REAL_1,4.4,fairness,Real-data disparate impact reported as 1.0,1.0,1.0,1,models\classifiers\train_hfagm.py,train_hfagm.py,""), dtype=torch.long).to(device) # Model config input_dim = contrastive_emb.shape[1] graph_dim = graph_features.shape[1] hidden_dim = 64 num_classes = len(torch.unique(labels)) batch_size = 16 epochs = 20 # Init model model = HFAGM(input_dim, graph_dim, hidden_dim, num_classes).to(device) optimizer = torch.optim.Adam(model.parameters(), lr=1e-3) criterion = nn.CrossEntropyLoss() # Logging train_losses = [] train_accuracies = [] for epoch in range(epochs): model.train() permut"",False | C44_DI_REAL_1,4.4,fairness,Real-data disparate impact reported as 1.0,1.0,1.0,1,models\classifiers\train_hfagm.py,train_hfagm.py,""rch.long).to(device) # Model config input_dim = contrastive_emb.shape[1] graph_dim = graph_features.shape[1] hidden_dim = 64 num_classes = len(torch.unique(labels)) batch_size = 16 epochs = 20 # Init model model = HFAGM(input_dim, graph_dim, hidden_dim, num_classes).to(device) optimizer = torch.optim.Adam(model.parameters(), lr=1e-3) criterion = nn.CrossEntropyLoss() # Logging train_losses"
outputs\revision_audit\claim_evidence_detailed.csv,87,1.0,0,0,"C44_DI_REAL_1,4.4,fairness,Real-data disparate impact reported as 1.0,1.0,1.0,1,models\classifiers\train_hfagm.py,train_hfagm.py,""), dtype=torch.long).to(device) # Model config input_dim = contrastive_emb.shape[1] graph_dim = graph_features.shape[1] hidden_dim = 64 num_classes = len(torch.unique(labels)) batch_size = 16 epochs = 20 # Init model model = HFAGM(input_dim, graph_dim, hidden_dim, num_classes).to(device) optimizer = torch.optim.Adam(model.parameters(), lr=1e-3) criterion = nn.CrossEntropyLoss() # Logging train_losses = [] train_accuracies = [] for epoch in range(epochs): model.train() permut"",False","C44_DI_REAL_1,4.4,fairness,Real-data disparate impact reported as 1.0,1.0,1.0,1,models\classifiers\train_hfagm.py,train_hfagm.py,""oad(adj_path), dtype=torch.float32).to(device) labels = torch.tensor(pd.read_csv(labels_path).values.squeeze(), dtype=torch.long).to(device) # Model config input_dim = contrastive_emb.shape[1] graph_dim = graph_features.shape[1] hidden_dim = 64 num_classes = len(torch.unique(labels)) batch_size = 16 epochs = 20 # Init model model = HFAGM(input_dim, graph_dim, hidden_dim, num_classes).to(device) optimizer = torch.optim.Adam(model.parameters(), lr=1e-3) criterion = nn.CrossEntr"",False | C44_DI_REAL_1,4.4,fairness,Real-data disparate impact reported as 1.0,1.0,1.0,1,models\classifiers\train_hfagm.py,train_hfagm.py,""oad(adj_path), dtype=torch.float32).to(device) labels = torch.tensor(pd.read_csv(labels_path).values.squeeze(), dtype=torch.long).to(device) # Model config input_dim = contrastive_emb.shape[1] graph_dim = graph_features.shape[1] hidden_dim = 64 num_classes = len(torch.unique(labels)) batch_size = 16 epochs = 20 # Init model model = HFAGM(input_dim, graph_dim, hidden_dim, num_classes).to(device) optimizer = torch.optim.Adam(model.parameters(), lr=1e-3) criterion = nn.CrossEntr"",False | C44_DI_REAL_1,4.4,fairness,Real-data disparate impact reported as 1.0,1.0,1.0,1,models\classifiers\train_hfagm.py,train_hfagm.py,""), dtype=torch.long).to(device) # Model config input_dim = contrastive_emb.shape[1] graph_dim = graph_features.shape[1] hidden_dim = 64 num_classes = len(torch.unique(labels)) batch_size = 16 epochs = 20 # Init model model = HFAGM(input_dim, graph_dim, hidden_dim, num_classes).to(device) optimizer = torch.optim.Adam(model.parameters(), lr=1e-3) criterion = nn.CrossEntropyLoss() # Logging train_losses = [] train_accuracies = [] for epoch in range(epochs): model.train() permut"",False | C44_DI_REAL_1,4.4,fairness,Real-data disparate impact reported as 1.0,1.0,1.0,1,models\classifiers\train_hfagm.py,train_hfagm.py,""), dtype=torch.long).to(device) # Model config input_dim = contrastive_emb.shape[1] graph_dim = graph_features.shape[1] hidden_dim = 64 num_classes = len(torch.unique(labels)) batch_size = 16 epochs = 20 # Init model model = HFAGM(input_dim, graph_dim, hidden_dim, num_classes).to(device) optimizer = torch.optim.Adam(model.parameters(), lr=1e-3) criterion = nn.CrossEntropyLoss() # Logging train_losses = [] train_accuracies = [] for epoch in range(epochs): model.train() permut"",False | C44_DI_REAL_1,4.4,fairness,Real-data disparate impact reported as 1.0,1.0,1.0,1,models\classifiers\train_hfagm.py,train_hfagm.py,""rch.long).to(device) # Model config input_dim = contrastive_emb.shape[1] graph_dim = graph_features.shape[1] hidden_dim = 64 num_classes = len(torch.unique(labels)) batch_size = 16 epochs = 20 # Init model model = HFAGM(input_dim, graph_dim, hidden_dim, num_classes).to(device) optimizer = torch.optim.Adam(model.parameters(), lr=1e-3) criterion = nn.CrossEntropyLoss() # Logging train_losses"
outputs\revision_audit\claim_evidence_detailed.csv,87,1.0,0,0,"C44_DI_REAL_1,4.4,fairness,Real-data disparate impact reported as 1.0,1.0,1.0,1,models\classifiers\train_hfagm.py,train_hfagm.py,""), dtype=torch.long).to(device) # Model config input_dim = contrastive_emb.shape[1] graph_dim = graph_features.shape[1] hidden_dim = 64 num_classes = len(torch.unique(labels)) batch_size = 16 epochs = 20 # Init model model = HFAGM(input_dim, graph_dim, hidden_dim, num_classes).to(device) optimizer = torch.optim.Adam(model.parameters(), lr=1e-3) criterion = nn.CrossEntropyLoss() # Logging train_losses = [] train_accuracies = [] for epoch in range(epochs): model.train() permut"",False","C44_DI_REAL_1,4.4,fairness,Real-data disparate impact reported as 1.0,1.0,1.0,1,models\classifiers\train_hfagm.py,train_hfagm.py,""oad(adj_path), dtype=torch.float32).to(device) labels = torch.tensor(pd.read_csv(labels_path).values.squeeze(), dtype=torch.long).to(device) # Model config input_dim = contrastive_emb.shape[1] graph_dim = graph_features.shape[1] hidden_dim = 64 num_classes = len(torch.unique(labels)) batch_size = 16 epochs = 20 # Init model model = HFAGM(input_dim, graph_dim, hidden_dim, num_classes).to(device) optimizer = torch.optim.Adam(model.parameters(), lr=1e-3) criterion = nn.CrossEntr"",False | C44_DI_REAL_1,4.4,fairness,Real-data disparate impact reported as 1.0,1.0,1.0,1,models\classifiers\train_hfagm.py,train_hfagm.py,""oad(adj_path), dtype=torch.float32).to(device) labels = torch.tensor(pd.read_csv(labels_path).values.squeeze(), dtype=torch.long).to(device) # Model config input_dim = contrastive_emb.shape[1] graph_dim = graph_features.shape[1] hidden_dim = 64 num_classes = len(torch.unique(labels)) batch_size = 16 epochs = 20 # Init model model = HFAGM(input_dim, graph_dim, hidden_dim, num_classes).to(device) optimizer = torch.optim.Adam(model.parameters(), lr=1e-3) criterion = nn.CrossEntr"",False | C44_DI_REAL_1,4.4,fairness,Real-data disparate impact reported as 1.0,1.0,1.0,1,models\classifiers\train_hfagm.py,train_hfagm.py,""), dtype=torch.long).to(device) # Model config input_dim = contrastive_emb.shape[1] graph_dim = graph_features.shape[1] hidden_dim = 64 num_classes = len(torch.unique(labels)) batch_size = 16 epochs = 20 # Init model model = HFAGM(input_dim, graph_dim, hidden_dim, num_classes).to(device) optimizer = torch.optim.Adam(model.parameters(), lr=1e-3) criterion = nn.CrossEntropyLoss() # Logging train_losses = [] train_accuracies = [] for epoch in range(epochs): model.train() permut"",False | C44_DI_REAL_1,4.4,fairness,Real-data disparate impact reported as 1.0,1.0,1.0,1,models\classifiers\train_hfagm.py,train_hfagm.py,""), dtype=torch.long).to(device) # Model config input_dim = contrastive_emb.shape[1] graph_dim = graph_features.shape[1] hidden_dim = 64 num_classes = len(torch.unique(labels)) batch_size = 16 epochs = 20 # Init model model = HFAGM(input_dim, graph_dim, hidden_dim, num_classes).to(device) optimizer = torch.optim.Adam(model.parameters(), lr=1e-3) criterion = nn.CrossEntropyLoss() # Logging train_losses = [] train_accuracies = [] for epoch in range(epochs): model.train() permut"",False | C44_DI_REAL_1,4.4,fairness,Real-data disparate impact reported as 1.0,1.0,1.0,1,models\classifiers\train_hfagm.py,train_hfagm.py,""rch.long).to(device) # Model config input_dim = contrastive_emb.shape[1] graph_dim = graph_features.shape[1] hidden_dim = 64 num_classes = len(torch.unique(labels)) batch_size = 16 epochs = 20 # Init model model = HFAGM(input_dim, graph_dim, hidden_dim, num_classes).to(device) optimizer = torch.optim.Adam(model.parameters(), lr=1e-3) criterion = nn.CrossEntropyLoss() # Logging train_losses"
outputs\revision_audit\claim_evidence_detailed.csv,87,1.0,0,0,"C44_DI_REAL_1,4.4,fairness,Real-data disparate impact reported as 1.0,1.0,1.0,1,models\classifiers\train_hfagm.py,train_hfagm.py,""), dtype=torch.long).to(device) # Model config input_dim = contrastive_emb.shape[1] graph_dim = graph_features.shape[1] hidden_dim = 64 num_classes = len(torch.unique(labels)) batch_size = 16 epochs = 20 # Init model model = HFAGM(input_dim, graph_dim, hidden_dim, num_classes).to(device) optimizer = torch.optim.Adam(model.parameters(), lr=1e-3) criterion = nn.CrossEntropyLoss() # Logging train_losses = [] train_accuracies = [] for epoch in range(epochs): model.train() permut"",False","C44_DI_REAL_1,4.4,fairness,Real-data disparate impact reported as 1.0,1.0,1.0,1,models\classifiers\train_hfagm.py,train_hfagm.py,""oad(adj_path), dtype=torch.float32).to(device) labels = torch.tensor(pd.read_csv(labels_path).values.squeeze(), dtype=torch.long).to(device) # Model config input_dim = contrastive_emb.shape[1] graph_dim = graph_features.shape[1] hidden_dim = 64 num_classes = len(torch.unique(labels)) batch_size = 16 epochs = 20 # Init model model = HFAGM(input_dim, graph_dim, hidden_dim, num_classes).to(device) optimizer = torch.optim.Adam(model.parameters(), lr=1e-3) criterion = nn.CrossEntr"",False | C44_DI_REAL_1,4.4,fairness,Real-data disparate impact reported as 1.0,1.0,1.0,1,models\classifiers\train_hfagm.py,train_hfagm.py,""oad(adj_path), dtype=torch.float32).to(device) labels = torch.tensor(pd.read_csv(labels_path).values.squeeze(), dtype=torch.long).to(device) # Model config input_dim = contrastive_emb.shape[1] graph_dim = graph_features.shape[1] hidden_dim = 64 num_classes = len(torch.unique(labels)) batch_size = 16 epochs = 20 # Init model model = HFAGM(input_dim, graph_dim, hidden_dim, num_classes).to(device) optimizer = torch.optim.Adam(model.parameters(), lr=1e-3) criterion = nn.CrossEntr"",False | C44_DI_REAL_1,4.4,fairness,Real-data disparate impact reported as 1.0,1.0,1.0,1,models\classifiers\train_hfagm.py,train_hfagm.py,""), dtype=torch.long).to(device) # Model config input_dim = contrastive_emb.shape[1] graph_dim = graph_features.shape[1] hidden_dim = 64 num_classes = len(torch.unique(labels)) batch_size = 16 epochs = 20 # Init model model = HFAGM(input_dim, graph_dim, hidden_dim, num_classes).to(device) optimizer = torch.optim.Adam(model.parameters(), lr=1e-3) criterion = nn.CrossEntropyLoss() # Logging train_losses = [] train_accuracies = [] for epoch in range(epochs): model.train() permut"",False | C44_DI_REAL_1,4.4,fairness,Real-data disparate impact reported as 1.0,1.0,1.0,1,models\classifiers\train_hfagm.py,train_hfagm.py,""), dtype=torch.long).to(device) # Model config input_dim = contrastive_emb.shape[1] graph_dim = graph_features.shape[1] hidden_dim = 64 num_classes = len(torch.unique(labels)) batch_size = 16 epochs = 20 # Init model model = HFAGM(input_dim, graph_dim, hidden_dim, num_classes).to(device) optimizer = torch.optim.Adam(model.parameters(), lr=1e-3) criterion = nn.CrossEntropyLoss() # Logging train_losses = [] train_accuracies = [] for epoch in range(epochs): model.train() permut"",False | C44_DI_REAL_1,4.4,fairness,Real-data disparate impact reported as 1.0,1.0,1.0,1,models\classifiers\train_hfagm.py,train_hfagm.py,""rch.long).to(device) # Model config input_dim = contrastive_emb.shape[1] graph_dim = graph_features.shape[1] hidden_dim = 64 num_classes = len(torch.unique(labels)) batch_size = 16 epochs = 20 # Init model model = HFAGM(input_dim, graph_dim, hidden_dim, num_classes).to(device) optimizer = torch.optim.Adam(model.parameters(), lr=1e-3) criterion = nn.CrossEntropyLoss() # Logging train_losses"
outputs\revision_audit\claim_evidence_detailed.csv,87,1.0,0,0,"C44_DI_REAL_1,4.4,fairness,Real-data disparate impact reported as 1.0,1.0,1.0,1,models\classifiers\train_hfagm.py,train_hfagm.py,""), dtype=torch.long).to(device) # Model config input_dim = contrastive_emb.shape[1] graph_dim = graph_features.shape[1] hidden_dim = 64 num_classes = len(torch.unique(labels)) batch_size = 16 epochs = 20 # Init model model = HFAGM(input_dim, graph_dim, hidden_dim, num_classes).to(device) optimizer = torch.optim.Adam(model.parameters(), lr=1e-3) criterion = nn.CrossEntropyLoss() # Logging train_losses = [] train_accuracies = [] for epoch in range(epochs): model.train() permut"",False","C44_DI_REAL_1,4.4,fairness,Real-data disparate impact reported as 1.0,1.0,1.0,1,models\classifiers\train_hfagm.py,train_hfagm.py,""oad(adj_path), dtype=torch.float32).to(device) labels = torch.tensor(pd.read_csv(labels_path).values.squeeze(), dtype=torch.long).to(device) # Model config input_dim = contrastive_emb.shape[1] graph_dim = graph_features.shape[1] hidden_dim = 64 num_classes = len(torch.unique(labels)) batch_size = 16 epochs = 20 # Init model model = HFAGM(input_dim, graph_dim, hidden_dim, num_classes).to(device) optimizer = torch.optim.Adam(model.parameters(), lr=1e-3) criterion = nn.CrossEntr"",False | C44_DI_REAL_1,4.4,fairness,Real-data disparate impact reported as 1.0,1.0,1.0,1,models\classifiers\train_hfagm.py,train_hfagm.py,""oad(adj_path), dtype=torch.float32).to(device) labels = torch.tensor(pd.read_csv(labels_path).values.squeeze(), dtype=torch.long).to(device) # Model config input_dim = contrastive_emb.shape[1] graph_dim = graph_features.shape[1] hidden_dim = 64 num_classes = len(torch.unique(labels)) batch_size = 16 epochs = 20 # Init model model = HFAGM(input_dim, graph_dim, hidden_dim, num_classes).to(device) optimizer = torch.optim.Adam(model.parameters(), lr=1e-3) criterion = nn.CrossEntr"",False | C44_DI_REAL_1,4.4,fairness,Real-data disparate impact reported as 1.0,1.0,1.0,1,models\classifiers\train_hfagm.py,train_hfagm.py,""), dtype=torch.long).to(device) # Model config input_dim = contrastive_emb.shape[1] graph_dim = graph_features.shape[1] hidden_dim = 64 num_classes = len(torch.unique(labels)) batch_size = 16 epochs = 20 # Init model model = HFAGM(input_dim, graph_dim, hidden_dim, num_classes).to(device) optimizer = torch.optim.Adam(model.parameters(), lr=1e-3) criterion = nn.CrossEntropyLoss() # Logging train_losses = [] train_accuracies = [] for epoch in range(epochs): model.train() permut"",False | C44_DI_REAL_1,4.4,fairness,Real-data disparate impact reported as 1.0,1.0,1.0,1,models\classifiers\train_hfagm.py,train_hfagm.py,""), dtype=torch.long).to(device) # Model config input_dim = contrastive_emb.shape[1] graph_dim = graph_features.shape[1] hidden_dim = 64 num_classes = len(torch.unique(labels)) batch_size = 16 epochs = 20 # Init model model = HFAGM(input_dim, graph_dim, hidden_dim, num_classes).to(device) optimizer = torch.optim.Adam(model.parameters(), lr=1e-3) criterion = nn.CrossEntropyLoss() # Logging train_losses = [] train_accuracies = [] for epoch in range(epochs): model.train() permut"",False | C44_DI_REAL_1,4.4,fairness,Real-data disparate impact reported as 1.0,1.0,1.0,1,models\classifiers\train_hfagm.py,train_hfagm.py,""rch.long).to(device) # Model config input_dim = contrastive_emb.shape[1] graph_dim = graph_features.shape[1] hidden_dim = 64 num_classes = len(torch.unique(labels)) batch_size = 16 epochs = 20 # Init model model = HFAGM(input_dim, graph_dim, hidden_dim, num_classes).to(device) optimizer = torch.optim.Adam(model.parameters(), lr=1e-3) criterion = nn.CrossEntropyLoss() # Logging train_losses"
outputs\revision_audit\claim_evidence_detailed.csv,87,1.0,0,0,"C44_DI_REAL_1,4.4,fairness,Real-data disparate impact reported as 1.0,1.0,1.0,1,models\classifiers\train_hfagm.py,train_hfagm.py,""), dtype=torch.long).to(device) # Model config input_dim = contrastive_emb.shape[1] graph_dim = graph_features.shape[1] hidden_dim = 64 num_classes = len(torch.unique(labels)) batch_size = 16 epochs = 20 # Init model model = HFAGM(input_dim, graph_dim, hidden_dim, num_classes).to(device) optimizer = torch.optim.Adam(model.parameters(), lr=1e-3) criterion = nn.CrossEntropyLoss() # Logging train_losses = [] train_accuracies = [] for epoch in range(epochs): model.train() permut"",False","C44_DI_REAL_1,4.4,fairness,Real-data disparate impact reported as 1.0,1.0,1.0,1,models\classifiers\train_hfagm.py,train_hfagm.py,""oad(adj_path), dtype=torch.float32).to(device) labels = torch.tensor(pd.read_csv(labels_path).values.squeeze(), dtype=torch.long).to(device) # Model config input_dim = contrastive_emb.shape[1] graph_dim = graph_features.shape[1] hidden_dim = 64 num_classes = len(torch.unique(labels)) batch_size = 16 epochs = 20 # Init model model = HFAGM(input_dim, graph_dim, hidden_dim, num_classes).to(device) optimizer = torch.optim.Adam(model.parameters(), lr=1e-3) criterion = nn.CrossEntr"",False | C44_DI_REAL_1,4.4,fairness,Real-data disparate impact reported as 1.0,1.0,1.0,1,models\classifiers\train_hfagm.py,train_hfagm.py,""oad(adj_path), dtype=torch.float32).to(device) labels = torch.tensor(pd.read_csv(labels_path).values.squeeze(), dtype=torch.long).to(device) # Model config input_dim = contrastive_emb.shape[1] graph_dim = graph_features.shape[1] hidden_dim = 64 num_classes = len(torch.unique(labels)) batch_size = 16 epochs = 20 # Init model model = HFAGM(input_dim, graph_dim, hidden_dim, num_classes).to(device) optimizer = torch.optim.Adam(model.parameters(), lr=1e-3) criterion = nn.CrossEntr"",False | C44_DI_REAL_1,4.4,fairness,Real-data disparate impact reported as 1.0,1.0,1.0,1,models\classifiers\train_hfagm.py,train_hfagm.py,""), dtype=torch.long).to(device) # Model config input_dim = contrastive_emb.shape[1] graph_dim = graph_features.shape[1] hidden_dim = 64 num_classes = len(torch.unique(labels)) batch_size = 16 epochs = 20 # Init model model = HFAGM(input_dim, graph_dim, hidden_dim, num_classes).to(device) optimizer = torch.optim.Adam(model.parameters(), lr=1e-3) criterion = nn.CrossEntropyLoss() # Logging train_losses = [] train_accuracies = [] for epoch in range(epochs): model.train() permut"",False | C44_DI_REAL_1,4.4,fairness,Real-data disparate impact reported as 1.0,1.0,1.0,1,models\classifiers\train_hfagm.py,train_hfagm.py,""), dtype=torch.long).to(device) # Model config input_dim = contrastive_emb.shape[1] graph_dim = graph_features.shape[1] hidden_dim = 64 num_classes = len(torch.unique(labels)) batch_size = 16 epochs = 20 # Init model model = HFAGM(input_dim, graph_dim, hidden_dim, num_classes).to(device) optimizer = torch.optim.Adam(model.parameters(), lr=1e-3) criterion = nn.CrossEntropyLoss() # Logging train_losses = [] train_accuracies = [] for epoch in range(epochs): model.train() permut"",False | C44_DI_REAL_1,4.4,fairness,Real-data disparate impact reported as 1.0,1.0,1.0,1,models\classifiers\train_hfagm.py,train_hfagm.py,""rch.long).to(device) # Model config input_dim = contrastive_emb.shape[1] graph_dim = graph_features.shape[1] hidden_dim = 64 num_classes = len(torch.unique(labels)) batch_size = 16 epochs = 20 # Init model model = HFAGM(input_dim, graph_dim, hidden_dim, num_classes).to(device) optimizer = torch.optim.Adam(model.parameters(), lr=1e-3) criterion = nn.CrossEntropyLoss() # Logging train_losses"
outputs\revision_audit\claim_evidence_detailed.csv,87,1.0,0,0,"C44_DI_REAL_1,4.4,fairness,Real-data disparate impact reported as 1.0,1.0,1.0,1,models\classifiers\train_hfagm.py,train_hfagm.py,""), dtype=torch.long).to(device) # Model config input_dim = contrastive_emb.shape[1] graph_dim = graph_features.shape[1] hidden_dim = 64 num_classes = len(torch.unique(labels)) batch_size = 16 epochs = 20 # Init model model = HFAGM(input_dim, graph_dim, hidden_dim, num_classes).to(device) optimizer = torch.optim.Adam(model.parameters(), lr=1e-3) criterion = nn.CrossEntropyLoss() # Logging train_losses = [] train_accuracies = [] for epoch in range(epochs): model.train() permut"",False","C44_DI_REAL_1,4.4,fairness,Real-data disparate impact reported as 1.0,1.0,1.0,1,models\classifiers\train_hfagm.py,train_hfagm.py,""oad(adj_path), dtype=torch.float32).to(device) labels = torch.tensor(pd.read_csv(labels_path).values.squeeze(), dtype=torch.long).to(device) # Model config input_dim = contrastive_emb.shape[1] graph_dim = graph_features.shape[1] hidden_dim = 64 num_classes = len(torch.unique(labels)) batch_size = 16 epochs = 20 # Init model model = HFAGM(input_dim, graph_dim, hidden_dim, num_classes).to(device) optimizer = torch.optim.Adam(model.parameters(), lr=1e-3) criterion = nn.CrossEntr"",False | C44_DI_REAL_1,4.4,fairness,Real-data disparate impact reported as 1.0,1.0,1.0,1,models\classifiers\train_hfagm.py,train_hfagm.py,""oad(adj_path), dtype=torch.float32).to(device) labels = torch.tensor(pd.read_csv(labels_path).values.squeeze(), dtype=torch.long).to(device) # Model config input_dim = contrastive_emb.shape[1] graph_dim = graph_features.shape[1] hidden_dim = 64 num_classes = len(torch.unique(labels)) batch_size = 16 epochs = 20 # Init model model = HFAGM(input_dim, graph_dim, hidden_dim, num_classes).to(device) optimizer = torch.optim.Adam(model.parameters(), lr=1e-3) criterion = nn.CrossEntr"",False | C44_DI_REAL_1,4.4,fairness,Real-data disparate impact reported as 1.0,1.0,1.0,1,models\classifiers\train_hfagm.py,train_hfagm.py,""), dtype=torch.long).to(device) # Model config input_dim = contrastive_emb.shape[1] graph_dim = graph_features.shape[1] hidden_dim = 64 num_classes = len(torch.unique(labels)) batch_size = 16 epochs = 20 # Init model model = HFAGM(input_dim, graph_dim, hidden_dim, num_classes).to(device) optimizer = torch.optim.Adam(model.parameters(), lr=1e-3) criterion = nn.CrossEntropyLoss() # Logging train_losses = [] train_accuracies = [] for epoch in range(epochs): model.train() permut"",False | C44_DI_REAL_1,4.4,fairness,Real-data disparate impact reported as 1.0,1.0,1.0,1,models\classifiers\train_hfagm.py,train_hfagm.py,""), dtype=torch.long).to(device) # Model config input_dim = contrastive_emb.shape[1] graph_dim = graph_features.shape[1] hidden_dim = 64 num_classes = len(torch.unique(labels)) batch_size = 16 epochs = 20 # Init model model = HFAGM(input_dim, graph_dim, hidden_dim, num_classes).to(device) optimizer = torch.optim.Adam(model.parameters(), lr=1e-3) criterion = nn.CrossEntropyLoss() # Logging train_losses = [] train_accuracies = [] for epoch in range(epochs): model.train() permut"",False | C44_DI_REAL_1,4.4,fairness,Real-data disparate impact reported as 1.0,1.0,1.0,1,models\classifiers\train_hfagm.py,train_hfagm.py,""rch.long).to(device) # Model config input_dim = contrastive_emb.shape[1] graph_dim = graph_features.shape[1] hidden_dim = 64 num_classes = len(torch.unique(labels)) batch_size = 16 epochs = 20 # Init model model = HFAGM(input_dim, graph_dim, hidden_dim, num_classes).to(device) optimizer = torch.optim.Adam(model.parameters(), lr=1e-3) criterion = nn.CrossEntropyLoss() # Logging train_losses"
outputs\revision_audit\claim_evidence_detailed.csv,87,64.0,0,0,"C44_DI_REAL_1,4.4,fairness,Real-data disparate impact reported as 1.0,1.0,1.0,1,models\classifiers\train_hfagm.py,train_hfagm.py,""), dtype=torch.long).to(device) # Model config input_dim = contrastive_emb.shape[1] graph_dim = graph_features.shape[1] hidden_dim = 64 num_classes = len(torch.unique(labels)) batch_size = 16 epochs = 20 # Init model model = HFAGM(input_dim, graph_dim, hidden_dim, num_classes).to(device) optimizer = torch.optim.Adam(model.parameters(), lr=1e-3) criterion = nn.CrossEntropyLoss() # Logging train_losses = [] train_accuracies = [] for epoch in range(epochs): model.train() permut"",False","C44_DI_REAL_1,4.4,fairness,Real-data disparate impact reported as 1.0,1.0,1.0,1,models\classifiers\train_hfagm.py,train_hfagm.py,""oad(adj_path), dtype=torch.float32).to(device) labels = torch.tensor(pd.read_csv(labels_path).values.squeeze(), dtype=torch.long).to(device) # Model config input_dim = contrastive_emb.shape[1] graph_dim = graph_features.shape[1] hidden_dim = 64 num_classes = len(torch.unique(labels)) batch_size = 16 epochs = 20 # Init model model = HFAGM(input_dim, graph_dim, hidden_dim, num_classes).to(device) optimizer = torch.optim.Adam(model.parameters(), lr=1e-3) criterion = nn.CrossEntr"",False | C44_DI_REAL_1,4.4,fairness,Real-data disparate impact reported as 1.0,1.0,1.0,1,models\classifiers\train_hfagm.py,train_hfagm.py,""oad(adj_path), dtype=torch.float32).to(device) labels = torch.tensor(pd.read_csv(labels_path).values.squeeze(), dtype=torch.long).to(device) # Model config input_dim = contrastive_emb.shape[1] graph_dim = graph_features.shape[1] hidden_dim = 64 num_classes = len(torch.unique(labels)) batch_size = 16 epochs = 20 # Init model model = HFAGM(input_dim, graph_dim, hidden_dim, num_classes).to(device) optimizer = torch.optim.Adam(model.parameters(), lr=1e-3) criterion = nn.CrossEntr"",False | C44_DI_REAL_1,4.4,fairness,Real-data disparate impact reported as 1.0,1.0,1.0,1,models\classifiers\train_hfagm.py,train_hfagm.py,""), dtype=torch.long).to(device) # Model config input_dim = contrastive_emb.shape[1] graph_dim = graph_features.shape[1] hidden_dim = 64 num_classes = len(torch.unique(labels)) batch_size = 16 epochs = 20 # Init model model = HFAGM(input_dim, graph_dim, hidden_dim, num_classes).to(device) optimizer = torch.optim.Adam(model.parameters(), lr=1e-3) criterion = nn.CrossEntropyLoss() # Logging train_losses = [] train_accuracies = [] for epoch in range(epochs): model.train() permut"",False | C44_DI_REAL_1,4.4,fairness,Real-data disparate impact reported as 1.0,1.0,1.0,1,models\classifiers\train_hfagm.py,train_hfagm.py,""), dtype=torch.long).to(device) # Model config input_dim = contrastive_emb.shape[1] graph_dim = graph_features.shape[1] hidden_dim = 64 num_classes = len(torch.unique(labels)) batch_size = 16 epochs = 20 # Init model model = HFAGM(input_dim, graph_dim, hidden_dim, num_classes).to(device) optimizer = torch.optim.Adam(model.parameters(), lr=1e-3) criterion = nn.CrossEntropyLoss() # Logging train_losses = [] train_accuracies = [] for epoch in range(epochs): model.train() permut"",False | C44_DI_REAL_1,4.4,fairness,Real-data disparate impact reported as 1.0,1.0,1.0,1,models\classifiers\train_hfagm.py,train_hfagm.py,""rch.long).to(device) # Model config input_dim = contrastive_emb.shape[1] graph_dim = graph_features.shape[1] hidden_dim = 64 num_classes = len(torch.unique(labels)) batch_size = 16 epochs = 20 # Init model model = HFAGM(input_dim, graph_dim, hidden_dim, num_classes).to(device) optimizer = torch.optim.Adam(model.parameters(), lr=1e-3) criterion = nn.CrossEntropyLoss() # Logging train_losses"
outputs\revision_audit\claim_evidence_detailed.csv,87,16.0,0,0,"C44_DI_REAL_1,4.4,fairness,Real-data disparate impact reported as 1.0,1.0,1.0,1,models\classifiers\train_hfagm.py,train_hfagm.py,""), dtype=torch.long).to(device) # Model config input_dim = contrastive_emb.shape[1] graph_dim = graph_features.shape[1] hidden_dim = 64 num_classes = len(torch.unique(labels)) batch_size = 16 epochs = 20 # Init model model = HFAGM(input_dim, graph_dim, hidden_dim, num_classes).to(device) optimizer = torch.optim.Adam(model.parameters(), lr=1e-3) criterion = nn.CrossEntropyLoss() # Logging train_losses = [] train_accuracies = [] for epoch in range(epochs): model.train() permut"",False","C44_DI_REAL_1,4.4,fairness,Real-data disparate impact reported as 1.0,1.0,1.0,1,models\classifiers\train_hfagm.py,train_hfagm.py,""oad(adj_path), dtype=torch.float32).to(device) labels = torch.tensor(pd.read_csv(labels_path).values.squeeze(), dtype=torch.long).to(device) # Model config input_dim = contrastive_emb.shape[1] graph_dim = graph_features.shape[1] hidden_dim = 64 num_classes = len(torch.unique(labels)) batch_size = 16 epochs = 20 # Init model model = HFAGM(input_dim, graph_dim, hidden_dim, num_classes).to(device) optimizer = torch.optim.Adam(model.parameters(), lr=1e-3) criterion = nn.CrossEntr"",False | C44_DI_REAL_1,4.4,fairness,Real-data disparate impact reported as 1.0,1.0,1.0,1,models\classifiers\train_hfagm.py,train_hfagm.py,""oad(adj_path), dtype=torch.float32).to(device) labels = torch.tensor(pd.read_csv(labels_path).values.squeeze(), dtype=torch.long).to(device) # Model config input_dim = contrastive_emb.shape[1] graph_dim = graph_features.shape[1] hidden_dim = 64 num_classes = len(torch.unique(labels)) batch_size = 16 epochs = 20 # Init model model = HFAGM(input_dim, graph_dim, hidden_dim, num_classes).to(device) optimizer = torch.optim.Adam(model.parameters(), lr=1e-3) criterion = nn.CrossEntr"",False | C44_DI_REAL_1,4.4,fairness,Real-data disparate impact reported as 1.0,1.0,1.0,1,models\classifiers\train_hfagm.py,train_hfagm.py,""), dtype=torch.long).to(device) # Model config input_dim = contrastive_emb.shape[1] graph_dim = graph_features.shape[1] hidden_dim = 64 num_classes = len(torch.unique(labels)) batch_size = 16 epochs = 20 # Init model model = HFAGM(input_dim, graph_dim, hidden_dim, num_classes).to(device) optimizer = torch.optim.Adam(model.parameters(), lr=1e-3) criterion = nn.CrossEntropyLoss() # Logging train_losses = [] train_accuracies = [] for epoch in range(epochs): model.train() permut"",False | C44_DI_REAL_1,4.4,fairness,Real-data disparate impact reported as 1.0,1.0,1.0,1,models\classifiers\train_hfagm.py,train_hfagm.py,""), dtype=torch.long).to(device) # Model config input_dim = contrastive_emb.shape[1] graph_dim = graph_features.shape[1] hidden_dim = 64 num_classes = len(torch.unique(labels)) batch_size = 16 epochs = 20 # Init model model = HFAGM(input_dim, graph_dim, hidden_dim, num_classes).to(device) optimizer = torch.optim.Adam(model.parameters(), lr=1e-3) criterion = nn.CrossEntropyLoss() # Logging train_losses = [] train_accuracies = [] for epoch in range(epochs): model.train() permut"",False | C44_DI_REAL_1,4.4,fairness,Real-data disparate impact reported as 1.0,1.0,1.0,1,models\classifiers\train_hfagm.py,train_hfagm.py,""rch.long).to(device) # Model config input_dim = contrastive_emb.shape[1] graph_dim = graph_features.shape[1] hidden_dim = 64 num_classes = len(torch.unique(labels)) batch_size = 16 epochs = 20 # Init model model = HFAGM(input_dim, graph_dim, hidden_dim, num_classes).to(device) optimizer = torch.optim.Adam(model.parameters(), lr=1e-3) criterion = nn.CrossEntropyLoss() # Logging train_losses"
outputs\revision_audit\claim_evidence_detailed.csv,87,20.0,0,0,"C44_DI_REAL_1,4.4,fairness,Real-data disparate impact reported as 1.0,1.0,1.0,1,models\classifiers\train_hfagm.py,train_hfagm.py,""), dtype=torch.long).to(device) # Model config input_dim = contrastive_emb.shape[1] graph_dim = graph_features.shape[1] hidden_dim = 64 num_classes = len(torch.unique(labels)) batch_size = 16 epochs = 20 # Init model model = HFAGM(input_dim, graph_dim, hidden_dim, num_classes).to(device) optimizer = torch.optim.Adam(model.parameters(), lr=1e-3) criterion = nn.CrossEntropyLoss() # Logging train_losses = [] train_accuracies = [] for epoch in range(epochs): model.train() permut"",False","C44_DI_REAL_1,4.4,fairness,Real-data disparate impact reported as 1.0,1.0,1.0,1,models\classifiers\train_hfagm.py,train_hfagm.py,""oad(adj_path), dtype=torch.float32).to(device) labels = torch.tensor(pd.read_csv(labels_path).values.squeeze(), dtype=torch.long).to(device) # Model config input_dim = contrastive_emb.shape[1] graph_dim = graph_features.shape[1] hidden_dim = 64 num_classes = len(torch.unique(labels)) batch_size = 16 epochs = 20 # Init model model = HFAGM(input_dim, graph_dim, hidden_dim, num_classes).to(device) optimizer = torch.optim.Adam(model.parameters(), lr=1e-3) criterion = nn.CrossEntr"",False | C44_DI_REAL_1,4.4,fairness,Real-data disparate impact reported as 1.0,1.0,1.0,1,models\classifiers\train_hfagm.py,train_hfagm.py,""oad(adj_path), dtype=torch.float32).to(device) labels = torch.tensor(pd.read_csv(labels_path).values.squeeze(), dtype=torch.long).to(device) # Model config input_dim = contrastive_emb.shape[1] graph_dim = graph_features.shape[1] hidden_dim = 64 num_classes = len(torch.unique(labels)) batch_size = 16 epochs = 20 # Init model model = HFAGM(input_dim, graph_dim, hidden_dim, num_classes).to(device) optimizer = torch.optim.Adam(model.parameters(), lr=1e-3) criterion = nn.CrossEntr"",False | C44_DI_REAL_1,4.4,fairness,Real-data disparate impact reported as 1.0,1.0,1.0,1,models\classifiers\train_hfagm.py,train_hfagm.py,""), dtype=torch.long).to(device) # Model config input_dim = contrastive_emb.shape[1] graph_dim = graph_features.shape[1] hidden_dim = 64 num_classes = len(torch.unique(labels)) batch_size = 16 epochs = 20 # Init model model = HFAGM(input_dim, graph_dim, hidden_dim, num_classes).to(device) optimizer = torch.optim.Adam(model.parameters(), lr=1e-3) criterion = nn.CrossEntropyLoss() # Logging train_losses = [] train_accuracies = [] for epoch in range(epochs): model.train() permut"",False | C44_DI_REAL_1,4.4,fairness,Real-data disparate impact reported as 1.0,1.0,1.0,1,models\classifiers\train_hfagm.py,train_hfagm.py,""), dtype=torch.long).to(device) # Model config input_dim = contrastive_emb.shape[1] graph_dim = graph_features.shape[1] hidden_dim = 64 num_classes = len(torch.unique(labels)) batch_size = 16 epochs = 20 # Init model model = HFAGM(input_dim, graph_dim, hidden_dim, num_classes).to(device) optimizer = torch.optim.Adam(model.parameters(), lr=1e-3) criterion = nn.CrossEntropyLoss() # Logging train_losses = [] train_accuracies = [] for epoch in range(epochs): model.train() permut"",False | C44_DI_REAL_1,4.4,fairness,Real-data disparate impact reported as 1.0,1.0,1.0,1,models\classifiers\train_hfagm.py,train_hfagm.py,""rch.long).to(device) # Model config input_dim = contrastive_emb.shape[1] graph_dim = graph_features.shape[1] hidden_dim = 64 num_classes = len(torch.unique(labels)) batch_size = 16 epochs = 20 # Init model model = HFAGM(input_dim, graph_dim, hidden_dim, num_classes).to(device) optimizer = torch.optim.Adam(model.parameters(), lr=1e-3) criterion = nn.CrossEntropyLoss() # Logging train_losses"
outputs\revision_audit\claim_evidence_detailed.csv,88,4.4,0,0,"C44_DI_REAL_1,4.4,fairness,Real-data disparate impact reported as 1.0,1.0,1.0,1,models\classifiers\train_hfagm.py,train_hfagm.py,""), dtype=torch.long).to(device) # Model config input_dim = contrastive_emb.shape[1] graph_dim = graph_features.shape[1] hidden_dim = 64 num_classes = len(torch.unique(labels)) batch_size = 16 epochs = 20 # Init model model = HFAGM(input_dim, graph_dim, hidden_dim, num_classes).to(device) optimizer = torch.optim.Adam(model.parameters(), lr=1e-3) criterion = nn.CrossEntropyLoss() # Logging train_losses = [] train_accuracies = [] for epoch in range(epochs): model.train() permut"",False","C44_DI_REAL_1,4.4,fairness,Real-data disparate impact reported as 1.0,1.0,1.0,1,models\classifiers\train_hfagm.py,train_hfagm.py,""oad(adj_path), dtype=torch.float32).to(device) labels = torch.tensor(pd.read_csv(labels_path).values.squeeze(), dtype=torch.long).to(device) # Model config input_dim = contrastive_emb.shape[1] graph_dim = graph_features.shape[1] hidden_dim = 64 num_classes = len(torch.unique(labels)) batch_size = 16 epochs = 20 # Init model model = HFAGM(input_dim, graph_dim, hidden_dim, num_classes).to(device) optimizer = torch.optim.Adam(model.parameters(), lr=1e-3) criterion = nn.CrossEntr"",False | C44_DI_REAL_1,4.4,fairness,Real-data disparate impact reported as 1.0,1.0,1.0,1,models\classifiers\train_hfagm.py,train_hfagm.py,""), dtype=torch.long).to(device) # Model config input_dim = contrastive_emb.shape[1] graph_dim = graph_features.shape[1] hidden_dim = 64 num_classes = len(torch.unique(labels)) batch_size = 16 epochs = 20 # Init model model = HFAGM(input_dim, graph_dim, hidden_dim, num_classes).to(device) optimizer = torch.optim.Adam(model.parameters(), lr=1e-3) criterion = nn.CrossEntropyLoss() # Logging train_losses = [] train_accuracies = [] for epoch in range(epochs): model.train() permut"",False | C44_DI_REAL_1,4.4,fairness,Real-data disparate impact reported as 1.0,1.0,1.0,1,models\classifiers\train_hfagm.py,train_hfagm.py,""), dtype=torch.long).to(device) # Model config input_dim = contrastive_emb.shape[1] graph_dim = graph_features.shape[1] hidden_dim = 64 num_classes = len(torch.unique(labels)) batch_size = 16 epochs = 20 # Init model model = HFAGM(input_dim, graph_dim, hidden_dim, num_classes).to(device) optimizer = torch.optim.Adam(model.parameters(), lr=1e-3) criterion = nn.CrossEntropyLoss() # Logging train_losses = [] train_accuracies = [] for epoch in range(epochs): model.train() permut"",False | C44_DI_REAL_1,4.4,fairness,Real-data disparate impact reported as 1.0,1.0,1.0,1,models\classifiers\train_hfagm.py,train_hfagm.py,""rch.long).to(device) # Model config input_dim = contrastive_emb.shape[1] graph_dim = graph_features.shape[1] hidden_dim = 64 num_classes = len(torch.unique(labels)) batch_size = 16 epochs = 20 # Init model model = HFAGM(input_dim, graph_dim, hidden_dim, num_classes).to(device) optimizer = torch.optim.Adam(model.parameters(), lr=1e-3) criterion = nn.CrossEntropyLoss() # Logging train_losses = [] train_accuracies = [] for epoch in range(epochs): model.train() permutation = tor"",False | C44_DI_REAL_1,4.4,fairness,Real-data disparate impact reported as 1.0,1.0,1.0,1,models\classifiers\train_hfagm.py,train_hfagm.py,""rch.long).to(device) # Model config input_dim = contrastive_emb.shape[1] graph_dim = graph_features.shape[1] hidden_dim = 64 num_classes = len(torch.unique(labels)) batch_size = 16 epochs = 20 # Init model model = HFAGM(input_dim, graph_dim, hidden_dim, num_classes).to(device) optimizer = torch.optim.Adam(model.parameters(), lr=1e-3) criterion = nn.CrossEntropyLoss() # Logging train_losses "
outputs\revision_audit\claim_evidence_detailed.csv,88,1.0,0,0,"C44_DI_REAL_1,4.4,fairness,Real-data disparate impact reported as 1.0,1.0,1.0,1,models\classifiers\train_hfagm.py,train_hfagm.py,""), dtype=torch.long).to(device) # Model config input_dim = contrastive_emb.shape[1] graph_dim = graph_features.shape[1] hidden_dim = 64 num_classes = len(torch.unique(labels)) batch_size = 16 epochs = 20 # Init model model = HFAGM(input_dim, graph_dim, hidden_dim, num_classes).to(device) optimizer = torch.optim.Adam(model.parameters(), lr=1e-3) criterion = nn.CrossEntropyLoss() # Logging train_losses = [] train_accuracies = [] for epoch in range(epochs): model.train() permut"",False","C44_DI_REAL_1,4.4,fairness,Real-data disparate impact reported as 1.0,1.0,1.0,1,models\classifiers\train_hfagm.py,train_hfagm.py,""oad(adj_path), dtype=torch.float32).to(device) labels = torch.tensor(pd.read_csv(labels_path).values.squeeze(), dtype=torch.long).to(device) # Model config input_dim = contrastive_emb.shape[1] graph_dim = graph_features.shape[1] hidden_dim = 64 num_classes = len(torch.unique(labels)) batch_size = 16 epochs = 20 # Init model model = HFAGM(input_dim, graph_dim, hidden_dim, num_classes).to(device) optimizer = torch.optim.Adam(model.parameters(), lr=1e-3) criterion = nn.CrossEntr"",False | C44_DI_REAL_1,4.4,fairness,Real-data disparate impact reported as 1.0,1.0,1.0,1,models\classifiers\train_hfagm.py,train_hfagm.py,""), dtype=torch.long).to(device) # Model config input_dim = contrastive_emb.shape[1] graph_dim = graph_features.shape[1] hidden_dim = 64 num_classes = len(torch.unique(labels)) batch_size = 16 epochs = 20 # Init model model = HFAGM(input_dim, graph_dim, hidden_dim, num_classes).to(device) optimizer = torch.optim.Adam(model.parameters(), lr=1e-3) criterion = nn.CrossEntropyLoss() # Logging train_losses = [] train_accuracies = [] for epoch in range(epochs): model.train() permut"",False | C44_DI_REAL_1,4.4,fairness,Real-data disparate impact reported as 1.0,1.0,1.0,1,models\classifiers\train_hfagm.py,train_hfagm.py,""), dtype=torch.long).to(device) # Model config input_dim = contrastive_emb.shape[1] graph_dim = graph_features.shape[1] hidden_dim = 64 num_classes = len(torch.unique(labels)) batch_size = 16 epochs = 20 # Init model model = HFAGM(input_dim, graph_dim, hidden_dim, num_classes).to(device) optimizer = torch.optim.Adam(model.parameters(), lr=1e-3) criterion = nn.CrossEntropyLoss() # Logging train_losses = [] train_accuracies = [] for epoch in range(epochs): model.train() permut"",False | C44_DI_REAL_1,4.4,fairness,Real-data disparate impact reported as 1.0,1.0,1.0,1,models\classifiers\train_hfagm.py,train_hfagm.py,""rch.long).to(device) # Model config input_dim = contrastive_emb.shape[1] graph_dim = graph_features.shape[1] hidden_dim = 64 num_classes = len(torch.unique(labels)) batch_size = 16 epochs = 20 # Init model model = HFAGM(input_dim, graph_dim, hidden_dim, num_classes).to(device) optimizer = torch.optim.Adam(model.parameters(), lr=1e-3) criterion = nn.CrossEntropyLoss() # Logging train_losses = [] train_accuracies = [] for epoch in range(epochs): model.train() permutation = tor"",False | C44_DI_REAL_1,4.4,fairness,Real-data disparate impact reported as 1.0,1.0,1.0,1,models\classifiers\train_hfagm.py,train_hfagm.py,""rch.long).to(device) # Model config input_dim = contrastive_emb.shape[1] graph_dim = graph_features.shape[1] hidden_dim = 64 num_classes = len(torch.unique(labels)) batch_size = 16 epochs = 20 # Init model model = HFAGM(input_dim, graph_dim, hidden_dim, num_classes).to(device) optimizer = torch.optim.Adam(model.parameters(), lr=1e-3) criterion = nn.CrossEntropyLoss() # Logging train_losses "
outputs\revision_audit\claim_evidence_detailed.csv,88,1.0,0,0,"C44_DI_REAL_1,4.4,fairness,Real-data disparate impact reported as 1.0,1.0,1.0,1,models\classifiers\train_hfagm.py,train_hfagm.py,""), dtype=torch.long).to(device) # Model config input_dim = contrastive_emb.shape[1] graph_dim = graph_features.shape[1] hidden_dim = 64 num_classes = len(torch.unique(labels)) batch_size = 16 epochs = 20 # Init model model = HFAGM(input_dim, graph_dim, hidden_dim, num_classes).to(device) optimizer = torch.optim.Adam(model.parameters(), lr=1e-3) criterion = nn.CrossEntropyLoss() # Logging train_losses = [] train_accuracies = [] for epoch in range(epochs): model.train() permut"",False","C44_DI_REAL_1,4.4,fairness,Real-data disparate impact reported as 1.0,1.0,1.0,1,models\classifiers\train_hfagm.py,train_hfagm.py,""oad(adj_path), dtype=torch.float32).to(device) labels = torch.tensor(pd.read_csv(labels_path).values.squeeze(), dtype=torch.long).to(device) # Model config input_dim = contrastive_emb.shape[1] graph_dim = graph_features.shape[1] hidden_dim = 64 num_classes = len(torch.unique(labels)) batch_size = 16 epochs = 20 # Init model model = HFAGM(input_dim, graph_dim, hidden_dim, num_classes).to(device) optimizer = torch.optim.Adam(model.parameters(), lr=1e-3) criterion = nn.CrossEntr"",False | C44_DI_REAL_1,4.4,fairness,Real-data disparate impact reported as 1.0,1.0,1.0,1,models\classifiers\train_hfagm.py,train_hfagm.py,""), dtype=torch.long).to(device) # Model config input_dim = contrastive_emb.shape[1] graph_dim = graph_features.shape[1] hidden_dim = 64 num_classes = len(torch.unique(labels)) batch_size = 16 epochs = 20 # Init model model = HFAGM(input_dim, graph_dim, hidden_dim, num_classes).to(device) optimizer = torch.optim.Adam(model.parameters(), lr=1e-3) criterion = nn.CrossEntropyLoss() # Logging train_losses = [] train_accuracies = [] for epoch in range(epochs): model.train() permut"",False | C44_DI_REAL_1,4.4,fairness,Real-data disparate impact reported as 1.0,1.0,1.0,1,models\classifiers\train_hfagm.py,train_hfagm.py,""), dtype=torch.long).to(device) # Model config input_dim = contrastive_emb.shape[1] graph_dim = graph_features.shape[1] hidden_dim = 64 num_classes = len(torch.unique(labels)) batch_size = 16 epochs = 20 # Init model model = HFAGM(input_dim, graph_dim, hidden_dim, num_classes).to(device) optimizer = torch.optim.Adam(model.parameters(), lr=1e-3) criterion = nn.CrossEntropyLoss() # Logging train_losses = [] train_accuracies = [] for epoch in range(epochs): model.train() permut"",False | C44_DI_REAL_1,4.4,fairness,Real-data disparate impact reported as 1.0,1.0,1.0,1,models\classifiers\train_hfagm.py,train_hfagm.py,""rch.long).to(device) # Model config input_dim = contrastive_emb.shape[1] graph_dim = graph_features.shape[1] hidden_dim = 64 num_classes = len(torch.unique(labels)) batch_size = 16 epochs = 20 # Init model model = HFAGM(input_dim, graph_dim, hidden_dim, num_classes).to(device) optimizer = torch.optim.Adam(model.parameters(), lr=1e-3) criterion = nn.CrossEntropyLoss() # Logging train_losses = [] train_accuracies = [] for epoch in range(epochs): model.train() permutation = tor"",False | C44_DI_REAL_1,4.4,fairness,Real-data disparate impact reported as 1.0,1.0,1.0,1,models\classifiers\train_hfagm.py,train_hfagm.py,""rch.long).to(device) # Model config input_dim = contrastive_emb.shape[1] graph_dim = graph_features.shape[1] hidden_dim = 64 num_classes = len(torch.unique(labels)) batch_size = 16 epochs = 20 # Init model model = HFAGM(input_dim, graph_dim, hidden_dim, num_classes).to(device) optimizer = torch.optim.Adam(model.parameters(), lr=1e-3) criterion = nn.CrossEntropyLoss() # Logging train_losses "
outputs\revision_audit\claim_evidence_detailed.csv,88,1.0,0,0,"C44_DI_REAL_1,4.4,fairness,Real-data disparate impact reported as 1.0,1.0,1.0,1,models\classifiers\train_hfagm.py,train_hfagm.py,""), dtype=torch.long).to(device) # Model config input_dim = contrastive_emb.shape[1] graph_dim = graph_features.shape[1] hidden_dim = 64 num_classes = len(torch.unique(labels)) batch_size = 16 epochs = 20 # Init model model = HFAGM(input_dim, graph_dim, hidden_dim, num_classes).to(device) optimizer = torch.optim.Adam(model.parameters(), lr=1e-3) criterion = nn.CrossEntropyLoss() # Logging train_losses = [] train_accuracies = [] for epoch in range(epochs): model.train() permut"",False","C44_DI_REAL_1,4.4,fairness,Real-data disparate impact reported as 1.0,1.0,1.0,1,models\classifiers\train_hfagm.py,train_hfagm.py,""oad(adj_path), dtype=torch.float32).to(device) labels = torch.tensor(pd.read_csv(labels_path).values.squeeze(), dtype=torch.long).to(device) # Model config input_dim = contrastive_emb.shape[1] graph_dim = graph_features.shape[1] hidden_dim = 64 num_classes = len(torch.unique(labels)) batch_size = 16 epochs = 20 # Init model model = HFAGM(input_dim, graph_dim, hidden_dim, num_classes).to(device) optimizer = torch.optim.Adam(model.parameters(), lr=1e-3) criterion = nn.CrossEntr"",False | C44_DI_REAL_1,4.4,fairness,Real-data disparate impact reported as 1.0,1.0,1.0,1,models\classifiers\train_hfagm.py,train_hfagm.py,""), dtype=torch.long).to(device) # Model config input_dim = contrastive_emb.shape[1] graph_dim = graph_features.shape[1] hidden_dim = 64 num_classes = len(torch.unique(labels)) batch_size = 16 epochs = 20 # Init model model = HFAGM(input_dim, graph_dim, hidden_dim, num_classes).to(device) optimizer = torch.optim.Adam(model.parameters(), lr=1e-3) criterion = nn.CrossEntropyLoss() # Logging train_losses = [] train_accuracies = [] for epoch in range(epochs): model.train() permut"",False | C44_DI_REAL_1,4.4,fairness,Real-data disparate impact reported as 1.0,1.0,1.0,1,models\classifiers\train_hfagm.py,train_hfagm.py,""), dtype=torch.long).to(device) # Model config input_dim = contrastive_emb.shape[1] graph_dim = graph_features.shape[1] hidden_dim = 64 num_classes = len(torch.unique(labels)) batch_size = 16 epochs = 20 # Init model model = HFAGM(input_dim, graph_dim, hidden_dim, num_classes).to(device) optimizer = torch.optim.Adam(model.parameters(), lr=1e-3) criterion = nn.CrossEntropyLoss() # Logging train_losses = [] train_accuracies = [] for epoch in range(epochs): model.train() permut"",False | C44_DI_REAL_1,4.4,fairness,Real-data disparate impact reported as 1.0,1.0,1.0,1,models\classifiers\train_hfagm.py,train_hfagm.py,""rch.long).to(device) # Model config input_dim = contrastive_emb.shape[1] graph_dim = graph_features.shape[1] hidden_dim = 64 num_classes = len(torch.unique(labels)) batch_size = 16 epochs = 20 # Init model model = HFAGM(input_dim, graph_dim, hidden_dim, num_classes).to(device) optimizer = torch.optim.Adam(model.parameters(), lr=1e-3) criterion = nn.CrossEntropyLoss() # Logging train_losses = [] train_accuracies = [] for epoch in range(epochs): model.train() permutation = tor"",False | C44_DI_REAL_1,4.4,fairness,Real-data disparate impact reported as 1.0,1.0,1.0,1,models\classifiers\train_hfagm.py,train_hfagm.py,""rch.long).to(device) # Model config input_dim = contrastive_emb.shape[1] graph_dim = graph_features.shape[1] hidden_dim = 64 num_classes = len(torch.unique(labels)) batch_size = 16 epochs = 20 # Init model model = HFAGM(input_dim, graph_dim, hidden_dim, num_classes).to(device) optimizer = torch.optim.Adam(model.parameters(), lr=1e-3) criterion = nn.CrossEntropyLoss() # Logging train_losses "
outputs\revision_audit\claim_evidence_detailed.csv,88,1.0,0,0,"C44_DI_REAL_1,4.4,fairness,Real-data disparate impact reported as 1.0,1.0,1.0,1,models\classifiers\train_hfagm.py,train_hfagm.py,""), dtype=torch.long).to(device) # Model config input_dim = contrastive_emb.shape[1] graph_dim = graph_features.shape[1] hidden_dim = 64 num_classes = len(torch.unique(labels)) batch_size = 16 epochs = 20 # Init model model = HFAGM(input_dim, graph_dim, hidden_dim, num_classes).to(device) optimizer = torch.optim.Adam(model.parameters(), lr=1e-3) criterion = nn.CrossEntropyLoss() # Logging train_losses = [] train_accuracies = [] for epoch in range(epochs): model.train() permut"",False","C44_DI_REAL_1,4.4,fairness,Real-data disparate impact reported as 1.0,1.0,1.0,1,models\classifiers\train_hfagm.py,train_hfagm.py,""oad(adj_path), dtype=torch.float32).to(device) labels = torch.tensor(pd.read_csv(labels_path).values.squeeze(), dtype=torch.long).to(device) # Model config input_dim = contrastive_emb.shape[1] graph_dim = graph_features.shape[1] hidden_dim = 64 num_classes = len(torch.unique(labels)) batch_size = 16 epochs = 20 # Init model model = HFAGM(input_dim, graph_dim, hidden_dim, num_classes).to(device) optimizer = torch.optim.Adam(model.parameters(), lr=1e-3) criterion = nn.CrossEntr"",False | C44_DI_REAL_1,4.4,fairness,Real-data disparate impact reported as 1.0,1.0,1.0,1,models\classifiers\train_hfagm.py,train_hfagm.py,""), dtype=torch.long).to(device) # Model config input_dim = contrastive_emb.shape[1] graph_dim = graph_features.shape[1] hidden_dim = 64 num_classes = len(torch.unique(labels)) batch_size = 16 epochs = 20 # Init model model = HFAGM(input_dim, graph_dim, hidden_dim, num_classes).to(device) optimizer = torch.optim.Adam(model.parameters(), lr=1e-3) criterion = nn.CrossEntropyLoss() # Logging train_losses = [] train_accuracies = [] for epoch in range(epochs): model.train() permut"",False | C44_DI_REAL_1,4.4,fairness,Real-data disparate impact reported as 1.0,1.0,1.0,1,models\classifiers\train_hfagm.py,train_hfagm.py,""), dtype=torch.long).to(device) # Model config input_dim = contrastive_emb.shape[1] graph_dim = graph_features.shape[1] hidden_dim = 64 num_classes = len(torch.unique(labels)) batch_size = 16 epochs = 20 # Init model model = HFAGM(input_dim, graph_dim, hidden_dim, num_classes).to(device) optimizer = torch.optim.Adam(model.parameters(), lr=1e-3) criterion = nn.CrossEntropyLoss() # Logging train_losses = [] train_accuracies = [] for epoch in range(epochs): model.train() permut"",False | C44_DI_REAL_1,4.4,fairness,Real-data disparate impact reported as 1.0,1.0,1.0,1,models\classifiers\train_hfagm.py,train_hfagm.py,""rch.long).to(device) # Model config input_dim = contrastive_emb.shape[1] graph_dim = graph_features.shape[1] hidden_dim = 64 num_classes = len(torch.unique(labels)) batch_size = 16 epochs = 20 # Init model model = HFAGM(input_dim, graph_dim, hidden_dim, num_classes).to(device) optimizer = torch.optim.Adam(model.parameters(), lr=1e-3) criterion = nn.CrossEntropyLoss() # Logging train_losses = [] train_accuracies = [] for epoch in range(epochs): model.train() permutation = tor"",False | C44_DI_REAL_1,4.4,fairness,Real-data disparate impact reported as 1.0,1.0,1.0,1,models\classifiers\train_hfagm.py,train_hfagm.py,""rch.long).to(device) # Model config input_dim = contrastive_emb.shape[1] graph_dim = graph_features.shape[1] hidden_dim = 64 num_classes = len(torch.unique(labels)) batch_size = 16 epochs = 20 # Init model model = HFAGM(input_dim, graph_dim, hidden_dim, num_classes).to(device) optimizer = torch.optim.Adam(model.parameters(), lr=1e-3) criterion = nn.CrossEntropyLoss() # Logging train_losses "
outputs\revision_audit\claim_evidence_detailed.csv,88,1.0,0,0,"C44_DI_REAL_1,4.4,fairness,Real-data disparate impact reported as 1.0,1.0,1.0,1,models\classifiers\train_hfagm.py,train_hfagm.py,""), dtype=torch.long).to(device) # Model config input_dim = contrastive_emb.shape[1] graph_dim = graph_features.shape[1] hidden_dim = 64 num_classes = len(torch.unique(labels)) batch_size = 16 epochs = 20 # Init model model = HFAGM(input_dim, graph_dim, hidden_dim, num_classes).to(device) optimizer = torch.optim.Adam(model.parameters(), lr=1e-3) criterion = nn.CrossEntropyLoss() # Logging train_losses = [] train_accuracies = [] for epoch in range(epochs): model.train() permut"",False","C44_DI_REAL_1,4.4,fairness,Real-data disparate impact reported as 1.0,1.0,1.0,1,models\classifiers\train_hfagm.py,train_hfagm.py,""oad(adj_path), dtype=torch.float32).to(device) labels = torch.tensor(pd.read_csv(labels_path).values.squeeze(), dtype=torch.long).to(device) # Model config input_dim = contrastive_emb.shape[1] graph_dim = graph_features.shape[1] hidden_dim = 64 num_classes = len(torch.unique(labels)) batch_size = 16 epochs = 20 # Init model model = HFAGM(input_dim, graph_dim, hidden_dim, num_classes).to(device) optimizer = torch.optim.Adam(model.parameters(), lr=1e-3) criterion = nn.CrossEntr"",False | C44_DI_REAL_1,4.4,fairness,Real-data disparate impact reported as 1.0,1.0,1.0,1,models\classifiers\train_hfagm.py,train_hfagm.py,""), dtype=torch.long).to(device) # Model config input_dim = contrastive_emb.shape[1] graph_dim = graph_features.shape[1] hidden_dim = 64 num_classes = len(torch.unique(labels)) batch_size = 16 epochs = 20 # Init model model = HFAGM(input_dim, graph_dim, hidden_dim, num_classes).to(device) optimizer = torch.optim.Adam(model.parameters(), lr=1e-3) criterion = nn.CrossEntropyLoss() # Logging train_losses = [] train_accuracies = [] for epoch in range(epochs): model.train() permut"",False | C44_DI_REAL_1,4.4,fairness,Real-data disparate impact reported as 1.0,1.0,1.0,1,models\classifiers\train_hfagm.py,train_hfagm.py,""), dtype=torch.long).to(device) # Model config input_dim = contrastive_emb.shape[1] graph_dim = graph_features.shape[1] hidden_dim = 64 num_classes = len(torch.unique(labels)) batch_size = 16 epochs = 20 # Init model model = HFAGM(input_dim, graph_dim, hidden_dim, num_classes).to(device) optimizer = torch.optim.Adam(model.parameters(), lr=1e-3) criterion = nn.CrossEntropyLoss() # Logging train_losses = [] train_accuracies = [] for epoch in range(epochs): model.train() permut"",False | C44_DI_REAL_1,4.4,fairness,Real-data disparate impact reported as 1.0,1.0,1.0,1,models\classifiers\train_hfagm.py,train_hfagm.py,""rch.long).to(device) # Model config input_dim = contrastive_emb.shape[1] graph_dim = graph_features.shape[1] hidden_dim = 64 num_classes = len(torch.unique(labels)) batch_size = 16 epochs = 20 # Init model model = HFAGM(input_dim, graph_dim, hidden_dim, num_classes).to(device) optimizer = torch.optim.Adam(model.parameters(), lr=1e-3) criterion = nn.CrossEntropyLoss() # Logging train_losses = [] train_accuracies = [] for epoch in range(epochs): model.train() permutation = tor"",False | C44_DI_REAL_1,4.4,fairness,Real-data disparate impact reported as 1.0,1.0,1.0,1,models\classifiers\train_hfagm.py,train_hfagm.py,""rch.long).to(device) # Model config input_dim = contrastive_emb.shape[1] graph_dim = graph_features.shape[1] hidden_dim = 64 num_classes = len(torch.unique(labels)) batch_size = 16 epochs = 20 # Init model model = HFAGM(input_dim, graph_dim, hidden_dim, num_classes).to(device) optimizer = torch.optim.Adam(model.parameters(), lr=1e-3) criterion = nn.CrossEntropyLoss() # Logging train_losses "
outputs\revision_audit\claim_evidence_detailed.csv,88,1.0,0,0,"C44_DI_REAL_1,4.4,fairness,Real-data disparate impact reported as 1.0,1.0,1.0,1,models\classifiers\train_hfagm.py,train_hfagm.py,""), dtype=torch.long).to(device) # Model config input_dim = contrastive_emb.shape[1] graph_dim = graph_features.shape[1] hidden_dim = 64 num_classes = len(torch.unique(labels)) batch_size = 16 epochs = 20 # Init model model = HFAGM(input_dim, graph_dim, hidden_dim, num_classes).to(device) optimizer = torch.optim.Adam(model.parameters(), lr=1e-3) criterion = nn.CrossEntropyLoss() # Logging train_losses = [] train_accuracies = [] for epoch in range(epochs): model.train() permut"",False","C44_DI_REAL_1,4.4,fairness,Real-data disparate impact reported as 1.0,1.0,1.0,1,models\classifiers\train_hfagm.py,train_hfagm.py,""oad(adj_path), dtype=torch.float32).to(device) labels = torch.tensor(pd.read_csv(labels_path).values.squeeze(), dtype=torch.long).to(device) # Model config input_dim = contrastive_emb.shape[1] graph_dim = graph_features.shape[1] hidden_dim = 64 num_classes = len(torch.unique(labels)) batch_size = 16 epochs = 20 # Init model model = HFAGM(input_dim, graph_dim, hidden_dim, num_classes).to(device) optimizer = torch.optim.Adam(model.parameters(), lr=1e-3) criterion = nn.CrossEntr"",False | C44_DI_REAL_1,4.4,fairness,Real-data disparate impact reported as 1.0,1.0,1.0,1,models\classifiers\train_hfagm.py,train_hfagm.py,""), dtype=torch.long).to(device) # Model config input_dim = contrastive_emb.shape[1] graph_dim = graph_features.shape[1] hidden_dim = 64 num_classes = len(torch.unique(labels)) batch_size = 16 epochs = 20 # Init model model = HFAGM(input_dim, graph_dim, hidden_dim, num_classes).to(device) optimizer = torch.optim.Adam(model.parameters(), lr=1e-3) criterion = nn.CrossEntropyLoss() # Logging train_losses = [] train_accuracies = [] for epoch in range(epochs): model.train() permut"",False | C44_DI_REAL_1,4.4,fairness,Real-data disparate impact reported as 1.0,1.0,1.0,1,models\classifiers\train_hfagm.py,train_hfagm.py,""), dtype=torch.long).to(device) # Model config input_dim = contrastive_emb.shape[1] graph_dim = graph_features.shape[1] hidden_dim = 64 num_classes = len(torch.unique(labels)) batch_size = 16 epochs = 20 # Init model model = HFAGM(input_dim, graph_dim, hidden_dim, num_classes).to(device) optimizer = torch.optim.Adam(model.parameters(), lr=1e-3) criterion = nn.CrossEntropyLoss() # Logging train_losses = [] train_accuracies = [] for epoch in range(epochs): model.train() permut"",False | C44_DI_REAL_1,4.4,fairness,Real-data disparate impact reported as 1.0,1.0,1.0,1,models\classifiers\train_hfagm.py,train_hfagm.py,""rch.long).to(device) # Model config input_dim = contrastive_emb.shape[1] graph_dim = graph_features.shape[1] hidden_dim = 64 num_classes = len(torch.unique(labels)) batch_size = 16 epochs = 20 # Init model model = HFAGM(input_dim, graph_dim, hidden_dim, num_classes).to(device) optimizer = torch.optim.Adam(model.parameters(), lr=1e-3) criterion = nn.CrossEntropyLoss() # Logging train_losses = [] train_accuracies = [] for epoch in range(epochs): model.train() permutation = tor"",False | C44_DI_REAL_1,4.4,fairness,Real-data disparate impact reported as 1.0,1.0,1.0,1,models\classifiers\train_hfagm.py,train_hfagm.py,""rch.long).to(device) # Model config input_dim = contrastive_emb.shape[1] graph_dim = graph_features.shape[1] hidden_dim = 64 num_classes = len(torch.unique(labels)) batch_size = 16 epochs = 20 # Init model model = HFAGM(input_dim, graph_dim, hidden_dim, num_classes).to(device) optimizer = torch.optim.Adam(model.parameters(), lr=1e-3) criterion = nn.CrossEntropyLoss() # Logging train_losses "
outputs\revision_audit\claim_evidence_detailed.csv,88,64.0,0,0,"C44_DI_REAL_1,4.4,fairness,Real-data disparate impact reported as 1.0,1.0,1.0,1,models\classifiers\train_hfagm.py,train_hfagm.py,""), dtype=torch.long).to(device) # Model config input_dim = contrastive_emb.shape[1] graph_dim = graph_features.shape[1] hidden_dim = 64 num_classes = len(torch.unique(labels)) batch_size = 16 epochs = 20 # Init model model = HFAGM(input_dim, graph_dim, hidden_dim, num_classes).to(device) optimizer = torch.optim.Adam(model.parameters(), lr=1e-3) criterion = nn.CrossEntropyLoss() # Logging train_losses = [] train_accuracies = [] for epoch in range(epochs): model.train() permut"",False","C44_DI_REAL_1,4.4,fairness,Real-data disparate impact reported as 1.0,1.0,1.0,1,models\classifiers\train_hfagm.py,train_hfagm.py,""oad(adj_path), dtype=torch.float32).to(device) labels = torch.tensor(pd.read_csv(labels_path).values.squeeze(), dtype=torch.long).to(device) # Model config input_dim = contrastive_emb.shape[1] graph_dim = graph_features.shape[1] hidden_dim = 64 num_classes = len(torch.unique(labels)) batch_size = 16 epochs = 20 # Init model model = HFAGM(input_dim, graph_dim, hidden_dim, num_classes).to(device) optimizer = torch.optim.Adam(model.parameters(), lr=1e-3) criterion = nn.CrossEntr"",False | C44_DI_REAL_1,4.4,fairness,Real-data disparate impact reported as 1.0,1.0,1.0,1,models\classifiers\train_hfagm.py,train_hfagm.py,""), dtype=torch.long).to(device) # Model config input_dim = contrastive_emb.shape[1] graph_dim = graph_features.shape[1] hidden_dim = 64 num_classes = len(torch.unique(labels)) batch_size = 16 epochs = 20 # Init model model = HFAGM(input_dim, graph_dim, hidden_dim, num_classes).to(device) optimizer = torch.optim.Adam(model.parameters(), lr=1e-3) criterion = nn.CrossEntropyLoss() # Logging train_losses = [] train_accuracies = [] for epoch in range(epochs): model.train() permut"",False | C44_DI_REAL_1,4.4,fairness,Real-data disparate impact reported as 1.0,1.0,1.0,1,models\classifiers\train_hfagm.py,train_hfagm.py,""), dtype=torch.long).to(device) # Model config input_dim = contrastive_emb.shape[1] graph_dim = graph_features.shape[1] hidden_dim = 64 num_classes = len(torch.unique(labels)) batch_size = 16 epochs = 20 # Init model model = HFAGM(input_dim, graph_dim, hidden_dim, num_classes).to(device) optimizer = torch.optim.Adam(model.parameters(), lr=1e-3) criterion = nn.CrossEntropyLoss() # Logging train_losses = [] train_accuracies = [] for epoch in range(epochs): model.train() permut"",False | C44_DI_REAL_1,4.4,fairness,Real-data disparate impact reported as 1.0,1.0,1.0,1,models\classifiers\train_hfagm.py,train_hfagm.py,""rch.long).to(device) # Model config input_dim = contrastive_emb.shape[1] graph_dim = graph_features.shape[1] hidden_dim = 64 num_classes = len(torch.unique(labels)) batch_size = 16 epochs = 20 # Init model model = HFAGM(input_dim, graph_dim, hidden_dim, num_classes).to(device) optimizer = torch.optim.Adam(model.parameters(), lr=1e-3) criterion = nn.CrossEntropyLoss() # Logging train_losses = [] train_accuracies = [] for epoch in range(epochs): model.train() permutation = tor"",False | C44_DI_REAL_1,4.4,fairness,Real-data disparate impact reported as 1.0,1.0,1.0,1,models\classifiers\train_hfagm.py,train_hfagm.py,""rch.long).to(device) # Model config input_dim = contrastive_emb.shape[1] graph_dim = graph_features.shape[1] hidden_dim = 64 num_classes = len(torch.unique(labels)) batch_size = 16 epochs = 20 # Init model model = HFAGM(input_dim, graph_dim, hidden_dim, num_classes).to(device) optimizer = torch.optim.Adam(model.parameters(), lr=1e-3) criterion = nn.CrossEntropyLoss() # Logging train_losses "
outputs\revision_audit\claim_evidence_detailed.csv,88,16.0,0,0,"C44_DI_REAL_1,4.4,fairness,Real-data disparate impact reported as 1.0,1.0,1.0,1,models\classifiers\train_hfagm.py,train_hfagm.py,""), dtype=torch.long).to(device) # Model config input_dim = contrastive_emb.shape[1] graph_dim = graph_features.shape[1] hidden_dim = 64 num_classes = len(torch.unique(labels)) batch_size = 16 epochs = 20 # Init model model = HFAGM(input_dim, graph_dim, hidden_dim, num_classes).to(device) optimizer = torch.optim.Adam(model.parameters(), lr=1e-3) criterion = nn.CrossEntropyLoss() # Logging train_losses = [] train_accuracies = [] for epoch in range(epochs): model.train() permut"",False","C44_DI_REAL_1,4.4,fairness,Real-data disparate impact reported as 1.0,1.0,1.0,1,models\classifiers\train_hfagm.py,train_hfagm.py,""oad(adj_path), dtype=torch.float32).to(device) labels = torch.tensor(pd.read_csv(labels_path).values.squeeze(), dtype=torch.long).to(device) # Model config input_dim = contrastive_emb.shape[1] graph_dim = graph_features.shape[1] hidden_dim = 64 num_classes = len(torch.unique(labels)) batch_size = 16 epochs = 20 # Init model model = HFAGM(input_dim, graph_dim, hidden_dim, num_classes).to(device) optimizer = torch.optim.Adam(model.parameters(), lr=1e-3) criterion = nn.CrossEntr"",False | C44_DI_REAL_1,4.4,fairness,Real-data disparate impact reported as 1.0,1.0,1.0,1,models\classifiers\train_hfagm.py,train_hfagm.py,""), dtype=torch.long).to(device) # Model config input_dim = contrastive_emb.shape[1] graph_dim = graph_features.shape[1] hidden_dim = 64 num_classes = len(torch.unique(labels)) batch_size = 16 epochs = 20 # Init model model = HFAGM(input_dim, graph_dim, hidden_dim, num_classes).to(device) optimizer = torch.optim.Adam(model.parameters(), lr=1e-3) criterion = nn.CrossEntropyLoss() # Logging train_losses = [] train_accuracies = [] for epoch in range(epochs): model.train() permut"",False | C44_DI_REAL_1,4.4,fairness,Real-data disparate impact reported as 1.0,1.0,1.0,1,models\classifiers\train_hfagm.py,train_hfagm.py,""), dtype=torch.long).to(device) # Model config input_dim = contrastive_emb.shape[1] graph_dim = graph_features.shape[1] hidden_dim = 64 num_classes = len(torch.unique(labels)) batch_size = 16 epochs = 20 # Init model model = HFAGM(input_dim, graph_dim, hidden_dim, num_classes).to(device) optimizer = torch.optim.Adam(model.parameters(), lr=1e-3) criterion = nn.CrossEntropyLoss() # Logging train_losses = [] train_accuracies = [] for epoch in range(epochs): model.train() permut"",False | C44_DI_REAL_1,4.4,fairness,Real-data disparate impact reported as 1.0,1.0,1.0,1,models\classifiers\train_hfagm.py,train_hfagm.py,""rch.long).to(device) # Model config input_dim = contrastive_emb.shape[1] graph_dim = graph_features.shape[1] hidden_dim = 64 num_classes = len(torch.unique(labels)) batch_size = 16 epochs = 20 # Init model model = HFAGM(input_dim, graph_dim, hidden_dim, num_classes).to(device) optimizer = torch.optim.Adam(model.parameters(), lr=1e-3) criterion = nn.CrossEntropyLoss() # Logging train_losses = [] train_accuracies = [] for epoch in range(epochs): model.train() permutation = tor"",False | C44_DI_REAL_1,4.4,fairness,Real-data disparate impact reported as 1.0,1.0,1.0,1,models\classifiers\train_hfagm.py,train_hfagm.py,""rch.long).to(device) # Model config input_dim = contrastive_emb.shape[1] graph_dim = graph_features.shape[1] hidden_dim = 64 num_classes = len(torch.unique(labels)) batch_size = 16 epochs = 20 # Init model model = HFAGM(input_dim, graph_dim, hidden_dim, num_classes).to(device) optimizer = torch.optim.Adam(model.parameters(), lr=1e-3) criterion = nn.CrossEntropyLoss() # Logging train_losses "
outputs\revision_audit\claim_evidence_detailed.csv,88,20.0,0,0,"C44_DI_REAL_1,4.4,fairness,Real-data disparate impact reported as 1.0,1.0,1.0,1,models\classifiers\train_hfagm.py,train_hfagm.py,""), dtype=torch.long).to(device) # Model config input_dim = contrastive_emb.shape[1] graph_dim = graph_features.shape[1] hidden_dim = 64 num_classes = len(torch.unique(labels)) batch_size = 16 epochs = 20 # Init model model = HFAGM(input_dim, graph_dim, hidden_dim, num_classes).to(device) optimizer = torch.optim.Adam(model.parameters(), lr=1e-3) criterion = nn.CrossEntropyLoss() # Logging train_losses = [] train_accuracies = [] for epoch in range(epochs): model.train() permut"",False","C44_DI_REAL_1,4.4,fairness,Real-data disparate impact reported as 1.0,1.0,1.0,1,models\classifiers\train_hfagm.py,train_hfagm.py,""oad(adj_path), dtype=torch.float32).to(device) labels = torch.tensor(pd.read_csv(labels_path).values.squeeze(), dtype=torch.long).to(device) # Model config input_dim = contrastive_emb.shape[1] graph_dim = graph_features.shape[1] hidden_dim = 64 num_classes = len(torch.unique(labels)) batch_size = 16 epochs = 20 # Init model model = HFAGM(input_dim, graph_dim, hidden_dim, num_classes).to(device) optimizer = torch.optim.Adam(model.parameters(), lr=1e-3) criterion = nn.CrossEntr"",False | C44_DI_REAL_1,4.4,fairness,Real-data disparate impact reported as 1.0,1.0,1.0,1,models\classifiers\train_hfagm.py,train_hfagm.py,""), dtype=torch.long).to(device) # Model config input_dim = contrastive_emb.shape[1] graph_dim = graph_features.shape[1] hidden_dim = 64 num_classes = len(torch.unique(labels)) batch_size = 16 epochs = 20 # Init model model = HFAGM(input_dim, graph_dim, hidden_dim, num_classes).to(device) optimizer = torch.optim.Adam(model.parameters(), lr=1e-3) criterion = nn.CrossEntropyLoss() # Logging train_losses = [] train_accuracies = [] for epoch in range(epochs): model.train() permut"",False | C44_DI_REAL_1,4.4,fairness,Real-data disparate impact reported as 1.0,1.0,1.0,1,models\classifiers\train_hfagm.py,train_hfagm.py,""), dtype=torch.long).to(device) # Model config input_dim = contrastive_emb.shape[1] graph_dim = graph_features.shape[1] hidden_dim = 64 num_classes = len(torch.unique(labels)) batch_size = 16 epochs = 20 # Init model model = HFAGM(input_dim, graph_dim, hidden_dim, num_classes).to(device) optimizer = torch.optim.Adam(model.parameters(), lr=1e-3) criterion = nn.CrossEntropyLoss() # Logging train_losses = [] train_accuracies = [] for epoch in range(epochs): model.train() permut"",False | C44_DI_REAL_1,4.4,fairness,Real-data disparate impact reported as 1.0,1.0,1.0,1,models\classifiers\train_hfagm.py,train_hfagm.py,""rch.long).to(device) # Model config input_dim = contrastive_emb.shape[1] graph_dim = graph_features.shape[1] hidden_dim = 64 num_classes = len(torch.unique(labels)) batch_size = 16 epochs = 20 # Init model model = HFAGM(input_dim, graph_dim, hidden_dim, num_classes).to(device) optimizer = torch.optim.Adam(model.parameters(), lr=1e-3) criterion = nn.CrossEntropyLoss() # Logging train_losses = [] train_accuracies = [] for epoch in range(epochs): model.train() permutation = tor"",False | C44_DI_REAL_1,4.4,fairness,Real-data disparate impact reported as 1.0,1.0,1.0,1,models\classifiers\train_hfagm.py,train_hfagm.py,""rch.long).to(device) # Model config input_dim = contrastive_emb.shape[1] graph_dim = graph_features.shape[1] hidden_dim = 64 num_classes = len(torch.unique(labels)) batch_size = 16 epochs = 20 # Init model model = HFAGM(input_dim, graph_dim, hidden_dim, num_classes).to(device) optimizer = torch.optim.Adam(model.parameters(), lr=1e-3) criterion = nn.CrossEntropyLoss() # Logging train_losses "
outputs\revision_audit\claim_evidence_detailed.csv,89,4.4,0,0,"C44_DI_REAL_1,4.4,fairness,Real-data disparate impact reported as 1.0,1.0,1.0,1,models\classifiers\train_hfagm.py,train_hfagm.py,""rch.long).to(device) # Model config input_dim = contrastive_emb.shape[1] graph_dim = graph_features.shape[1] hidden_dim = 64 num_classes = len(torch.unique(labels)) batch_size = 16 epochs = 20 # Init model model = HFAGM(input_dim, graph_dim, hidden_dim, num_classes).to(device) optimizer = torch.optim.Adam(model.parameters(), lr=1e-3) criterion = nn.CrossEntropyLoss() # Logging train_losses = [] train_accuracies = [] for epoch in range(epochs): model.train() permutation = tor"",False","C44_DI_REAL_1,4.4,fairness,Real-data disparate impact reported as 1.0,1.0,1.0,1,models\classifiers\train_hfagm.py,train_hfagm.py,""), dtype=torch.long).to(device) # Model config input_dim = contrastive_emb.shape[1] graph_dim = graph_features.shape[1] hidden_dim = 64 num_classes = len(torch.unique(labels)) batch_size = 16 epochs = 20 # Init model model = HFAGM(input_dim, graph_dim, hidden_dim, num_classes).to(device) optimizer = torch.optim.Adam(model.parameters(), lr=1e-3) criterion = nn.CrossEntropyLoss() # Logging train_losses = [] train_accuracies = [] for epoch in range(epochs): model.train() permut"",False | C44_DI_REAL_1,4.4,fairness,Real-data disparate impact reported as 1.0,1.0,1.0,1,models\classifiers\train_hfagm.py,train_hfagm.py,""), dtype=torch.long).to(device) # Model config input_dim = contrastive_emb.shape[1] graph_dim = graph_features.shape[1] hidden_dim = 64 num_classes = len(torch.unique(labels)) batch_size = 16 epochs = 20 # Init model model = HFAGM(input_dim, graph_dim, hidden_dim, num_classes).to(device) optimizer = torch.optim.Adam(model.parameters(), lr=1e-3) criterion = nn.CrossEntropyLoss() # Logging train_losses = [] train_accuracies = [] for epoch in range(epochs): model.train() permut"",False | C44_DI_REAL_1,4.4,fairness,Real-data disparate impact reported as 1.0,1.0,1.0,1,models\classifiers\train_hfagm.py,train_hfagm.py,""rch.long).to(device) # Model config input_dim = contrastive_emb.shape[1] graph_dim = graph_features.shape[1] hidden_dim = 64 num_classes = len(torch.unique(labels)) batch_size = 16 epochs = 20 # Init model model = HFAGM(input_dim, graph_dim, hidden_dim, num_classes).to(device) optimizer = torch.optim.Adam(model.parameters(), lr=1e-3) criterion = nn.CrossEntropyLoss() # Logging train_losses = [] train_accuracies = [] for epoch in range(epochs): model.train() permutation = tor"",False | C44_DI_REAL_1,4.4,fairness,Real-data disparate impact reported as 1.0,1.0,1.0,1,models\classifiers\train_hfagm.py,train_hfagm.py,""rch.long).to(device) # Model config input_dim = contrastive_emb.shape[1] graph_dim = graph_features.shape[1] hidden_dim = 64 num_classes = len(torch.unique(labels)) batch_size = 16 epochs = 20 # Init model model = HFAGM(input_dim, graph_dim, hidden_dim, num_classes).to(device) optimizer = torch.optim.Adam(model.parameters(), lr=1e-3) criterion = nn.CrossEntropyLoss() # Logging train_losses = [] train_accuracies = [] for epoch in range(epochs): model.train() permutation = tor"",False | C44_DI_REAL_1,4.4,fairness,Real-data disparate impact reported as 1.0,1.0,1.0,1,models\classifiers\train_hfagm.py,train_hfagm.py,""(device) # Model config input_dim = contrastive_emb.shape[1] graph_dim = graph_features.shape[1] hidden_dim = 64 num_classes = len(torch.unique(labels)) batch_size = 16 epochs = 20 # Init model model = HFAGM(input_dim, graph_dim, hidden_dim, num_classes).to(device) optimizer = torch.optim.Adam(model.parameters(), lr=1e-3) criterion = nn.CrossEntropyLoss() # Logging train_losses = [] train_ac"
outputs\revision_audit\claim_evidence_detailed.csv,89,1.0,0,0,"C44_DI_REAL_1,4.4,fairness,Real-data disparate impact reported as 1.0,1.0,1.0,1,models\classifiers\train_hfagm.py,train_hfagm.py,""rch.long).to(device) # Model config input_dim = contrastive_emb.shape[1] graph_dim = graph_features.shape[1] hidden_dim = 64 num_classes = len(torch.unique(labels)) batch_size = 16 epochs = 20 # Init model model = HFAGM(input_dim, graph_dim, hidden_dim, num_classes).to(device) optimizer = torch.optim.Adam(model.parameters(), lr=1e-3) criterion = nn.CrossEntropyLoss() # Logging train_losses = [] train_accuracies = [] for epoch in range(epochs): model.train() permutation = tor"",False","C44_DI_REAL_1,4.4,fairness,Real-data disparate impact reported as 1.0,1.0,1.0,1,models\classifiers\train_hfagm.py,train_hfagm.py,""), dtype=torch.long).to(device) # Model config input_dim = contrastive_emb.shape[1] graph_dim = graph_features.shape[1] hidden_dim = 64 num_classes = len(torch.unique(labels)) batch_size = 16 epochs = 20 # Init model model = HFAGM(input_dim, graph_dim, hidden_dim, num_classes).to(device) optimizer = torch.optim.Adam(model.parameters(), lr=1e-3) criterion = nn.CrossEntropyLoss() # Logging train_losses = [] train_accuracies = [] for epoch in range(epochs): model.train() permut"",False | C44_DI_REAL_1,4.4,fairness,Real-data disparate impact reported as 1.0,1.0,1.0,1,models\classifiers\train_hfagm.py,train_hfagm.py,""), dtype=torch.long).to(device) # Model config input_dim = contrastive_emb.shape[1] graph_dim = graph_features.shape[1] hidden_dim = 64 num_classes = len(torch.unique(labels)) batch_size = 16 epochs = 20 # Init model model = HFAGM(input_dim, graph_dim, hidden_dim, num_classes).to(device) optimizer = torch.optim.Adam(model.parameters(), lr=1e-3) criterion = nn.CrossEntropyLoss() # Logging train_losses = [] train_accuracies = [] for epoch in range(epochs): model.train() permut"",False | C44_DI_REAL_1,4.4,fairness,Real-data disparate impact reported as 1.0,1.0,1.0,1,models\classifiers\train_hfagm.py,train_hfagm.py,""rch.long).to(device) # Model config input_dim = contrastive_emb.shape[1] graph_dim = graph_features.shape[1] hidden_dim = 64 num_classes = len(torch.unique(labels)) batch_size = 16 epochs = 20 # Init model model = HFAGM(input_dim, graph_dim, hidden_dim, num_classes).to(device) optimizer = torch.optim.Adam(model.parameters(), lr=1e-3) criterion = nn.CrossEntropyLoss() # Logging train_losses = [] train_accuracies = [] for epoch in range(epochs): model.train() permutation = tor"",False | C44_DI_REAL_1,4.4,fairness,Real-data disparate impact reported as 1.0,1.0,1.0,1,models\classifiers\train_hfagm.py,train_hfagm.py,""rch.long).to(device) # Model config input_dim = contrastive_emb.shape[1] graph_dim = graph_features.shape[1] hidden_dim = 64 num_classes = len(torch.unique(labels)) batch_size = 16 epochs = 20 # Init model model = HFAGM(input_dim, graph_dim, hidden_dim, num_classes).to(device) optimizer = torch.optim.Adam(model.parameters(), lr=1e-3) criterion = nn.CrossEntropyLoss() # Logging train_losses = [] train_accuracies = [] for epoch in range(epochs): model.train() permutation = tor"",False | C44_DI_REAL_1,4.4,fairness,Real-data disparate impact reported as 1.0,1.0,1.0,1,models\classifiers\train_hfagm.py,train_hfagm.py,""(device) # Model config input_dim = contrastive_emb.shape[1] graph_dim = graph_features.shape[1] hidden_dim = 64 num_classes = len(torch.unique(labels)) batch_size = 16 epochs = 20 # Init model model = HFAGM(input_dim, graph_dim, hidden_dim, num_classes).to(device) optimizer = torch.optim.Adam(model.parameters(), lr=1e-3) criterion = nn.CrossEntropyLoss() # Logging train_losses = [] train_ac"
outputs\revision_audit\claim_evidence_detailed.csv,89,1.0,0,0,"C44_DI_REAL_1,4.4,fairness,Real-data disparate impact reported as 1.0,1.0,1.0,1,models\classifiers\train_hfagm.py,train_hfagm.py,""rch.long).to(device) # Model config input_dim = contrastive_emb.shape[1] graph_dim = graph_features.shape[1] hidden_dim = 64 num_classes = len(torch.unique(labels)) batch_size = 16 epochs = 20 # Init model model = HFAGM(input_dim, graph_dim, hidden_dim, num_classes).to(device) optimizer = torch.optim.Adam(model.parameters(), lr=1e-3) criterion = nn.CrossEntropyLoss() # Logging train_losses = [] train_accuracies = [] for epoch in range(epochs): model.train() permutation = tor"",False","C44_DI_REAL_1,4.4,fairness,Real-data disparate impact reported as 1.0,1.0,1.0,1,models\classifiers\train_hfagm.py,train_hfagm.py,""), dtype=torch.long).to(device) # Model config input_dim = contrastive_emb.shape[1] graph_dim = graph_features.shape[1] hidden_dim = 64 num_classes = len(torch.unique(labels)) batch_size = 16 epochs = 20 # Init model model = HFAGM(input_dim, graph_dim, hidden_dim, num_classes).to(device) optimizer = torch.optim.Adam(model.parameters(), lr=1e-3) criterion = nn.CrossEntropyLoss() # Logging train_losses = [] train_accuracies = [] for epoch in range(epochs): model.train() permut"",False | C44_DI_REAL_1,4.4,fairness,Real-data disparate impact reported as 1.0,1.0,1.0,1,models\classifiers\train_hfagm.py,train_hfagm.py,""), dtype=torch.long).to(device) # Model config input_dim = contrastive_emb.shape[1] graph_dim = graph_features.shape[1] hidden_dim = 64 num_classes = len(torch.unique(labels)) batch_size = 16 epochs = 20 # Init model model = HFAGM(input_dim, graph_dim, hidden_dim, num_classes).to(device) optimizer = torch.optim.Adam(model.parameters(), lr=1e-3) criterion = nn.CrossEntropyLoss() # Logging train_losses = [] train_accuracies = [] for epoch in range(epochs): model.train() permut"",False | C44_DI_REAL_1,4.4,fairness,Real-data disparate impact reported as 1.0,1.0,1.0,1,models\classifiers\train_hfagm.py,train_hfagm.py,""rch.long).to(device) # Model config input_dim = contrastive_emb.shape[1] graph_dim = graph_features.shape[1] hidden_dim = 64 num_classes = len(torch.unique(labels)) batch_size = 16 epochs = 20 # Init model model = HFAGM(input_dim, graph_dim, hidden_dim, num_classes).to(device) optimizer = torch.optim.Adam(model.parameters(), lr=1e-3) criterion = nn.CrossEntropyLoss() # Logging train_losses = [] train_accuracies = [] for epoch in range(epochs): model.train() permutation = tor"",False | C44_DI_REAL_1,4.4,fairness,Real-data disparate impact reported as 1.0,1.0,1.0,1,models\classifiers\train_hfagm.py,train_hfagm.py,""rch.long).to(device) # Model config input_dim = contrastive_emb.shape[1] graph_dim = graph_features.shape[1] hidden_dim = 64 num_classes = len(torch.unique(labels)) batch_size = 16 epochs = 20 # Init model model = HFAGM(input_dim, graph_dim, hidden_dim, num_classes).to(device) optimizer = torch.optim.Adam(model.parameters(), lr=1e-3) criterion = nn.CrossEntropyLoss() # Logging train_losses = [] train_accuracies = [] for epoch in range(epochs): model.train() permutation = tor"",False | C44_DI_REAL_1,4.4,fairness,Real-data disparate impact reported as 1.0,1.0,1.0,1,models\classifiers\train_hfagm.py,train_hfagm.py,""(device) # Model config input_dim = contrastive_emb.shape[1] graph_dim = graph_features.shape[1] hidden_dim = 64 num_classes = len(torch.unique(labels)) batch_size = 16 epochs = 20 # Init model model = HFAGM(input_dim, graph_dim, hidden_dim, num_classes).to(device) optimizer = torch.optim.Adam(model.parameters(), lr=1e-3) criterion = nn.CrossEntropyLoss() # Logging train_losses = [] train_ac"
outputs\revision_audit\claim_evidence_detailed.csv,89,1.0,0,0,"C44_DI_REAL_1,4.4,fairness,Real-data disparate impact reported as 1.0,1.0,1.0,1,models\classifiers\train_hfagm.py,train_hfagm.py,""rch.long).to(device) # Model config input_dim = contrastive_emb.shape[1] graph_dim = graph_features.shape[1] hidden_dim = 64 num_classes = len(torch.unique(labels)) batch_size = 16 epochs = 20 # Init model model = HFAGM(input_dim, graph_dim, hidden_dim, num_classes).to(device) optimizer = torch.optim.Adam(model.parameters(), lr=1e-3) criterion = nn.CrossEntropyLoss() # Logging train_losses = [] train_accuracies = [] for epoch in range(epochs): model.train() permutation = tor"",False","C44_DI_REAL_1,4.4,fairness,Real-data disparate impact reported as 1.0,1.0,1.0,1,models\classifiers\train_hfagm.py,train_hfagm.py,""), dtype=torch.long).to(device) # Model config input_dim = contrastive_emb.shape[1] graph_dim = graph_features.shape[1] hidden_dim = 64 num_classes = len(torch.unique(labels)) batch_size = 16 epochs = 20 # Init model model = HFAGM(input_dim, graph_dim, hidden_dim, num_classes).to(device) optimizer = torch.optim.Adam(model.parameters(), lr=1e-3) criterion = nn.CrossEntropyLoss() # Logging train_losses = [] train_accuracies = [] for epoch in range(epochs): model.train() permut"",False | C44_DI_REAL_1,4.4,fairness,Real-data disparate impact reported as 1.0,1.0,1.0,1,models\classifiers\train_hfagm.py,train_hfagm.py,""), dtype=torch.long).to(device) # Model config input_dim = contrastive_emb.shape[1] graph_dim = graph_features.shape[1] hidden_dim = 64 num_classes = len(torch.unique(labels)) batch_size = 16 epochs = 20 # Init model model = HFAGM(input_dim, graph_dim, hidden_dim, num_classes).to(device) optimizer = torch.optim.Adam(model.parameters(), lr=1e-3) criterion = nn.CrossEntropyLoss() # Logging train_losses = [] train_accuracies = [] for epoch in range(epochs): model.train() permut"",False | C44_DI_REAL_1,4.4,fairness,Real-data disparate impact reported as 1.0,1.0,1.0,1,models\classifiers\train_hfagm.py,train_hfagm.py,""rch.long).to(device) # Model config input_dim = contrastive_emb.shape[1] graph_dim = graph_features.shape[1] hidden_dim = 64 num_classes = len(torch.unique(labels)) batch_size = 16 epochs = 20 # Init model model = HFAGM(input_dim, graph_dim, hidden_dim, num_classes).to(device) optimizer = torch.optim.Adam(model.parameters(), lr=1e-3) criterion = nn.CrossEntropyLoss() # Logging train_losses = [] train_accuracies = [] for epoch in range(epochs): model.train() permutation = tor"",False | C44_DI_REAL_1,4.4,fairness,Real-data disparate impact reported as 1.0,1.0,1.0,1,models\classifiers\train_hfagm.py,train_hfagm.py,""rch.long).to(device) # Model config input_dim = contrastive_emb.shape[1] graph_dim = graph_features.shape[1] hidden_dim = 64 num_classes = len(torch.unique(labels)) batch_size = 16 epochs = 20 # Init model model = HFAGM(input_dim, graph_dim, hidden_dim, num_classes).to(device) optimizer = torch.optim.Adam(model.parameters(), lr=1e-3) criterion = nn.CrossEntropyLoss() # Logging train_losses = [] train_accuracies = [] for epoch in range(epochs): model.train() permutation = tor"",False | C44_DI_REAL_1,4.4,fairness,Real-data disparate impact reported as 1.0,1.0,1.0,1,models\classifiers\train_hfagm.py,train_hfagm.py,""(device) # Model config input_dim = contrastive_emb.shape[1] graph_dim = graph_features.shape[1] hidden_dim = 64 num_classes = len(torch.unique(labels)) batch_size = 16 epochs = 20 # Init model model = HFAGM(input_dim, graph_dim, hidden_dim, num_classes).to(device) optimizer = torch.optim.Adam(model.parameters(), lr=1e-3) criterion = nn.CrossEntropyLoss() # Logging train_losses = [] train_ac"
outputs\revision_audit\claim_evidence_detailed.csv,89,1.0,0,0,"C44_DI_REAL_1,4.4,fairness,Real-data disparate impact reported as 1.0,1.0,1.0,1,models\classifiers\train_hfagm.py,train_hfagm.py,""rch.long).to(device) # Model config input_dim = contrastive_emb.shape[1] graph_dim = graph_features.shape[1] hidden_dim = 64 num_classes = len(torch.unique(labels)) batch_size = 16 epochs = 20 # Init model model = HFAGM(input_dim, graph_dim, hidden_dim, num_classes).to(device) optimizer = torch.optim.Adam(model.parameters(), lr=1e-3) criterion = nn.CrossEntropyLoss() # Logging train_losses = [] train_accuracies = [] for epoch in range(epochs): model.train() permutation = tor"",False","C44_DI_REAL_1,4.4,fairness,Real-data disparate impact reported as 1.0,1.0,1.0,1,models\classifiers\train_hfagm.py,train_hfagm.py,""), dtype=torch.long).to(device) # Model config input_dim = contrastive_emb.shape[1] graph_dim = graph_features.shape[1] hidden_dim = 64 num_classes = len(torch.unique(labels)) batch_size = 16 epochs = 20 # Init model model = HFAGM(input_dim, graph_dim, hidden_dim, num_classes).to(device) optimizer = torch.optim.Adam(model.parameters(), lr=1e-3) criterion = nn.CrossEntropyLoss() # Logging train_losses = [] train_accuracies = [] for epoch in range(epochs): model.train() permut"",False | C44_DI_REAL_1,4.4,fairness,Real-data disparate impact reported as 1.0,1.0,1.0,1,models\classifiers\train_hfagm.py,train_hfagm.py,""), dtype=torch.long).to(device) # Model config input_dim = contrastive_emb.shape[1] graph_dim = graph_features.shape[1] hidden_dim = 64 num_classes = len(torch.unique(labels)) batch_size = 16 epochs = 20 # Init model model = HFAGM(input_dim, graph_dim, hidden_dim, num_classes).to(device) optimizer = torch.optim.Adam(model.parameters(), lr=1e-3) criterion = nn.CrossEntropyLoss() # Logging train_losses = [] train_accuracies = [] for epoch in range(epochs): model.train() permut"",False | C44_DI_REAL_1,4.4,fairness,Real-data disparate impact reported as 1.0,1.0,1.0,1,models\classifiers\train_hfagm.py,train_hfagm.py,""rch.long).to(device) # Model config input_dim = contrastive_emb.shape[1] graph_dim = graph_features.shape[1] hidden_dim = 64 num_classes = len(torch.unique(labels)) batch_size = 16 epochs = 20 # Init model model = HFAGM(input_dim, graph_dim, hidden_dim, num_classes).to(device) optimizer = torch.optim.Adam(model.parameters(), lr=1e-3) criterion = nn.CrossEntropyLoss() # Logging train_losses = [] train_accuracies = [] for epoch in range(epochs): model.train() permutation = tor"",False | C44_DI_REAL_1,4.4,fairness,Real-data disparate impact reported as 1.0,1.0,1.0,1,models\classifiers\train_hfagm.py,train_hfagm.py,""rch.long).to(device) # Model config input_dim = contrastive_emb.shape[1] graph_dim = graph_features.shape[1] hidden_dim = 64 num_classes = len(torch.unique(labels)) batch_size = 16 epochs = 20 # Init model model = HFAGM(input_dim, graph_dim, hidden_dim, num_classes).to(device) optimizer = torch.optim.Adam(model.parameters(), lr=1e-3) criterion = nn.CrossEntropyLoss() # Logging train_losses = [] train_accuracies = [] for epoch in range(epochs): model.train() permutation = tor"",False | C44_DI_REAL_1,4.4,fairness,Real-data disparate impact reported as 1.0,1.0,1.0,1,models\classifiers\train_hfagm.py,train_hfagm.py,""(device) # Model config input_dim = contrastive_emb.shape[1] graph_dim = graph_features.shape[1] hidden_dim = 64 num_classes = len(torch.unique(labels)) batch_size = 16 epochs = 20 # Init model model = HFAGM(input_dim, graph_dim, hidden_dim, num_classes).to(device) optimizer = torch.optim.Adam(model.parameters(), lr=1e-3) criterion = nn.CrossEntropyLoss() # Logging train_losses = [] train_ac"
outputs\revision_audit\claim_evidence_detailed.csv,89,1.0,0,0,"C44_DI_REAL_1,4.4,fairness,Real-data disparate impact reported as 1.0,1.0,1.0,1,models\classifiers\train_hfagm.py,train_hfagm.py,""rch.long).to(device) # Model config input_dim = contrastive_emb.shape[1] graph_dim = graph_features.shape[1] hidden_dim = 64 num_classes = len(torch.unique(labels)) batch_size = 16 epochs = 20 # Init model model = HFAGM(input_dim, graph_dim, hidden_dim, num_classes).to(device) optimizer = torch.optim.Adam(model.parameters(), lr=1e-3) criterion = nn.CrossEntropyLoss() # Logging train_losses = [] train_accuracies = [] for epoch in range(epochs): model.train() permutation = tor"",False","C44_DI_REAL_1,4.4,fairness,Real-data disparate impact reported as 1.0,1.0,1.0,1,models\classifiers\train_hfagm.py,train_hfagm.py,""), dtype=torch.long).to(device) # Model config input_dim = contrastive_emb.shape[1] graph_dim = graph_features.shape[1] hidden_dim = 64 num_classes = len(torch.unique(labels)) batch_size = 16 epochs = 20 # Init model model = HFAGM(input_dim, graph_dim, hidden_dim, num_classes).to(device) optimizer = torch.optim.Adam(model.parameters(), lr=1e-3) criterion = nn.CrossEntropyLoss() # Logging train_losses = [] train_accuracies = [] for epoch in range(epochs): model.train() permut"",False | C44_DI_REAL_1,4.4,fairness,Real-data disparate impact reported as 1.0,1.0,1.0,1,models\classifiers\train_hfagm.py,train_hfagm.py,""), dtype=torch.long).to(device) # Model config input_dim = contrastive_emb.shape[1] graph_dim = graph_features.shape[1] hidden_dim = 64 num_classes = len(torch.unique(labels)) batch_size = 16 epochs = 20 # Init model model = HFAGM(input_dim, graph_dim, hidden_dim, num_classes).to(device) optimizer = torch.optim.Adam(model.parameters(), lr=1e-3) criterion = nn.CrossEntropyLoss() # Logging train_losses = [] train_accuracies = [] for epoch in range(epochs): model.train() permut"",False | C44_DI_REAL_1,4.4,fairness,Real-data disparate impact reported as 1.0,1.0,1.0,1,models\classifiers\train_hfagm.py,train_hfagm.py,""rch.long).to(device) # Model config input_dim = contrastive_emb.shape[1] graph_dim = graph_features.shape[1] hidden_dim = 64 num_classes = len(torch.unique(labels)) batch_size = 16 epochs = 20 # Init model model = HFAGM(input_dim, graph_dim, hidden_dim, num_classes).to(device) optimizer = torch.optim.Adam(model.parameters(), lr=1e-3) criterion = nn.CrossEntropyLoss() # Logging train_losses = [] train_accuracies = [] for epoch in range(epochs): model.train() permutation = tor"",False | C44_DI_REAL_1,4.4,fairness,Real-data disparate impact reported as 1.0,1.0,1.0,1,models\classifiers\train_hfagm.py,train_hfagm.py,""rch.long).to(device) # Model config input_dim = contrastive_emb.shape[1] graph_dim = graph_features.shape[1] hidden_dim = 64 num_classes = len(torch.unique(labels)) batch_size = 16 epochs = 20 # Init model model = HFAGM(input_dim, graph_dim, hidden_dim, num_classes).to(device) optimizer = torch.optim.Adam(model.parameters(), lr=1e-3) criterion = nn.CrossEntropyLoss() # Logging train_losses = [] train_accuracies = [] for epoch in range(epochs): model.train() permutation = tor"",False | C44_DI_REAL_1,4.4,fairness,Real-data disparate impact reported as 1.0,1.0,1.0,1,models\classifiers\train_hfagm.py,train_hfagm.py,""(device) # Model config input_dim = contrastive_emb.shape[1] graph_dim = graph_features.shape[1] hidden_dim = 64 num_classes = len(torch.unique(labels)) batch_size = 16 epochs = 20 # Init model model = HFAGM(input_dim, graph_dim, hidden_dim, num_classes).to(device) optimizer = torch.optim.Adam(model.parameters(), lr=1e-3) criterion = nn.CrossEntropyLoss() # Logging train_losses = [] train_ac"
outputs\revision_audit\claim_evidence_detailed.csv,89,1.0,0,0,"C44_DI_REAL_1,4.4,fairness,Real-data disparate impact reported as 1.0,1.0,1.0,1,models\classifiers\train_hfagm.py,train_hfagm.py,""rch.long).to(device) # Model config input_dim = contrastive_emb.shape[1] graph_dim = graph_features.shape[1] hidden_dim = 64 num_classes = len(torch.unique(labels)) batch_size = 16 epochs = 20 # Init model model = HFAGM(input_dim, graph_dim, hidden_dim, num_classes).to(device) optimizer = torch.optim.Adam(model.parameters(), lr=1e-3) criterion = nn.CrossEntropyLoss() # Logging train_losses = [] train_accuracies = [] for epoch in range(epochs): model.train() permutation = tor"",False","C44_DI_REAL_1,4.4,fairness,Real-data disparate impact reported as 1.0,1.0,1.0,1,models\classifiers\train_hfagm.py,train_hfagm.py,""), dtype=torch.long).to(device) # Model config input_dim = contrastive_emb.shape[1] graph_dim = graph_features.shape[1] hidden_dim = 64 num_classes = len(torch.unique(labels)) batch_size = 16 epochs = 20 # Init model model = HFAGM(input_dim, graph_dim, hidden_dim, num_classes).to(device) optimizer = torch.optim.Adam(model.parameters(), lr=1e-3) criterion = nn.CrossEntropyLoss() # Logging train_losses = [] train_accuracies = [] for epoch in range(epochs): model.train() permut"",False | C44_DI_REAL_1,4.4,fairness,Real-data disparate impact reported as 1.0,1.0,1.0,1,models\classifiers\train_hfagm.py,train_hfagm.py,""), dtype=torch.long).to(device) # Model config input_dim = contrastive_emb.shape[1] graph_dim = graph_features.shape[1] hidden_dim = 64 num_classes = len(torch.unique(labels)) batch_size = 16 epochs = 20 # Init model model = HFAGM(input_dim, graph_dim, hidden_dim, num_classes).to(device) optimizer = torch.optim.Adam(model.parameters(), lr=1e-3) criterion = nn.CrossEntropyLoss() # Logging train_losses = [] train_accuracies = [] for epoch in range(epochs): model.train() permut"",False | C44_DI_REAL_1,4.4,fairness,Real-data disparate impact reported as 1.0,1.0,1.0,1,models\classifiers\train_hfagm.py,train_hfagm.py,""rch.long).to(device) # Model config input_dim = contrastive_emb.shape[1] graph_dim = graph_features.shape[1] hidden_dim = 64 num_classes = len(torch.unique(labels)) batch_size = 16 epochs = 20 # Init model model = HFAGM(input_dim, graph_dim, hidden_dim, num_classes).to(device) optimizer = torch.optim.Adam(model.parameters(), lr=1e-3) criterion = nn.CrossEntropyLoss() # Logging train_losses = [] train_accuracies = [] for epoch in range(epochs): model.train() permutation = tor"",False | C44_DI_REAL_1,4.4,fairness,Real-data disparate impact reported as 1.0,1.0,1.0,1,models\classifiers\train_hfagm.py,train_hfagm.py,""rch.long).to(device) # Model config input_dim = contrastive_emb.shape[1] graph_dim = graph_features.shape[1] hidden_dim = 64 num_classes = len(torch.unique(labels)) batch_size = 16 epochs = 20 # Init model model = HFAGM(input_dim, graph_dim, hidden_dim, num_classes).to(device) optimizer = torch.optim.Adam(model.parameters(), lr=1e-3) criterion = nn.CrossEntropyLoss() # Logging train_losses = [] train_accuracies = [] for epoch in range(epochs): model.train() permutation = tor"",False | C44_DI_REAL_1,4.4,fairness,Real-data disparate impact reported as 1.0,1.0,1.0,1,models\classifiers\train_hfagm.py,train_hfagm.py,""(device) # Model config input_dim = contrastive_emb.shape[1] graph_dim = graph_features.shape[1] hidden_dim = 64 num_classes = len(torch.unique(labels)) batch_size = 16 epochs = 20 # Init model model = HFAGM(input_dim, graph_dim, hidden_dim, num_classes).to(device) optimizer = torch.optim.Adam(model.parameters(), lr=1e-3) criterion = nn.CrossEntropyLoss() # Logging train_losses = [] train_ac"
outputs\revision_audit\claim_evidence_detailed.csv,89,64.0,0,0,"C44_DI_REAL_1,4.4,fairness,Real-data disparate impact reported as 1.0,1.0,1.0,1,models\classifiers\train_hfagm.py,train_hfagm.py,""rch.long).to(device) # Model config input_dim = contrastive_emb.shape[1] graph_dim = graph_features.shape[1] hidden_dim = 64 num_classes = len(torch.unique(labels)) batch_size = 16 epochs = 20 # Init model model = HFAGM(input_dim, graph_dim, hidden_dim, num_classes).to(device) optimizer = torch.optim.Adam(model.parameters(), lr=1e-3) criterion = nn.CrossEntropyLoss() # Logging train_losses = [] train_accuracies = [] for epoch in range(epochs): model.train() permutation = tor"",False","C44_DI_REAL_1,4.4,fairness,Real-data disparate impact reported as 1.0,1.0,1.0,1,models\classifiers\train_hfagm.py,train_hfagm.py,""), dtype=torch.long).to(device) # Model config input_dim = contrastive_emb.shape[1] graph_dim = graph_features.shape[1] hidden_dim = 64 num_classes = len(torch.unique(labels)) batch_size = 16 epochs = 20 # Init model model = HFAGM(input_dim, graph_dim, hidden_dim, num_classes).to(device) optimizer = torch.optim.Adam(model.parameters(), lr=1e-3) criterion = nn.CrossEntropyLoss() # Logging train_losses = [] train_accuracies = [] for epoch in range(epochs): model.train() permut"",False | C44_DI_REAL_1,4.4,fairness,Real-data disparate impact reported as 1.0,1.0,1.0,1,models\classifiers\train_hfagm.py,train_hfagm.py,""), dtype=torch.long).to(device) # Model config input_dim = contrastive_emb.shape[1] graph_dim = graph_features.shape[1] hidden_dim = 64 num_classes = len(torch.unique(labels)) batch_size = 16 epochs = 20 # Init model model = HFAGM(input_dim, graph_dim, hidden_dim, num_classes).to(device) optimizer = torch.optim.Adam(model.parameters(), lr=1e-3) criterion = nn.CrossEntropyLoss() # Logging train_losses = [] train_accuracies = [] for epoch in range(epochs): model.train() permut"",False | C44_DI_REAL_1,4.4,fairness,Real-data disparate impact reported as 1.0,1.0,1.0,1,models\classifiers\train_hfagm.py,train_hfagm.py,""rch.long).to(device) # Model config input_dim = contrastive_emb.shape[1] graph_dim = graph_features.shape[1] hidden_dim = 64 num_classes = len(torch.unique(labels)) batch_size = 16 epochs = 20 # Init model model = HFAGM(input_dim, graph_dim, hidden_dim, num_classes).to(device) optimizer = torch.optim.Adam(model.parameters(), lr=1e-3) criterion = nn.CrossEntropyLoss() # Logging train_losses = [] train_accuracies = [] for epoch in range(epochs): model.train() permutation = tor"",False | C44_DI_REAL_1,4.4,fairness,Real-data disparate impact reported as 1.0,1.0,1.0,1,models\classifiers\train_hfagm.py,train_hfagm.py,""rch.long).to(device) # Model config input_dim = contrastive_emb.shape[1] graph_dim = graph_features.shape[1] hidden_dim = 64 num_classes = len(torch.unique(labels)) batch_size = 16 epochs = 20 # Init model model = HFAGM(input_dim, graph_dim, hidden_dim, num_classes).to(device) optimizer = torch.optim.Adam(model.parameters(), lr=1e-3) criterion = nn.CrossEntropyLoss() # Logging train_losses = [] train_accuracies = [] for epoch in range(epochs): model.train() permutation = tor"",False | C44_DI_REAL_1,4.4,fairness,Real-data disparate impact reported as 1.0,1.0,1.0,1,models\classifiers\train_hfagm.py,train_hfagm.py,""(device) # Model config input_dim = contrastive_emb.shape[1] graph_dim = graph_features.shape[1] hidden_dim = 64 num_classes = len(torch.unique(labels)) batch_size = 16 epochs = 20 # Init model model = HFAGM(input_dim, graph_dim, hidden_dim, num_classes).to(device) optimizer = torch.optim.Adam(model.parameters(), lr=1e-3) criterion = nn.CrossEntropyLoss() # Logging train_losses = [] train_ac"
outputs\revision_audit\claim_evidence_detailed.csv,89,16.0,0,0,"C44_DI_REAL_1,4.4,fairness,Real-data disparate impact reported as 1.0,1.0,1.0,1,models\classifiers\train_hfagm.py,train_hfagm.py,""rch.long).to(device) # Model config input_dim = contrastive_emb.shape[1] graph_dim = graph_features.shape[1] hidden_dim = 64 num_classes = len(torch.unique(labels)) batch_size = 16 epochs = 20 # Init model model = HFAGM(input_dim, graph_dim, hidden_dim, num_classes).to(device) optimizer = torch.optim.Adam(model.parameters(), lr=1e-3) criterion = nn.CrossEntropyLoss() # Logging train_losses = [] train_accuracies = [] for epoch in range(epochs): model.train() permutation = tor"",False","C44_DI_REAL_1,4.4,fairness,Real-data disparate impact reported as 1.0,1.0,1.0,1,models\classifiers\train_hfagm.py,train_hfagm.py,""), dtype=torch.long).to(device) # Model config input_dim = contrastive_emb.shape[1] graph_dim = graph_features.shape[1] hidden_dim = 64 num_classes = len(torch.unique(labels)) batch_size = 16 epochs = 20 # Init model model = HFAGM(input_dim, graph_dim, hidden_dim, num_classes).to(device) optimizer = torch.optim.Adam(model.parameters(), lr=1e-3) criterion = nn.CrossEntropyLoss() # Logging train_losses = [] train_accuracies = [] for epoch in range(epochs): model.train() permut"",False | C44_DI_REAL_1,4.4,fairness,Real-data disparate impact reported as 1.0,1.0,1.0,1,models\classifiers\train_hfagm.py,train_hfagm.py,""), dtype=torch.long).to(device) # Model config input_dim = contrastive_emb.shape[1] graph_dim = graph_features.shape[1] hidden_dim = 64 num_classes = len(torch.unique(labels)) batch_size = 16 epochs = 20 # Init model model = HFAGM(input_dim, graph_dim, hidden_dim, num_classes).to(device) optimizer = torch.optim.Adam(model.parameters(), lr=1e-3) criterion = nn.CrossEntropyLoss() # Logging train_losses = [] train_accuracies = [] for epoch in range(epochs): model.train() permut"",False | C44_DI_REAL_1,4.4,fairness,Real-data disparate impact reported as 1.0,1.0,1.0,1,models\classifiers\train_hfagm.py,train_hfagm.py,""rch.long).to(device) # Model config input_dim = contrastive_emb.shape[1] graph_dim = graph_features.shape[1] hidden_dim = 64 num_classes = len(torch.unique(labels)) batch_size = 16 epochs = 20 # Init model model = HFAGM(input_dim, graph_dim, hidden_dim, num_classes).to(device) optimizer = torch.optim.Adam(model.parameters(), lr=1e-3) criterion = nn.CrossEntropyLoss() # Logging train_losses = [] train_accuracies = [] for epoch in range(epochs): model.train() permutation = tor"",False | C44_DI_REAL_1,4.4,fairness,Real-data disparate impact reported as 1.0,1.0,1.0,1,models\classifiers\train_hfagm.py,train_hfagm.py,""rch.long).to(device) # Model config input_dim = contrastive_emb.shape[1] graph_dim = graph_features.shape[1] hidden_dim = 64 num_classes = len(torch.unique(labels)) batch_size = 16 epochs = 20 # Init model model = HFAGM(input_dim, graph_dim, hidden_dim, num_classes).to(device) optimizer = torch.optim.Adam(model.parameters(), lr=1e-3) criterion = nn.CrossEntropyLoss() # Logging train_losses = [] train_accuracies = [] for epoch in range(epochs): model.train() permutation = tor"",False | C44_DI_REAL_1,4.4,fairness,Real-data disparate impact reported as 1.0,1.0,1.0,1,models\classifiers\train_hfagm.py,train_hfagm.py,""(device) # Model config input_dim = contrastive_emb.shape[1] graph_dim = graph_features.shape[1] hidden_dim = 64 num_classes = len(torch.unique(labels)) batch_size = 16 epochs = 20 # Init model model = HFAGM(input_dim, graph_dim, hidden_dim, num_classes).to(device) optimizer = torch.optim.Adam(model.parameters(), lr=1e-3) criterion = nn.CrossEntropyLoss() # Logging train_losses = [] train_ac"
outputs\revision_audit\claim_evidence_detailed.csv,89,20.0,0,0,"C44_DI_REAL_1,4.4,fairness,Real-data disparate impact reported as 1.0,1.0,1.0,1,models\classifiers\train_hfagm.py,train_hfagm.py,""rch.long).to(device) # Model config input_dim = contrastive_emb.shape[1] graph_dim = graph_features.shape[1] hidden_dim = 64 num_classes = len(torch.unique(labels)) batch_size = 16 epochs = 20 # Init model model = HFAGM(input_dim, graph_dim, hidden_dim, num_classes).to(device) optimizer = torch.optim.Adam(model.parameters(), lr=1e-3) criterion = nn.CrossEntropyLoss() # Logging train_losses = [] train_accuracies = [] for epoch in range(epochs): model.train() permutation = tor"",False","C44_DI_REAL_1,4.4,fairness,Real-data disparate impact reported as 1.0,1.0,1.0,1,models\classifiers\train_hfagm.py,train_hfagm.py,""), dtype=torch.long).to(device) # Model config input_dim = contrastive_emb.shape[1] graph_dim = graph_features.shape[1] hidden_dim = 64 num_classes = len(torch.unique(labels)) batch_size = 16 epochs = 20 # Init model model = HFAGM(input_dim, graph_dim, hidden_dim, num_classes).to(device) optimizer = torch.optim.Adam(model.parameters(), lr=1e-3) criterion = nn.CrossEntropyLoss() # Logging train_losses = [] train_accuracies = [] for epoch in range(epochs): model.train() permut"",False | C44_DI_REAL_1,4.4,fairness,Real-data disparate impact reported as 1.0,1.0,1.0,1,models\classifiers\train_hfagm.py,train_hfagm.py,""), dtype=torch.long).to(device) # Model config input_dim = contrastive_emb.shape[1] graph_dim = graph_features.shape[1] hidden_dim = 64 num_classes = len(torch.unique(labels)) batch_size = 16 epochs = 20 # Init model model = HFAGM(input_dim, graph_dim, hidden_dim, num_classes).to(device) optimizer = torch.optim.Adam(model.parameters(), lr=1e-3) criterion = nn.CrossEntropyLoss() # Logging train_losses = [] train_accuracies = [] for epoch in range(epochs): model.train() permut"",False | C44_DI_REAL_1,4.4,fairness,Real-data disparate impact reported as 1.0,1.0,1.0,1,models\classifiers\train_hfagm.py,train_hfagm.py,""rch.long).to(device) # Model config input_dim = contrastive_emb.shape[1] graph_dim = graph_features.shape[1] hidden_dim = 64 num_classes = len(torch.unique(labels)) batch_size = 16 epochs = 20 # Init model model = HFAGM(input_dim, graph_dim, hidden_dim, num_classes).to(device) optimizer = torch.optim.Adam(model.parameters(), lr=1e-3) criterion = nn.CrossEntropyLoss() # Logging train_losses = [] train_accuracies = [] for epoch in range(epochs): model.train() permutation = tor"",False | C44_DI_REAL_1,4.4,fairness,Real-data disparate impact reported as 1.0,1.0,1.0,1,models\classifiers\train_hfagm.py,train_hfagm.py,""rch.long).to(device) # Model config input_dim = contrastive_emb.shape[1] graph_dim = graph_features.shape[1] hidden_dim = 64 num_classes = len(torch.unique(labels)) batch_size = 16 epochs = 20 # Init model model = HFAGM(input_dim, graph_dim, hidden_dim, num_classes).to(device) optimizer = torch.optim.Adam(model.parameters(), lr=1e-3) criterion = nn.CrossEntropyLoss() # Logging train_losses = [] train_accuracies = [] for epoch in range(epochs): model.train() permutation = tor"",False | C44_DI_REAL_1,4.4,fairness,Real-data disparate impact reported as 1.0,1.0,1.0,1,models\classifiers\train_hfagm.py,train_hfagm.py,""(device) # Model config input_dim = contrastive_emb.shape[1] graph_dim = graph_features.shape[1] hidden_dim = 64 num_classes = len(torch.unique(labels)) batch_size = 16 epochs = 20 # Init model model = HFAGM(input_dim, graph_dim, hidden_dim, num_classes).to(device) optimizer = torch.optim.Adam(model.parameters(), lr=1e-3) criterion = nn.CrossEntropyLoss() # Logging train_losses = [] train_ac"
outputs\revision_audit\claim_evidence_detailed.csv,90,4.4,0,0,"C44_DI_REAL_1,4.4,fairness,Real-data disparate impact reported as 1.0,1.0,1.0,1,models\classifiers\train_hfagm.py,train_hfagm.py,""rch.long).to(device) # Model config input_dim = contrastive_emb.shape[1] graph_dim = graph_features.shape[1] hidden_dim = 64 num_classes = len(torch.unique(labels)) batch_size = 16 epochs = 20 # Init model model = HFAGM(input_dim, graph_dim, hidden_dim, num_classes).to(device) optimizer = torch.optim.Adam(model.parameters(), lr=1e-3) criterion = nn.CrossEntropyLoss() # Logging train_losses = [] train_accuracies = [] for epoch in range(epochs): model.train() permutation = tor"",False","C44_DI_REAL_1,4.4,fairness,Real-data disparate impact reported as 1.0,1.0,1.0,1,models\classifiers\train_hfagm.py,train_hfagm.py,""), dtype=torch.long).to(device) # Model config input_dim = contrastive_emb.shape[1] graph_dim = graph_features.shape[1] hidden_dim = 64 num_classes = len(torch.unique(labels)) batch_size = 16 epochs = 20 # Init model model = HFAGM(input_dim, graph_dim, hidden_dim, num_classes).to(device) optimizer = torch.optim.Adam(model.parameters(), lr=1e-3) criterion = nn.CrossEntropyLoss() # Logging train_losses = [] train_accuracies = [] for epoch in range(epochs): model.train() permut"",False | C44_DI_REAL_1,4.4,fairness,Real-data disparate impact reported as 1.0,1.0,1.0,1,models\classifiers\train_hfagm.py,train_hfagm.py,""rch.long).to(device) # Model config input_dim = contrastive_emb.shape[1] graph_dim = graph_features.shape[1] hidden_dim = 64 num_classes = len(torch.unique(labels)) batch_size = 16 epochs = 20 # Init model model = HFAGM(input_dim, graph_dim, hidden_dim, num_classes).to(device) optimizer = torch.optim.Adam(model.parameters(), lr=1e-3) criterion = nn.CrossEntropyLoss() # Logging train_losses = [] train_accuracies = [] for epoch in range(epochs): model.train() permutation = tor"",False | C44_DI_REAL_1,4.4,fairness,Real-data disparate impact reported as 1.0,1.0,1.0,1,models\classifiers\train_hfagm.py,train_hfagm.py,""rch.long).to(device) # Model config input_dim = contrastive_emb.shape[1] graph_dim = graph_features.shape[1] hidden_dim = 64 num_classes = len(torch.unique(labels)) batch_size = 16 epochs = 20 # Init model model = HFAGM(input_dim, graph_dim, hidden_dim, num_classes).to(device) optimizer = torch.optim.Adam(model.parameters(), lr=1e-3) criterion = nn.CrossEntropyLoss() # Logging train_losses = [] train_accuracies = [] for epoch in range(epochs): model.train() permutation = tor"",False | C44_DI_REAL_1,4.4,fairness,Real-data disparate impact reported as 1.0,1.0,1.0,1,models\classifiers\train_hfagm.py,train_hfagm.py,""(device) # Model config input_dim = contrastive_emb.shape[1] graph_dim = graph_features.shape[1] hidden_dim = 64 num_classes = len(torch.unique(labels)) batch_size = 16 epochs = 20 # Init model model = HFAGM(input_dim, graph_dim, hidden_dim, num_classes).to(device) optimizer = torch.optim.Adam(model.parameters(), lr=1e-3) criterion = nn.CrossEntropyLoss() # Logging train_losses = [] train_accuracies = [] for epoch in range(epochs): model.train() permutation = torch.randperm("",False | C44_DI_REAL_1,4.4,fairness,Real-data disparate impact reported as 1.0,1.0,1.0,1,models\classifiers\train_hfagm.py,train_hfagm.py,""(device) # Model config input_dim = contrastive_emb.shape[1] graph_dim = graph_features.shape[1] hidden_dim = 64 num_classes = len(torch.unique(labels)) batch_size = 16 epochs = 20 # Init model model = HFAGM(input_dim, graph_dim, hidden_dim, num_classes).to(device) optimizer = torch.optim.Adam(model.parameters(), lr=1e-3) criterion = nn.CrossEntropyLoss() # Logging train_losses = [] train_ac"
outputs\revision_audit\claim_evidence_detailed.csv,90,1.0,0,0,"C44_DI_REAL_1,4.4,fairness,Real-data disparate impact reported as 1.0,1.0,1.0,1,models\classifiers\train_hfagm.py,train_hfagm.py,""rch.long).to(device) # Model config input_dim = contrastive_emb.shape[1] graph_dim = graph_features.shape[1] hidden_dim = 64 num_classes = len(torch.unique(labels)) batch_size = 16 epochs = 20 # Init model model = HFAGM(input_dim, graph_dim, hidden_dim, num_classes).to(device) optimizer = torch.optim.Adam(model.parameters(), lr=1e-3) criterion = nn.CrossEntropyLoss() # Logging train_losses = [] train_accuracies = [] for epoch in range(epochs): model.train() permutation = tor"",False","C44_DI_REAL_1,4.4,fairness,Real-data disparate impact reported as 1.0,1.0,1.0,1,models\classifiers\train_hfagm.py,train_hfagm.py,""), dtype=torch.long).to(device) # Model config input_dim = contrastive_emb.shape[1] graph_dim = graph_features.shape[1] hidden_dim = 64 num_classes = len(torch.unique(labels)) batch_size = 16 epochs = 20 # Init model model = HFAGM(input_dim, graph_dim, hidden_dim, num_classes).to(device) optimizer = torch.optim.Adam(model.parameters(), lr=1e-3) criterion = nn.CrossEntropyLoss() # Logging train_losses = [] train_accuracies = [] for epoch in range(epochs): model.train() permut"",False | C44_DI_REAL_1,4.4,fairness,Real-data disparate impact reported as 1.0,1.0,1.0,1,models\classifiers\train_hfagm.py,train_hfagm.py,""rch.long).to(device) # Model config input_dim = contrastive_emb.shape[1] graph_dim = graph_features.shape[1] hidden_dim = 64 num_classes = len(torch.unique(labels)) batch_size = 16 epochs = 20 # Init model model = HFAGM(input_dim, graph_dim, hidden_dim, num_classes).to(device) optimizer = torch.optim.Adam(model.parameters(), lr=1e-3) criterion = nn.CrossEntropyLoss() # Logging train_losses = [] train_accuracies = [] for epoch in range(epochs): model.train() permutation = tor"",False | C44_DI_REAL_1,4.4,fairness,Real-data disparate impact reported as 1.0,1.0,1.0,1,models\classifiers\train_hfagm.py,train_hfagm.py,""rch.long).to(device) # Model config input_dim = contrastive_emb.shape[1] graph_dim = graph_features.shape[1] hidden_dim = 64 num_classes = len(torch.unique(labels)) batch_size = 16 epochs = 20 # Init model model = HFAGM(input_dim, graph_dim, hidden_dim, num_classes).to(device) optimizer = torch.optim.Adam(model.parameters(), lr=1e-3) criterion = nn.CrossEntropyLoss() # Logging train_losses = [] train_accuracies = [] for epoch in range(epochs): model.train() permutation = tor"",False | C44_DI_REAL_1,4.4,fairness,Real-data disparate impact reported as 1.0,1.0,1.0,1,models\classifiers\train_hfagm.py,train_hfagm.py,""(device) # Model config input_dim = contrastive_emb.shape[1] graph_dim = graph_features.shape[1] hidden_dim = 64 num_classes = len(torch.unique(labels)) batch_size = 16 epochs = 20 # Init model model = HFAGM(input_dim, graph_dim, hidden_dim, num_classes).to(device) optimizer = torch.optim.Adam(model.parameters(), lr=1e-3) criterion = nn.CrossEntropyLoss() # Logging train_losses = [] train_accuracies = [] for epoch in range(epochs): model.train() permutation = torch.randperm("",False | C44_DI_REAL_1,4.4,fairness,Real-data disparate impact reported as 1.0,1.0,1.0,1,models\classifiers\train_hfagm.py,train_hfagm.py,""(device) # Model config input_dim = contrastive_emb.shape[1] graph_dim = graph_features.shape[1] hidden_dim = 64 num_classes = len(torch.unique(labels)) batch_size = 16 epochs = 20 # Init model model = HFAGM(input_dim, graph_dim, hidden_dim, num_classes).to(device) optimizer = torch.optim.Adam(model.parameters(), lr=1e-3) criterion = nn.CrossEntropyLoss() # Logging train_losses = [] train_ac"
outputs\revision_audit\claim_evidence_detailed.csv,90,1.0,0,0,"C44_DI_REAL_1,4.4,fairness,Real-data disparate impact reported as 1.0,1.0,1.0,1,models\classifiers\train_hfagm.py,train_hfagm.py,""rch.long).to(device) # Model config input_dim = contrastive_emb.shape[1] graph_dim = graph_features.shape[1] hidden_dim = 64 num_classes = len(torch.unique(labels)) batch_size = 16 epochs = 20 # Init model model = HFAGM(input_dim, graph_dim, hidden_dim, num_classes).to(device) optimizer = torch.optim.Adam(model.parameters(), lr=1e-3) criterion = nn.CrossEntropyLoss() # Logging train_losses = [] train_accuracies = [] for epoch in range(epochs): model.train() permutation = tor"",False","C44_DI_REAL_1,4.4,fairness,Real-data disparate impact reported as 1.0,1.0,1.0,1,models\classifiers\train_hfagm.py,train_hfagm.py,""), dtype=torch.long).to(device) # Model config input_dim = contrastive_emb.shape[1] graph_dim = graph_features.shape[1] hidden_dim = 64 num_classes = len(torch.unique(labels)) batch_size = 16 epochs = 20 # Init model model = HFAGM(input_dim, graph_dim, hidden_dim, num_classes).to(device) optimizer = torch.optim.Adam(model.parameters(), lr=1e-3) criterion = nn.CrossEntropyLoss() # Logging train_losses = [] train_accuracies = [] for epoch in range(epochs): model.train() permut"",False | C44_DI_REAL_1,4.4,fairness,Real-data disparate impact reported as 1.0,1.0,1.0,1,models\classifiers\train_hfagm.py,train_hfagm.py,""rch.long).to(device) # Model config input_dim = contrastive_emb.shape[1] graph_dim = graph_features.shape[1] hidden_dim = 64 num_classes = len(torch.unique(labels)) batch_size = 16 epochs = 20 # Init model model = HFAGM(input_dim, graph_dim, hidden_dim, num_classes).to(device) optimizer = torch.optim.Adam(model.parameters(), lr=1e-3) criterion = nn.CrossEntropyLoss() # Logging train_losses = [] train_accuracies = [] for epoch in range(epochs): model.train() permutation = tor"",False | C44_DI_REAL_1,4.4,fairness,Real-data disparate impact reported as 1.0,1.0,1.0,1,models\classifiers\train_hfagm.py,train_hfagm.py,""rch.long).to(device) # Model config input_dim = contrastive_emb.shape[1] graph_dim = graph_features.shape[1] hidden_dim = 64 num_classes = len(torch.unique(labels)) batch_size = 16 epochs = 20 # Init model model = HFAGM(input_dim, graph_dim, hidden_dim, num_classes).to(device) optimizer = torch.optim.Adam(model.parameters(), lr=1e-3) criterion = nn.CrossEntropyLoss() # Logging train_losses = [] train_accuracies = [] for epoch in range(epochs): model.train() permutation = tor"",False | C44_DI_REAL_1,4.4,fairness,Real-data disparate impact reported as 1.0,1.0,1.0,1,models\classifiers\train_hfagm.py,train_hfagm.py,""(device) # Model config input_dim = contrastive_emb.shape[1] graph_dim = graph_features.shape[1] hidden_dim = 64 num_classes = len(torch.unique(labels)) batch_size = 16 epochs = 20 # Init model model = HFAGM(input_dim, graph_dim, hidden_dim, num_classes).to(device) optimizer = torch.optim.Adam(model.parameters(), lr=1e-3) criterion = nn.CrossEntropyLoss() # Logging train_losses = [] train_accuracies = [] for epoch in range(epochs): model.train() permutation = torch.randperm("",False | C44_DI_REAL_1,4.4,fairness,Real-data disparate impact reported as 1.0,1.0,1.0,1,models\classifiers\train_hfagm.py,train_hfagm.py,""(device) # Model config input_dim = contrastive_emb.shape[1] graph_dim = graph_features.shape[1] hidden_dim = 64 num_classes = len(torch.unique(labels)) batch_size = 16 epochs = 20 # Init model model = HFAGM(input_dim, graph_dim, hidden_dim, num_classes).to(device) optimizer = torch.optim.Adam(model.parameters(), lr=1e-3) criterion = nn.CrossEntropyLoss() # Logging train_losses = [] train_ac"
outputs\revision_audit\claim_evidence_detailed.csv,90,1.0,0,0,"C44_DI_REAL_1,4.4,fairness,Real-data disparate impact reported as 1.0,1.0,1.0,1,models\classifiers\train_hfagm.py,train_hfagm.py,""rch.long).to(device) # Model config input_dim = contrastive_emb.shape[1] graph_dim = graph_features.shape[1] hidden_dim = 64 num_classes = len(torch.unique(labels)) batch_size = 16 epochs = 20 # Init model model = HFAGM(input_dim, graph_dim, hidden_dim, num_classes).to(device) optimizer = torch.optim.Adam(model.parameters(), lr=1e-3) criterion = nn.CrossEntropyLoss() # Logging train_losses = [] train_accuracies = [] for epoch in range(epochs): model.train() permutation = tor"",False","C44_DI_REAL_1,4.4,fairness,Real-data disparate impact reported as 1.0,1.0,1.0,1,models\classifiers\train_hfagm.py,train_hfagm.py,""), dtype=torch.long).to(device) # Model config input_dim = contrastive_emb.shape[1] graph_dim = graph_features.shape[1] hidden_dim = 64 num_classes = len(torch.unique(labels)) batch_size = 16 epochs = 20 # Init model model = HFAGM(input_dim, graph_dim, hidden_dim, num_classes).to(device) optimizer = torch.optim.Adam(model.parameters(), lr=1e-3) criterion = nn.CrossEntropyLoss() # Logging train_losses = [] train_accuracies = [] for epoch in range(epochs): model.train() permut"",False | C44_DI_REAL_1,4.4,fairness,Real-data disparate impact reported as 1.0,1.0,1.0,1,models\classifiers\train_hfagm.py,train_hfagm.py,""rch.long).to(device) # Model config input_dim = contrastive_emb.shape[1] graph_dim = graph_features.shape[1] hidden_dim = 64 num_classes = len(torch.unique(labels)) batch_size = 16 epochs = 20 # Init model model = HFAGM(input_dim, graph_dim, hidden_dim, num_classes).to(device) optimizer = torch.optim.Adam(model.parameters(), lr=1e-3) criterion = nn.CrossEntropyLoss() # Logging train_losses = [] train_accuracies = [] for epoch in range(epochs): model.train() permutation = tor"",False | C44_DI_REAL_1,4.4,fairness,Real-data disparate impact reported as 1.0,1.0,1.0,1,models\classifiers\train_hfagm.py,train_hfagm.py,""rch.long).to(device) # Model config input_dim = contrastive_emb.shape[1] graph_dim = graph_features.shape[1] hidden_dim = 64 num_classes = len(torch.unique(labels)) batch_size = 16 epochs = 20 # Init model model = HFAGM(input_dim, graph_dim, hidden_dim, num_classes).to(device) optimizer = torch.optim.Adam(model.parameters(), lr=1e-3) criterion = nn.CrossEntropyLoss() # Logging train_losses = [] train_accuracies = [] for epoch in range(epochs): model.train() permutation = tor"",False | C44_DI_REAL_1,4.4,fairness,Real-data disparate impact reported as 1.0,1.0,1.0,1,models\classifiers\train_hfagm.py,train_hfagm.py,""(device) # Model config input_dim = contrastive_emb.shape[1] graph_dim = graph_features.shape[1] hidden_dim = 64 num_classes = len(torch.unique(labels)) batch_size = 16 epochs = 20 # Init model model = HFAGM(input_dim, graph_dim, hidden_dim, num_classes).to(device) optimizer = torch.optim.Adam(model.parameters(), lr=1e-3) criterion = nn.CrossEntropyLoss() # Logging train_losses = [] train_accuracies = [] for epoch in range(epochs): model.train() permutation = torch.randperm("",False | C44_DI_REAL_1,4.4,fairness,Real-data disparate impact reported as 1.0,1.0,1.0,1,models\classifiers\train_hfagm.py,train_hfagm.py,""(device) # Model config input_dim = contrastive_emb.shape[1] graph_dim = graph_features.shape[1] hidden_dim = 64 num_classes = len(torch.unique(labels)) batch_size = 16 epochs = 20 # Init model model = HFAGM(input_dim, graph_dim, hidden_dim, num_classes).to(device) optimizer = torch.optim.Adam(model.parameters(), lr=1e-3) criterion = nn.CrossEntropyLoss() # Logging train_losses = [] train_ac"
outputs\revision_audit\claim_evidence_detailed.csv,90,1.0,0,0,"C44_DI_REAL_1,4.4,fairness,Real-data disparate impact reported as 1.0,1.0,1.0,1,models\classifiers\train_hfagm.py,train_hfagm.py,""rch.long).to(device) # Model config input_dim = contrastive_emb.shape[1] graph_dim = graph_features.shape[1] hidden_dim = 64 num_classes = len(torch.unique(labels)) batch_size = 16 epochs = 20 # Init model model = HFAGM(input_dim, graph_dim, hidden_dim, num_classes).to(device) optimizer = torch.optim.Adam(model.parameters(), lr=1e-3) criterion = nn.CrossEntropyLoss() # Logging train_losses = [] train_accuracies = [] for epoch in range(epochs): model.train() permutation = tor"",False","C44_DI_REAL_1,4.4,fairness,Real-data disparate impact reported as 1.0,1.0,1.0,1,models\classifiers\train_hfagm.py,train_hfagm.py,""), dtype=torch.long).to(device) # Model config input_dim = contrastive_emb.shape[1] graph_dim = graph_features.shape[1] hidden_dim = 64 num_classes = len(torch.unique(labels)) batch_size = 16 epochs = 20 # Init model model = HFAGM(input_dim, graph_dim, hidden_dim, num_classes).to(device) optimizer = torch.optim.Adam(model.parameters(), lr=1e-3) criterion = nn.CrossEntropyLoss() # Logging train_losses = [] train_accuracies = [] for epoch in range(epochs): model.train() permut"",False | C44_DI_REAL_1,4.4,fairness,Real-data disparate impact reported as 1.0,1.0,1.0,1,models\classifiers\train_hfagm.py,train_hfagm.py,""rch.long).to(device) # Model config input_dim = contrastive_emb.shape[1] graph_dim = graph_features.shape[1] hidden_dim = 64 num_classes = len(torch.unique(labels)) batch_size = 16 epochs = 20 # Init model model = HFAGM(input_dim, graph_dim, hidden_dim, num_classes).to(device) optimizer = torch.optim.Adam(model.parameters(), lr=1e-3) criterion = nn.CrossEntropyLoss() # Logging train_losses = [] train_accuracies = [] for epoch in range(epochs): model.train() permutation = tor"",False | C44_DI_REAL_1,4.4,fairness,Real-data disparate impact reported as 1.0,1.0,1.0,1,models\classifiers\train_hfagm.py,train_hfagm.py,""rch.long).to(device) # Model config input_dim = contrastive_emb.shape[1] graph_dim = graph_features.shape[1] hidden_dim = 64 num_classes = len(torch.unique(labels)) batch_size = 16 epochs = 20 # Init model model = HFAGM(input_dim, graph_dim, hidden_dim, num_classes).to(device) optimizer = torch.optim.Adam(model.parameters(), lr=1e-3) criterion = nn.CrossEntropyLoss() # Logging train_losses = [] train_accuracies = [] for epoch in range(epochs): model.train() permutation = tor"",False | C44_DI_REAL_1,4.4,fairness,Real-data disparate impact reported as 1.0,1.0,1.0,1,models\classifiers\train_hfagm.py,train_hfagm.py,""(device) # Model config input_dim = contrastive_emb.shape[1] graph_dim = graph_features.shape[1] hidden_dim = 64 num_classes = len(torch.unique(labels)) batch_size = 16 epochs = 20 # Init model model = HFAGM(input_dim, graph_dim, hidden_dim, num_classes).to(device) optimizer = torch.optim.Adam(model.parameters(), lr=1e-3) criterion = nn.CrossEntropyLoss() # Logging train_losses = [] train_accuracies = [] for epoch in range(epochs): model.train() permutation = torch.randperm("",False | C44_DI_REAL_1,4.4,fairness,Real-data disparate impact reported as 1.0,1.0,1.0,1,models\classifiers\train_hfagm.py,train_hfagm.py,""(device) # Model config input_dim = contrastive_emb.shape[1] graph_dim = graph_features.shape[1] hidden_dim = 64 num_classes = len(torch.unique(labels)) batch_size = 16 epochs = 20 # Init model model = HFAGM(input_dim, graph_dim, hidden_dim, num_classes).to(device) optimizer = torch.optim.Adam(model.parameters(), lr=1e-3) criterion = nn.CrossEntropyLoss() # Logging train_losses = [] train_ac"
outputs\revision_audit\claim_evidence_detailed.csv,90,1.0,0,0,"C44_DI_REAL_1,4.4,fairness,Real-data disparate impact reported as 1.0,1.0,1.0,1,models\classifiers\train_hfagm.py,train_hfagm.py,""rch.long).to(device) # Model config input_dim = contrastive_emb.shape[1] graph_dim = graph_features.shape[1] hidden_dim = 64 num_classes = len(torch.unique(labels)) batch_size = 16 epochs = 20 # Init model model = HFAGM(input_dim, graph_dim, hidden_dim, num_classes).to(device) optimizer = torch.optim.Adam(model.parameters(), lr=1e-3) criterion = nn.CrossEntropyLoss() # Logging train_losses = [] train_accuracies = [] for epoch in range(epochs): model.train() permutation = tor"",False","C44_DI_REAL_1,4.4,fairness,Real-data disparate impact reported as 1.0,1.0,1.0,1,models\classifiers\train_hfagm.py,train_hfagm.py,""), dtype=torch.long).to(device) # Model config input_dim = contrastive_emb.shape[1] graph_dim = graph_features.shape[1] hidden_dim = 64 num_classes = len(torch.unique(labels)) batch_size = 16 epochs = 20 # Init model model = HFAGM(input_dim, graph_dim, hidden_dim, num_classes).to(device) optimizer = torch.optim.Adam(model.parameters(), lr=1e-3) criterion = nn.CrossEntropyLoss() # Logging train_losses = [] train_accuracies = [] for epoch in range(epochs): model.train() permut"",False | C44_DI_REAL_1,4.4,fairness,Real-data disparate impact reported as 1.0,1.0,1.0,1,models\classifiers\train_hfagm.py,train_hfagm.py,""rch.long).to(device) # Model config input_dim = contrastive_emb.shape[1] graph_dim = graph_features.shape[1] hidden_dim = 64 num_classes = len(torch.unique(labels)) batch_size = 16 epochs = 20 # Init model model = HFAGM(input_dim, graph_dim, hidden_dim, num_classes).to(device) optimizer = torch.optim.Adam(model.parameters(), lr=1e-3) criterion = nn.CrossEntropyLoss() # Logging train_losses = [] train_accuracies = [] for epoch in range(epochs): model.train() permutation = tor"",False | C44_DI_REAL_1,4.4,fairness,Real-data disparate impact reported as 1.0,1.0,1.0,1,models\classifiers\train_hfagm.py,train_hfagm.py,""rch.long).to(device) # Model config input_dim = contrastive_emb.shape[1] graph_dim = graph_features.shape[1] hidden_dim = 64 num_classes = len(torch.unique(labels)) batch_size = 16 epochs = 20 # Init model model = HFAGM(input_dim, graph_dim, hidden_dim, num_classes).to(device) optimizer = torch.optim.Adam(model.parameters(), lr=1e-3) criterion = nn.CrossEntropyLoss() # Logging train_losses = [] train_accuracies = [] for epoch in range(epochs): model.train() permutation = tor"",False | C44_DI_REAL_1,4.4,fairness,Real-data disparate impact reported as 1.0,1.0,1.0,1,models\classifiers\train_hfagm.py,train_hfagm.py,""(device) # Model config input_dim = contrastive_emb.shape[1] graph_dim = graph_features.shape[1] hidden_dim = 64 num_classes = len(torch.unique(labels)) batch_size = 16 epochs = 20 # Init model model = HFAGM(input_dim, graph_dim, hidden_dim, num_classes).to(device) optimizer = torch.optim.Adam(model.parameters(), lr=1e-3) criterion = nn.CrossEntropyLoss() # Logging train_losses = [] train_accuracies = [] for epoch in range(epochs): model.train() permutation = torch.randperm("",False | C44_DI_REAL_1,4.4,fairness,Real-data disparate impact reported as 1.0,1.0,1.0,1,models\classifiers\train_hfagm.py,train_hfagm.py,""(device) # Model config input_dim = contrastive_emb.shape[1] graph_dim = graph_features.shape[1] hidden_dim = 64 num_classes = len(torch.unique(labels)) batch_size = 16 epochs = 20 # Init model model = HFAGM(input_dim, graph_dim, hidden_dim, num_classes).to(device) optimizer = torch.optim.Adam(model.parameters(), lr=1e-3) criterion = nn.CrossEntropyLoss() # Logging train_losses = [] train_ac"
outputs\revision_audit\claim_evidence_detailed.csv,90,1.0,0,0,"C44_DI_REAL_1,4.4,fairness,Real-data disparate impact reported as 1.0,1.0,1.0,1,models\classifiers\train_hfagm.py,train_hfagm.py,""rch.long).to(device) # Model config input_dim = contrastive_emb.shape[1] graph_dim = graph_features.shape[1] hidden_dim = 64 num_classes = len(torch.unique(labels)) batch_size = 16 epochs = 20 # Init model model = HFAGM(input_dim, graph_dim, hidden_dim, num_classes).to(device) optimizer = torch.optim.Adam(model.parameters(), lr=1e-3) criterion = nn.CrossEntropyLoss() # Logging train_losses = [] train_accuracies = [] for epoch in range(epochs): model.train() permutation = tor"",False","C44_DI_REAL_1,4.4,fairness,Real-data disparate impact reported as 1.0,1.0,1.0,1,models\classifiers\train_hfagm.py,train_hfagm.py,""), dtype=torch.long).to(device) # Model config input_dim = contrastive_emb.shape[1] graph_dim = graph_features.shape[1] hidden_dim = 64 num_classes = len(torch.unique(labels)) batch_size = 16 epochs = 20 # Init model model = HFAGM(input_dim, graph_dim, hidden_dim, num_classes).to(device) optimizer = torch.optim.Adam(model.parameters(), lr=1e-3) criterion = nn.CrossEntropyLoss() # Logging train_losses = [] train_accuracies = [] for epoch in range(epochs): model.train() permut"",False | C44_DI_REAL_1,4.4,fairness,Real-data disparate impact reported as 1.0,1.0,1.0,1,models\classifiers\train_hfagm.py,train_hfagm.py,""rch.long).to(device) # Model config input_dim = contrastive_emb.shape[1] graph_dim = graph_features.shape[1] hidden_dim = 64 num_classes = len(torch.unique(labels)) batch_size = 16 epochs = 20 # Init model model = HFAGM(input_dim, graph_dim, hidden_dim, num_classes).to(device) optimizer = torch.optim.Adam(model.parameters(), lr=1e-3) criterion = nn.CrossEntropyLoss() # Logging train_losses = [] train_accuracies = [] for epoch in range(epochs): model.train() permutation = tor"",False | C44_DI_REAL_1,4.4,fairness,Real-data disparate impact reported as 1.0,1.0,1.0,1,models\classifiers\train_hfagm.py,train_hfagm.py,""rch.long).to(device) # Model config input_dim = contrastive_emb.shape[1] graph_dim = graph_features.shape[1] hidden_dim = 64 num_classes = len(torch.unique(labels)) batch_size = 16 epochs = 20 # Init model model = HFAGM(input_dim, graph_dim, hidden_dim, num_classes).to(device) optimizer = torch.optim.Adam(model.parameters(), lr=1e-3) criterion = nn.CrossEntropyLoss() # Logging train_losses = [] train_accuracies = [] for epoch in range(epochs): model.train() permutation = tor"",False | C44_DI_REAL_1,4.4,fairness,Real-data disparate impact reported as 1.0,1.0,1.0,1,models\classifiers\train_hfagm.py,train_hfagm.py,""(device) # Model config input_dim = contrastive_emb.shape[1] graph_dim = graph_features.shape[1] hidden_dim = 64 num_classes = len(torch.unique(labels)) batch_size = 16 epochs = 20 # Init model model = HFAGM(input_dim, graph_dim, hidden_dim, num_classes).to(device) optimizer = torch.optim.Adam(model.parameters(), lr=1e-3) criterion = nn.CrossEntropyLoss() # Logging train_losses = [] train_accuracies = [] for epoch in range(epochs): model.train() permutation = torch.randperm("",False | C44_DI_REAL_1,4.4,fairness,Real-data disparate impact reported as 1.0,1.0,1.0,1,models\classifiers\train_hfagm.py,train_hfagm.py,""(device) # Model config input_dim = contrastive_emb.shape[1] graph_dim = graph_features.shape[1] hidden_dim = 64 num_classes = len(torch.unique(labels)) batch_size = 16 epochs = 20 # Init model model = HFAGM(input_dim, graph_dim, hidden_dim, num_classes).to(device) optimizer = torch.optim.Adam(model.parameters(), lr=1e-3) criterion = nn.CrossEntropyLoss() # Logging train_losses = [] train_ac"
outputs\revision_audit\claim_evidence_detailed.csv,90,64.0,0,0,"C44_DI_REAL_1,4.4,fairness,Real-data disparate impact reported as 1.0,1.0,1.0,1,models\classifiers\train_hfagm.py,train_hfagm.py,""rch.long).to(device) # Model config input_dim = contrastive_emb.shape[1] graph_dim = graph_features.shape[1] hidden_dim = 64 num_classes = len(torch.unique(labels)) batch_size = 16 epochs = 20 # Init model model = HFAGM(input_dim, graph_dim, hidden_dim, num_classes).to(device) optimizer = torch.optim.Adam(model.parameters(), lr=1e-3) criterion = nn.CrossEntropyLoss() # Logging train_losses = [] train_accuracies = [] for epoch in range(epochs): model.train() permutation = tor"",False","C44_DI_REAL_1,4.4,fairness,Real-data disparate impact reported as 1.0,1.0,1.0,1,models\classifiers\train_hfagm.py,train_hfagm.py,""), dtype=torch.long).to(device) # Model config input_dim = contrastive_emb.shape[1] graph_dim = graph_features.shape[1] hidden_dim = 64 num_classes = len(torch.unique(labels)) batch_size = 16 epochs = 20 # Init model model = HFAGM(input_dim, graph_dim, hidden_dim, num_classes).to(device) optimizer = torch.optim.Adam(model.parameters(), lr=1e-3) criterion = nn.CrossEntropyLoss() # Logging train_losses = [] train_accuracies = [] for epoch in range(epochs): model.train() permut"",False | C44_DI_REAL_1,4.4,fairness,Real-data disparate impact reported as 1.0,1.0,1.0,1,models\classifiers\train_hfagm.py,train_hfagm.py,""rch.long).to(device) # Model config input_dim = contrastive_emb.shape[1] graph_dim = graph_features.shape[1] hidden_dim = 64 num_classes = len(torch.unique(labels)) batch_size = 16 epochs = 20 # Init model model = HFAGM(input_dim, graph_dim, hidden_dim, num_classes).to(device) optimizer = torch.optim.Adam(model.parameters(), lr=1e-3) criterion = nn.CrossEntropyLoss() # Logging train_losses = [] train_accuracies = [] for epoch in range(epochs): model.train() permutation = tor"",False | C44_DI_REAL_1,4.4,fairness,Real-data disparate impact reported as 1.0,1.0,1.0,1,models\classifiers\train_hfagm.py,train_hfagm.py,""rch.long).to(device) # Model config input_dim = contrastive_emb.shape[1] graph_dim = graph_features.shape[1] hidden_dim = 64 num_classes = len(torch.unique(labels)) batch_size = 16 epochs = 20 # Init model model = HFAGM(input_dim, graph_dim, hidden_dim, num_classes).to(device) optimizer = torch.optim.Adam(model.parameters(), lr=1e-3) criterion = nn.CrossEntropyLoss() # Logging train_losses = [] train_accuracies = [] for epoch in range(epochs): model.train() permutation = tor"",False | C44_DI_REAL_1,4.4,fairness,Real-data disparate impact reported as 1.0,1.0,1.0,1,models\classifiers\train_hfagm.py,train_hfagm.py,""(device) # Model config input_dim = contrastive_emb.shape[1] graph_dim = graph_features.shape[1] hidden_dim = 64 num_classes = len(torch.unique(labels)) batch_size = 16 epochs = 20 # Init model model = HFAGM(input_dim, graph_dim, hidden_dim, num_classes).to(device) optimizer = torch.optim.Adam(model.parameters(), lr=1e-3) criterion = nn.CrossEntropyLoss() # Logging train_losses = [] train_accuracies = [] for epoch in range(epochs): model.train() permutation = torch.randperm("",False | C44_DI_REAL_1,4.4,fairness,Real-data disparate impact reported as 1.0,1.0,1.0,1,models\classifiers\train_hfagm.py,train_hfagm.py,""(device) # Model config input_dim = contrastive_emb.shape[1] graph_dim = graph_features.shape[1] hidden_dim = 64 num_classes = len(torch.unique(labels)) batch_size = 16 epochs = 20 # Init model model = HFAGM(input_dim, graph_dim, hidden_dim, num_classes).to(device) optimizer = torch.optim.Adam(model.parameters(), lr=1e-3) criterion = nn.CrossEntropyLoss() # Logging train_losses = [] train_ac"
outputs\revision_audit\claim_evidence_detailed.csv,90,16.0,0,0,"C44_DI_REAL_1,4.4,fairness,Real-data disparate impact reported as 1.0,1.0,1.0,1,models\classifiers\train_hfagm.py,train_hfagm.py,""rch.long).to(device) # Model config input_dim = contrastive_emb.shape[1] graph_dim = graph_features.shape[1] hidden_dim = 64 num_classes = len(torch.unique(labels)) batch_size = 16 epochs = 20 # Init model model = HFAGM(input_dim, graph_dim, hidden_dim, num_classes).to(device) optimizer = torch.optim.Adam(model.parameters(), lr=1e-3) criterion = nn.CrossEntropyLoss() # Logging train_losses = [] train_accuracies = [] for epoch in range(epochs): model.train() permutation = tor"",False","C44_DI_REAL_1,4.4,fairness,Real-data disparate impact reported as 1.0,1.0,1.0,1,models\classifiers\train_hfagm.py,train_hfagm.py,""), dtype=torch.long).to(device) # Model config input_dim = contrastive_emb.shape[1] graph_dim = graph_features.shape[1] hidden_dim = 64 num_classes = len(torch.unique(labels)) batch_size = 16 epochs = 20 # Init model model = HFAGM(input_dim, graph_dim, hidden_dim, num_classes).to(device) optimizer = torch.optim.Adam(model.parameters(), lr=1e-3) criterion = nn.CrossEntropyLoss() # Logging train_losses = [] train_accuracies = [] for epoch in range(epochs): model.train() permut"",False | C44_DI_REAL_1,4.4,fairness,Real-data disparate impact reported as 1.0,1.0,1.0,1,models\classifiers\train_hfagm.py,train_hfagm.py,""rch.long).to(device) # Model config input_dim = contrastive_emb.shape[1] graph_dim = graph_features.shape[1] hidden_dim = 64 num_classes = len(torch.unique(labels)) batch_size = 16 epochs = 20 # Init model model = HFAGM(input_dim, graph_dim, hidden_dim, num_classes).to(device) optimizer = torch.optim.Adam(model.parameters(), lr=1e-3) criterion = nn.CrossEntropyLoss() # Logging train_losses = [] train_accuracies = [] for epoch in range(epochs): model.train() permutation = tor"",False | C44_DI_REAL_1,4.4,fairness,Real-data disparate impact reported as 1.0,1.0,1.0,1,models\classifiers\train_hfagm.py,train_hfagm.py,""rch.long).to(device) # Model config input_dim = contrastive_emb.shape[1] graph_dim = graph_features.shape[1] hidden_dim = 64 num_classes = len(torch.unique(labels)) batch_size = 16 epochs = 20 # Init model model = HFAGM(input_dim, graph_dim, hidden_dim, num_classes).to(device) optimizer = torch.optim.Adam(model.parameters(), lr=1e-3) criterion = nn.CrossEntropyLoss() # Logging train_losses = [] train_accuracies = [] for epoch in range(epochs): model.train() permutation = tor"",False | C44_DI_REAL_1,4.4,fairness,Real-data disparate impact reported as 1.0,1.0,1.0,1,models\classifiers\train_hfagm.py,train_hfagm.py,""(device) # Model config input_dim = contrastive_emb.shape[1] graph_dim = graph_features.shape[1] hidden_dim = 64 num_classes = len(torch.unique(labels)) batch_size = 16 epochs = 20 # Init model model = HFAGM(input_dim, graph_dim, hidden_dim, num_classes).to(device) optimizer = torch.optim.Adam(model.parameters(), lr=1e-3) criterion = nn.CrossEntropyLoss() # Logging train_losses = [] train_accuracies = [] for epoch in range(epochs): model.train() permutation = torch.randperm("",False | C44_DI_REAL_1,4.4,fairness,Real-data disparate impact reported as 1.0,1.0,1.0,1,models\classifiers\train_hfagm.py,train_hfagm.py,""(device) # Model config input_dim = contrastive_emb.shape[1] graph_dim = graph_features.shape[1] hidden_dim = 64 num_classes = len(torch.unique(labels)) batch_size = 16 epochs = 20 # Init model model = HFAGM(input_dim, graph_dim, hidden_dim, num_classes).to(device) optimizer = torch.optim.Adam(model.parameters(), lr=1e-3) criterion = nn.CrossEntropyLoss() # Logging train_losses = [] train_ac"
outputs\revision_audit\claim_evidence_detailed.csv,90,20.0,0,0,"C44_DI_REAL_1,4.4,fairness,Real-data disparate impact reported as 1.0,1.0,1.0,1,models\classifiers\train_hfagm.py,train_hfagm.py,""rch.long).to(device) # Model config input_dim = contrastive_emb.shape[1] graph_dim = graph_features.shape[1] hidden_dim = 64 num_classes = len(torch.unique(labels)) batch_size = 16 epochs = 20 # Init model model = HFAGM(input_dim, graph_dim, hidden_dim, num_classes).to(device) optimizer = torch.optim.Adam(model.parameters(), lr=1e-3) criterion = nn.CrossEntropyLoss() # Logging train_losses = [] train_accuracies = [] for epoch in range(epochs): model.train() permutation = tor"",False","C44_DI_REAL_1,4.4,fairness,Real-data disparate impact reported as 1.0,1.0,1.0,1,models\classifiers\train_hfagm.py,train_hfagm.py,""), dtype=torch.long).to(device) # Model config input_dim = contrastive_emb.shape[1] graph_dim = graph_features.shape[1] hidden_dim = 64 num_classes = len(torch.unique(labels)) batch_size = 16 epochs = 20 # Init model model = HFAGM(input_dim, graph_dim, hidden_dim, num_classes).to(device) optimizer = torch.optim.Adam(model.parameters(), lr=1e-3) criterion = nn.CrossEntropyLoss() # Logging train_losses = [] train_accuracies = [] for epoch in range(epochs): model.train() permut"",False | C44_DI_REAL_1,4.4,fairness,Real-data disparate impact reported as 1.0,1.0,1.0,1,models\classifiers\train_hfagm.py,train_hfagm.py,""rch.long).to(device) # Model config input_dim = contrastive_emb.shape[1] graph_dim = graph_features.shape[1] hidden_dim = 64 num_classes = len(torch.unique(labels)) batch_size = 16 epochs = 20 # Init model model = HFAGM(input_dim, graph_dim, hidden_dim, num_classes).to(device) optimizer = torch.optim.Adam(model.parameters(), lr=1e-3) criterion = nn.CrossEntropyLoss() # Logging train_losses = [] train_accuracies = [] for epoch in range(epochs): model.train() permutation = tor"",False | C44_DI_REAL_1,4.4,fairness,Real-data disparate impact reported as 1.0,1.0,1.0,1,models\classifiers\train_hfagm.py,train_hfagm.py,""rch.long).to(device) # Model config input_dim = contrastive_emb.shape[1] graph_dim = graph_features.shape[1] hidden_dim = 64 num_classes = len(torch.unique(labels)) batch_size = 16 epochs = 20 # Init model model = HFAGM(input_dim, graph_dim, hidden_dim, num_classes).to(device) optimizer = torch.optim.Adam(model.parameters(), lr=1e-3) criterion = nn.CrossEntropyLoss() # Logging train_losses = [] train_accuracies = [] for epoch in range(epochs): model.train() permutation = tor"",False | C44_DI_REAL_1,4.4,fairness,Real-data disparate impact reported as 1.0,1.0,1.0,1,models\classifiers\train_hfagm.py,train_hfagm.py,""(device) # Model config input_dim = contrastive_emb.shape[1] graph_dim = graph_features.shape[1] hidden_dim = 64 num_classes = len(torch.unique(labels)) batch_size = 16 epochs = 20 # Init model model = HFAGM(input_dim, graph_dim, hidden_dim, num_classes).to(device) optimizer = torch.optim.Adam(model.parameters(), lr=1e-3) criterion = nn.CrossEntropyLoss() # Logging train_losses = [] train_accuracies = [] for epoch in range(epochs): model.train() permutation = torch.randperm("",False | C44_DI_REAL_1,4.4,fairness,Real-data disparate impact reported as 1.0,1.0,1.0,1,models\classifiers\train_hfagm.py,train_hfagm.py,""(device) # Model config input_dim = contrastive_emb.shape[1] graph_dim = graph_features.shape[1] hidden_dim = 64 num_classes = len(torch.unique(labels)) batch_size = 16 epochs = 20 # Init model model = HFAGM(input_dim, graph_dim, hidden_dim, num_classes).to(device) optimizer = torch.optim.Adam(model.parameters(), lr=1e-3) criterion = nn.CrossEntropyLoss() # Logging train_losses = [] train_ac"
outputs\revision_audit\claim_evidence_detailed.csv,91,4.4,0,0,"C44_DI_REAL_1,4.4,fairness,Real-data disparate impact reported as 1.0,1.0,1.0,1,models\classifiers\train_hfagm.py,train_hfagm.py,""(device) # Model config input_dim = contrastive_emb.shape[1] graph_dim = graph_features.shape[1] hidden_dim = 64 num_classes = len(torch.unique(labels)) batch_size = 16 epochs = 20 # Init model model = HFAGM(input_dim, graph_dim, hidden_dim, num_classes).to(device) optimizer = torch.optim.Adam(model.parameters(), lr=1e-3) criterion = nn.CrossEntropyLoss() # Logging train_losses = [] train_accuracies = [] for epoch in range(epochs): model.train() permutation = torch.randperm("",False","C44_DI_REAL_1,4.4,fairness,Real-data disparate impact reported as 1.0,1.0,1.0,1,models\classifiers\train_hfagm.py,train_hfagm.py,""rch.long).to(device) # Model config input_dim = contrastive_emb.shape[1] graph_dim = graph_features.shape[1] hidden_dim = 64 num_classes = len(torch.unique(labels)) batch_size = 16 epochs = 20 # Init model model = HFAGM(input_dim, graph_dim, hidden_dim, num_classes).to(device) optimizer = torch.optim.Adam(model.parameters(), lr=1e-3) criterion = nn.CrossEntropyLoss() # Logging train_losses = [] train_accuracies = [] for epoch in range(epochs): model.train() permutation = tor"",False | C44_DI_REAL_1,4.4,fairness,Real-data disparate impact reported as 1.0,1.0,1.0,1,models\classifiers\train_hfagm.py,train_hfagm.py,""rch.long).to(device) # Model config input_dim = contrastive_emb.shape[1] graph_dim = graph_features.shape[1] hidden_dim = 64 num_classes = len(torch.unique(labels)) batch_size = 16 epochs = 20 # Init model model = HFAGM(input_dim, graph_dim, hidden_dim, num_classes).to(device) optimizer = torch.optim.Adam(model.parameters(), lr=1e-3) criterion = nn.CrossEntropyLoss() # Logging train_losses = [] train_accuracies = [] for epoch in range(epochs): model.train() permutation = tor"",False | C44_DI_REAL_1,4.4,fairness,Real-data disparate impact reported as 1.0,1.0,1.0,1,models\classifiers\train_hfagm.py,train_hfagm.py,""(device) # Model config input_dim = contrastive_emb.shape[1] graph_dim = graph_features.shape[1] hidden_dim = 64 num_classes = len(torch.unique(labels)) batch_size = 16 epochs = 20 # Init model model = HFAGM(input_dim, graph_dim, hidden_dim, num_classes).to(device) optimizer = torch.optim.Adam(model.parameters(), lr=1e-3) criterion = nn.CrossEntropyLoss() # Logging train_losses = [] train_accuracies = [] for epoch in range(epochs): model.train() permutation = torch.randperm("",False | C44_DI_REAL_1,4.4,fairness,Real-data disparate impact reported as 1.0,1.0,1.0,1,models\classifiers\train_hfagm.py,train_hfagm.py,""(device) # Model config input_dim = contrastive_emb.shape[1] graph_dim = graph_features.shape[1] hidden_dim = 64 num_classes = len(torch.unique(labels)) batch_size = 16 epochs = 20 # Init model model = HFAGM(input_dim, graph_dim, hidden_dim, num_classes).to(device) optimizer = torch.optim.Adam(model.parameters(), lr=1e-3) criterion = nn.CrossEntropyLoss() # Logging train_losses = [] train_accuracies = [] for epoch in range(epochs): model.train() permutation = torch.randperm("",False | C44_DI_REAL_1,4.4,fairness,Real-data disparate impact reported as 1.0,1.0,1.0,1,models\classifiers\train_hfagm.py,train_hfagm.py,""get = labels[indices] outputs, attn = model(x_attr, x_graph, adj_sub) loss = criterion(outputs, target) optimizer.zero_grad() loss.backward() optimizer.step() epoch_loss += loss.item() _, predicted = torch.max(outputs, 1) epoch_preds.extend(predicted.cpu().numpy()) epoch_targets.extend(target.cpu().numpy()) acc = accuracy_score(epoch_targets, epoch_preds) train_losses.append(epoch_loss) trai"
outputs\revision_audit\claim_evidence_detailed.csv,91,1.0,0,0,"C44_DI_REAL_1,4.4,fairness,Real-data disparate impact reported as 1.0,1.0,1.0,1,models\classifiers\train_hfagm.py,train_hfagm.py,""(device) # Model config input_dim = contrastive_emb.shape[1] graph_dim = graph_features.shape[1] hidden_dim = 64 num_classes = len(torch.unique(labels)) batch_size = 16 epochs = 20 # Init model model = HFAGM(input_dim, graph_dim, hidden_dim, num_classes).to(device) optimizer = torch.optim.Adam(model.parameters(), lr=1e-3) criterion = nn.CrossEntropyLoss() # Logging train_losses = [] train_accuracies = [] for epoch in range(epochs): model.train() permutation = torch.randperm("",False","C44_DI_REAL_1,4.4,fairness,Real-data disparate impact reported as 1.0,1.0,1.0,1,models\classifiers\train_hfagm.py,train_hfagm.py,""rch.long).to(device) # Model config input_dim = contrastive_emb.shape[1] graph_dim = graph_features.shape[1] hidden_dim = 64 num_classes = len(torch.unique(labels)) batch_size = 16 epochs = 20 # Init model model = HFAGM(input_dim, graph_dim, hidden_dim, num_classes).to(device) optimizer = torch.optim.Adam(model.parameters(), lr=1e-3) criterion = nn.CrossEntropyLoss() # Logging train_losses = [] train_accuracies = [] for epoch in range(epochs): model.train() permutation = tor"",False | C44_DI_REAL_1,4.4,fairness,Real-data disparate impact reported as 1.0,1.0,1.0,1,models\classifiers\train_hfagm.py,train_hfagm.py,""rch.long).to(device) # Model config input_dim = contrastive_emb.shape[1] graph_dim = graph_features.shape[1] hidden_dim = 64 num_classes = len(torch.unique(labels)) batch_size = 16 epochs = 20 # Init model model = HFAGM(input_dim, graph_dim, hidden_dim, num_classes).to(device) optimizer = torch.optim.Adam(model.parameters(), lr=1e-3) criterion = nn.CrossEntropyLoss() # Logging train_losses = [] train_accuracies = [] for epoch in range(epochs): model.train() permutation = tor"",False | C44_DI_REAL_1,4.4,fairness,Real-data disparate impact reported as 1.0,1.0,1.0,1,models\classifiers\train_hfagm.py,train_hfagm.py,""(device) # Model config input_dim = contrastive_emb.shape[1] graph_dim = graph_features.shape[1] hidden_dim = 64 num_classes = len(torch.unique(labels)) batch_size = 16 epochs = 20 # Init model model = HFAGM(input_dim, graph_dim, hidden_dim, num_classes).to(device) optimizer = torch.optim.Adam(model.parameters(), lr=1e-3) criterion = nn.CrossEntropyLoss() # Logging train_losses = [] train_accuracies = [] for epoch in range(epochs): model.train() permutation = torch.randperm("",False | C44_DI_REAL_1,4.4,fairness,Real-data disparate impact reported as 1.0,1.0,1.0,1,models\classifiers\train_hfagm.py,train_hfagm.py,""(device) # Model config input_dim = contrastive_emb.shape[1] graph_dim = graph_features.shape[1] hidden_dim = 64 num_classes = len(torch.unique(labels)) batch_size = 16 epochs = 20 # Init model model = HFAGM(input_dim, graph_dim, hidden_dim, num_classes).to(device) optimizer = torch.optim.Adam(model.parameters(), lr=1e-3) criterion = nn.CrossEntropyLoss() # Logging train_losses = [] train_accuracies = [] for epoch in range(epochs): model.train() permutation = torch.randperm("",False | C44_DI_REAL_1,4.4,fairness,Real-data disparate impact reported as 1.0,1.0,1.0,1,models\classifiers\train_hfagm.py,train_hfagm.py,""get = labels[indices] outputs, attn = model(x_attr, x_graph, adj_sub) loss = criterion(outputs, target) optimizer.zero_grad() loss.backward() optimizer.step() epoch_loss += loss.item() _, predicted = torch.max(outputs, 1) epoch_preds.extend(predicted.cpu().numpy()) epoch_targets.extend(target.cpu().numpy()) acc = accuracy_score(epoch_targets, epoch_preds) train_losses.append(epoch_loss) trai"
outputs\revision_audit\claim_evidence_detailed.csv,91,1.0,0,0,"C44_DI_REAL_1,4.4,fairness,Real-data disparate impact reported as 1.0,1.0,1.0,1,models\classifiers\train_hfagm.py,train_hfagm.py,""(device) # Model config input_dim = contrastive_emb.shape[1] graph_dim = graph_features.shape[1] hidden_dim = 64 num_classes = len(torch.unique(labels)) batch_size = 16 epochs = 20 # Init model model = HFAGM(input_dim, graph_dim, hidden_dim, num_classes).to(device) optimizer = torch.optim.Adam(model.parameters(), lr=1e-3) criterion = nn.CrossEntropyLoss() # Logging train_losses = [] train_accuracies = [] for epoch in range(epochs): model.train() permutation = torch.randperm("",False","C44_DI_REAL_1,4.4,fairness,Real-data disparate impact reported as 1.0,1.0,1.0,1,models\classifiers\train_hfagm.py,train_hfagm.py,""rch.long).to(device) # Model config input_dim = contrastive_emb.shape[1] graph_dim = graph_features.shape[1] hidden_dim = 64 num_classes = len(torch.unique(labels)) batch_size = 16 epochs = 20 # Init model model = HFAGM(input_dim, graph_dim, hidden_dim, num_classes).to(device) optimizer = torch.optim.Adam(model.parameters(), lr=1e-3) criterion = nn.CrossEntropyLoss() # Logging train_losses = [] train_accuracies = [] for epoch in range(epochs): model.train() permutation = tor"",False | C44_DI_REAL_1,4.4,fairness,Real-data disparate impact reported as 1.0,1.0,1.0,1,models\classifiers\train_hfagm.py,train_hfagm.py,""rch.long).to(device) # Model config input_dim = contrastive_emb.shape[1] graph_dim = graph_features.shape[1] hidden_dim = 64 num_classes = len(torch.unique(labels)) batch_size = 16 epochs = 20 # Init model model = HFAGM(input_dim, graph_dim, hidden_dim, num_classes).to(device) optimizer = torch.optim.Adam(model.parameters(), lr=1e-3) criterion = nn.CrossEntropyLoss() # Logging train_losses = [] train_accuracies = [] for epoch in range(epochs): model.train() permutation = tor"",False | C44_DI_REAL_1,4.4,fairness,Real-data disparate impact reported as 1.0,1.0,1.0,1,models\classifiers\train_hfagm.py,train_hfagm.py,""(device) # Model config input_dim = contrastive_emb.shape[1] graph_dim = graph_features.shape[1] hidden_dim = 64 num_classes = len(torch.unique(labels)) batch_size = 16 epochs = 20 # Init model model = HFAGM(input_dim, graph_dim, hidden_dim, num_classes).to(device) optimizer = torch.optim.Adam(model.parameters(), lr=1e-3) criterion = nn.CrossEntropyLoss() # Logging train_losses = [] train_accuracies = [] for epoch in range(epochs): model.train() permutation = torch.randperm("",False | C44_DI_REAL_1,4.4,fairness,Real-data disparate impact reported as 1.0,1.0,1.0,1,models\classifiers\train_hfagm.py,train_hfagm.py,""(device) # Model config input_dim = contrastive_emb.shape[1] graph_dim = graph_features.shape[1] hidden_dim = 64 num_classes = len(torch.unique(labels)) batch_size = 16 epochs = 20 # Init model model = HFAGM(input_dim, graph_dim, hidden_dim, num_classes).to(device) optimizer = torch.optim.Adam(model.parameters(), lr=1e-3) criterion = nn.CrossEntropyLoss() # Logging train_losses = [] train_accuracies = [] for epoch in range(epochs): model.train() permutation = torch.randperm("",False | C44_DI_REAL_1,4.4,fairness,Real-data disparate impact reported as 1.0,1.0,1.0,1,models\classifiers\train_hfagm.py,train_hfagm.py,""get = labels[indices] outputs, attn = model(x_attr, x_graph, adj_sub) loss = criterion(outputs, target) optimizer.zero_grad() loss.backward() optimizer.step() epoch_loss += loss.item() _, predicted = torch.max(outputs, 1) epoch_preds.extend(predicted.cpu().numpy()) epoch_targets.extend(target.cpu().numpy()) acc = accuracy_score(epoch_targets, epoch_preds) train_losses.append(epoch_loss) trai"
outputs\revision_audit\claim_evidence_detailed.csv,91,1.0,0,0,"C44_DI_REAL_1,4.4,fairness,Real-data disparate impact reported as 1.0,1.0,1.0,1,models\classifiers\train_hfagm.py,train_hfagm.py,""(device) # Model config input_dim = contrastive_emb.shape[1] graph_dim = graph_features.shape[1] hidden_dim = 64 num_classes = len(torch.unique(labels)) batch_size = 16 epochs = 20 # Init model model = HFAGM(input_dim, graph_dim, hidden_dim, num_classes).to(device) optimizer = torch.optim.Adam(model.parameters(), lr=1e-3) criterion = nn.CrossEntropyLoss() # Logging train_losses = [] train_accuracies = [] for epoch in range(epochs): model.train() permutation = torch.randperm("",False","C44_DI_REAL_1,4.4,fairness,Real-data disparate impact reported as 1.0,1.0,1.0,1,models\classifiers\train_hfagm.py,train_hfagm.py,""rch.long).to(device) # Model config input_dim = contrastive_emb.shape[1] graph_dim = graph_features.shape[1] hidden_dim = 64 num_classes = len(torch.unique(labels)) batch_size = 16 epochs = 20 # Init model model = HFAGM(input_dim, graph_dim, hidden_dim, num_classes).to(device) optimizer = torch.optim.Adam(model.parameters(), lr=1e-3) criterion = nn.CrossEntropyLoss() # Logging train_losses = [] train_accuracies = [] for epoch in range(epochs): model.train() permutation = tor"",False | C44_DI_REAL_1,4.4,fairness,Real-data disparate impact reported as 1.0,1.0,1.0,1,models\classifiers\train_hfagm.py,train_hfagm.py,""rch.long).to(device) # Model config input_dim = contrastive_emb.shape[1] graph_dim = graph_features.shape[1] hidden_dim = 64 num_classes = len(torch.unique(labels)) batch_size = 16 epochs = 20 # Init model model = HFAGM(input_dim, graph_dim, hidden_dim, num_classes).to(device) optimizer = torch.optim.Adam(model.parameters(), lr=1e-3) criterion = nn.CrossEntropyLoss() # Logging train_losses = [] train_accuracies = [] for epoch in range(epochs): model.train() permutation = tor"",False | C44_DI_REAL_1,4.4,fairness,Real-data disparate impact reported as 1.0,1.0,1.0,1,models\classifiers\train_hfagm.py,train_hfagm.py,""(device) # Model config input_dim = contrastive_emb.shape[1] graph_dim = graph_features.shape[1] hidden_dim = 64 num_classes = len(torch.unique(labels)) batch_size = 16 epochs = 20 # Init model model = HFAGM(input_dim, graph_dim, hidden_dim, num_classes).to(device) optimizer = torch.optim.Adam(model.parameters(), lr=1e-3) criterion = nn.CrossEntropyLoss() # Logging train_losses = [] train_accuracies = [] for epoch in range(epochs): model.train() permutation = torch.randperm("",False | C44_DI_REAL_1,4.4,fairness,Real-data disparate impact reported as 1.0,1.0,1.0,1,models\classifiers\train_hfagm.py,train_hfagm.py,""(device) # Model config input_dim = contrastive_emb.shape[1] graph_dim = graph_features.shape[1] hidden_dim = 64 num_classes = len(torch.unique(labels)) batch_size = 16 epochs = 20 # Init model model = HFAGM(input_dim, graph_dim, hidden_dim, num_classes).to(device) optimizer = torch.optim.Adam(model.parameters(), lr=1e-3) criterion = nn.CrossEntropyLoss() # Logging train_losses = [] train_accuracies = [] for epoch in range(epochs): model.train() permutation = torch.randperm("",False | C44_DI_REAL_1,4.4,fairness,Real-data disparate impact reported as 1.0,1.0,1.0,1,models\classifiers\train_hfagm.py,train_hfagm.py,""get = labels[indices] outputs, attn = model(x_attr, x_graph, adj_sub) loss = criterion(outputs, target) optimizer.zero_grad() loss.backward() optimizer.step() epoch_loss += loss.item() _, predicted = torch.max(outputs, 1) epoch_preds.extend(predicted.cpu().numpy()) epoch_targets.extend(target.cpu().numpy()) acc = accuracy_score(epoch_targets, epoch_preds) train_losses.append(epoch_loss) trai"
outputs\revision_audit\claim_evidence_detailed.csv,91,1.0,0,0,"C44_DI_REAL_1,4.4,fairness,Real-data disparate impact reported as 1.0,1.0,1.0,1,models\classifiers\train_hfagm.py,train_hfagm.py,""(device) # Model config input_dim = contrastive_emb.shape[1] graph_dim = graph_features.shape[1] hidden_dim = 64 num_classes = len(torch.unique(labels)) batch_size = 16 epochs = 20 # Init model model = HFAGM(input_dim, graph_dim, hidden_dim, num_classes).to(device) optimizer = torch.optim.Adam(model.parameters(), lr=1e-3) criterion = nn.CrossEntropyLoss() # Logging train_losses = [] train_accuracies = [] for epoch in range(epochs): model.train() permutation = torch.randperm("",False","C44_DI_REAL_1,4.4,fairness,Real-data disparate impact reported as 1.0,1.0,1.0,1,models\classifiers\train_hfagm.py,train_hfagm.py,""rch.long).to(device) # Model config input_dim = contrastive_emb.shape[1] graph_dim = graph_features.shape[1] hidden_dim = 64 num_classes = len(torch.unique(labels)) batch_size = 16 epochs = 20 # Init model model = HFAGM(input_dim, graph_dim, hidden_dim, num_classes).to(device) optimizer = torch.optim.Adam(model.parameters(), lr=1e-3) criterion = nn.CrossEntropyLoss() # Logging train_losses = [] train_accuracies = [] for epoch in range(epochs): model.train() permutation = tor"",False | C44_DI_REAL_1,4.4,fairness,Real-data disparate impact reported as 1.0,1.0,1.0,1,models\classifiers\train_hfagm.py,train_hfagm.py,""rch.long).to(device) # Model config input_dim = contrastive_emb.shape[1] graph_dim = graph_features.shape[1] hidden_dim = 64 num_classes = len(torch.unique(labels)) batch_size = 16 epochs = 20 # Init model model = HFAGM(input_dim, graph_dim, hidden_dim, num_classes).to(device) optimizer = torch.optim.Adam(model.parameters(), lr=1e-3) criterion = nn.CrossEntropyLoss() # Logging train_losses = [] train_accuracies = [] for epoch in range(epochs): model.train() permutation = tor"",False | C44_DI_REAL_1,4.4,fairness,Real-data disparate impact reported as 1.0,1.0,1.0,1,models\classifiers\train_hfagm.py,train_hfagm.py,""(device) # Model config input_dim = contrastive_emb.shape[1] graph_dim = graph_features.shape[1] hidden_dim = 64 num_classes = len(torch.unique(labels)) batch_size = 16 epochs = 20 # Init model model = HFAGM(input_dim, graph_dim, hidden_dim, num_classes).to(device) optimizer = torch.optim.Adam(model.parameters(), lr=1e-3) criterion = nn.CrossEntropyLoss() # Logging train_losses = [] train_accuracies = [] for epoch in range(epochs): model.train() permutation = torch.randperm("",False | C44_DI_REAL_1,4.4,fairness,Real-data disparate impact reported as 1.0,1.0,1.0,1,models\classifiers\train_hfagm.py,train_hfagm.py,""(device) # Model config input_dim = contrastive_emb.shape[1] graph_dim = graph_features.shape[1] hidden_dim = 64 num_classes = len(torch.unique(labels)) batch_size = 16 epochs = 20 # Init model model = HFAGM(input_dim, graph_dim, hidden_dim, num_classes).to(device) optimizer = torch.optim.Adam(model.parameters(), lr=1e-3) criterion = nn.CrossEntropyLoss() # Logging train_losses = [] train_accuracies = [] for epoch in range(epochs): model.train() permutation = torch.randperm("",False | C44_DI_REAL_1,4.4,fairness,Real-data disparate impact reported as 1.0,1.0,1.0,1,models\classifiers\train_hfagm.py,train_hfagm.py,""get = labels[indices] outputs, attn = model(x_attr, x_graph, adj_sub) loss = criterion(outputs, target) optimizer.zero_grad() loss.backward() optimizer.step() epoch_loss += loss.item() _, predicted = torch.max(outputs, 1) epoch_preds.extend(predicted.cpu().numpy()) epoch_targets.extend(target.cpu().numpy()) acc = accuracy_score(epoch_targets, epoch_preds) train_losses.append(epoch_loss) trai"
outputs\revision_audit\claim_evidence_detailed.csv,91,1.0,0,0,"C44_DI_REAL_1,4.4,fairness,Real-data disparate impact reported as 1.0,1.0,1.0,1,models\classifiers\train_hfagm.py,train_hfagm.py,""(device) # Model config input_dim = contrastive_emb.shape[1] graph_dim = graph_features.shape[1] hidden_dim = 64 num_classes = len(torch.unique(labels)) batch_size = 16 epochs = 20 # Init model model = HFAGM(input_dim, graph_dim, hidden_dim, num_classes).to(device) optimizer = torch.optim.Adam(model.parameters(), lr=1e-3) criterion = nn.CrossEntropyLoss() # Logging train_losses = [] train_accuracies = [] for epoch in range(epochs): model.train() permutation = torch.randperm("",False","C44_DI_REAL_1,4.4,fairness,Real-data disparate impact reported as 1.0,1.0,1.0,1,models\classifiers\train_hfagm.py,train_hfagm.py,""rch.long).to(device) # Model config input_dim = contrastive_emb.shape[1] graph_dim = graph_features.shape[1] hidden_dim = 64 num_classes = len(torch.unique(labels)) batch_size = 16 epochs = 20 # Init model model = HFAGM(input_dim, graph_dim, hidden_dim, num_classes).to(device) optimizer = torch.optim.Adam(model.parameters(), lr=1e-3) criterion = nn.CrossEntropyLoss() # Logging train_losses = [] train_accuracies = [] for epoch in range(epochs): model.train() permutation = tor"",False | C44_DI_REAL_1,4.4,fairness,Real-data disparate impact reported as 1.0,1.0,1.0,1,models\classifiers\train_hfagm.py,train_hfagm.py,""rch.long).to(device) # Model config input_dim = contrastive_emb.shape[1] graph_dim = graph_features.shape[1] hidden_dim = 64 num_classes = len(torch.unique(labels)) batch_size = 16 epochs = 20 # Init model model = HFAGM(input_dim, graph_dim, hidden_dim, num_classes).to(device) optimizer = torch.optim.Adam(model.parameters(), lr=1e-3) criterion = nn.CrossEntropyLoss() # Logging train_losses = [] train_accuracies = [] for epoch in range(epochs): model.train() permutation = tor"",False | C44_DI_REAL_1,4.4,fairness,Real-data disparate impact reported as 1.0,1.0,1.0,1,models\classifiers\train_hfagm.py,train_hfagm.py,""(device) # Model config input_dim = contrastive_emb.shape[1] graph_dim = graph_features.shape[1] hidden_dim = 64 num_classes = len(torch.unique(labels)) batch_size = 16 epochs = 20 # Init model model = HFAGM(input_dim, graph_dim, hidden_dim, num_classes).to(device) optimizer = torch.optim.Adam(model.parameters(), lr=1e-3) criterion = nn.CrossEntropyLoss() # Logging train_losses = [] train_accuracies = [] for epoch in range(epochs): model.train() permutation = torch.randperm("",False | C44_DI_REAL_1,4.4,fairness,Real-data disparate impact reported as 1.0,1.0,1.0,1,models\classifiers\train_hfagm.py,train_hfagm.py,""(device) # Model config input_dim = contrastive_emb.shape[1] graph_dim = graph_features.shape[1] hidden_dim = 64 num_classes = len(torch.unique(labels)) batch_size = 16 epochs = 20 # Init model model = HFAGM(input_dim, graph_dim, hidden_dim, num_classes).to(device) optimizer = torch.optim.Adam(model.parameters(), lr=1e-3) criterion = nn.CrossEntropyLoss() # Logging train_losses = [] train_accuracies = [] for epoch in range(epochs): model.train() permutation = torch.randperm("",False | C44_DI_REAL_1,4.4,fairness,Real-data disparate impact reported as 1.0,1.0,1.0,1,models\classifiers\train_hfagm.py,train_hfagm.py,""get = labels[indices] outputs, attn = model(x_attr, x_graph, adj_sub) loss = criterion(outputs, target) optimizer.zero_grad() loss.backward() optimizer.step() epoch_loss += loss.item() _, predicted = torch.max(outputs, 1) epoch_preds.extend(predicted.cpu().numpy()) epoch_targets.extend(target.cpu().numpy()) acc = accuracy_score(epoch_targets, epoch_preds) train_losses.append(epoch_loss) trai"
outputs\revision_audit\claim_evidence_detailed.csv,91,1.0,0,0,"C44_DI_REAL_1,4.4,fairness,Real-data disparate impact reported as 1.0,1.0,1.0,1,models\classifiers\train_hfagm.py,train_hfagm.py,""(device) # Model config input_dim = contrastive_emb.shape[1] graph_dim = graph_features.shape[1] hidden_dim = 64 num_classes = len(torch.unique(labels)) batch_size = 16 epochs = 20 # Init model model = HFAGM(input_dim, graph_dim, hidden_dim, num_classes).to(device) optimizer = torch.optim.Adam(model.parameters(), lr=1e-3) criterion = nn.CrossEntropyLoss() # Logging train_losses = [] train_accuracies = [] for epoch in range(epochs): model.train() permutation = torch.randperm("",False","C44_DI_REAL_1,4.4,fairness,Real-data disparate impact reported as 1.0,1.0,1.0,1,models\classifiers\train_hfagm.py,train_hfagm.py,""rch.long).to(device) # Model config input_dim = contrastive_emb.shape[1] graph_dim = graph_features.shape[1] hidden_dim = 64 num_classes = len(torch.unique(labels)) batch_size = 16 epochs = 20 # Init model model = HFAGM(input_dim, graph_dim, hidden_dim, num_classes).to(device) optimizer = torch.optim.Adam(model.parameters(), lr=1e-3) criterion = nn.CrossEntropyLoss() # Logging train_losses = [] train_accuracies = [] for epoch in range(epochs): model.train() permutation = tor"",False | C44_DI_REAL_1,4.4,fairness,Real-data disparate impact reported as 1.0,1.0,1.0,1,models\classifiers\train_hfagm.py,train_hfagm.py,""rch.long).to(device) # Model config input_dim = contrastive_emb.shape[1] graph_dim = graph_features.shape[1] hidden_dim = 64 num_classes = len(torch.unique(labels)) batch_size = 16 epochs = 20 # Init model model = HFAGM(input_dim, graph_dim, hidden_dim, num_classes).to(device) optimizer = torch.optim.Adam(model.parameters(), lr=1e-3) criterion = nn.CrossEntropyLoss() # Logging train_losses = [] train_accuracies = [] for epoch in range(epochs): model.train() permutation = tor"",False | C44_DI_REAL_1,4.4,fairness,Real-data disparate impact reported as 1.0,1.0,1.0,1,models\classifiers\train_hfagm.py,train_hfagm.py,""(device) # Model config input_dim = contrastive_emb.shape[1] graph_dim = graph_features.shape[1] hidden_dim = 64 num_classes = len(torch.unique(labels)) batch_size = 16 epochs = 20 # Init model model = HFAGM(input_dim, graph_dim, hidden_dim, num_classes).to(device) optimizer = torch.optim.Adam(model.parameters(), lr=1e-3) criterion = nn.CrossEntropyLoss() # Logging train_losses = [] train_accuracies = [] for epoch in range(epochs): model.train() permutation = torch.randperm("",False | C44_DI_REAL_1,4.4,fairness,Real-data disparate impact reported as 1.0,1.0,1.0,1,models\classifiers\train_hfagm.py,train_hfagm.py,""(device) # Model config input_dim = contrastive_emb.shape[1] graph_dim = graph_features.shape[1] hidden_dim = 64 num_classes = len(torch.unique(labels)) batch_size = 16 epochs = 20 # Init model model = HFAGM(input_dim, graph_dim, hidden_dim, num_classes).to(device) optimizer = torch.optim.Adam(model.parameters(), lr=1e-3) criterion = nn.CrossEntropyLoss() # Logging train_losses = [] train_accuracies = [] for epoch in range(epochs): model.train() permutation = torch.randperm("",False | C44_DI_REAL_1,4.4,fairness,Real-data disparate impact reported as 1.0,1.0,1.0,1,models\classifiers\train_hfagm.py,train_hfagm.py,""get = labels[indices] outputs, attn = model(x_attr, x_graph, adj_sub) loss = criterion(outputs, target) optimizer.zero_grad() loss.backward() optimizer.step() epoch_loss += loss.item() _, predicted = torch.max(outputs, 1) epoch_preds.extend(predicted.cpu().numpy()) epoch_targets.extend(target.cpu().numpy()) acc = accuracy_score(epoch_targets, epoch_preds) train_losses.append(epoch_loss) trai"
outputs\revision_audit\claim_evidence_detailed.csv,91,64.0,0,0,"C44_DI_REAL_1,4.4,fairness,Real-data disparate impact reported as 1.0,1.0,1.0,1,models\classifiers\train_hfagm.py,train_hfagm.py,""(device) # Model config input_dim = contrastive_emb.shape[1] graph_dim = graph_features.shape[1] hidden_dim = 64 num_classes = len(torch.unique(labels)) batch_size = 16 epochs = 20 # Init model model = HFAGM(input_dim, graph_dim, hidden_dim, num_classes).to(device) optimizer = torch.optim.Adam(model.parameters(), lr=1e-3) criterion = nn.CrossEntropyLoss() # Logging train_losses = [] train_accuracies = [] for epoch in range(epochs): model.train() permutation = torch.randperm("",False","C44_DI_REAL_1,4.4,fairness,Real-data disparate impact reported as 1.0,1.0,1.0,1,models\classifiers\train_hfagm.py,train_hfagm.py,""rch.long).to(device) # Model config input_dim = contrastive_emb.shape[1] graph_dim = graph_features.shape[1] hidden_dim = 64 num_classes = len(torch.unique(labels)) batch_size = 16 epochs = 20 # Init model model = HFAGM(input_dim, graph_dim, hidden_dim, num_classes).to(device) optimizer = torch.optim.Adam(model.parameters(), lr=1e-3) criterion = nn.CrossEntropyLoss() # Logging train_losses = [] train_accuracies = [] for epoch in range(epochs): model.train() permutation = tor"",False | C44_DI_REAL_1,4.4,fairness,Real-data disparate impact reported as 1.0,1.0,1.0,1,models\classifiers\train_hfagm.py,train_hfagm.py,""rch.long).to(device) # Model config input_dim = contrastive_emb.shape[1] graph_dim = graph_features.shape[1] hidden_dim = 64 num_classes = len(torch.unique(labels)) batch_size = 16 epochs = 20 # Init model model = HFAGM(input_dim, graph_dim, hidden_dim, num_classes).to(device) optimizer = torch.optim.Adam(model.parameters(), lr=1e-3) criterion = nn.CrossEntropyLoss() # Logging train_losses = [] train_accuracies = [] for epoch in range(epochs): model.train() permutation = tor"",False | C44_DI_REAL_1,4.4,fairness,Real-data disparate impact reported as 1.0,1.0,1.0,1,models\classifiers\train_hfagm.py,train_hfagm.py,""(device) # Model config input_dim = contrastive_emb.shape[1] graph_dim = graph_features.shape[1] hidden_dim = 64 num_classes = len(torch.unique(labels)) batch_size = 16 epochs = 20 # Init model model = HFAGM(input_dim, graph_dim, hidden_dim, num_classes).to(device) optimizer = torch.optim.Adam(model.parameters(), lr=1e-3) criterion = nn.CrossEntropyLoss() # Logging train_losses = [] train_accuracies = [] for epoch in range(epochs): model.train() permutation = torch.randperm("",False | C44_DI_REAL_1,4.4,fairness,Real-data disparate impact reported as 1.0,1.0,1.0,1,models\classifiers\train_hfagm.py,train_hfagm.py,""(device) # Model config input_dim = contrastive_emb.shape[1] graph_dim = graph_features.shape[1] hidden_dim = 64 num_classes = len(torch.unique(labels)) batch_size = 16 epochs = 20 # Init model model = HFAGM(input_dim, graph_dim, hidden_dim, num_classes).to(device) optimizer = torch.optim.Adam(model.parameters(), lr=1e-3) criterion = nn.CrossEntropyLoss() # Logging train_losses = [] train_accuracies = [] for epoch in range(epochs): model.train() permutation = torch.randperm("",False | C44_DI_REAL_1,4.4,fairness,Real-data disparate impact reported as 1.0,1.0,1.0,1,models\classifiers\train_hfagm.py,train_hfagm.py,""get = labels[indices] outputs, attn = model(x_attr, x_graph, adj_sub) loss = criterion(outputs, target) optimizer.zero_grad() loss.backward() optimizer.step() epoch_loss += loss.item() _, predicted = torch.max(outputs, 1) epoch_preds.extend(predicted.cpu().numpy()) epoch_targets.extend(target.cpu().numpy()) acc = accuracy_score(epoch_targets, epoch_preds) train_losses.append(epoch_loss) trai"
outputs\revision_audit\claim_evidence_detailed.csv,91,16.0,0,0,"C44_DI_REAL_1,4.4,fairness,Real-data disparate impact reported as 1.0,1.0,1.0,1,models\classifiers\train_hfagm.py,train_hfagm.py,""(device) # Model config input_dim = contrastive_emb.shape[1] graph_dim = graph_features.shape[1] hidden_dim = 64 num_classes = len(torch.unique(labels)) batch_size = 16 epochs = 20 # Init model model = HFAGM(input_dim, graph_dim, hidden_dim, num_classes).to(device) optimizer = torch.optim.Adam(model.parameters(), lr=1e-3) criterion = nn.CrossEntropyLoss() # Logging train_losses = [] train_accuracies = [] for epoch in range(epochs): model.train() permutation = torch.randperm("",False","C44_DI_REAL_1,4.4,fairness,Real-data disparate impact reported as 1.0,1.0,1.0,1,models\classifiers\train_hfagm.py,train_hfagm.py,""rch.long).to(device) # Model config input_dim = contrastive_emb.shape[1] graph_dim = graph_features.shape[1] hidden_dim = 64 num_classes = len(torch.unique(labels)) batch_size = 16 epochs = 20 # Init model model = HFAGM(input_dim, graph_dim, hidden_dim, num_classes).to(device) optimizer = torch.optim.Adam(model.parameters(), lr=1e-3) criterion = nn.CrossEntropyLoss() # Logging train_losses = [] train_accuracies = [] for epoch in range(epochs): model.train() permutation = tor"",False | C44_DI_REAL_1,4.4,fairness,Real-data disparate impact reported as 1.0,1.0,1.0,1,models\classifiers\train_hfagm.py,train_hfagm.py,""rch.long).to(device) # Model config input_dim = contrastive_emb.shape[1] graph_dim = graph_features.shape[1] hidden_dim = 64 num_classes = len(torch.unique(labels)) batch_size = 16 epochs = 20 # Init model model = HFAGM(input_dim, graph_dim, hidden_dim, num_classes).to(device) optimizer = torch.optim.Adam(model.parameters(), lr=1e-3) criterion = nn.CrossEntropyLoss() # Logging train_losses = [] train_accuracies = [] for epoch in range(epochs): model.train() permutation = tor"",False | C44_DI_REAL_1,4.4,fairness,Real-data disparate impact reported as 1.0,1.0,1.0,1,models\classifiers\train_hfagm.py,train_hfagm.py,""(device) # Model config input_dim = contrastive_emb.shape[1] graph_dim = graph_features.shape[1] hidden_dim = 64 num_classes = len(torch.unique(labels)) batch_size = 16 epochs = 20 # Init model model = HFAGM(input_dim, graph_dim, hidden_dim, num_classes).to(device) optimizer = torch.optim.Adam(model.parameters(), lr=1e-3) criterion = nn.CrossEntropyLoss() # Logging train_losses = [] train_accuracies = [] for epoch in range(epochs): model.train() permutation = torch.randperm("",False | C44_DI_REAL_1,4.4,fairness,Real-data disparate impact reported as 1.0,1.0,1.0,1,models\classifiers\train_hfagm.py,train_hfagm.py,""(device) # Model config input_dim = contrastive_emb.shape[1] graph_dim = graph_features.shape[1] hidden_dim = 64 num_classes = len(torch.unique(labels)) batch_size = 16 epochs = 20 # Init model model = HFAGM(input_dim, graph_dim, hidden_dim, num_classes).to(device) optimizer = torch.optim.Adam(model.parameters(), lr=1e-3) criterion = nn.CrossEntropyLoss() # Logging train_losses = [] train_accuracies = [] for epoch in range(epochs): model.train() permutation = torch.randperm("",False | C44_DI_REAL_1,4.4,fairness,Real-data disparate impact reported as 1.0,1.0,1.0,1,models\classifiers\train_hfagm.py,train_hfagm.py,""get = labels[indices] outputs, attn = model(x_attr, x_graph, adj_sub) loss = criterion(outputs, target) optimizer.zero_grad() loss.backward() optimizer.step() epoch_loss += loss.item() _, predicted = torch.max(outputs, 1) epoch_preds.extend(predicted.cpu().numpy()) epoch_targets.extend(target.cpu().numpy()) acc = accuracy_score(epoch_targets, epoch_preds) train_losses.append(epoch_loss) trai"
outputs\revision_audit\claim_evidence_detailed.csv,91,20.0,0,0,"C44_DI_REAL_1,4.4,fairness,Real-data disparate impact reported as 1.0,1.0,1.0,1,models\classifiers\train_hfagm.py,train_hfagm.py,""(device) # Model config input_dim = contrastive_emb.shape[1] graph_dim = graph_features.shape[1] hidden_dim = 64 num_classes = len(torch.unique(labels)) batch_size = 16 epochs = 20 # Init model model = HFAGM(input_dim, graph_dim, hidden_dim, num_classes).to(device) optimizer = torch.optim.Adam(model.parameters(), lr=1e-3) criterion = nn.CrossEntropyLoss() # Logging train_losses = [] train_accuracies = [] for epoch in range(epochs): model.train() permutation = torch.randperm("",False","C44_DI_REAL_1,4.4,fairness,Real-data disparate impact reported as 1.0,1.0,1.0,1,models\classifiers\train_hfagm.py,train_hfagm.py,""rch.long).to(device) # Model config input_dim = contrastive_emb.shape[1] graph_dim = graph_features.shape[1] hidden_dim = 64 num_classes = len(torch.unique(labels)) batch_size = 16 epochs = 20 # Init model model = HFAGM(input_dim, graph_dim, hidden_dim, num_classes).to(device) optimizer = torch.optim.Adam(model.parameters(), lr=1e-3) criterion = nn.CrossEntropyLoss() # Logging train_losses = [] train_accuracies = [] for epoch in range(epochs): model.train() permutation = tor"",False | C44_DI_REAL_1,4.4,fairness,Real-data disparate impact reported as 1.0,1.0,1.0,1,models\classifiers\train_hfagm.py,train_hfagm.py,""rch.long).to(device) # Model config input_dim = contrastive_emb.shape[1] graph_dim = graph_features.shape[1] hidden_dim = 64 num_classes = len(torch.unique(labels)) batch_size = 16 epochs = 20 # Init model model = HFAGM(input_dim, graph_dim, hidden_dim, num_classes).to(device) optimizer = torch.optim.Adam(model.parameters(), lr=1e-3) criterion = nn.CrossEntropyLoss() # Logging train_losses = [] train_accuracies = [] for epoch in range(epochs): model.train() permutation = tor"",False | C44_DI_REAL_1,4.4,fairness,Real-data disparate impact reported as 1.0,1.0,1.0,1,models\classifiers\train_hfagm.py,train_hfagm.py,""(device) # Model config input_dim = contrastive_emb.shape[1] graph_dim = graph_features.shape[1] hidden_dim = 64 num_classes = len(torch.unique(labels)) batch_size = 16 epochs = 20 # Init model model = HFAGM(input_dim, graph_dim, hidden_dim, num_classes).to(device) optimizer = torch.optim.Adam(model.parameters(), lr=1e-3) criterion = nn.CrossEntropyLoss() # Logging train_losses = [] train_accuracies = [] for epoch in range(epochs): model.train() permutation = torch.randperm("",False | C44_DI_REAL_1,4.4,fairness,Real-data disparate impact reported as 1.0,1.0,1.0,1,models\classifiers\train_hfagm.py,train_hfagm.py,""(device) # Model config input_dim = contrastive_emb.shape[1] graph_dim = graph_features.shape[1] hidden_dim = 64 num_classes = len(torch.unique(labels)) batch_size = 16 epochs = 20 # Init model model = HFAGM(input_dim, graph_dim, hidden_dim, num_classes).to(device) optimizer = torch.optim.Adam(model.parameters(), lr=1e-3) criterion = nn.CrossEntropyLoss() # Logging train_losses = [] train_accuracies = [] for epoch in range(epochs): model.train() permutation = torch.randperm("",False | C44_DI_REAL_1,4.4,fairness,Real-data disparate impact reported as 1.0,1.0,1.0,1,models\classifiers\train_hfagm.py,train_hfagm.py,""get = labels[indices] outputs, attn = model(x_attr, x_graph, adj_sub) loss = criterion(outputs, target) optimizer.zero_grad() loss.backward() optimizer.step() epoch_loss += loss.item() _, predicted = torch.max(outputs, 1) epoch_preds.extend(predicted.cpu().numpy()) epoch_targets.extend(target.cpu().numpy()) acc = accuracy_score(epoch_targets, epoch_preds) train_losses.append(epoch_loss) trai"
outputs\revision_audit\claim_evidence_detailed.csv,92,4.4,0,0,"C44_DI_REAL_1,4.4,fairness,Real-data disparate impact reported as 1.0,1.0,1.0,1,models\classifiers\train_hfagm.py,train_hfagm.py,""(device) # Model config input_dim = contrastive_emb.shape[1] graph_dim = graph_features.shape[1] hidden_dim = 64 num_classes = len(torch.unique(labels)) batch_size = 16 epochs = 20 # Init model model = HFAGM(input_dim, graph_dim, hidden_dim, num_classes).to(device) optimizer = torch.optim.Adam(model.parameters(), lr=1e-3) criterion = nn.CrossEntropyLoss() # Logging train_losses = [] train_accuracies = [] for epoch in range(epochs): model.train() permutation = torch.randperm("",False","C44_DI_REAL_1,4.4,fairness,Real-data disparate impact reported as 1.0,1.0,1.0,1,models\classifiers\train_hfagm.py,train_hfagm.py,""rch.long).to(device) # Model config input_dim = contrastive_emb.shape[1] graph_dim = graph_features.shape[1] hidden_dim = 64 num_classes = len(torch.unique(labels)) batch_size = 16 epochs = 20 # Init model model = HFAGM(input_dim, graph_dim, hidden_dim, num_classes).to(device) optimizer = torch.optim.Adam(model.parameters(), lr=1e-3) criterion = nn.CrossEntropyLoss() # Logging train_losses = [] train_accuracies = [] for epoch in range(epochs): model.train() permutation = tor"",False | C44_DI_REAL_1,4.4,fairness,Real-data disparate impact reported as 1.0,1.0,1.0,1,models\classifiers\train_hfagm.py,train_hfagm.py,""(device) # Model config input_dim = contrastive_emb.shape[1] graph_dim = graph_features.shape[1] hidden_dim = 64 num_classes = len(torch.unique(labels)) batch_size = 16 epochs = 20 # Init model model = HFAGM(input_dim, graph_dim, hidden_dim, num_classes).to(device) optimizer = torch.optim.Adam(model.parameters(), lr=1e-3) criterion = nn.CrossEntropyLoss() # Logging train_losses = [] train_accuracies = [] for epoch in range(epochs): model.train() permutation = torch.randperm("",False | C44_DI_REAL_1,4.4,fairness,Real-data disparate impact reported as 1.0,1.0,1.0,1,models\classifiers\train_hfagm.py,train_hfagm.py,""(device) # Model config input_dim = contrastive_emb.shape[1] graph_dim = graph_features.shape[1] hidden_dim = 64 num_classes = len(torch.unique(labels)) batch_size = 16 epochs = 20 # Init model model = HFAGM(input_dim, graph_dim, hidden_dim, num_classes).to(device) optimizer = torch.optim.Adam(model.parameters(), lr=1e-3) criterion = nn.CrossEntropyLoss() # Logging train_losses = [] train_accuracies = [] for epoch in range(epochs): model.train() permutation = torch.randperm("",False | C44_DI_REAL_1,4.4,fairness,Real-data disparate impact reported as 1.0,1.0,1.0,1,models\classifiers\train_hfagm.py,train_hfagm.py,""get = labels[indices] outputs, attn = model(x_attr, x_graph, adj_sub) loss = criterion(outputs, target) optimizer.zero_grad() loss.backward() optimizer.step() epoch_loss += loss.item() _, predicted = torch.max(outputs, 1) epoch_preds.extend(predicted.cpu().numpy()) epoch_targets.extend(target.cpu().numpy()) acc = accuracy_score(epoch_targets, epoch_preds) train_losses.append(epoch_loss) train_accuracies.append("",False | C44_DI_REAL_1,4.4,fairness,Real-data disparate impact reported as 1.0,1.0,1.0,1,models\classifiers\train_hfagm.py,train_hfagm.py,""x_graph, adj_sub) loss = criterion(outputs, target) optimizer.zero_grad() loss.backward() optimizer.step() epoch_loss += loss.item() _, predicted = torch.max(outputs, 1) epoch_preds.extend(predicted.cpu().numpy()) epoch_targets.extend(target.cpu().numpy()) acc = accuracy_score(epoch_targets, epoch_preds) train_losses.append(epoch_loss) train_accuracies.append(acc) print(f""""Epoch {epoch+1}/{epochs} - Loss: {epoch_loss"",False"
outputs\revision_audit\claim_evidence_detailed.csv,92,1.0,0,0,"C44_DI_REAL_1,4.4,fairness,Real-data disparate impact reported as 1.0,1.0,1.0,1,models\classifiers\train_hfagm.py,train_hfagm.py,""(device) # Model config input_dim = contrastive_emb.shape[1] graph_dim = graph_features.shape[1] hidden_dim = 64 num_classes = len(torch.unique(labels)) batch_size = 16 epochs = 20 # Init model model = HFAGM(input_dim, graph_dim, hidden_dim, num_classes).to(device) optimizer = torch.optim.Adam(model.parameters(), lr=1e-3) criterion = nn.CrossEntropyLoss() # Logging train_losses = [] train_accuracies = [] for epoch in range(epochs): model.train() permutation = torch.randperm("",False","C44_DI_REAL_1,4.4,fairness,Real-data disparate impact reported as 1.0,1.0,1.0,1,models\classifiers\train_hfagm.py,train_hfagm.py,""rch.long).to(device) # Model config input_dim = contrastive_emb.shape[1] graph_dim = graph_features.shape[1] hidden_dim = 64 num_classes = len(torch.unique(labels)) batch_size = 16 epochs = 20 # Init model model = HFAGM(input_dim, graph_dim, hidden_dim, num_classes).to(device) optimizer = torch.optim.Adam(model.parameters(), lr=1e-3) criterion = nn.CrossEntropyLoss() # Logging train_losses = [] train_accuracies = [] for epoch in range(epochs): model.train() permutation = tor"",False | C44_DI_REAL_1,4.4,fairness,Real-data disparate impact reported as 1.0,1.0,1.0,1,models\classifiers\train_hfagm.py,train_hfagm.py,""(device) # Model config input_dim = contrastive_emb.shape[1] graph_dim = graph_features.shape[1] hidden_dim = 64 num_classes = len(torch.unique(labels)) batch_size = 16 epochs = 20 # Init model model = HFAGM(input_dim, graph_dim, hidden_dim, num_classes).to(device) optimizer = torch.optim.Adam(model.parameters(), lr=1e-3) criterion = nn.CrossEntropyLoss() # Logging train_losses = [] train_accuracies = [] for epoch in range(epochs): model.train() permutation = torch.randperm("",False | C44_DI_REAL_1,4.4,fairness,Real-data disparate impact reported as 1.0,1.0,1.0,1,models\classifiers\train_hfagm.py,train_hfagm.py,""(device) # Model config input_dim = contrastive_emb.shape[1] graph_dim = graph_features.shape[1] hidden_dim = 64 num_classes = len(torch.unique(labels)) batch_size = 16 epochs = 20 # Init model model = HFAGM(input_dim, graph_dim, hidden_dim, num_classes).to(device) optimizer = torch.optim.Adam(model.parameters(), lr=1e-3) criterion = nn.CrossEntropyLoss() # Logging train_losses = [] train_accuracies = [] for epoch in range(epochs): model.train() permutation = torch.randperm("",False | C44_DI_REAL_1,4.4,fairness,Real-data disparate impact reported as 1.0,1.0,1.0,1,models\classifiers\train_hfagm.py,train_hfagm.py,""get = labels[indices] outputs, attn = model(x_attr, x_graph, adj_sub) loss = criterion(outputs, target) optimizer.zero_grad() loss.backward() optimizer.step() epoch_loss += loss.item() _, predicted = torch.max(outputs, 1) epoch_preds.extend(predicted.cpu().numpy()) epoch_targets.extend(target.cpu().numpy()) acc = accuracy_score(epoch_targets, epoch_preds) train_losses.append(epoch_loss) train_accuracies.append("",False | C44_DI_REAL_1,4.4,fairness,Real-data disparate impact reported as 1.0,1.0,1.0,1,models\classifiers\train_hfagm.py,train_hfagm.py,""x_graph, adj_sub) loss = criterion(outputs, target) optimizer.zero_grad() loss.backward() optimizer.step() epoch_loss += loss.item() _, predicted = torch.max(outputs, 1) epoch_preds.extend(predicted.cpu().numpy()) epoch_targets.extend(target.cpu().numpy()) acc = accuracy_score(epoch_targets, epoch_preds) train_losses.append(epoch_loss) train_accuracies.append(acc) print(f""""Epoch {epoch+1}/{epochs} - Loss: {epoch_loss"",False"
outputs\revision_audit\claim_evidence_detailed.csv,92,1.0,0,0,"C44_DI_REAL_1,4.4,fairness,Real-data disparate impact reported as 1.0,1.0,1.0,1,models\classifiers\train_hfagm.py,train_hfagm.py,""(device) # Model config input_dim = contrastive_emb.shape[1] graph_dim = graph_features.shape[1] hidden_dim = 64 num_classes = len(torch.unique(labels)) batch_size = 16 epochs = 20 # Init model model = HFAGM(input_dim, graph_dim, hidden_dim, num_classes).to(device) optimizer = torch.optim.Adam(model.parameters(), lr=1e-3) criterion = nn.CrossEntropyLoss() # Logging train_losses = [] train_accuracies = [] for epoch in range(epochs): model.train() permutation = torch.randperm("",False","C44_DI_REAL_1,4.4,fairness,Real-data disparate impact reported as 1.0,1.0,1.0,1,models\classifiers\train_hfagm.py,train_hfagm.py,""rch.long).to(device) # Model config input_dim = contrastive_emb.shape[1] graph_dim = graph_features.shape[1] hidden_dim = 64 num_classes = len(torch.unique(labels)) batch_size = 16 epochs = 20 # Init model model = HFAGM(input_dim, graph_dim, hidden_dim, num_classes).to(device) optimizer = torch.optim.Adam(model.parameters(), lr=1e-3) criterion = nn.CrossEntropyLoss() # Logging train_losses = [] train_accuracies = [] for epoch in range(epochs): model.train() permutation = tor"",False | C44_DI_REAL_1,4.4,fairness,Real-data disparate impact reported as 1.0,1.0,1.0,1,models\classifiers\train_hfagm.py,train_hfagm.py,""(device) # Model config input_dim = contrastive_emb.shape[1] graph_dim = graph_features.shape[1] hidden_dim = 64 num_classes = len(torch.unique(labels)) batch_size = 16 epochs = 20 # Init model model = HFAGM(input_dim, graph_dim, hidden_dim, num_classes).to(device) optimizer = torch.optim.Adam(model.parameters(), lr=1e-3) criterion = nn.CrossEntropyLoss() # Logging train_losses = [] train_accuracies = [] for epoch in range(epochs): model.train() permutation = torch.randperm("",False | C44_DI_REAL_1,4.4,fairness,Real-data disparate impact reported as 1.0,1.0,1.0,1,models\classifiers\train_hfagm.py,train_hfagm.py,""(device) # Model config input_dim = contrastive_emb.shape[1] graph_dim = graph_features.shape[1] hidden_dim = 64 num_classes = len(torch.unique(labels)) batch_size = 16 epochs = 20 # Init model model = HFAGM(input_dim, graph_dim, hidden_dim, num_classes).to(device) optimizer = torch.optim.Adam(model.parameters(), lr=1e-3) criterion = nn.CrossEntropyLoss() # Logging train_losses = [] train_accuracies = [] for epoch in range(epochs): model.train() permutation = torch.randperm("",False | C44_DI_REAL_1,4.4,fairness,Real-data disparate impact reported as 1.0,1.0,1.0,1,models\classifiers\train_hfagm.py,train_hfagm.py,""get = labels[indices] outputs, attn = model(x_attr, x_graph, adj_sub) loss = criterion(outputs, target) optimizer.zero_grad() loss.backward() optimizer.step() epoch_loss += loss.item() _, predicted = torch.max(outputs, 1) epoch_preds.extend(predicted.cpu().numpy()) epoch_targets.extend(target.cpu().numpy()) acc = accuracy_score(epoch_targets, epoch_preds) train_losses.append(epoch_loss) train_accuracies.append("",False | C44_DI_REAL_1,4.4,fairness,Real-data disparate impact reported as 1.0,1.0,1.0,1,models\classifiers\train_hfagm.py,train_hfagm.py,""x_graph, adj_sub) loss = criterion(outputs, target) optimizer.zero_grad() loss.backward() optimizer.step() epoch_loss += loss.item() _, predicted = torch.max(outputs, 1) epoch_preds.extend(predicted.cpu().numpy()) epoch_targets.extend(target.cpu().numpy()) acc = accuracy_score(epoch_targets, epoch_preds) train_losses.append(epoch_loss) train_accuracies.append(acc) print(f""""Epoch {epoch+1}/{epochs} - Loss: {epoch_loss"",False"
outputs\revision_audit\claim_evidence_detailed.csv,92,1.0,0,0,"C44_DI_REAL_1,4.4,fairness,Real-data disparate impact reported as 1.0,1.0,1.0,1,models\classifiers\train_hfagm.py,train_hfagm.py,""(device) # Model config input_dim = contrastive_emb.shape[1] graph_dim = graph_features.shape[1] hidden_dim = 64 num_classes = len(torch.unique(labels)) batch_size = 16 epochs = 20 # Init model model = HFAGM(input_dim, graph_dim, hidden_dim, num_classes).to(device) optimizer = torch.optim.Adam(model.parameters(), lr=1e-3) criterion = nn.CrossEntropyLoss() # Logging train_losses = [] train_accuracies = [] for epoch in range(epochs): model.train() permutation = torch.randperm("",False","C44_DI_REAL_1,4.4,fairness,Real-data disparate impact reported as 1.0,1.0,1.0,1,models\classifiers\train_hfagm.py,train_hfagm.py,""rch.long).to(device) # Model config input_dim = contrastive_emb.shape[1] graph_dim = graph_features.shape[1] hidden_dim = 64 num_classes = len(torch.unique(labels)) batch_size = 16 epochs = 20 # Init model model = HFAGM(input_dim, graph_dim, hidden_dim, num_classes).to(device) optimizer = torch.optim.Adam(model.parameters(), lr=1e-3) criterion = nn.CrossEntropyLoss() # Logging train_losses = [] train_accuracies = [] for epoch in range(epochs): model.train() permutation = tor"",False | C44_DI_REAL_1,4.4,fairness,Real-data disparate impact reported as 1.0,1.0,1.0,1,models\classifiers\train_hfagm.py,train_hfagm.py,""(device) # Model config input_dim = contrastive_emb.shape[1] graph_dim = graph_features.shape[1] hidden_dim = 64 num_classes = len(torch.unique(labels)) batch_size = 16 epochs = 20 # Init model model = HFAGM(input_dim, graph_dim, hidden_dim, num_classes).to(device) optimizer = torch.optim.Adam(model.parameters(), lr=1e-3) criterion = nn.CrossEntropyLoss() # Logging train_losses = [] train_accuracies = [] for epoch in range(epochs): model.train() permutation = torch.randperm("",False | C44_DI_REAL_1,4.4,fairness,Real-data disparate impact reported as 1.0,1.0,1.0,1,models\classifiers\train_hfagm.py,train_hfagm.py,""(device) # Model config input_dim = contrastive_emb.shape[1] graph_dim = graph_features.shape[1] hidden_dim = 64 num_classes = len(torch.unique(labels)) batch_size = 16 epochs = 20 # Init model model = HFAGM(input_dim, graph_dim, hidden_dim, num_classes).to(device) optimizer = torch.optim.Adam(model.parameters(), lr=1e-3) criterion = nn.CrossEntropyLoss() # Logging train_losses = [] train_accuracies = [] for epoch in range(epochs): model.train() permutation = torch.randperm("",False | C44_DI_REAL_1,4.4,fairness,Real-data disparate impact reported as 1.0,1.0,1.0,1,models\classifiers\train_hfagm.py,train_hfagm.py,""get = labels[indices] outputs, attn = model(x_attr, x_graph, adj_sub) loss = criterion(outputs, target) optimizer.zero_grad() loss.backward() optimizer.step() epoch_loss += loss.item() _, predicted = torch.max(outputs, 1) epoch_preds.extend(predicted.cpu().numpy()) epoch_targets.extend(target.cpu().numpy()) acc = accuracy_score(epoch_targets, epoch_preds) train_losses.append(epoch_loss) train_accuracies.append("",False | C44_DI_REAL_1,4.4,fairness,Real-data disparate impact reported as 1.0,1.0,1.0,1,models\classifiers\train_hfagm.py,train_hfagm.py,""x_graph, adj_sub) loss = criterion(outputs, target) optimizer.zero_grad() loss.backward() optimizer.step() epoch_loss += loss.item() _, predicted = torch.max(outputs, 1) epoch_preds.extend(predicted.cpu().numpy()) epoch_targets.extend(target.cpu().numpy()) acc = accuracy_score(epoch_targets, epoch_preds) train_losses.append(epoch_loss) train_accuracies.append(acc) print(f""""Epoch {epoch+1}/{epochs} - Loss: {epoch_loss"",False"
outputs\revision_audit\claim_evidence_detailed.csv,92,1.0,0,0,"C44_DI_REAL_1,4.4,fairness,Real-data disparate impact reported as 1.0,1.0,1.0,1,models\classifiers\train_hfagm.py,train_hfagm.py,""(device) # Model config input_dim = contrastive_emb.shape[1] graph_dim = graph_features.shape[1] hidden_dim = 64 num_classes = len(torch.unique(labels)) batch_size = 16 epochs = 20 # Init model model = HFAGM(input_dim, graph_dim, hidden_dim, num_classes).to(device) optimizer = torch.optim.Adam(model.parameters(), lr=1e-3) criterion = nn.CrossEntropyLoss() # Logging train_losses = [] train_accuracies = [] for epoch in range(epochs): model.train() permutation = torch.randperm("",False","C44_DI_REAL_1,4.4,fairness,Real-data disparate impact reported as 1.0,1.0,1.0,1,models\classifiers\train_hfagm.py,train_hfagm.py,""rch.long).to(device) # Model config input_dim = contrastive_emb.shape[1] graph_dim = graph_features.shape[1] hidden_dim = 64 num_classes = len(torch.unique(labels)) batch_size = 16 epochs = 20 # Init model model = HFAGM(input_dim, graph_dim, hidden_dim, num_classes).to(device) optimizer = torch.optim.Adam(model.parameters(), lr=1e-3) criterion = nn.CrossEntropyLoss() # Logging train_losses = [] train_accuracies = [] for epoch in range(epochs): model.train() permutation = tor"",False | C44_DI_REAL_1,4.4,fairness,Real-data disparate impact reported as 1.0,1.0,1.0,1,models\classifiers\train_hfagm.py,train_hfagm.py,""(device) # Model config input_dim = contrastive_emb.shape[1] graph_dim = graph_features.shape[1] hidden_dim = 64 num_classes = len(torch.unique(labels)) batch_size = 16 epochs = 20 # Init model model = HFAGM(input_dim, graph_dim, hidden_dim, num_classes).to(device) optimizer = torch.optim.Adam(model.parameters(), lr=1e-3) criterion = nn.CrossEntropyLoss() # Logging train_losses = [] train_accuracies = [] for epoch in range(epochs): model.train() permutation = torch.randperm("",False | C44_DI_REAL_1,4.4,fairness,Real-data disparate impact reported as 1.0,1.0,1.0,1,models\classifiers\train_hfagm.py,train_hfagm.py,""(device) # Model config input_dim = contrastive_emb.shape[1] graph_dim = graph_features.shape[1] hidden_dim = 64 num_classes = len(torch.unique(labels)) batch_size = 16 epochs = 20 # Init model model = HFAGM(input_dim, graph_dim, hidden_dim, num_classes).to(device) optimizer = torch.optim.Adam(model.parameters(), lr=1e-3) criterion = nn.CrossEntropyLoss() # Logging train_losses = [] train_accuracies = [] for epoch in range(epochs): model.train() permutation = torch.randperm("",False | C44_DI_REAL_1,4.4,fairness,Real-data disparate impact reported as 1.0,1.0,1.0,1,models\classifiers\train_hfagm.py,train_hfagm.py,""get = labels[indices] outputs, attn = model(x_attr, x_graph, adj_sub) loss = criterion(outputs, target) optimizer.zero_grad() loss.backward() optimizer.step() epoch_loss += loss.item() _, predicted = torch.max(outputs, 1) epoch_preds.extend(predicted.cpu().numpy()) epoch_targets.extend(target.cpu().numpy()) acc = accuracy_score(epoch_targets, epoch_preds) train_losses.append(epoch_loss) train_accuracies.append("",False | C44_DI_REAL_1,4.4,fairness,Real-data disparate impact reported as 1.0,1.0,1.0,1,models\classifiers\train_hfagm.py,train_hfagm.py,""x_graph, adj_sub) loss = criterion(outputs, target) optimizer.zero_grad() loss.backward() optimizer.step() epoch_loss += loss.item() _, predicted = torch.max(outputs, 1) epoch_preds.extend(predicted.cpu().numpy()) epoch_targets.extend(target.cpu().numpy()) acc = accuracy_score(epoch_targets, epoch_preds) train_losses.append(epoch_loss) train_accuracies.append(acc) print(f""""Epoch {epoch+1}/{epochs} - Loss: {epoch_loss"",False"
outputs\revision_audit\claim_evidence_detailed.csv,92,1.0,0,0,"C44_DI_REAL_1,4.4,fairness,Real-data disparate impact reported as 1.0,1.0,1.0,1,models\classifiers\train_hfagm.py,train_hfagm.py,""(device) # Model config input_dim = contrastive_emb.shape[1] graph_dim = graph_features.shape[1] hidden_dim = 64 num_classes = len(torch.unique(labels)) batch_size = 16 epochs = 20 # Init model model = HFAGM(input_dim, graph_dim, hidden_dim, num_classes).to(device) optimizer = torch.optim.Adam(model.parameters(), lr=1e-3) criterion = nn.CrossEntropyLoss() # Logging train_losses = [] train_accuracies = [] for epoch in range(epochs): model.train() permutation = torch.randperm("",False","C44_DI_REAL_1,4.4,fairness,Real-data disparate impact reported as 1.0,1.0,1.0,1,models\classifiers\train_hfagm.py,train_hfagm.py,""rch.long).to(device) # Model config input_dim = contrastive_emb.shape[1] graph_dim = graph_features.shape[1] hidden_dim = 64 num_classes = len(torch.unique(labels)) batch_size = 16 epochs = 20 # Init model model = HFAGM(input_dim, graph_dim, hidden_dim, num_classes).to(device) optimizer = torch.optim.Adam(model.parameters(), lr=1e-3) criterion = nn.CrossEntropyLoss() # Logging train_losses = [] train_accuracies = [] for epoch in range(epochs): model.train() permutation = tor"",False | C44_DI_REAL_1,4.4,fairness,Real-data disparate impact reported as 1.0,1.0,1.0,1,models\classifiers\train_hfagm.py,train_hfagm.py,""(device) # Model config input_dim = contrastive_emb.shape[1] graph_dim = graph_features.shape[1] hidden_dim = 64 num_classes = len(torch.unique(labels)) batch_size = 16 epochs = 20 # Init model model = HFAGM(input_dim, graph_dim, hidden_dim, num_classes).to(device) optimizer = torch.optim.Adam(model.parameters(), lr=1e-3) criterion = nn.CrossEntropyLoss() # Logging train_losses = [] train_accuracies = [] for epoch in range(epochs): model.train() permutation = torch.randperm("",False | C44_DI_REAL_1,4.4,fairness,Real-data disparate impact reported as 1.0,1.0,1.0,1,models\classifiers\train_hfagm.py,train_hfagm.py,""(device) # Model config input_dim = contrastive_emb.shape[1] graph_dim = graph_features.shape[1] hidden_dim = 64 num_classes = len(torch.unique(labels)) batch_size = 16 epochs = 20 # Init model model = HFAGM(input_dim, graph_dim, hidden_dim, num_classes).to(device) optimizer = torch.optim.Adam(model.parameters(), lr=1e-3) criterion = nn.CrossEntropyLoss() # Logging train_losses = [] train_accuracies = [] for epoch in range(epochs): model.train() permutation = torch.randperm("",False | C44_DI_REAL_1,4.4,fairness,Real-data disparate impact reported as 1.0,1.0,1.0,1,models\classifiers\train_hfagm.py,train_hfagm.py,""get = labels[indices] outputs, attn = model(x_attr, x_graph, adj_sub) loss = criterion(outputs, target) optimizer.zero_grad() loss.backward() optimizer.step() epoch_loss += loss.item() _, predicted = torch.max(outputs, 1) epoch_preds.extend(predicted.cpu().numpy()) epoch_targets.extend(target.cpu().numpy()) acc = accuracy_score(epoch_targets, epoch_preds) train_losses.append(epoch_loss) train_accuracies.append("",False | C44_DI_REAL_1,4.4,fairness,Real-data disparate impact reported as 1.0,1.0,1.0,1,models\classifiers\train_hfagm.py,train_hfagm.py,""x_graph, adj_sub) loss = criterion(outputs, target) optimizer.zero_grad() loss.backward() optimizer.step() epoch_loss += loss.item() _, predicted = torch.max(outputs, 1) epoch_preds.extend(predicted.cpu().numpy()) epoch_targets.extend(target.cpu().numpy()) acc = accuracy_score(epoch_targets, epoch_preds) train_losses.append(epoch_loss) train_accuracies.append(acc) print(f""""Epoch {epoch+1}/{epochs} - Loss: {epoch_loss"",False"
outputs\revision_audit\claim_evidence_detailed.csv,92,1.0,0,0,"C44_DI_REAL_1,4.4,fairness,Real-data disparate impact reported as 1.0,1.0,1.0,1,models\classifiers\train_hfagm.py,train_hfagm.py,""(device) # Model config input_dim = contrastive_emb.shape[1] graph_dim = graph_features.shape[1] hidden_dim = 64 num_classes = len(torch.unique(labels)) batch_size = 16 epochs = 20 # Init model model = HFAGM(input_dim, graph_dim, hidden_dim, num_classes).to(device) optimizer = torch.optim.Adam(model.parameters(), lr=1e-3) criterion = nn.CrossEntropyLoss() # Logging train_losses = [] train_accuracies = [] for epoch in range(epochs): model.train() permutation = torch.randperm("",False","C44_DI_REAL_1,4.4,fairness,Real-data disparate impact reported as 1.0,1.0,1.0,1,models\classifiers\train_hfagm.py,train_hfagm.py,""rch.long).to(device) # Model config input_dim = contrastive_emb.shape[1] graph_dim = graph_features.shape[1] hidden_dim = 64 num_classes = len(torch.unique(labels)) batch_size = 16 epochs = 20 # Init model model = HFAGM(input_dim, graph_dim, hidden_dim, num_classes).to(device) optimizer = torch.optim.Adam(model.parameters(), lr=1e-3) criterion = nn.CrossEntropyLoss() # Logging train_losses = [] train_accuracies = [] for epoch in range(epochs): model.train() permutation = tor"",False | C44_DI_REAL_1,4.4,fairness,Real-data disparate impact reported as 1.0,1.0,1.0,1,models\classifiers\train_hfagm.py,train_hfagm.py,""(device) # Model config input_dim = contrastive_emb.shape[1] graph_dim = graph_features.shape[1] hidden_dim = 64 num_classes = len(torch.unique(labels)) batch_size = 16 epochs = 20 # Init model model = HFAGM(input_dim, graph_dim, hidden_dim, num_classes).to(device) optimizer = torch.optim.Adam(model.parameters(), lr=1e-3) criterion = nn.CrossEntropyLoss() # Logging train_losses = [] train_accuracies = [] for epoch in range(epochs): model.train() permutation = torch.randperm("",False | C44_DI_REAL_1,4.4,fairness,Real-data disparate impact reported as 1.0,1.0,1.0,1,models\classifiers\train_hfagm.py,train_hfagm.py,""(device) # Model config input_dim = contrastive_emb.shape[1] graph_dim = graph_features.shape[1] hidden_dim = 64 num_classes = len(torch.unique(labels)) batch_size = 16 epochs = 20 # Init model model = HFAGM(input_dim, graph_dim, hidden_dim, num_classes).to(device) optimizer = torch.optim.Adam(model.parameters(), lr=1e-3) criterion = nn.CrossEntropyLoss() # Logging train_losses = [] train_accuracies = [] for epoch in range(epochs): model.train() permutation = torch.randperm("",False | C44_DI_REAL_1,4.4,fairness,Real-data disparate impact reported as 1.0,1.0,1.0,1,models\classifiers\train_hfagm.py,train_hfagm.py,""get = labels[indices] outputs, attn = model(x_attr, x_graph, adj_sub) loss = criterion(outputs, target) optimizer.zero_grad() loss.backward() optimizer.step() epoch_loss += loss.item() _, predicted = torch.max(outputs, 1) epoch_preds.extend(predicted.cpu().numpy()) epoch_targets.extend(target.cpu().numpy()) acc = accuracy_score(epoch_targets, epoch_preds) train_losses.append(epoch_loss) train_accuracies.append("",False | C44_DI_REAL_1,4.4,fairness,Real-data disparate impact reported as 1.0,1.0,1.0,1,models\classifiers\train_hfagm.py,train_hfagm.py,""x_graph, adj_sub) loss = criterion(outputs, target) optimizer.zero_grad() loss.backward() optimizer.step() epoch_loss += loss.item() _, predicted = torch.max(outputs, 1) epoch_preds.extend(predicted.cpu().numpy()) epoch_targets.extend(target.cpu().numpy()) acc = accuracy_score(epoch_targets, epoch_preds) train_losses.append(epoch_loss) train_accuracies.append(acc) print(f""""Epoch {epoch+1}/{epochs} - Loss: {epoch_loss"",False"
outputs\revision_audit\claim_evidence_detailed.csv,92,64.0,0,0,"C44_DI_REAL_1,4.4,fairness,Real-data disparate impact reported as 1.0,1.0,1.0,1,models\classifiers\train_hfagm.py,train_hfagm.py,""(device) # Model config input_dim = contrastive_emb.shape[1] graph_dim = graph_features.shape[1] hidden_dim = 64 num_classes = len(torch.unique(labels)) batch_size = 16 epochs = 20 # Init model model = HFAGM(input_dim, graph_dim, hidden_dim, num_classes).to(device) optimizer = torch.optim.Adam(model.parameters(), lr=1e-3) criterion = nn.CrossEntropyLoss() # Logging train_losses = [] train_accuracies = [] for epoch in range(epochs): model.train() permutation = torch.randperm("",False","C44_DI_REAL_1,4.4,fairness,Real-data disparate impact reported as 1.0,1.0,1.0,1,models\classifiers\train_hfagm.py,train_hfagm.py,""rch.long).to(device) # Model config input_dim = contrastive_emb.shape[1] graph_dim = graph_features.shape[1] hidden_dim = 64 num_classes = len(torch.unique(labels)) batch_size = 16 epochs = 20 # Init model model = HFAGM(input_dim, graph_dim, hidden_dim, num_classes).to(device) optimizer = torch.optim.Adam(model.parameters(), lr=1e-3) criterion = nn.CrossEntropyLoss() # Logging train_losses = [] train_accuracies = [] for epoch in range(epochs): model.train() permutation = tor"",False | C44_DI_REAL_1,4.4,fairness,Real-data disparate impact reported as 1.0,1.0,1.0,1,models\classifiers\train_hfagm.py,train_hfagm.py,""(device) # Model config input_dim = contrastive_emb.shape[1] graph_dim = graph_features.shape[1] hidden_dim = 64 num_classes = len(torch.unique(labels)) batch_size = 16 epochs = 20 # Init model model = HFAGM(input_dim, graph_dim, hidden_dim, num_classes).to(device) optimizer = torch.optim.Adam(model.parameters(), lr=1e-3) criterion = nn.CrossEntropyLoss() # Logging train_losses = [] train_accuracies = [] for epoch in range(epochs): model.train() permutation = torch.randperm("",False | C44_DI_REAL_1,4.4,fairness,Real-data disparate impact reported as 1.0,1.0,1.0,1,models\classifiers\train_hfagm.py,train_hfagm.py,""(device) # Model config input_dim = contrastive_emb.shape[1] graph_dim = graph_features.shape[1] hidden_dim = 64 num_classes = len(torch.unique(labels)) batch_size = 16 epochs = 20 # Init model model = HFAGM(input_dim, graph_dim, hidden_dim, num_classes).to(device) optimizer = torch.optim.Adam(model.parameters(), lr=1e-3) criterion = nn.CrossEntropyLoss() # Logging train_losses = [] train_accuracies = [] for epoch in range(epochs): model.train() permutation = torch.randperm("",False | C44_DI_REAL_1,4.4,fairness,Real-data disparate impact reported as 1.0,1.0,1.0,1,models\classifiers\train_hfagm.py,train_hfagm.py,""get = labels[indices] outputs, attn = model(x_attr, x_graph, adj_sub) loss = criterion(outputs, target) optimizer.zero_grad() loss.backward() optimizer.step() epoch_loss += loss.item() _, predicted = torch.max(outputs, 1) epoch_preds.extend(predicted.cpu().numpy()) epoch_targets.extend(target.cpu().numpy()) acc = accuracy_score(epoch_targets, epoch_preds) train_losses.append(epoch_loss) train_accuracies.append("",False | C44_DI_REAL_1,4.4,fairness,Real-data disparate impact reported as 1.0,1.0,1.0,1,models\classifiers\train_hfagm.py,train_hfagm.py,""x_graph, adj_sub) loss = criterion(outputs, target) optimizer.zero_grad() loss.backward() optimizer.step() epoch_loss += loss.item() _, predicted = torch.max(outputs, 1) epoch_preds.extend(predicted.cpu().numpy()) epoch_targets.extend(target.cpu().numpy()) acc = accuracy_score(epoch_targets, epoch_preds) train_losses.append(epoch_loss) train_accuracies.append(acc) print(f""""Epoch {epoch+1}/{epochs} - Loss: {epoch_loss"",False"
outputs\revision_audit\claim_evidence_detailed.csv,92,16.0,0,0,"C44_DI_REAL_1,4.4,fairness,Real-data disparate impact reported as 1.0,1.0,1.0,1,models\classifiers\train_hfagm.py,train_hfagm.py,""(device) # Model config input_dim = contrastive_emb.shape[1] graph_dim = graph_features.shape[1] hidden_dim = 64 num_classes = len(torch.unique(labels)) batch_size = 16 epochs = 20 # Init model model = HFAGM(input_dim, graph_dim, hidden_dim, num_classes).to(device) optimizer = torch.optim.Adam(model.parameters(), lr=1e-3) criterion = nn.CrossEntropyLoss() # Logging train_losses = [] train_accuracies = [] for epoch in range(epochs): model.train() permutation = torch.randperm("",False","C44_DI_REAL_1,4.4,fairness,Real-data disparate impact reported as 1.0,1.0,1.0,1,models\classifiers\train_hfagm.py,train_hfagm.py,""rch.long).to(device) # Model config input_dim = contrastive_emb.shape[1] graph_dim = graph_features.shape[1] hidden_dim = 64 num_classes = len(torch.unique(labels)) batch_size = 16 epochs = 20 # Init model model = HFAGM(input_dim, graph_dim, hidden_dim, num_classes).to(device) optimizer = torch.optim.Adam(model.parameters(), lr=1e-3) criterion = nn.CrossEntropyLoss() # Logging train_losses = [] train_accuracies = [] for epoch in range(epochs): model.train() permutation = tor"",False | C44_DI_REAL_1,4.4,fairness,Real-data disparate impact reported as 1.0,1.0,1.0,1,models\classifiers\train_hfagm.py,train_hfagm.py,""(device) # Model config input_dim = contrastive_emb.shape[1] graph_dim = graph_features.shape[1] hidden_dim = 64 num_classes = len(torch.unique(labels)) batch_size = 16 epochs = 20 # Init model model = HFAGM(input_dim, graph_dim, hidden_dim, num_classes).to(device) optimizer = torch.optim.Adam(model.parameters(), lr=1e-3) criterion = nn.CrossEntropyLoss() # Logging train_losses = [] train_accuracies = [] for epoch in range(epochs): model.train() permutation = torch.randperm("",False | C44_DI_REAL_1,4.4,fairness,Real-data disparate impact reported as 1.0,1.0,1.0,1,models\classifiers\train_hfagm.py,train_hfagm.py,""(device) # Model config input_dim = contrastive_emb.shape[1] graph_dim = graph_features.shape[1] hidden_dim = 64 num_classes = len(torch.unique(labels)) batch_size = 16 epochs = 20 # Init model model = HFAGM(input_dim, graph_dim, hidden_dim, num_classes).to(device) optimizer = torch.optim.Adam(model.parameters(), lr=1e-3) criterion = nn.CrossEntropyLoss() # Logging train_losses = [] train_accuracies = [] for epoch in range(epochs): model.train() permutation = torch.randperm("",False | C44_DI_REAL_1,4.4,fairness,Real-data disparate impact reported as 1.0,1.0,1.0,1,models\classifiers\train_hfagm.py,train_hfagm.py,""get = labels[indices] outputs, attn = model(x_attr, x_graph, adj_sub) loss = criterion(outputs, target) optimizer.zero_grad() loss.backward() optimizer.step() epoch_loss += loss.item() _, predicted = torch.max(outputs, 1) epoch_preds.extend(predicted.cpu().numpy()) epoch_targets.extend(target.cpu().numpy()) acc = accuracy_score(epoch_targets, epoch_preds) train_losses.append(epoch_loss) train_accuracies.append("",False | C44_DI_REAL_1,4.4,fairness,Real-data disparate impact reported as 1.0,1.0,1.0,1,models\classifiers\train_hfagm.py,train_hfagm.py,""x_graph, adj_sub) loss = criterion(outputs, target) optimizer.zero_grad() loss.backward() optimizer.step() epoch_loss += loss.item() _, predicted = torch.max(outputs, 1) epoch_preds.extend(predicted.cpu().numpy()) epoch_targets.extend(target.cpu().numpy()) acc = accuracy_score(epoch_targets, epoch_preds) train_losses.append(epoch_loss) train_accuracies.append(acc) print(f""""Epoch {epoch+1}/{epochs} - Loss: {epoch_loss"",False"
outputs\revision_audit\claim_evidence_detailed.csv,92,20.0,0,0,"C44_DI_REAL_1,4.4,fairness,Real-data disparate impact reported as 1.0,1.0,1.0,1,models\classifiers\train_hfagm.py,train_hfagm.py,""(device) # Model config input_dim = contrastive_emb.shape[1] graph_dim = graph_features.shape[1] hidden_dim = 64 num_classes = len(torch.unique(labels)) batch_size = 16 epochs = 20 # Init model model = HFAGM(input_dim, graph_dim, hidden_dim, num_classes).to(device) optimizer = torch.optim.Adam(model.parameters(), lr=1e-3) criterion = nn.CrossEntropyLoss() # Logging train_losses = [] train_accuracies = [] for epoch in range(epochs): model.train() permutation = torch.randperm("",False","C44_DI_REAL_1,4.4,fairness,Real-data disparate impact reported as 1.0,1.0,1.0,1,models\classifiers\train_hfagm.py,train_hfagm.py,""rch.long).to(device) # Model config input_dim = contrastive_emb.shape[1] graph_dim = graph_features.shape[1] hidden_dim = 64 num_classes = len(torch.unique(labels)) batch_size = 16 epochs = 20 # Init model model = HFAGM(input_dim, graph_dim, hidden_dim, num_classes).to(device) optimizer = torch.optim.Adam(model.parameters(), lr=1e-3) criterion = nn.CrossEntropyLoss() # Logging train_losses = [] train_accuracies = [] for epoch in range(epochs): model.train() permutation = tor"",False | C44_DI_REAL_1,4.4,fairness,Real-data disparate impact reported as 1.0,1.0,1.0,1,models\classifiers\train_hfagm.py,train_hfagm.py,""(device) # Model config input_dim = contrastive_emb.shape[1] graph_dim = graph_features.shape[1] hidden_dim = 64 num_classes = len(torch.unique(labels)) batch_size = 16 epochs = 20 # Init model model = HFAGM(input_dim, graph_dim, hidden_dim, num_classes).to(device) optimizer = torch.optim.Adam(model.parameters(), lr=1e-3) criterion = nn.CrossEntropyLoss() # Logging train_losses = [] train_accuracies = [] for epoch in range(epochs): model.train() permutation = torch.randperm("",False | C44_DI_REAL_1,4.4,fairness,Real-data disparate impact reported as 1.0,1.0,1.0,1,models\classifiers\train_hfagm.py,train_hfagm.py,""(device) # Model config input_dim = contrastive_emb.shape[1] graph_dim = graph_features.shape[1] hidden_dim = 64 num_classes = len(torch.unique(labels)) batch_size = 16 epochs = 20 # Init model model = HFAGM(input_dim, graph_dim, hidden_dim, num_classes).to(device) optimizer = torch.optim.Adam(model.parameters(), lr=1e-3) criterion = nn.CrossEntropyLoss() # Logging train_losses = [] train_accuracies = [] for epoch in range(epochs): model.train() permutation = torch.randperm("",False | C44_DI_REAL_1,4.4,fairness,Real-data disparate impact reported as 1.0,1.0,1.0,1,models\classifiers\train_hfagm.py,train_hfagm.py,""get = labels[indices] outputs, attn = model(x_attr, x_graph, adj_sub) loss = criterion(outputs, target) optimizer.zero_grad() loss.backward() optimizer.step() epoch_loss += loss.item() _, predicted = torch.max(outputs, 1) epoch_preds.extend(predicted.cpu().numpy()) epoch_targets.extend(target.cpu().numpy()) acc = accuracy_score(epoch_targets, epoch_preds) train_losses.append(epoch_loss) train_accuracies.append("",False | C44_DI_REAL_1,4.4,fairness,Real-data disparate impact reported as 1.0,1.0,1.0,1,models\classifiers\train_hfagm.py,train_hfagm.py,""x_graph, adj_sub) loss = criterion(outputs, target) optimizer.zero_grad() loss.backward() optimizer.step() epoch_loss += loss.item() _, predicted = torch.max(outputs, 1) epoch_preds.extend(predicted.cpu().numpy()) epoch_targets.extend(target.cpu().numpy()) acc = accuracy_score(epoch_targets, epoch_preds) train_losses.append(epoch_loss) train_accuracies.append(acc) print(f""""Epoch {epoch+1}/{epochs} - Loss: {epoch_loss"",False"
outputs\revision_audit\claim_evidence_detailed.csv,520,4.4,0,0,"C44_DI_REAL_1,4.4,fairness,Real-data disparate impact reported as 1.0,1.0,1.0,1,training\ensemble\train_hfagm.py,train_hfagm.py,""y_tensor = torch.tensor(y, dtype=torch.float32).unsqueeze(1) dataset = TensorDataset(X_tensor, adj_tensor, contrastive_tensor, y_tensor) dataloader = DataLoader(dataset, batch_size=32, shuffle=True) # ==== Initialize Model ==== model = HFAGM(input_dim=X.shape[1], contrastive_dim=contrastive.shape[1], hidden_dim=64) criterion = nn.BCEWithLogitsLoss() optimizer = optim.Adam(model.parameters(), lr=0.001) # ==== Training Loop ==== model.train() epochs = 20 for epoch in range(epochs): epoch_loss"",False","C45_SYNTHETIC_N_100000,4.3,scalability,Synthetic scalability workload includes N=100000,100000,100000.0,100000,New_Code\01_audit_existing_results.py,01_audit_existing_results.py,""category"""": """"scalability"""", """"description"""": """"Synthetic scalability workload includes N=100000"""", """"metric_terms"""": [ """"sample"""", """"samples"""", """"dataset size"""", """"n="""", """"n ="""", """"synthetic size"""", ], """"target_values"""": [100000], """"tolerance"""": 0.0, }, ] # ============================================================ # 4. KEYWORDS FOR FILE CLASSIFICATION # ============================================================"",False | C45_SYNTHETIC_N_100000,4.3,scalability,Synthetic scalability workload includes N=100000,100000,100000.0,100000,New_Code\01_audit_existing_results.py,01_audit_existing_results.py,""category"""": """"scalability"""", """"description"""": """"Synthetic scalability workload includes N=100000"""", """"metric_terms"""": [ """"sample"""", """"samples"""", """"dataset size"""", """"n="""", """"n ="""", """"synthetic size"""", ], """"target_values"""": [100000], """"tolerance"""": 0.0, }, ] # ============================================================ # 4. KEYWORDS FOR FILE CLASSIFICATION # ============================================================"",False | C44_DI_REAL_1,4.4,fairness,Real-data disparate impact reported as 1.0,1.0,1.0,1,training\ensemble\train_hfagm.py,train_hfagm.py,""y_tensor = torch.tensor(y, dtype=torch.float32).unsqueeze(1) dataset = TensorDataset(X_tensor, adj_tensor, contrastive_tensor, y_tensor) dataloader = DataLoader(dataset, batch_size=32, shuffle=True) # ==== Initialize Model ==== model = HFAGM(input_dim=X.shape[1], contrastive_dim=contrastive.shape[1], hidden_dim=64) criterion = nn.BCEWithLogitsLoss() optimizer = optim.Adam(model.parameters(), lr=0.001) # ==== Training Loop ==== model.train() epochs = 20 for epoch in range(epochs): epoch_loss"",False | C44_DI_REAL_1,4.4,fairness,Real-data disparate impact reported as 1.0,1.0,1.0,1,training\ensemble\train_hfagm.py,train_hfagm.py,""y_tensor = torch.tensor(y, dtype=torch.float32).unsqueeze(1) dataset = TensorDataset(X_tensor, adj_tensor, contrastive_tensor, y_tensor) dataloader = DataLoader(dataset, batch_size=32, shuffle=True) # ==== Initialize Model ==== model = HFAGM(input_dim=X.shape[1], contrastive_dim=contrastive.shape[1], hidden_dim=64) criterion = nn.BCEWithLogitsLoss() optimizer = optim.Adam(model.parameters(), lr=0.001) # ==== Training Loop ==== model.train() epochs = 20 for epoch in range(epochs): epoch_loss"",False | C44_DI_REAL_1,4.4,fairness,Real-data disparate impact reported as 1.0,1.0,1.0,1,training\ensemble\train_hfagm.py,train_hfagm.py,""y_tensor = torch.tensor(y, dtype=torch.float32).unsqueeze(1) dataset = TensorDataset(X_tensor, adj_tensor, contrastive_tensor, y_tensor) dataloader = DataLoader(dataset, batch_size=32, shuffle=True) # ==== Initialize Model ==== model = HFAGM(input_dim=X.shape[1], contrastive_dim=contrastive.shape[1], hidden_dim=64) criterion = nn.BCEWithLogitsLoss() optimizer = optim.Adam(model.para"
outputs\revision_audit\claim_evidence_detailed.csv,520,1.0,0,0,"C44_DI_REAL_1,4.4,fairness,Real-data disparate impact reported as 1.0,1.0,1.0,1,training\ensemble\train_hfagm.py,train_hfagm.py,""y_tensor = torch.tensor(y, dtype=torch.float32).unsqueeze(1) dataset = TensorDataset(X_tensor, adj_tensor, contrastive_tensor, y_tensor) dataloader = DataLoader(dataset, batch_size=32, shuffle=True) # ==== Initialize Model ==== model = HFAGM(input_dim=X.shape[1], contrastive_dim=contrastive.shape[1], hidden_dim=64) criterion = nn.BCEWithLogitsLoss() optimizer = optim.Adam(model.parameters(), lr=0.001) # ==== Training Loop ==== model.train() epochs = 20 for epoch in range(epochs): epoch_loss"",False","C45_SYNTHETIC_N_100000,4.3,scalability,Synthetic scalability workload includes N=100000,100000,100000.0,100000,New_Code\01_audit_existing_results.py,01_audit_existing_results.py,""category"""": """"scalability"""", """"description"""": """"Synthetic scalability workload includes N=100000"""", """"metric_terms"""": [ """"sample"""", """"samples"""", """"dataset size"""", """"n="""", """"n ="""", """"synthetic size"""", ], """"target_values"""": [100000], """"tolerance"""": 0.0, }, ] # ============================================================ # 4. KEYWORDS FOR FILE CLASSIFICATION # ============================================================"",False | C45_SYNTHETIC_N_100000,4.3,scalability,Synthetic scalability workload includes N=100000,100000,100000.0,100000,New_Code\01_audit_existing_results.py,01_audit_existing_results.py,""category"""": """"scalability"""", """"description"""": """"Synthetic scalability workload includes N=100000"""", """"metric_terms"""": [ """"sample"""", """"samples"""", """"dataset size"""", """"n="""", """"n ="""", """"synthetic size"""", ], """"target_values"""": [100000], """"tolerance"""": 0.0, }, ] # ============================================================ # 4. KEYWORDS FOR FILE CLASSIFICATION # ============================================================"",False | C44_DI_REAL_1,4.4,fairness,Real-data disparate impact reported as 1.0,1.0,1.0,1,training\ensemble\train_hfagm.py,train_hfagm.py,""y_tensor = torch.tensor(y, dtype=torch.float32).unsqueeze(1) dataset = TensorDataset(X_tensor, adj_tensor, contrastive_tensor, y_tensor) dataloader = DataLoader(dataset, batch_size=32, shuffle=True) # ==== Initialize Model ==== model = HFAGM(input_dim=X.shape[1], contrastive_dim=contrastive.shape[1], hidden_dim=64) criterion = nn.BCEWithLogitsLoss() optimizer = optim.Adam(model.parameters(), lr=0.001) # ==== Training Loop ==== model.train() epochs = 20 for epoch in range(epochs): epoch_loss"",False | C44_DI_REAL_1,4.4,fairness,Real-data disparate impact reported as 1.0,1.0,1.0,1,training\ensemble\train_hfagm.py,train_hfagm.py,""y_tensor = torch.tensor(y, dtype=torch.float32).unsqueeze(1) dataset = TensorDataset(X_tensor, adj_tensor, contrastive_tensor, y_tensor) dataloader = DataLoader(dataset, batch_size=32, shuffle=True) # ==== Initialize Model ==== model = HFAGM(input_dim=X.shape[1], contrastive_dim=contrastive.shape[1], hidden_dim=64) criterion = nn.BCEWithLogitsLoss() optimizer = optim.Adam(model.parameters(), lr=0.001) # ==== Training Loop ==== model.train() epochs = 20 for epoch in range(epochs): epoch_loss"",False | C44_DI_REAL_1,4.4,fairness,Real-data disparate impact reported as 1.0,1.0,1.0,1,training\ensemble\train_hfagm.py,train_hfagm.py,""y_tensor = torch.tensor(y, dtype=torch.float32).unsqueeze(1) dataset = TensorDataset(X_tensor, adj_tensor, contrastive_tensor, y_tensor) dataloader = DataLoader(dataset, batch_size=32, shuffle=True) # ==== Initialize Model ==== model = HFAGM(input_dim=X.shape[1], contrastive_dim=contrastive.shape[1], hidden_dim=64) criterion = nn.BCEWithLogitsLoss() optimizer = optim.Adam(model.para"
outputs\revision_audit\claim_evidence_detailed.csv,520,1.0,0,0,"C44_DI_REAL_1,4.4,fairness,Real-data disparate impact reported as 1.0,1.0,1.0,1,training\ensemble\train_hfagm.py,train_hfagm.py,""y_tensor = torch.tensor(y, dtype=torch.float32).unsqueeze(1) dataset = TensorDataset(X_tensor, adj_tensor, contrastive_tensor, y_tensor) dataloader = DataLoader(dataset, batch_size=32, shuffle=True) # ==== Initialize Model ==== model = HFAGM(input_dim=X.shape[1], contrastive_dim=contrastive.shape[1], hidden_dim=64) criterion = nn.BCEWithLogitsLoss() optimizer = optim.Adam(model.parameters(), lr=0.001) # ==== Training Loop ==== model.train() epochs = 20 for epoch in range(epochs): epoch_loss"",False","C45_SYNTHETIC_N_100000,4.3,scalability,Synthetic scalability workload includes N=100000,100000,100000.0,100000,New_Code\01_audit_existing_results.py,01_audit_existing_results.py,""category"""": """"scalability"""", """"description"""": """"Synthetic scalability workload includes N=100000"""", """"metric_terms"""": [ """"sample"""", """"samples"""", """"dataset size"""", """"n="""", """"n ="""", """"synthetic size"""", ], """"target_values"""": [100000], """"tolerance"""": 0.0, }, ] # ============================================================ # 4. KEYWORDS FOR FILE CLASSIFICATION # ============================================================"",False | C45_SYNTHETIC_N_100000,4.3,scalability,Synthetic scalability workload includes N=100000,100000,100000.0,100000,New_Code\01_audit_existing_results.py,01_audit_existing_results.py,""category"""": """"scalability"""", """"description"""": """"Synthetic scalability workload includes N=100000"""", """"metric_terms"""": [ """"sample"""", """"samples"""", """"dataset size"""", """"n="""", """"n ="""", """"synthetic size"""", ], """"target_values"""": [100000], """"tolerance"""": 0.0, }, ] # ============================================================ # 4. KEYWORDS FOR FILE CLASSIFICATION # ============================================================"",False | C44_DI_REAL_1,4.4,fairness,Real-data disparate impact reported as 1.0,1.0,1.0,1,training\ensemble\train_hfagm.py,train_hfagm.py,""y_tensor = torch.tensor(y, dtype=torch.float32).unsqueeze(1) dataset = TensorDataset(X_tensor, adj_tensor, contrastive_tensor, y_tensor) dataloader = DataLoader(dataset, batch_size=32, shuffle=True) # ==== Initialize Model ==== model = HFAGM(input_dim=X.shape[1], contrastive_dim=contrastive.shape[1], hidden_dim=64) criterion = nn.BCEWithLogitsLoss() optimizer = optim.Adam(model.parameters(), lr=0.001) # ==== Training Loop ==== model.train() epochs = 20 for epoch in range(epochs): epoch_loss"",False | C44_DI_REAL_1,4.4,fairness,Real-data disparate impact reported as 1.0,1.0,1.0,1,training\ensemble\train_hfagm.py,train_hfagm.py,""y_tensor = torch.tensor(y, dtype=torch.float32).unsqueeze(1) dataset = TensorDataset(X_tensor, adj_tensor, contrastive_tensor, y_tensor) dataloader = DataLoader(dataset, batch_size=32, shuffle=True) # ==== Initialize Model ==== model = HFAGM(input_dim=X.shape[1], contrastive_dim=contrastive.shape[1], hidden_dim=64) criterion = nn.BCEWithLogitsLoss() optimizer = optim.Adam(model.parameters(), lr=0.001) # ==== Training Loop ==== model.train() epochs = 20 for epoch in range(epochs): epoch_loss"",False | C44_DI_REAL_1,4.4,fairness,Real-data disparate impact reported as 1.0,1.0,1.0,1,training\ensemble\train_hfagm.py,train_hfagm.py,""y_tensor = torch.tensor(y, dtype=torch.float32).unsqueeze(1) dataset = TensorDataset(X_tensor, adj_tensor, contrastive_tensor, y_tensor) dataloader = DataLoader(dataset, batch_size=32, shuffle=True) # ==== Initialize Model ==== model = HFAGM(input_dim=X.shape[1], contrastive_dim=contrastive.shape[1], hidden_dim=64) criterion = nn.BCEWithLogitsLoss() optimizer = optim.Adam(model.para"
outputs\revision_audit\claim_evidence_detailed.csv,520,1.0,0,0,"C44_DI_REAL_1,4.4,fairness,Real-data disparate impact reported as 1.0,1.0,1.0,1,training\ensemble\train_hfagm.py,train_hfagm.py,""y_tensor = torch.tensor(y, dtype=torch.float32).unsqueeze(1) dataset = TensorDataset(X_tensor, adj_tensor, contrastive_tensor, y_tensor) dataloader = DataLoader(dataset, batch_size=32, shuffle=True) # ==== Initialize Model ==== model = HFAGM(input_dim=X.shape[1], contrastive_dim=contrastive.shape[1], hidden_dim=64) criterion = nn.BCEWithLogitsLoss() optimizer = optim.Adam(model.parameters(), lr=0.001) # ==== Training Loop ==== model.train() epochs = 20 for epoch in range(epochs): epoch_loss"",False","C45_SYNTHETIC_N_100000,4.3,scalability,Synthetic scalability workload includes N=100000,100000,100000.0,100000,New_Code\01_audit_existing_results.py,01_audit_existing_results.py,""category"""": """"scalability"""", """"description"""": """"Synthetic scalability workload includes N=100000"""", """"metric_terms"""": [ """"sample"""", """"samples"""", """"dataset size"""", """"n="""", """"n ="""", """"synthetic size"""", ], """"target_values"""": [100000], """"tolerance"""": 0.0, }, ] # ============================================================ # 4. KEYWORDS FOR FILE CLASSIFICATION # ============================================================"",False | C45_SYNTHETIC_N_100000,4.3,scalability,Synthetic scalability workload includes N=100000,100000,100000.0,100000,New_Code\01_audit_existing_results.py,01_audit_existing_results.py,""category"""": """"scalability"""", """"description"""": """"Synthetic scalability workload includes N=100000"""", """"metric_terms"""": [ """"sample"""", """"samples"""", """"dataset size"""", """"n="""", """"n ="""", """"synthetic size"""", ], """"target_values"""": [100000], """"tolerance"""": 0.0, }, ] # ============================================================ # 4. KEYWORDS FOR FILE CLASSIFICATION # ============================================================"",False | C44_DI_REAL_1,4.4,fairness,Real-data disparate impact reported as 1.0,1.0,1.0,1,training\ensemble\train_hfagm.py,train_hfagm.py,""y_tensor = torch.tensor(y, dtype=torch.float32).unsqueeze(1) dataset = TensorDataset(X_tensor, adj_tensor, contrastive_tensor, y_tensor) dataloader = DataLoader(dataset, batch_size=32, shuffle=True) # ==== Initialize Model ==== model = HFAGM(input_dim=X.shape[1], contrastive_dim=contrastive.shape[1], hidden_dim=64) criterion = nn.BCEWithLogitsLoss() optimizer = optim.Adam(model.parameters(), lr=0.001) # ==== Training Loop ==== model.train() epochs = 20 for epoch in range(epochs): epoch_loss"",False | C44_DI_REAL_1,4.4,fairness,Real-data disparate impact reported as 1.0,1.0,1.0,1,training\ensemble\train_hfagm.py,train_hfagm.py,""y_tensor = torch.tensor(y, dtype=torch.float32).unsqueeze(1) dataset = TensorDataset(X_tensor, adj_tensor, contrastive_tensor, y_tensor) dataloader = DataLoader(dataset, batch_size=32, shuffle=True) # ==== Initialize Model ==== model = HFAGM(input_dim=X.shape[1], contrastive_dim=contrastive.shape[1], hidden_dim=64) criterion = nn.BCEWithLogitsLoss() optimizer = optim.Adam(model.parameters(), lr=0.001) # ==== Training Loop ==== model.train() epochs = 20 for epoch in range(epochs): epoch_loss"",False | C44_DI_REAL_1,4.4,fairness,Real-data disparate impact reported as 1.0,1.0,1.0,1,training\ensemble\train_hfagm.py,train_hfagm.py,""y_tensor = torch.tensor(y, dtype=torch.float32).unsqueeze(1) dataset = TensorDataset(X_tensor, adj_tensor, contrastive_tensor, y_tensor) dataloader = DataLoader(dataset, batch_size=32, shuffle=True) # ==== Initialize Model ==== model = HFAGM(input_dim=X.shape[1], contrastive_dim=contrastive.shape[1], hidden_dim=64) criterion = nn.BCEWithLogitsLoss() optimizer = optim.Adam(model.para"
outputs\revision_audit\claim_evidence_detailed.csv,520,1.0,0,0,"C44_DI_REAL_1,4.4,fairness,Real-data disparate impact reported as 1.0,1.0,1.0,1,training\ensemble\train_hfagm.py,train_hfagm.py,""y_tensor = torch.tensor(y, dtype=torch.float32).unsqueeze(1) dataset = TensorDataset(X_tensor, adj_tensor, contrastive_tensor, y_tensor) dataloader = DataLoader(dataset, batch_size=32, shuffle=True) # ==== Initialize Model ==== model = HFAGM(input_dim=X.shape[1], contrastive_dim=contrastive.shape[1], hidden_dim=64) criterion = nn.BCEWithLogitsLoss() optimizer = optim.Adam(model.parameters(), lr=0.001) # ==== Training Loop ==== model.train() epochs = 20 for epoch in range(epochs): epoch_loss"",False","C45_SYNTHETIC_N_100000,4.3,scalability,Synthetic scalability workload includes N=100000,100000,100000.0,100000,New_Code\01_audit_existing_results.py,01_audit_existing_results.py,""category"""": """"scalability"""", """"description"""": """"Synthetic scalability workload includes N=100000"""", """"metric_terms"""": [ """"sample"""", """"samples"""", """"dataset size"""", """"n="""", """"n ="""", """"synthetic size"""", ], """"target_values"""": [100000], """"tolerance"""": 0.0, }, ] # ============================================================ # 4. KEYWORDS FOR FILE CLASSIFICATION # ============================================================"",False | C45_SYNTHETIC_N_100000,4.3,scalability,Synthetic scalability workload includes N=100000,100000,100000.0,100000,New_Code\01_audit_existing_results.py,01_audit_existing_results.py,""category"""": """"scalability"""", """"description"""": """"Synthetic scalability workload includes N=100000"""", """"metric_terms"""": [ """"sample"""", """"samples"""", """"dataset size"""", """"n="""", """"n ="""", """"synthetic size"""", ], """"target_values"""": [100000], """"tolerance"""": 0.0, }, ] # ============================================================ # 4. KEYWORDS FOR FILE CLASSIFICATION # ============================================================"",False | C44_DI_REAL_1,4.4,fairness,Real-data disparate impact reported as 1.0,1.0,1.0,1,training\ensemble\train_hfagm.py,train_hfagm.py,""y_tensor = torch.tensor(y, dtype=torch.float32).unsqueeze(1) dataset = TensorDataset(X_tensor, adj_tensor, contrastive_tensor, y_tensor) dataloader = DataLoader(dataset, batch_size=32, shuffle=True) # ==== Initialize Model ==== model = HFAGM(input_dim=X.shape[1], contrastive_dim=contrastive.shape[1], hidden_dim=64) criterion = nn.BCEWithLogitsLoss() optimizer = optim.Adam(model.parameters(), lr=0.001) # ==== Training Loop ==== model.train() epochs = 20 for epoch in range(epochs): epoch_loss"",False | C44_DI_REAL_1,4.4,fairness,Real-data disparate impact reported as 1.0,1.0,1.0,1,training\ensemble\train_hfagm.py,train_hfagm.py,""y_tensor = torch.tensor(y, dtype=torch.float32).unsqueeze(1) dataset = TensorDataset(X_tensor, adj_tensor, contrastive_tensor, y_tensor) dataloader = DataLoader(dataset, batch_size=32, shuffle=True) # ==== Initialize Model ==== model = HFAGM(input_dim=X.shape[1], contrastive_dim=contrastive.shape[1], hidden_dim=64) criterion = nn.BCEWithLogitsLoss() optimizer = optim.Adam(model.parameters(), lr=0.001) # ==== Training Loop ==== model.train() epochs = 20 for epoch in range(epochs): epoch_loss"",False | C44_DI_REAL_1,4.4,fairness,Real-data disparate impact reported as 1.0,1.0,1.0,1,training\ensemble\train_hfagm.py,train_hfagm.py,""y_tensor = torch.tensor(y, dtype=torch.float32).unsqueeze(1) dataset = TensorDataset(X_tensor, adj_tensor, contrastive_tensor, y_tensor) dataloader = DataLoader(dataset, batch_size=32, shuffle=True) # ==== Initialize Model ==== model = HFAGM(input_dim=X.shape[1], contrastive_dim=contrastive.shape[1], hidden_dim=64) criterion = nn.BCEWithLogitsLoss() optimizer = optim.Adam(model.para"
outputs\revision_audit\claim_evidence_detailed.csv,520,1.0,0,0,"C44_DI_REAL_1,4.4,fairness,Real-data disparate impact reported as 1.0,1.0,1.0,1,training\ensemble\train_hfagm.py,train_hfagm.py,""y_tensor = torch.tensor(y, dtype=torch.float32).unsqueeze(1) dataset = TensorDataset(X_tensor, adj_tensor, contrastive_tensor, y_tensor) dataloader = DataLoader(dataset, batch_size=32, shuffle=True) # ==== Initialize Model ==== model = HFAGM(input_dim=X.shape[1], contrastive_dim=contrastive.shape[1], hidden_dim=64) criterion = nn.BCEWithLogitsLoss() optimizer = optim.Adam(model.parameters(), lr=0.001) # ==== Training Loop ==== model.train() epochs = 20 for epoch in range(epochs): epoch_loss"",False","C45_SYNTHETIC_N_100000,4.3,scalability,Synthetic scalability workload includes N=100000,100000,100000.0,100000,New_Code\01_audit_existing_results.py,01_audit_existing_results.py,""category"""": """"scalability"""", """"description"""": """"Synthetic scalability workload includes N=100000"""", """"metric_terms"""": [ """"sample"""", """"samples"""", """"dataset size"""", """"n="""", """"n ="""", """"synthetic size"""", ], """"target_values"""": [100000], """"tolerance"""": 0.0, }, ] # ============================================================ # 4. KEYWORDS FOR FILE CLASSIFICATION # ============================================================"",False | C45_SYNTHETIC_N_100000,4.3,scalability,Synthetic scalability workload includes N=100000,100000,100000.0,100000,New_Code\01_audit_existing_results.py,01_audit_existing_results.py,""category"""": """"scalability"""", """"description"""": """"Synthetic scalability workload includes N=100000"""", """"metric_terms"""": [ """"sample"""", """"samples"""", """"dataset size"""", """"n="""", """"n ="""", """"synthetic size"""", ], """"target_values"""": [100000], """"tolerance"""": 0.0, }, ] # ============================================================ # 4. KEYWORDS FOR FILE CLASSIFICATION # ============================================================"",False | C44_DI_REAL_1,4.4,fairness,Real-data disparate impact reported as 1.0,1.0,1.0,1,training\ensemble\train_hfagm.py,train_hfagm.py,""y_tensor = torch.tensor(y, dtype=torch.float32).unsqueeze(1) dataset = TensorDataset(X_tensor, adj_tensor, contrastive_tensor, y_tensor) dataloader = DataLoader(dataset, batch_size=32, shuffle=True) # ==== Initialize Model ==== model = HFAGM(input_dim=X.shape[1], contrastive_dim=contrastive.shape[1], hidden_dim=64) criterion = nn.BCEWithLogitsLoss() optimizer = optim.Adam(model.parameters(), lr=0.001) # ==== Training Loop ==== model.train() epochs = 20 for epoch in range(epochs): epoch_loss"",False | C44_DI_REAL_1,4.4,fairness,Real-data disparate impact reported as 1.0,1.0,1.0,1,training\ensemble\train_hfagm.py,train_hfagm.py,""y_tensor = torch.tensor(y, dtype=torch.float32).unsqueeze(1) dataset = TensorDataset(X_tensor, adj_tensor, contrastive_tensor, y_tensor) dataloader = DataLoader(dataset, batch_size=32, shuffle=True) # ==== Initialize Model ==== model = HFAGM(input_dim=X.shape[1], contrastive_dim=contrastive.shape[1], hidden_dim=64) criterion = nn.BCEWithLogitsLoss() optimizer = optim.Adam(model.parameters(), lr=0.001) # ==== Training Loop ==== model.train() epochs = 20 for epoch in range(epochs): epoch_loss"",False | C44_DI_REAL_1,4.4,fairness,Real-data disparate impact reported as 1.0,1.0,1.0,1,training\ensemble\train_hfagm.py,train_hfagm.py,""y_tensor = torch.tensor(y, dtype=torch.float32).unsqueeze(1) dataset = TensorDataset(X_tensor, adj_tensor, contrastive_tensor, y_tensor) dataloader = DataLoader(dataset, batch_size=32, shuffle=True) # ==== Initialize Model ==== model = HFAGM(input_dim=X.shape[1], contrastive_dim=contrastive.shape[1], hidden_dim=64) criterion = nn.BCEWithLogitsLoss() optimizer = optim.Adam(model.para"
outputs\revision_audit\claim_evidence_detailed.csv,520,32.0,0,0,"C44_DI_REAL_1,4.4,fairness,Real-data disparate impact reported as 1.0,1.0,1.0,1,training\ensemble\train_hfagm.py,train_hfagm.py,""y_tensor = torch.tensor(y, dtype=torch.float32).unsqueeze(1) dataset = TensorDataset(X_tensor, adj_tensor, contrastive_tensor, y_tensor) dataloader = DataLoader(dataset, batch_size=32, shuffle=True) # ==== Initialize Model ==== model = HFAGM(input_dim=X.shape[1], contrastive_dim=contrastive.shape[1], hidden_dim=64) criterion = nn.BCEWithLogitsLoss() optimizer = optim.Adam(model.parameters(), lr=0.001) # ==== Training Loop ==== model.train() epochs = 20 for epoch in range(epochs): epoch_loss"",False","C45_SYNTHETIC_N_100000,4.3,scalability,Synthetic scalability workload includes N=100000,100000,100000.0,100000,New_Code\01_audit_existing_results.py,01_audit_existing_results.py,""category"""": """"scalability"""", """"description"""": """"Synthetic scalability workload includes N=100000"""", """"metric_terms"""": [ """"sample"""", """"samples"""", """"dataset size"""", """"n="""", """"n ="""", """"synthetic size"""", ], """"target_values"""": [100000], """"tolerance"""": 0.0, }, ] # ============================================================ # 4. KEYWORDS FOR FILE CLASSIFICATION # ============================================================"",False | C45_SYNTHETIC_N_100000,4.3,scalability,Synthetic scalability workload includes N=100000,100000,100000.0,100000,New_Code\01_audit_existing_results.py,01_audit_existing_results.py,""category"""": """"scalability"""", """"description"""": """"Synthetic scalability workload includes N=100000"""", """"metric_terms"""": [ """"sample"""", """"samples"""", """"dataset size"""", """"n="""", """"n ="""", """"synthetic size"""", ], """"target_values"""": [100000], """"tolerance"""": 0.0, }, ] # ============================================================ # 4. KEYWORDS FOR FILE CLASSIFICATION # ============================================================"",False | C44_DI_REAL_1,4.4,fairness,Real-data disparate impact reported as 1.0,1.0,1.0,1,training\ensemble\train_hfagm.py,train_hfagm.py,""y_tensor = torch.tensor(y, dtype=torch.float32).unsqueeze(1) dataset = TensorDataset(X_tensor, adj_tensor, contrastive_tensor, y_tensor) dataloader = DataLoader(dataset, batch_size=32, shuffle=True) # ==== Initialize Model ==== model = HFAGM(input_dim=X.shape[1], contrastive_dim=contrastive.shape[1], hidden_dim=64) criterion = nn.BCEWithLogitsLoss() optimizer = optim.Adam(model.parameters(), lr=0.001) # ==== Training Loop ==== model.train() epochs = 20 for epoch in range(epochs): epoch_loss"",False | C44_DI_REAL_1,4.4,fairness,Real-data disparate impact reported as 1.0,1.0,1.0,1,training\ensemble\train_hfagm.py,train_hfagm.py,""y_tensor = torch.tensor(y, dtype=torch.float32).unsqueeze(1) dataset = TensorDataset(X_tensor, adj_tensor, contrastive_tensor, y_tensor) dataloader = DataLoader(dataset, batch_size=32, shuffle=True) # ==== Initialize Model ==== model = HFAGM(input_dim=X.shape[1], contrastive_dim=contrastive.shape[1], hidden_dim=64) criterion = nn.BCEWithLogitsLoss() optimizer = optim.Adam(model.parameters(), lr=0.001) # ==== Training Loop ==== model.train() epochs = 20 for epoch in range(epochs): epoch_loss"",False | C44_DI_REAL_1,4.4,fairness,Real-data disparate impact reported as 1.0,1.0,1.0,1,training\ensemble\train_hfagm.py,train_hfagm.py,""y_tensor = torch.tensor(y, dtype=torch.float32).unsqueeze(1) dataset = TensorDataset(X_tensor, adj_tensor, contrastive_tensor, y_tensor) dataloader = DataLoader(dataset, batch_size=32, shuffle=True) # ==== Initialize Model ==== model = HFAGM(input_dim=X.shape[1], contrastive_dim=contrastive.shape[1], hidden_dim=64) criterion = nn.BCEWithLogitsLoss() optimizer = optim.Adam(model.para"
outputs\revision_audit\claim_evidence_detailed.csv,520,1.0,0,0,"C44_DI_REAL_1,4.4,fairness,Real-data disparate impact reported as 1.0,1.0,1.0,1,training\ensemble\train_hfagm.py,train_hfagm.py,""y_tensor = torch.tensor(y, dtype=torch.float32).unsqueeze(1) dataset = TensorDataset(X_tensor, adj_tensor, contrastive_tensor, y_tensor) dataloader = DataLoader(dataset, batch_size=32, shuffle=True) # ==== Initialize Model ==== model = HFAGM(input_dim=X.shape[1], contrastive_dim=contrastive.shape[1], hidden_dim=64) criterion = nn.BCEWithLogitsLoss() optimizer = optim.Adam(model.parameters(), lr=0.001) # ==== Training Loop ==== model.train() epochs = 20 for epoch in range(epochs): epoch_loss"",False","C45_SYNTHETIC_N_100000,4.3,scalability,Synthetic scalability workload includes N=100000,100000,100000.0,100000,New_Code\01_audit_existing_results.py,01_audit_existing_results.py,""category"""": """"scalability"""", """"description"""": """"Synthetic scalability workload includes N=100000"""", """"metric_terms"""": [ """"sample"""", """"samples"""", """"dataset size"""", """"n="""", """"n ="""", """"synthetic size"""", ], """"target_values"""": [100000], """"tolerance"""": 0.0, }, ] # ============================================================ # 4. KEYWORDS FOR FILE CLASSIFICATION # ============================================================"",False | C45_SYNTHETIC_N_100000,4.3,scalability,Synthetic scalability workload includes N=100000,100000,100000.0,100000,New_Code\01_audit_existing_results.py,01_audit_existing_results.py,""category"""": """"scalability"""", """"description"""": """"Synthetic scalability workload includes N=100000"""", """"metric_terms"""": [ """"sample"""", """"samples"""", """"dataset size"""", """"n="""", """"n ="""", """"synthetic size"""", ], """"target_values"""": [100000], """"tolerance"""": 0.0, }, ] # ============================================================ # 4. KEYWORDS FOR FILE CLASSIFICATION # ============================================================"",False | C44_DI_REAL_1,4.4,fairness,Real-data disparate impact reported as 1.0,1.0,1.0,1,training\ensemble\train_hfagm.py,train_hfagm.py,""y_tensor = torch.tensor(y, dtype=torch.float32).unsqueeze(1) dataset = TensorDataset(X_tensor, adj_tensor, contrastive_tensor, y_tensor) dataloader = DataLoader(dataset, batch_size=32, shuffle=True) # ==== Initialize Model ==== model = HFAGM(input_dim=X.shape[1], contrastive_dim=contrastive.shape[1], hidden_dim=64) criterion = nn.BCEWithLogitsLoss() optimizer = optim.Adam(model.parameters(), lr=0.001) # ==== Training Loop ==== model.train() epochs = 20 for epoch in range(epochs): epoch_loss"",False | C44_DI_REAL_1,4.4,fairness,Real-data disparate impact reported as 1.0,1.0,1.0,1,training\ensemble\train_hfagm.py,train_hfagm.py,""y_tensor = torch.tensor(y, dtype=torch.float32).unsqueeze(1) dataset = TensorDataset(X_tensor, adj_tensor, contrastive_tensor, y_tensor) dataloader = DataLoader(dataset, batch_size=32, shuffle=True) # ==== Initialize Model ==== model = HFAGM(input_dim=X.shape[1], contrastive_dim=contrastive.shape[1], hidden_dim=64) criterion = nn.BCEWithLogitsLoss() optimizer = optim.Adam(model.parameters(), lr=0.001) # ==== Training Loop ==== model.train() epochs = 20 for epoch in range(epochs): epoch_loss"",False | C44_DI_REAL_1,4.4,fairness,Real-data disparate impact reported as 1.0,1.0,1.0,1,training\ensemble\train_hfagm.py,train_hfagm.py,""y_tensor = torch.tensor(y, dtype=torch.float32).unsqueeze(1) dataset = TensorDataset(X_tensor, adj_tensor, contrastive_tensor, y_tensor) dataloader = DataLoader(dataset, batch_size=32, shuffle=True) # ==== Initialize Model ==== model = HFAGM(input_dim=X.shape[1], contrastive_dim=contrastive.shape[1], hidden_dim=64) criterion = nn.BCEWithLogitsLoss() optimizer = optim.Adam(model.para"
outputs\revision_audit\claim_evidence_detailed.csv,520,1.0,0,0,"C44_DI_REAL_1,4.4,fairness,Real-data disparate impact reported as 1.0,1.0,1.0,1,training\ensemble\train_hfagm.py,train_hfagm.py,""y_tensor = torch.tensor(y, dtype=torch.float32).unsqueeze(1) dataset = TensorDataset(X_tensor, adj_tensor, contrastive_tensor, y_tensor) dataloader = DataLoader(dataset, batch_size=32, shuffle=True) # ==== Initialize Model ==== model = HFAGM(input_dim=X.shape[1], contrastive_dim=contrastive.shape[1], hidden_dim=64) criterion = nn.BCEWithLogitsLoss() optimizer = optim.Adam(model.parameters(), lr=0.001) # ==== Training Loop ==== model.train() epochs = 20 for epoch in range(epochs): epoch_loss"",False","C45_SYNTHETIC_N_100000,4.3,scalability,Synthetic scalability workload includes N=100000,100000,100000.0,100000,New_Code\01_audit_existing_results.py,01_audit_existing_results.py,""category"""": """"scalability"""", """"description"""": """"Synthetic scalability workload includes N=100000"""", """"metric_terms"""": [ """"sample"""", """"samples"""", """"dataset size"""", """"n="""", """"n ="""", """"synthetic size"""", ], """"target_values"""": [100000], """"tolerance"""": 0.0, }, ] # ============================================================ # 4. KEYWORDS FOR FILE CLASSIFICATION # ============================================================"",False | C45_SYNTHETIC_N_100000,4.3,scalability,Synthetic scalability workload includes N=100000,100000,100000.0,100000,New_Code\01_audit_existing_results.py,01_audit_existing_results.py,""category"""": """"scalability"""", """"description"""": """"Synthetic scalability workload includes N=100000"""", """"metric_terms"""": [ """"sample"""", """"samples"""", """"dataset size"""", """"n="""", """"n ="""", """"synthetic size"""", ], """"target_values"""": [100000], """"tolerance"""": 0.0, }, ] # ============================================================ # 4. KEYWORDS FOR FILE CLASSIFICATION # ============================================================"",False | C44_DI_REAL_1,4.4,fairness,Real-data disparate impact reported as 1.0,1.0,1.0,1,training\ensemble\train_hfagm.py,train_hfagm.py,""y_tensor = torch.tensor(y, dtype=torch.float32).unsqueeze(1) dataset = TensorDataset(X_tensor, adj_tensor, contrastive_tensor, y_tensor) dataloader = DataLoader(dataset, batch_size=32, shuffle=True) # ==== Initialize Model ==== model = HFAGM(input_dim=X.shape[1], contrastive_dim=contrastive.shape[1], hidden_dim=64) criterion = nn.BCEWithLogitsLoss() optimizer = optim.Adam(model.parameters(), lr=0.001) # ==== Training Loop ==== model.train() epochs = 20 for epoch in range(epochs): epoch_loss"",False | C44_DI_REAL_1,4.4,fairness,Real-data disparate impact reported as 1.0,1.0,1.0,1,training\ensemble\train_hfagm.py,train_hfagm.py,""y_tensor = torch.tensor(y, dtype=torch.float32).unsqueeze(1) dataset = TensorDataset(X_tensor, adj_tensor, contrastive_tensor, y_tensor) dataloader = DataLoader(dataset, batch_size=32, shuffle=True) # ==== Initialize Model ==== model = HFAGM(input_dim=X.shape[1], contrastive_dim=contrastive.shape[1], hidden_dim=64) criterion = nn.BCEWithLogitsLoss() optimizer = optim.Adam(model.parameters(), lr=0.001) # ==== Training Loop ==== model.train() epochs = 20 for epoch in range(epochs): epoch_loss"",False | C44_DI_REAL_1,4.4,fairness,Real-data disparate impact reported as 1.0,1.0,1.0,1,training\ensemble\train_hfagm.py,train_hfagm.py,""y_tensor = torch.tensor(y, dtype=torch.float32).unsqueeze(1) dataset = TensorDataset(X_tensor, adj_tensor, contrastive_tensor, y_tensor) dataloader = DataLoader(dataset, batch_size=32, shuffle=True) # ==== Initialize Model ==== model = HFAGM(input_dim=X.shape[1], contrastive_dim=contrastive.shape[1], hidden_dim=64) criterion = nn.BCEWithLogitsLoss() optimizer = optim.Adam(model.para"
outputs\revision_audit\claim_evidence_detailed.csv,520,64.0,0,0,"C44_DI_REAL_1,4.4,fairness,Real-data disparate impact reported as 1.0,1.0,1.0,1,training\ensemble\train_hfagm.py,train_hfagm.py,""y_tensor = torch.tensor(y, dtype=torch.float32).unsqueeze(1) dataset = TensorDataset(X_tensor, adj_tensor, contrastive_tensor, y_tensor) dataloader = DataLoader(dataset, batch_size=32, shuffle=True) # ==== Initialize Model ==== model = HFAGM(input_dim=X.shape[1], contrastive_dim=contrastive.shape[1], hidden_dim=64) criterion = nn.BCEWithLogitsLoss() optimizer = optim.Adam(model.parameters(), lr=0.001) # ==== Training Loop ==== model.train() epochs = 20 for epoch in range(epochs): epoch_loss"",False","C45_SYNTHETIC_N_100000,4.3,scalability,Synthetic scalability workload includes N=100000,100000,100000.0,100000,New_Code\01_audit_existing_results.py,01_audit_existing_results.py,""category"""": """"scalability"""", """"description"""": """"Synthetic scalability workload includes N=100000"""", """"metric_terms"""": [ """"sample"""", """"samples"""", """"dataset size"""", """"n="""", """"n ="""", """"synthetic size"""", ], """"target_values"""": [100000], """"tolerance"""": 0.0, }, ] # ============================================================ # 4. KEYWORDS FOR FILE CLASSIFICATION # ============================================================"",False | C45_SYNTHETIC_N_100000,4.3,scalability,Synthetic scalability workload includes N=100000,100000,100000.0,100000,New_Code\01_audit_existing_results.py,01_audit_existing_results.py,""category"""": """"scalability"""", """"description"""": """"Synthetic scalability workload includes N=100000"""", """"metric_terms"""": [ """"sample"""", """"samples"""", """"dataset size"""", """"n="""", """"n ="""", """"synthetic size"""", ], """"target_values"""": [100000], """"tolerance"""": 0.0, }, ] # ============================================================ # 4. KEYWORDS FOR FILE CLASSIFICATION # ============================================================"",False | C44_DI_REAL_1,4.4,fairness,Real-data disparate impact reported as 1.0,1.0,1.0,1,training\ensemble\train_hfagm.py,train_hfagm.py,""y_tensor = torch.tensor(y, dtype=torch.float32).unsqueeze(1) dataset = TensorDataset(X_tensor, adj_tensor, contrastive_tensor, y_tensor) dataloader = DataLoader(dataset, batch_size=32, shuffle=True) # ==== Initialize Model ==== model = HFAGM(input_dim=X.shape[1], contrastive_dim=contrastive.shape[1], hidden_dim=64) criterion = nn.BCEWithLogitsLoss() optimizer = optim.Adam(model.parameters(), lr=0.001) # ==== Training Loop ==== model.train() epochs = 20 for epoch in range(epochs): epoch_loss"",False | C44_DI_REAL_1,4.4,fairness,Real-data disparate impact reported as 1.0,1.0,1.0,1,training\ensemble\train_hfagm.py,train_hfagm.py,""y_tensor = torch.tensor(y, dtype=torch.float32).unsqueeze(1) dataset = TensorDataset(X_tensor, adj_tensor, contrastive_tensor, y_tensor) dataloader = DataLoader(dataset, batch_size=32, shuffle=True) # ==== Initialize Model ==== model = HFAGM(input_dim=X.shape[1], contrastive_dim=contrastive.shape[1], hidden_dim=64) criterion = nn.BCEWithLogitsLoss() optimizer = optim.Adam(model.parameters(), lr=0.001) # ==== Training Loop ==== model.train() epochs = 20 for epoch in range(epochs): epoch_loss"",False | C44_DI_REAL_1,4.4,fairness,Real-data disparate impact reported as 1.0,1.0,1.0,1,training\ensemble\train_hfagm.py,train_hfagm.py,""y_tensor = torch.tensor(y, dtype=torch.float32).unsqueeze(1) dataset = TensorDataset(X_tensor, adj_tensor, contrastive_tensor, y_tensor) dataloader = DataLoader(dataset, batch_size=32, shuffle=True) # ==== Initialize Model ==== model = HFAGM(input_dim=X.shape[1], contrastive_dim=contrastive.shape[1], hidden_dim=64) criterion = nn.BCEWithLogitsLoss() optimizer = optim.Adam(model.para"
outputs\revision_audit\claim_evidence_detailed.csv,520,20.0,0,0,"C44_DI_REAL_1,4.4,fairness,Real-data disparate impact reported as 1.0,1.0,1.0,1,training\ensemble\train_hfagm.py,train_hfagm.py,""y_tensor = torch.tensor(y, dtype=torch.float32).unsqueeze(1) dataset = TensorDataset(X_tensor, adj_tensor, contrastive_tensor, y_tensor) dataloader = DataLoader(dataset, batch_size=32, shuffle=True) # ==== Initialize Model ==== model = HFAGM(input_dim=X.shape[1], contrastive_dim=contrastive.shape[1], hidden_dim=64) criterion = nn.BCEWithLogitsLoss() optimizer = optim.Adam(model.parameters(), lr=0.001) # ==== Training Loop ==== model.train() epochs = 20 for epoch in range(epochs): epoch_loss"",False","C45_SYNTHETIC_N_100000,4.3,scalability,Synthetic scalability workload includes N=100000,100000,100000.0,100000,New_Code\01_audit_existing_results.py,01_audit_existing_results.py,""category"""": """"scalability"""", """"description"""": """"Synthetic scalability workload includes N=100000"""", """"metric_terms"""": [ """"sample"""", """"samples"""", """"dataset size"""", """"n="""", """"n ="""", """"synthetic size"""", ], """"target_values"""": [100000], """"tolerance"""": 0.0, }, ] # ============================================================ # 4. KEYWORDS FOR FILE CLASSIFICATION # ============================================================"",False | C45_SYNTHETIC_N_100000,4.3,scalability,Synthetic scalability workload includes N=100000,100000,100000.0,100000,New_Code\01_audit_existing_results.py,01_audit_existing_results.py,""category"""": """"scalability"""", """"description"""": """"Synthetic scalability workload includes N=100000"""", """"metric_terms"""": [ """"sample"""", """"samples"""", """"dataset size"""", """"n="""", """"n ="""", """"synthetic size"""", ], """"target_values"""": [100000], """"tolerance"""": 0.0, }, ] # ============================================================ # 4. KEYWORDS FOR FILE CLASSIFICATION # ============================================================"",False | C44_DI_REAL_1,4.4,fairness,Real-data disparate impact reported as 1.0,1.0,1.0,1,training\ensemble\train_hfagm.py,train_hfagm.py,""y_tensor = torch.tensor(y, dtype=torch.float32).unsqueeze(1) dataset = TensorDataset(X_tensor, adj_tensor, contrastive_tensor, y_tensor) dataloader = DataLoader(dataset, batch_size=32, shuffle=True) # ==== Initialize Model ==== model = HFAGM(input_dim=X.shape[1], contrastive_dim=contrastive.shape[1], hidden_dim=64) criterion = nn.BCEWithLogitsLoss() optimizer = optim.Adam(model.parameters(), lr=0.001) # ==== Training Loop ==== model.train() epochs = 20 for epoch in range(epochs): epoch_loss"",False | C44_DI_REAL_1,4.4,fairness,Real-data disparate impact reported as 1.0,1.0,1.0,1,training\ensemble\train_hfagm.py,train_hfagm.py,""y_tensor = torch.tensor(y, dtype=torch.float32).unsqueeze(1) dataset = TensorDataset(X_tensor, adj_tensor, contrastive_tensor, y_tensor) dataloader = DataLoader(dataset, batch_size=32, shuffle=True) # ==== Initialize Model ==== model = HFAGM(input_dim=X.shape[1], contrastive_dim=contrastive.shape[1], hidden_dim=64) criterion = nn.BCEWithLogitsLoss() optimizer = optim.Adam(model.parameters(), lr=0.001) # ==== Training Loop ==== model.train() epochs = 20 for epoch in range(epochs): epoch_loss"",False | C44_DI_REAL_1,4.4,fairness,Real-data disparate impact reported as 1.0,1.0,1.0,1,training\ensemble\train_hfagm.py,train_hfagm.py,""y_tensor = torch.tensor(y, dtype=torch.float32).unsqueeze(1) dataset = TensorDataset(X_tensor, adj_tensor, contrastive_tensor, y_tensor) dataloader = DataLoader(dataset, batch_size=32, shuffle=True) # ==== Initialize Model ==== model = HFAGM(input_dim=X.shape[1], contrastive_dim=contrastive.shape[1], hidden_dim=64) criterion = nn.BCEWithLogitsLoss() optimizer = optim.Adam(model.para"
outputs\revision_audit\claim_evidence_detailed.csv,521,4.4,0,0,"C44_DI_REAL_1,4.4,fairness,Real-data disparate impact reported as 1.0,1.0,1.0,1,training\ensemble\train_hfagm.py,train_hfagm.py,""y_tensor = torch.tensor(y, dtype=torch.float32).unsqueeze(1) dataset = TensorDataset(X_tensor, adj_tensor, contrastive_tensor, y_tensor) dataloader = DataLoader(dataset, batch_size=32, shuffle=True) # ==== Initialize Model ==== model = HFAGM(input_dim=X.shape[1], contrastive_dim=contrastive.shape[1], hidden_dim=64) criterion = nn.BCEWithLogitsLoss() optimizer = optim.Adam(model.parameters(), lr=0.001) # ==== Training Loop ==== model.train() epochs = 20 for epoch in range(epochs): epoch_loss"",False","C45_SYNTHETIC_N_100000,4.3,scalability,Synthetic scalability workload includes N=100000,100000,100000.0,100000,New_Code\01_audit_existing_results.py,01_audit_existing_results.py,""category"""": """"scalability"""", """"description"""": """"Synthetic scalability workload includes N=100000"""", """"metric_terms"""": [ """"sample"""", """"samples"""", """"dataset size"""", """"n="""", """"n ="""", """"synthetic size"""", ], """"target_values"""": [100000], """"tolerance"""": 0.0, }, ] # ============================================================ # 4. KEYWORDS FOR FILE CLASSIFICATION # ============================================================"",False | C44_DI_REAL_1,4.4,fairness,Real-data disparate impact reported as 1.0,1.0,1.0,1,training\ensemble\train_hfagm.py,train_hfagm.py,""y_tensor = torch.tensor(y, dtype=torch.float32).unsqueeze(1) dataset = TensorDataset(X_tensor, adj_tensor, contrastive_tensor, y_tensor) dataloader = DataLoader(dataset, batch_size=32, shuffle=True) # ==== Initialize Model ==== model = HFAGM(input_dim=X.shape[1], contrastive_dim=contrastive.shape[1], hidden_dim=64) criterion = nn.BCEWithLogitsLoss() optimizer = optim.Adam(model.parameters(), lr=0.001) # ==== Training Loop ==== model.train() epochs = 20 for epoch in range(epochs): epoch_loss"",False | C44_DI_REAL_1,4.4,fairness,Real-data disparate impact reported as 1.0,1.0,1.0,1,training\ensemble\train_hfagm.py,train_hfagm.py,""y_tensor = torch.tensor(y, dtype=torch.float32).unsqueeze(1) dataset = TensorDataset(X_tensor, adj_tensor, contrastive_tensor, y_tensor) dataloader = DataLoader(dataset, batch_size=32, shuffle=True) # ==== Initialize Model ==== model = HFAGM(input_dim=X.shape[1], contrastive_dim=contrastive.shape[1], hidden_dim=64) criterion = nn.BCEWithLogitsLoss() optimizer = optim.Adam(model.parameters(), lr=0.001) # ==== Training Loop ==== model.train() epochs = 20 for epoch in range(epochs): epoch_loss"",False | C44_DI_REAL_1,4.4,fairness,Real-data disparate impact reported as 1.0,1.0,1.0,1,training\ensemble\train_hfagm.py,train_hfagm.py,""y_tensor = torch.tensor(y, dtype=torch.float32).unsqueeze(1) dataset = TensorDataset(X_tensor, adj_tensor, contrastive_tensor, y_tensor) dataloader = DataLoader(dataset, batch_size=32, shuffle=True) # ==== Initialize Model ==== model = HFAGM(input_dim=X.shape[1], contrastive_dim=contrastive.shape[1], hidden_dim=64) criterion = nn.BCEWithLogitsLoss() optimizer = optim.Adam(model.parameters(), lr=0.001) # ==== Training Loop ==== model.train() epochs = 20 for epoch in range(epochs): epoch_loss"",False | C44_DI_REAL_1,4.4,fairness,Real-data disparate impact reported as 1.0,1.0,1.0,1,training\ensemble\train_hfagm.py,train_hfagm.py,""type=torch.float32).unsqueeze(1) dataset = TensorDataset(X_tensor, adj_tensor, contrastive_tensor, y_tensor) dataloader = DataLoader(dataset, batch_size=32, shuffle=True) # ==== Initialize Model ==== model = HFAGM(input_dim=X.shape[1], contrastive_dim=contrastive.shape[1], hidden_dim=64) criterion = nn.BCEWithLogitsLoss() optimizer = optim.Adam(model.paramet"
outputs\revision_audit\claim_evidence_detailed.csv,521,1.0,0,0,"C44_DI_REAL_1,4.4,fairness,Real-data disparate impact reported as 1.0,1.0,1.0,1,training\ensemble\train_hfagm.py,train_hfagm.py,""y_tensor = torch.tensor(y, dtype=torch.float32).unsqueeze(1) dataset = TensorDataset(X_tensor, adj_tensor, contrastive_tensor, y_tensor) dataloader = DataLoader(dataset, batch_size=32, shuffle=True) # ==== Initialize Model ==== model = HFAGM(input_dim=X.shape[1], contrastive_dim=contrastive.shape[1], hidden_dim=64) criterion = nn.BCEWithLogitsLoss() optimizer = optim.Adam(model.parameters(), lr=0.001) # ==== Training Loop ==== model.train() epochs = 20 for epoch in range(epochs): epoch_loss"",False","C45_SYNTHETIC_N_100000,4.3,scalability,Synthetic scalability workload includes N=100000,100000,100000.0,100000,New_Code\01_audit_existing_results.py,01_audit_existing_results.py,""category"""": """"scalability"""", """"description"""": """"Synthetic scalability workload includes N=100000"""", """"metric_terms"""": [ """"sample"""", """"samples"""", """"dataset size"""", """"n="""", """"n ="""", """"synthetic size"""", ], """"target_values"""": [100000], """"tolerance"""": 0.0, }, ] # ============================================================ # 4. KEYWORDS FOR FILE CLASSIFICATION # ============================================================"",False | C44_DI_REAL_1,4.4,fairness,Real-data disparate impact reported as 1.0,1.0,1.0,1,training\ensemble\train_hfagm.py,train_hfagm.py,""y_tensor = torch.tensor(y, dtype=torch.float32).unsqueeze(1) dataset = TensorDataset(X_tensor, adj_tensor, contrastive_tensor, y_tensor) dataloader = DataLoader(dataset, batch_size=32, shuffle=True) # ==== Initialize Model ==== model = HFAGM(input_dim=X.shape[1], contrastive_dim=contrastive.shape[1], hidden_dim=64) criterion = nn.BCEWithLogitsLoss() optimizer = optim.Adam(model.parameters(), lr=0.001) # ==== Training Loop ==== model.train() epochs = 20 for epoch in range(epochs): epoch_loss"",False | C44_DI_REAL_1,4.4,fairness,Real-data disparate impact reported as 1.0,1.0,1.0,1,training\ensemble\train_hfagm.py,train_hfagm.py,""y_tensor = torch.tensor(y, dtype=torch.float32).unsqueeze(1) dataset = TensorDataset(X_tensor, adj_tensor, contrastive_tensor, y_tensor) dataloader = DataLoader(dataset, batch_size=32, shuffle=True) # ==== Initialize Model ==== model = HFAGM(input_dim=X.shape[1], contrastive_dim=contrastive.shape[1], hidden_dim=64) criterion = nn.BCEWithLogitsLoss() optimizer = optim.Adam(model.parameters(), lr=0.001) # ==== Training Loop ==== model.train() epochs = 20 for epoch in range(epochs): epoch_loss"",False | C44_DI_REAL_1,4.4,fairness,Real-data disparate impact reported as 1.0,1.0,1.0,1,training\ensemble\train_hfagm.py,train_hfagm.py,""y_tensor = torch.tensor(y, dtype=torch.float32).unsqueeze(1) dataset = TensorDataset(X_tensor, adj_tensor, contrastive_tensor, y_tensor) dataloader = DataLoader(dataset, batch_size=32, shuffle=True) # ==== Initialize Model ==== model = HFAGM(input_dim=X.shape[1], contrastive_dim=contrastive.shape[1], hidden_dim=64) criterion = nn.BCEWithLogitsLoss() optimizer = optim.Adam(model.parameters(), lr=0.001) # ==== Training Loop ==== model.train() epochs = 20 for epoch in range(epochs): epoch_loss"",False | C44_DI_REAL_1,4.4,fairness,Real-data disparate impact reported as 1.0,1.0,1.0,1,training\ensemble\train_hfagm.py,train_hfagm.py,""type=torch.float32).unsqueeze(1) dataset = TensorDataset(X_tensor, adj_tensor, contrastive_tensor, y_tensor) dataloader = DataLoader(dataset, batch_size=32, shuffle=True) # ==== Initialize Model ==== model = HFAGM(input_dim=X.shape[1], contrastive_dim=contrastive.shape[1], hidden_dim=64) criterion = nn.BCEWithLogitsLoss() optimizer = optim.Adam(model.paramet"
outputs\revision_audit\claim_evidence_detailed.csv,521,1.0,0,0,"C44_DI_REAL_1,4.4,fairness,Real-data disparate impact reported as 1.0,1.0,1.0,1,training\ensemble\train_hfagm.py,train_hfagm.py,""y_tensor = torch.tensor(y, dtype=torch.float32).unsqueeze(1) dataset = TensorDataset(X_tensor, adj_tensor, contrastive_tensor, y_tensor) dataloader = DataLoader(dataset, batch_size=32, shuffle=True) # ==== Initialize Model ==== model = HFAGM(input_dim=X.shape[1], contrastive_dim=contrastive.shape[1], hidden_dim=64) criterion = nn.BCEWithLogitsLoss() optimizer = optim.Adam(model.parameters(), lr=0.001) # ==== Training Loop ==== model.train() epochs = 20 for epoch in range(epochs): epoch_loss"",False","C45_SYNTHETIC_N_100000,4.3,scalability,Synthetic scalability workload includes N=100000,100000,100000.0,100000,New_Code\01_audit_existing_results.py,01_audit_existing_results.py,""category"""": """"scalability"""", """"description"""": """"Synthetic scalability workload includes N=100000"""", """"metric_terms"""": [ """"sample"""", """"samples"""", """"dataset size"""", """"n="""", """"n ="""", """"synthetic size"""", ], """"target_values"""": [100000], """"tolerance"""": 0.0, }, ] # ============================================================ # 4. KEYWORDS FOR FILE CLASSIFICATION # ============================================================"",False | C44_DI_REAL_1,4.4,fairness,Real-data disparate impact reported as 1.0,1.0,1.0,1,training\ensemble\train_hfagm.py,train_hfagm.py,""y_tensor = torch.tensor(y, dtype=torch.float32).unsqueeze(1) dataset = TensorDataset(X_tensor, adj_tensor, contrastive_tensor, y_tensor) dataloader = DataLoader(dataset, batch_size=32, shuffle=True) # ==== Initialize Model ==== model = HFAGM(input_dim=X.shape[1], contrastive_dim=contrastive.shape[1], hidden_dim=64) criterion = nn.BCEWithLogitsLoss() optimizer = optim.Adam(model.parameters(), lr=0.001) # ==== Training Loop ==== model.train() epochs = 20 for epoch in range(epochs): epoch_loss"",False | C44_DI_REAL_1,4.4,fairness,Real-data disparate impact reported as 1.0,1.0,1.0,1,training\ensemble\train_hfagm.py,train_hfagm.py,""y_tensor = torch.tensor(y, dtype=torch.float32).unsqueeze(1) dataset = TensorDataset(X_tensor, adj_tensor, contrastive_tensor, y_tensor) dataloader = DataLoader(dataset, batch_size=32, shuffle=True) # ==== Initialize Model ==== model = HFAGM(input_dim=X.shape[1], contrastive_dim=contrastive.shape[1], hidden_dim=64) criterion = nn.BCEWithLogitsLoss() optimizer = optim.Adam(model.parameters(), lr=0.001) # ==== Training Loop ==== model.train() epochs = 20 for epoch in range(epochs): epoch_loss"",False | C44_DI_REAL_1,4.4,fairness,Real-data disparate impact reported as 1.0,1.0,1.0,1,training\ensemble\train_hfagm.py,train_hfagm.py,""y_tensor = torch.tensor(y, dtype=torch.float32).unsqueeze(1) dataset = TensorDataset(X_tensor, adj_tensor, contrastive_tensor, y_tensor) dataloader = DataLoader(dataset, batch_size=32, shuffle=True) # ==== Initialize Model ==== model = HFAGM(input_dim=X.shape[1], contrastive_dim=contrastive.shape[1], hidden_dim=64) criterion = nn.BCEWithLogitsLoss() optimizer = optim.Adam(model.parameters(), lr=0.001) # ==== Training Loop ==== model.train() epochs = 20 for epoch in range(epochs): epoch_loss"",False | C44_DI_REAL_1,4.4,fairness,Real-data disparate impact reported as 1.0,1.0,1.0,1,training\ensemble\train_hfagm.py,train_hfagm.py,""type=torch.float32).unsqueeze(1) dataset = TensorDataset(X_tensor, adj_tensor, contrastive_tensor, y_tensor) dataloader = DataLoader(dataset, batch_size=32, shuffle=True) # ==== Initialize Model ==== model = HFAGM(input_dim=X.shape[1], contrastive_dim=contrastive.shape[1], hidden_dim=64) criterion = nn.BCEWithLogitsLoss() optimizer = optim.Adam(model.paramet"
outputs\revision_audit\claim_evidence_detailed.csv,521,1.0,0,0,"C44_DI_REAL_1,4.4,fairness,Real-data disparate impact reported as 1.0,1.0,1.0,1,training\ensemble\train_hfagm.py,train_hfagm.py,""y_tensor = torch.tensor(y, dtype=torch.float32).unsqueeze(1) dataset = TensorDataset(X_tensor, adj_tensor, contrastive_tensor, y_tensor) dataloader = DataLoader(dataset, batch_size=32, shuffle=True) # ==== Initialize Model ==== model = HFAGM(input_dim=X.shape[1], contrastive_dim=contrastive.shape[1], hidden_dim=64) criterion = nn.BCEWithLogitsLoss() optimizer = optim.Adam(model.parameters(), lr=0.001) # ==== Training Loop ==== model.train() epochs = 20 for epoch in range(epochs): epoch_loss"",False","C45_SYNTHETIC_N_100000,4.3,scalability,Synthetic scalability workload includes N=100000,100000,100000.0,100000,New_Code\01_audit_existing_results.py,01_audit_existing_results.py,""category"""": """"scalability"""", """"description"""": """"Synthetic scalability workload includes N=100000"""", """"metric_terms"""": [ """"sample"""", """"samples"""", """"dataset size"""", """"n="""", """"n ="""", """"synthetic size"""", ], """"target_values"""": [100000], """"tolerance"""": 0.0, }, ] # ============================================================ # 4. KEYWORDS FOR FILE CLASSIFICATION # ============================================================"",False | C44_DI_REAL_1,4.4,fairness,Real-data disparate impact reported as 1.0,1.0,1.0,1,training\ensemble\train_hfagm.py,train_hfagm.py,""y_tensor = torch.tensor(y, dtype=torch.float32).unsqueeze(1) dataset = TensorDataset(X_tensor, adj_tensor, contrastive_tensor, y_tensor) dataloader = DataLoader(dataset, batch_size=32, shuffle=True) # ==== Initialize Model ==== model = HFAGM(input_dim=X.shape[1], contrastive_dim=contrastive.shape[1], hidden_dim=64) criterion = nn.BCEWithLogitsLoss() optimizer = optim.Adam(model.parameters(), lr=0.001) # ==== Training Loop ==== model.train() epochs = 20 for epoch in range(epochs): epoch_loss"",False | C44_DI_REAL_1,4.4,fairness,Real-data disparate impact reported as 1.0,1.0,1.0,1,training\ensemble\train_hfagm.py,train_hfagm.py,""y_tensor = torch.tensor(y, dtype=torch.float32).unsqueeze(1) dataset = TensorDataset(X_tensor, adj_tensor, contrastive_tensor, y_tensor) dataloader = DataLoader(dataset, batch_size=32, shuffle=True) # ==== Initialize Model ==== model = HFAGM(input_dim=X.shape[1], contrastive_dim=contrastive.shape[1], hidden_dim=64) criterion = nn.BCEWithLogitsLoss() optimizer = optim.Adam(model.parameters(), lr=0.001) # ==== Training Loop ==== model.train() epochs = 20 for epoch in range(epochs): epoch_loss"",False | C44_DI_REAL_1,4.4,fairness,Real-data disparate impact reported as 1.0,1.0,1.0,1,training\ensemble\train_hfagm.py,train_hfagm.py,""y_tensor = torch.tensor(y, dtype=torch.float32).unsqueeze(1) dataset = TensorDataset(X_tensor, adj_tensor, contrastive_tensor, y_tensor) dataloader = DataLoader(dataset, batch_size=32, shuffle=True) # ==== Initialize Model ==== model = HFAGM(input_dim=X.shape[1], contrastive_dim=contrastive.shape[1], hidden_dim=64) criterion = nn.BCEWithLogitsLoss() optimizer = optim.Adam(model.parameters(), lr=0.001) # ==== Training Loop ==== model.train() epochs = 20 for epoch in range(epochs): epoch_loss"",False | C44_DI_REAL_1,4.4,fairness,Real-data disparate impact reported as 1.0,1.0,1.0,1,training\ensemble\train_hfagm.py,train_hfagm.py,""type=torch.float32).unsqueeze(1) dataset = TensorDataset(X_tensor, adj_tensor, contrastive_tensor, y_tensor) dataloader = DataLoader(dataset, batch_size=32, shuffle=True) # ==== Initialize Model ==== model = HFAGM(input_dim=X.shape[1], contrastive_dim=contrastive.shape[1], hidden_dim=64) criterion = nn.BCEWithLogitsLoss() optimizer = optim.Adam(model.paramet"
outputs\revision_audit\claim_evidence_detailed.csv,521,1.0,0,0,"C44_DI_REAL_1,4.4,fairness,Real-data disparate impact reported as 1.0,1.0,1.0,1,training\ensemble\train_hfagm.py,train_hfagm.py,""y_tensor = torch.tensor(y, dtype=torch.float32).unsqueeze(1) dataset = TensorDataset(X_tensor, adj_tensor, contrastive_tensor, y_tensor) dataloader = DataLoader(dataset, batch_size=32, shuffle=True) # ==== Initialize Model ==== model = HFAGM(input_dim=X.shape[1], contrastive_dim=contrastive.shape[1], hidden_dim=64) criterion = nn.BCEWithLogitsLoss() optimizer = optim.Adam(model.parameters(), lr=0.001) # ==== Training Loop ==== model.train() epochs = 20 for epoch in range(epochs): epoch_loss"",False","C45_SYNTHETIC_N_100000,4.3,scalability,Synthetic scalability workload includes N=100000,100000,100000.0,100000,New_Code\01_audit_existing_results.py,01_audit_existing_results.py,""category"""": """"scalability"""", """"description"""": """"Synthetic scalability workload includes N=100000"""", """"metric_terms"""": [ """"sample"""", """"samples"""", """"dataset size"""", """"n="""", """"n ="""", """"synthetic size"""", ], """"target_values"""": [100000], """"tolerance"""": 0.0, }, ] # ============================================================ # 4. KEYWORDS FOR FILE CLASSIFICATION # ============================================================"",False | C44_DI_REAL_1,4.4,fairness,Real-data disparate impact reported as 1.0,1.0,1.0,1,training\ensemble\train_hfagm.py,train_hfagm.py,""y_tensor = torch.tensor(y, dtype=torch.float32).unsqueeze(1) dataset = TensorDataset(X_tensor, adj_tensor, contrastive_tensor, y_tensor) dataloader = DataLoader(dataset, batch_size=32, shuffle=True) # ==== Initialize Model ==== model = HFAGM(input_dim=X.shape[1], contrastive_dim=contrastive.shape[1], hidden_dim=64) criterion = nn.BCEWithLogitsLoss() optimizer = optim.Adam(model.parameters(), lr=0.001) # ==== Training Loop ==== model.train() epochs = 20 for epoch in range(epochs): epoch_loss"",False | C44_DI_REAL_1,4.4,fairness,Real-data disparate impact reported as 1.0,1.0,1.0,1,training\ensemble\train_hfagm.py,train_hfagm.py,""y_tensor = torch.tensor(y, dtype=torch.float32).unsqueeze(1) dataset = TensorDataset(X_tensor, adj_tensor, contrastive_tensor, y_tensor) dataloader = DataLoader(dataset, batch_size=32, shuffle=True) # ==== Initialize Model ==== model = HFAGM(input_dim=X.shape[1], contrastive_dim=contrastive.shape[1], hidden_dim=64) criterion = nn.BCEWithLogitsLoss() optimizer = optim.Adam(model.parameters(), lr=0.001) # ==== Training Loop ==== model.train() epochs = 20 for epoch in range(epochs): epoch_loss"",False | C44_DI_REAL_1,4.4,fairness,Real-data disparate impact reported as 1.0,1.0,1.0,1,training\ensemble\train_hfagm.py,train_hfagm.py,""y_tensor = torch.tensor(y, dtype=torch.float32).unsqueeze(1) dataset = TensorDataset(X_tensor, adj_tensor, contrastive_tensor, y_tensor) dataloader = DataLoader(dataset, batch_size=32, shuffle=True) # ==== Initialize Model ==== model = HFAGM(input_dim=X.shape[1], contrastive_dim=contrastive.shape[1], hidden_dim=64) criterion = nn.BCEWithLogitsLoss() optimizer = optim.Adam(model.parameters(), lr=0.001) # ==== Training Loop ==== model.train() epochs = 20 for epoch in range(epochs): epoch_loss"",False | C44_DI_REAL_1,4.4,fairness,Real-data disparate impact reported as 1.0,1.0,1.0,1,training\ensemble\train_hfagm.py,train_hfagm.py,""type=torch.float32).unsqueeze(1) dataset = TensorDataset(X_tensor, adj_tensor, contrastive_tensor, y_tensor) dataloader = DataLoader(dataset, batch_size=32, shuffle=True) # ==== Initialize Model ==== model = HFAGM(input_dim=X.shape[1], contrastive_dim=contrastive.shape[1], hidden_dim=64) criterion = nn.BCEWithLogitsLoss() optimizer = optim.Adam(model.paramet"
outputs\revision_audit\claim_evidence_detailed.csv,521,1.0,0,0,"C44_DI_REAL_1,4.4,fairness,Real-data disparate impact reported as 1.0,1.0,1.0,1,training\ensemble\train_hfagm.py,train_hfagm.py,""y_tensor = torch.tensor(y, dtype=torch.float32).unsqueeze(1) dataset = TensorDataset(X_tensor, adj_tensor, contrastive_tensor, y_tensor) dataloader = DataLoader(dataset, batch_size=32, shuffle=True) # ==== Initialize Model ==== model = HFAGM(input_dim=X.shape[1], contrastive_dim=contrastive.shape[1], hidden_dim=64) criterion = nn.BCEWithLogitsLoss() optimizer = optim.Adam(model.parameters(), lr=0.001) # ==== Training Loop ==== model.train() epochs = 20 for epoch in range(epochs): epoch_loss"",False","C45_SYNTHETIC_N_100000,4.3,scalability,Synthetic scalability workload includes N=100000,100000,100000.0,100000,New_Code\01_audit_existing_results.py,01_audit_existing_results.py,""category"""": """"scalability"""", """"description"""": """"Synthetic scalability workload includes N=100000"""", """"metric_terms"""": [ """"sample"""", """"samples"""", """"dataset size"""", """"n="""", """"n ="""", """"synthetic size"""", ], """"target_values"""": [100000], """"tolerance"""": 0.0, }, ] # ============================================================ # 4. KEYWORDS FOR FILE CLASSIFICATION # ============================================================"",False | C44_DI_REAL_1,4.4,fairness,Real-data disparate impact reported as 1.0,1.0,1.0,1,training\ensemble\train_hfagm.py,train_hfagm.py,""y_tensor = torch.tensor(y, dtype=torch.float32).unsqueeze(1) dataset = TensorDataset(X_tensor, adj_tensor, contrastive_tensor, y_tensor) dataloader = DataLoader(dataset, batch_size=32, shuffle=True) # ==== Initialize Model ==== model = HFAGM(input_dim=X.shape[1], contrastive_dim=contrastive.shape[1], hidden_dim=64) criterion = nn.BCEWithLogitsLoss() optimizer = optim.Adam(model.parameters(), lr=0.001) # ==== Training Loop ==== model.train() epochs = 20 for epoch in range(epochs): epoch_loss"",False | C44_DI_REAL_1,4.4,fairness,Real-data disparate impact reported as 1.0,1.0,1.0,1,training\ensemble\train_hfagm.py,train_hfagm.py,""y_tensor = torch.tensor(y, dtype=torch.float32).unsqueeze(1) dataset = TensorDataset(X_tensor, adj_tensor, contrastive_tensor, y_tensor) dataloader = DataLoader(dataset, batch_size=32, shuffle=True) # ==== Initialize Model ==== model = HFAGM(input_dim=X.shape[1], contrastive_dim=contrastive.shape[1], hidden_dim=64) criterion = nn.BCEWithLogitsLoss() optimizer = optim.Adam(model.parameters(), lr=0.001) # ==== Training Loop ==== model.train() epochs = 20 for epoch in range(epochs): epoch_loss"",False | C44_DI_REAL_1,4.4,fairness,Real-data disparate impact reported as 1.0,1.0,1.0,1,training\ensemble\train_hfagm.py,train_hfagm.py,""y_tensor = torch.tensor(y, dtype=torch.float32).unsqueeze(1) dataset = TensorDataset(X_tensor, adj_tensor, contrastive_tensor, y_tensor) dataloader = DataLoader(dataset, batch_size=32, shuffle=True) # ==== Initialize Model ==== model = HFAGM(input_dim=X.shape[1], contrastive_dim=contrastive.shape[1], hidden_dim=64) criterion = nn.BCEWithLogitsLoss() optimizer = optim.Adam(model.parameters(), lr=0.001) # ==== Training Loop ==== model.train() epochs = 20 for epoch in range(epochs): epoch_loss"",False | C44_DI_REAL_1,4.4,fairness,Real-data disparate impact reported as 1.0,1.0,1.0,1,training\ensemble\train_hfagm.py,train_hfagm.py,""type=torch.float32).unsqueeze(1) dataset = TensorDataset(X_tensor, adj_tensor, contrastive_tensor, y_tensor) dataloader = DataLoader(dataset, batch_size=32, shuffle=True) # ==== Initialize Model ==== model = HFAGM(input_dim=X.shape[1], contrastive_dim=contrastive.shape[1], hidden_dim=64) criterion = nn.BCEWithLogitsLoss() optimizer = optim.Adam(model.paramet"
outputs\revision_audit\claim_evidence_detailed.csv,521,32.0,0,0,"C44_DI_REAL_1,4.4,fairness,Real-data disparate impact reported as 1.0,1.0,1.0,1,training\ensemble\train_hfagm.py,train_hfagm.py,""y_tensor = torch.tensor(y, dtype=torch.float32).unsqueeze(1) dataset = TensorDataset(X_tensor, adj_tensor, contrastive_tensor, y_tensor) dataloader = DataLoader(dataset, batch_size=32, shuffle=True) # ==== Initialize Model ==== model = HFAGM(input_dim=X.shape[1], contrastive_dim=contrastive.shape[1], hidden_dim=64) criterion = nn.BCEWithLogitsLoss() optimizer = optim.Adam(model.parameters(), lr=0.001) # ==== Training Loop ==== model.train() epochs = 20 for epoch in range(epochs): epoch_loss"",False","C45_SYNTHETIC_N_100000,4.3,scalability,Synthetic scalability workload includes N=100000,100000,100000.0,100000,New_Code\01_audit_existing_results.py,01_audit_existing_results.py,""category"""": """"scalability"""", """"description"""": """"Synthetic scalability workload includes N=100000"""", """"metric_terms"""": [ """"sample"""", """"samples"""", """"dataset size"""", """"n="""", """"n ="""", """"synthetic size"""", ], """"target_values"""": [100000], """"tolerance"""": 0.0, }, ] # ============================================================ # 4. KEYWORDS FOR FILE CLASSIFICATION # ============================================================"",False | C44_DI_REAL_1,4.4,fairness,Real-data disparate impact reported as 1.0,1.0,1.0,1,training\ensemble\train_hfagm.py,train_hfagm.py,""y_tensor = torch.tensor(y, dtype=torch.float32).unsqueeze(1) dataset = TensorDataset(X_tensor, adj_tensor, contrastive_tensor, y_tensor) dataloader = DataLoader(dataset, batch_size=32, shuffle=True) # ==== Initialize Model ==== model = HFAGM(input_dim=X.shape[1], contrastive_dim=contrastive.shape[1], hidden_dim=64) criterion = nn.BCEWithLogitsLoss() optimizer = optim.Adam(model.parameters(), lr=0.001) # ==== Training Loop ==== model.train() epochs = 20 for epoch in range(epochs): epoch_loss"",False | C44_DI_REAL_1,4.4,fairness,Real-data disparate impact reported as 1.0,1.0,1.0,1,training\ensemble\train_hfagm.py,train_hfagm.py,""y_tensor = torch.tensor(y, dtype=torch.float32).unsqueeze(1) dataset = TensorDataset(X_tensor, adj_tensor, contrastive_tensor, y_tensor) dataloader = DataLoader(dataset, batch_size=32, shuffle=True) # ==== Initialize Model ==== model = HFAGM(input_dim=X.shape[1], contrastive_dim=contrastive.shape[1], hidden_dim=64) criterion = nn.BCEWithLogitsLoss() optimizer = optim.Adam(model.parameters(), lr=0.001) # ==== Training Loop ==== model.train() epochs = 20 for epoch in range(epochs): epoch_loss"",False | C44_DI_REAL_1,4.4,fairness,Real-data disparate impact reported as 1.0,1.0,1.0,1,training\ensemble\train_hfagm.py,train_hfagm.py,""y_tensor = torch.tensor(y, dtype=torch.float32).unsqueeze(1) dataset = TensorDataset(X_tensor, adj_tensor, contrastive_tensor, y_tensor) dataloader = DataLoader(dataset, batch_size=32, shuffle=True) # ==== Initialize Model ==== model = HFAGM(input_dim=X.shape[1], contrastive_dim=contrastive.shape[1], hidden_dim=64) criterion = nn.BCEWithLogitsLoss() optimizer = optim.Adam(model.parameters(), lr=0.001) # ==== Training Loop ==== model.train() epochs = 20 for epoch in range(epochs): epoch_loss"",False | C44_DI_REAL_1,4.4,fairness,Real-data disparate impact reported as 1.0,1.0,1.0,1,training\ensemble\train_hfagm.py,train_hfagm.py,""type=torch.float32).unsqueeze(1) dataset = TensorDataset(X_tensor, adj_tensor, contrastive_tensor, y_tensor) dataloader = DataLoader(dataset, batch_size=32, shuffle=True) # ==== Initialize Model ==== model = HFAGM(input_dim=X.shape[1], contrastive_dim=contrastive.shape[1], hidden_dim=64) criterion = nn.BCEWithLogitsLoss() optimizer = optim.Adam(model.paramet"
outputs\revision_audit\claim_evidence_detailed.csv,521,1.0,0,0,"C44_DI_REAL_1,4.4,fairness,Real-data disparate impact reported as 1.0,1.0,1.0,1,training\ensemble\train_hfagm.py,train_hfagm.py,""y_tensor = torch.tensor(y, dtype=torch.float32).unsqueeze(1) dataset = TensorDataset(X_tensor, adj_tensor, contrastive_tensor, y_tensor) dataloader = DataLoader(dataset, batch_size=32, shuffle=True) # ==== Initialize Model ==== model = HFAGM(input_dim=X.shape[1], contrastive_dim=contrastive.shape[1], hidden_dim=64) criterion = nn.BCEWithLogitsLoss() optimizer = optim.Adam(model.parameters(), lr=0.001) # ==== Training Loop ==== model.train() epochs = 20 for epoch in range(epochs): epoch_loss"",False","C45_SYNTHETIC_N_100000,4.3,scalability,Synthetic scalability workload includes N=100000,100000,100000.0,100000,New_Code\01_audit_existing_results.py,01_audit_existing_results.py,""category"""": """"scalability"""", """"description"""": """"Synthetic scalability workload includes N=100000"""", """"metric_terms"""": [ """"sample"""", """"samples"""", """"dataset size"""", """"n="""", """"n ="""", """"synthetic size"""", ], """"target_values"""": [100000], """"tolerance"""": 0.0, }, ] # ============================================================ # 4. KEYWORDS FOR FILE CLASSIFICATION # ============================================================"",False | C44_DI_REAL_1,4.4,fairness,Real-data disparate impact reported as 1.0,1.0,1.0,1,training\ensemble\train_hfagm.py,train_hfagm.py,""y_tensor = torch.tensor(y, dtype=torch.float32).unsqueeze(1) dataset = TensorDataset(X_tensor, adj_tensor, contrastive_tensor, y_tensor) dataloader = DataLoader(dataset, batch_size=32, shuffle=True) # ==== Initialize Model ==== model = HFAGM(input_dim=X.shape[1], contrastive_dim=contrastive.shape[1], hidden_dim=64) criterion = nn.BCEWithLogitsLoss() optimizer = optim.Adam(model.parameters(), lr=0.001) # ==== Training Loop ==== model.train() epochs = 20 for epoch in range(epochs): epoch_loss"",False | C44_DI_REAL_1,4.4,fairness,Real-data disparate impact reported as 1.0,1.0,1.0,1,training\ensemble\train_hfagm.py,train_hfagm.py,""y_tensor = torch.tensor(y, dtype=torch.float32).unsqueeze(1) dataset = TensorDataset(X_tensor, adj_tensor, contrastive_tensor, y_tensor) dataloader = DataLoader(dataset, batch_size=32, shuffle=True) # ==== Initialize Model ==== model = HFAGM(input_dim=X.shape[1], contrastive_dim=contrastive.shape[1], hidden_dim=64) criterion = nn.BCEWithLogitsLoss() optimizer = optim.Adam(model.parameters(), lr=0.001) # ==== Training Loop ==== model.train() epochs = 20 for epoch in range(epochs): epoch_loss"",False | C44_DI_REAL_1,4.4,fairness,Real-data disparate impact reported as 1.0,1.0,1.0,1,training\ensemble\train_hfagm.py,train_hfagm.py,""y_tensor = torch.tensor(y, dtype=torch.float32).unsqueeze(1) dataset = TensorDataset(X_tensor, adj_tensor, contrastive_tensor, y_tensor) dataloader = DataLoader(dataset, batch_size=32, shuffle=True) # ==== Initialize Model ==== model = HFAGM(input_dim=X.shape[1], contrastive_dim=contrastive.shape[1], hidden_dim=64) criterion = nn.BCEWithLogitsLoss() optimizer = optim.Adam(model.parameters(), lr=0.001) # ==== Training Loop ==== model.train() epochs = 20 for epoch in range(epochs): epoch_loss"",False | C44_DI_REAL_1,4.4,fairness,Real-data disparate impact reported as 1.0,1.0,1.0,1,training\ensemble\train_hfagm.py,train_hfagm.py,""type=torch.float32).unsqueeze(1) dataset = TensorDataset(X_tensor, adj_tensor, contrastive_tensor, y_tensor) dataloader = DataLoader(dataset, batch_size=32, shuffle=True) # ==== Initialize Model ==== model = HFAGM(input_dim=X.shape[1], contrastive_dim=contrastive.shape[1], hidden_dim=64) criterion = nn.BCEWithLogitsLoss() optimizer = optim.Adam(model.paramet"
outputs\revision_audit\claim_evidence_detailed.csv,521,1.0,0,0,"C44_DI_REAL_1,4.4,fairness,Real-data disparate impact reported as 1.0,1.0,1.0,1,training\ensemble\train_hfagm.py,train_hfagm.py,""y_tensor = torch.tensor(y, dtype=torch.float32).unsqueeze(1) dataset = TensorDataset(X_tensor, adj_tensor, contrastive_tensor, y_tensor) dataloader = DataLoader(dataset, batch_size=32, shuffle=True) # ==== Initialize Model ==== model = HFAGM(input_dim=X.shape[1], contrastive_dim=contrastive.shape[1], hidden_dim=64) criterion = nn.BCEWithLogitsLoss() optimizer = optim.Adam(model.parameters(), lr=0.001) # ==== Training Loop ==== model.train() epochs = 20 for epoch in range(epochs): epoch_loss"",False","C45_SYNTHETIC_N_100000,4.3,scalability,Synthetic scalability workload includes N=100000,100000,100000.0,100000,New_Code\01_audit_existing_results.py,01_audit_existing_results.py,""category"""": """"scalability"""", """"description"""": """"Synthetic scalability workload includes N=100000"""", """"metric_terms"""": [ """"sample"""", """"samples"""", """"dataset size"""", """"n="""", """"n ="""", """"synthetic size"""", ], """"target_values"""": [100000], """"tolerance"""": 0.0, }, ] # ============================================================ # 4. KEYWORDS FOR FILE CLASSIFICATION # ============================================================"",False | C44_DI_REAL_1,4.4,fairness,Real-data disparate impact reported as 1.0,1.0,1.0,1,training\ensemble\train_hfagm.py,train_hfagm.py,""y_tensor = torch.tensor(y, dtype=torch.float32).unsqueeze(1) dataset = TensorDataset(X_tensor, adj_tensor, contrastive_tensor, y_tensor) dataloader = DataLoader(dataset, batch_size=32, shuffle=True) # ==== Initialize Model ==== model = HFAGM(input_dim=X.shape[1], contrastive_dim=contrastive.shape[1], hidden_dim=64) criterion = nn.BCEWithLogitsLoss() optimizer = optim.Adam(model.parameters(), lr=0.001) # ==== Training Loop ==== model.train() epochs = 20 for epoch in range(epochs): epoch_loss"",False | C44_DI_REAL_1,4.4,fairness,Real-data disparate impact reported as 1.0,1.0,1.0,1,training\ensemble\train_hfagm.py,train_hfagm.py,""y_tensor = torch.tensor(y, dtype=torch.float32).unsqueeze(1) dataset = TensorDataset(X_tensor, adj_tensor, contrastive_tensor, y_tensor) dataloader = DataLoader(dataset, batch_size=32, shuffle=True) # ==== Initialize Model ==== model = HFAGM(input_dim=X.shape[1], contrastive_dim=contrastive.shape[1], hidden_dim=64) criterion = nn.BCEWithLogitsLoss() optimizer = optim.Adam(model.parameters(), lr=0.001) # ==== Training Loop ==== model.train() epochs = 20 for epoch in range(epochs): epoch_loss"",False | C44_DI_REAL_1,4.4,fairness,Real-data disparate impact reported as 1.0,1.0,1.0,1,training\ensemble\train_hfagm.py,train_hfagm.py,""y_tensor = torch.tensor(y, dtype=torch.float32).unsqueeze(1) dataset = TensorDataset(X_tensor, adj_tensor, contrastive_tensor, y_tensor) dataloader = DataLoader(dataset, batch_size=32, shuffle=True) # ==== Initialize Model ==== model = HFAGM(input_dim=X.shape[1], contrastive_dim=contrastive.shape[1], hidden_dim=64) criterion = nn.BCEWithLogitsLoss() optimizer = optim.Adam(model.parameters(), lr=0.001) # ==== Training Loop ==== model.train() epochs = 20 for epoch in range(epochs): epoch_loss"",False | C44_DI_REAL_1,4.4,fairness,Real-data disparate impact reported as 1.0,1.0,1.0,1,training\ensemble\train_hfagm.py,train_hfagm.py,""type=torch.float32).unsqueeze(1) dataset = TensorDataset(X_tensor, adj_tensor, contrastive_tensor, y_tensor) dataloader = DataLoader(dataset, batch_size=32, shuffle=True) # ==== Initialize Model ==== model = HFAGM(input_dim=X.shape[1], contrastive_dim=contrastive.shape[1], hidden_dim=64) criterion = nn.BCEWithLogitsLoss() optimizer = optim.Adam(model.paramet"
outputs\revision_audit\claim_evidence_detailed.csv,521,64.0,0,0,"C44_DI_REAL_1,4.4,fairness,Real-data disparate impact reported as 1.0,1.0,1.0,1,training\ensemble\train_hfagm.py,train_hfagm.py,""y_tensor = torch.tensor(y, dtype=torch.float32).unsqueeze(1) dataset = TensorDataset(X_tensor, adj_tensor, contrastive_tensor, y_tensor) dataloader = DataLoader(dataset, batch_size=32, shuffle=True) # ==== Initialize Model ==== model = HFAGM(input_dim=X.shape[1], contrastive_dim=contrastive.shape[1], hidden_dim=64) criterion = nn.BCEWithLogitsLoss() optimizer = optim.Adam(model.parameters(), lr=0.001) # ==== Training Loop ==== model.train() epochs = 20 for epoch in range(epochs): epoch_loss"",False","C45_SYNTHETIC_N_100000,4.3,scalability,Synthetic scalability workload includes N=100000,100000,100000.0,100000,New_Code\01_audit_existing_results.py,01_audit_existing_results.py,""category"""": """"scalability"""", """"description"""": """"Synthetic scalability workload includes N=100000"""", """"metric_terms"""": [ """"sample"""", """"samples"""", """"dataset size"""", """"n="""", """"n ="""", """"synthetic size"""", ], """"target_values"""": [100000], """"tolerance"""": 0.0, }, ] # ============================================================ # 4. KEYWORDS FOR FILE CLASSIFICATION # ============================================================"",False | C44_DI_REAL_1,4.4,fairness,Real-data disparate impact reported as 1.0,1.0,1.0,1,training\ensemble\train_hfagm.py,train_hfagm.py,""y_tensor = torch.tensor(y, dtype=torch.float32).unsqueeze(1) dataset = TensorDataset(X_tensor, adj_tensor, contrastive_tensor, y_tensor) dataloader = DataLoader(dataset, batch_size=32, shuffle=True) # ==== Initialize Model ==== model = HFAGM(input_dim=X.shape[1], contrastive_dim=contrastive.shape[1], hidden_dim=64) criterion = nn.BCEWithLogitsLoss() optimizer = optim.Adam(model.parameters(), lr=0.001) # ==== Training Loop ==== model.train() epochs = 20 for epoch in range(epochs): epoch_loss"",False | C44_DI_REAL_1,4.4,fairness,Real-data disparate impact reported as 1.0,1.0,1.0,1,training\ensemble\train_hfagm.py,train_hfagm.py,""y_tensor = torch.tensor(y, dtype=torch.float32).unsqueeze(1) dataset = TensorDataset(X_tensor, adj_tensor, contrastive_tensor, y_tensor) dataloader = DataLoader(dataset, batch_size=32, shuffle=True) # ==== Initialize Model ==== model = HFAGM(input_dim=X.shape[1], contrastive_dim=contrastive.shape[1], hidden_dim=64) criterion = nn.BCEWithLogitsLoss() optimizer = optim.Adam(model.parameters(), lr=0.001) # ==== Training Loop ==== model.train() epochs = 20 for epoch in range(epochs): epoch_loss"",False | C44_DI_REAL_1,4.4,fairness,Real-data disparate impact reported as 1.0,1.0,1.0,1,training\ensemble\train_hfagm.py,train_hfagm.py,""y_tensor = torch.tensor(y, dtype=torch.float32).unsqueeze(1) dataset = TensorDataset(X_tensor, adj_tensor, contrastive_tensor, y_tensor) dataloader = DataLoader(dataset, batch_size=32, shuffle=True) # ==== Initialize Model ==== model = HFAGM(input_dim=X.shape[1], contrastive_dim=contrastive.shape[1], hidden_dim=64) criterion = nn.BCEWithLogitsLoss() optimizer = optim.Adam(model.parameters(), lr=0.001) # ==== Training Loop ==== model.train() epochs = 20 for epoch in range(epochs): epoch_loss"",False | C44_DI_REAL_1,4.4,fairness,Real-data disparate impact reported as 1.0,1.0,1.0,1,training\ensemble\train_hfagm.py,train_hfagm.py,""type=torch.float32).unsqueeze(1) dataset = TensorDataset(X_tensor, adj_tensor, contrastive_tensor, y_tensor) dataloader = DataLoader(dataset, batch_size=32, shuffle=True) # ==== Initialize Model ==== model = HFAGM(input_dim=X.shape[1], contrastive_dim=contrastive.shape[1], hidden_dim=64) criterion = nn.BCEWithLogitsLoss() optimizer = optim.Adam(model.paramet"
outputs\revision_audit\claim_evidence_detailed.csv,521,20.0,0,0,"C44_DI_REAL_1,4.4,fairness,Real-data disparate impact reported as 1.0,1.0,1.0,1,training\ensemble\train_hfagm.py,train_hfagm.py,""y_tensor = torch.tensor(y, dtype=torch.float32).unsqueeze(1) dataset = TensorDataset(X_tensor, adj_tensor, contrastive_tensor, y_tensor) dataloader = DataLoader(dataset, batch_size=32, shuffle=True) # ==== Initialize Model ==== model = HFAGM(input_dim=X.shape[1], contrastive_dim=contrastive.shape[1], hidden_dim=64) criterion = nn.BCEWithLogitsLoss() optimizer = optim.Adam(model.parameters(), lr=0.001) # ==== Training Loop ==== model.train() epochs = 20 for epoch in range(epochs): epoch_loss"",False","C45_SYNTHETIC_N_100000,4.3,scalability,Synthetic scalability workload includes N=100000,100000,100000.0,100000,New_Code\01_audit_existing_results.py,01_audit_existing_results.py,""category"""": """"scalability"""", """"description"""": """"Synthetic scalability workload includes N=100000"""", """"metric_terms"""": [ """"sample"""", """"samples"""", """"dataset size"""", """"n="""", """"n ="""", """"synthetic size"""", ], """"target_values"""": [100000], """"tolerance"""": 0.0, }, ] # ============================================================ # 4. KEYWORDS FOR FILE CLASSIFICATION # ============================================================"",False | C44_DI_REAL_1,4.4,fairness,Real-data disparate impact reported as 1.0,1.0,1.0,1,training\ensemble\train_hfagm.py,train_hfagm.py,""y_tensor = torch.tensor(y, dtype=torch.float32).unsqueeze(1) dataset = TensorDataset(X_tensor, adj_tensor, contrastive_tensor, y_tensor) dataloader = DataLoader(dataset, batch_size=32, shuffle=True) # ==== Initialize Model ==== model = HFAGM(input_dim=X.shape[1], contrastive_dim=contrastive.shape[1], hidden_dim=64) criterion = nn.BCEWithLogitsLoss() optimizer = optim.Adam(model.parameters(), lr=0.001) # ==== Training Loop ==== model.train() epochs = 20 for epoch in range(epochs): epoch_loss"",False | C44_DI_REAL_1,4.4,fairness,Real-data disparate impact reported as 1.0,1.0,1.0,1,training\ensemble\train_hfagm.py,train_hfagm.py,""y_tensor = torch.tensor(y, dtype=torch.float32).unsqueeze(1) dataset = TensorDataset(X_tensor, adj_tensor, contrastive_tensor, y_tensor) dataloader = DataLoader(dataset, batch_size=32, shuffle=True) # ==== Initialize Model ==== model = HFAGM(input_dim=X.shape[1], contrastive_dim=contrastive.shape[1], hidden_dim=64) criterion = nn.BCEWithLogitsLoss() optimizer = optim.Adam(model.parameters(), lr=0.001) # ==== Training Loop ==== model.train() epochs = 20 for epoch in range(epochs): epoch_loss"",False | C44_DI_REAL_1,4.4,fairness,Real-data disparate impact reported as 1.0,1.0,1.0,1,training\ensemble\train_hfagm.py,train_hfagm.py,""y_tensor = torch.tensor(y, dtype=torch.float32).unsqueeze(1) dataset = TensorDataset(X_tensor, adj_tensor, contrastive_tensor, y_tensor) dataloader = DataLoader(dataset, batch_size=32, shuffle=True) # ==== Initialize Model ==== model = HFAGM(input_dim=X.shape[1], contrastive_dim=contrastive.shape[1], hidden_dim=64) criterion = nn.BCEWithLogitsLoss() optimizer = optim.Adam(model.parameters(), lr=0.001) # ==== Training Loop ==== model.train() epochs = 20 for epoch in range(epochs): epoch_loss"",False | C44_DI_REAL_1,4.4,fairness,Real-data disparate impact reported as 1.0,1.0,1.0,1,training\ensemble\train_hfagm.py,train_hfagm.py,""type=torch.float32).unsqueeze(1) dataset = TensorDataset(X_tensor, adj_tensor, contrastive_tensor, y_tensor) dataloader = DataLoader(dataset, batch_size=32, shuffle=True) # ==== Initialize Model ==== model = HFAGM(input_dim=X.shape[1], contrastive_dim=contrastive.shape[1], hidden_dim=64) criterion = nn.BCEWithLogitsLoss() optimizer = optim.Adam(model.paramet"
outputs\revision_audit\claim_evidence_detailed.csv,522,4.4,0,0,"C44_DI_REAL_1,4.4,fairness,Real-data disparate impact reported as 1.0,1.0,1.0,1,training\ensemble\train_hfagm.py,train_hfagm.py,""y_tensor = torch.tensor(y, dtype=torch.float32).unsqueeze(1) dataset = TensorDataset(X_tensor, adj_tensor, contrastive_tensor, y_tensor) dataloader = DataLoader(dataset, batch_size=32, shuffle=True) # ==== Initialize Model ==== model = HFAGM(input_dim=X.shape[1], contrastive_dim=contrastive.shape[1], hidden_dim=64) criterion = nn.BCEWithLogitsLoss() optimizer = optim.Adam(model.parameters(), lr=0.001) # ==== Training Loop ==== model.train() epochs = 20 for epoch in range(epochs): epoch_loss"",False","C44_DI_REAL_1,4.4,fairness,Real-data disparate impact reported as 1.0,1.0,1.0,1,training\ensemble\train_hfagm.py,train_hfagm.py,""y_tensor = torch.tensor(y, dtype=torch.float32).unsqueeze(1) dataset = TensorDataset(X_tensor, adj_tensor, contrastive_tensor, y_tensor) dataloader = DataLoader(dataset, batch_size=32, shuffle=True) # ==== Initialize Model ==== model = HFAGM(input_dim=X.shape[1], contrastive_dim=contrastive.shape[1], hidden_dim=64) criterion = nn.BCEWithLogitsLoss() optimizer = optim.Adam(model.parameters(), lr=0.001) # ==== Training Loop ==== model.train() epochs = 20 for epoch in range(epochs): epoch_loss"",False | C44_DI_REAL_1,4.4,fairness,Real-data disparate impact reported as 1.0,1.0,1.0,1,training\ensemble\train_hfagm.py,train_hfagm.py,""y_tensor = torch.tensor(y, dtype=torch.float32).unsqueeze(1) dataset = TensorDataset(X_tensor, adj_tensor, contrastive_tensor, y_tensor) dataloader = DataLoader(dataset, batch_size=32, shuffle=True) # ==== Initialize Model ==== model = HFAGM(input_dim=X.shape[1], contrastive_dim=contrastive.shape[1], hidden_dim=64) criterion = nn.BCEWithLogitsLoss() optimizer = optim.Adam(model.parameters(), lr=0.001) # ==== Training Loop ==== model.train() epochs = 20 for epoch in range(epochs): epoch_loss"",False | C44_DI_REAL_1,4.4,fairness,Real-data disparate impact reported as 1.0,1.0,1.0,1,training\ensemble\train_hfagm.py,train_hfagm.py,""y_tensor = torch.tensor(y, dtype=torch.float32).unsqueeze(1) dataset = TensorDataset(X_tensor, adj_tensor, contrastive_tensor, y_tensor) dataloader = DataLoader(dataset, batch_size=32, shuffle=True) # ==== Initialize Model ==== model = HFAGM(input_dim=X.shape[1], contrastive_dim=contrastive.shape[1], hidden_dim=64) criterion = nn.BCEWithLogitsLoss() optimizer = optim.Adam(model.parameters(), lr=0.001) # ==== Training Loop ==== model.train() epochs = 20 for epoch in range(epochs): epoch_loss"",False | C44_DI_REAL_1,4.4,fairness,Real-data disparate impact reported as 1.0,1.0,1.0,1,training\ensemble\train_hfagm.py,train_hfagm.py,""type=torch.float32).unsqueeze(1) dataset = TensorDataset(X_tensor, adj_tensor, contrastive_tensor, y_tensor) dataloader = DataLoader(dataset, batch_size=32, shuffle=True) # ==== Initialize Model ==== model = HFAGM(input_dim=X.shape[1], contrastive_dim=contrastive.shape[1], hidden_dim=64) criterion = nn.BCEWithLogitsLoss() optimizer = optim.Adam(model.parameters(), lr=0.001) # ==== Training Loop ==== model.train() epochs = 20 for epoch in range(epochs): epoch_loss = 0.0 for X_batch, adj_"",False | C44_DI_REAL_1,4.4,fairness,Real-data disparate impact reported as 1.0,1.0,1.0,1,training\ensemble\train_hfagm.py,train_hfagm.py,""type=torch.float32).unsqueeze(1) dataset = TensorDataset(X_tensor, adj_tensor, contrastive_tensor, y_tensor) dataloader = DataLoader(dataset, batch_size=32, shuffle=True) # ==== Initialize Model ==== model = HFAGM(input_dim=X.shape[1], contrastive_dim=contrastive.shape[1], hidden_dim=64) criterion = nn.BCEWithLogitsLoss() optimizer = opt"
outputs\revision_audit\claim_evidence_detailed.csv,522,1.0,0,0,"C44_DI_REAL_1,4.4,fairness,Real-data disparate impact reported as 1.0,1.0,1.0,1,training\ensemble\train_hfagm.py,train_hfagm.py,""y_tensor = torch.tensor(y, dtype=torch.float32).unsqueeze(1) dataset = TensorDataset(X_tensor, adj_tensor, contrastive_tensor, y_tensor) dataloader = DataLoader(dataset, batch_size=32, shuffle=True) # ==== Initialize Model ==== model = HFAGM(input_dim=X.shape[1], contrastive_dim=contrastive.shape[1], hidden_dim=64) criterion = nn.BCEWithLogitsLoss() optimizer = optim.Adam(model.parameters(), lr=0.001) # ==== Training Loop ==== model.train() epochs = 20 for epoch in range(epochs): epoch_loss"",False","C44_DI_REAL_1,4.4,fairness,Real-data disparate impact reported as 1.0,1.0,1.0,1,training\ensemble\train_hfagm.py,train_hfagm.py,""y_tensor = torch.tensor(y, dtype=torch.float32).unsqueeze(1) dataset = TensorDataset(X_tensor, adj_tensor, contrastive_tensor, y_tensor) dataloader = DataLoader(dataset, batch_size=32, shuffle=True) # ==== Initialize Model ==== model = HFAGM(input_dim=X.shape[1], contrastive_dim=contrastive.shape[1], hidden_dim=64) criterion = nn.BCEWithLogitsLoss() optimizer = optim.Adam(model.parameters(), lr=0.001) # ==== Training Loop ==== model.train() epochs = 20 for epoch in range(epochs): epoch_loss"",False | C44_DI_REAL_1,4.4,fairness,Real-data disparate impact reported as 1.0,1.0,1.0,1,training\ensemble\train_hfagm.py,train_hfagm.py,""y_tensor = torch.tensor(y, dtype=torch.float32).unsqueeze(1) dataset = TensorDataset(X_tensor, adj_tensor, contrastive_tensor, y_tensor) dataloader = DataLoader(dataset, batch_size=32, shuffle=True) # ==== Initialize Model ==== model = HFAGM(input_dim=X.shape[1], contrastive_dim=contrastive.shape[1], hidden_dim=64) criterion = nn.BCEWithLogitsLoss() optimizer = optim.Adam(model.parameters(), lr=0.001) # ==== Training Loop ==== model.train() epochs = 20 for epoch in range(epochs): epoch_loss"",False | C44_DI_REAL_1,4.4,fairness,Real-data disparate impact reported as 1.0,1.0,1.0,1,training\ensemble\train_hfagm.py,train_hfagm.py,""y_tensor = torch.tensor(y, dtype=torch.float32).unsqueeze(1) dataset = TensorDataset(X_tensor, adj_tensor, contrastive_tensor, y_tensor) dataloader = DataLoader(dataset, batch_size=32, shuffle=True) # ==== Initialize Model ==== model = HFAGM(input_dim=X.shape[1], contrastive_dim=contrastive.shape[1], hidden_dim=64) criterion = nn.BCEWithLogitsLoss() optimizer = optim.Adam(model.parameters(), lr=0.001) # ==== Training Loop ==== model.train() epochs = 20 for epoch in range(epochs): epoch_loss"",False | C44_DI_REAL_1,4.4,fairness,Real-data disparate impact reported as 1.0,1.0,1.0,1,training\ensemble\train_hfagm.py,train_hfagm.py,""type=torch.float32).unsqueeze(1) dataset = TensorDataset(X_tensor, adj_tensor, contrastive_tensor, y_tensor) dataloader = DataLoader(dataset, batch_size=32, shuffle=True) # ==== Initialize Model ==== model = HFAGM(input_dim=X.shape[1], contrastive_dim=contrastive.shape[1], hidden_dim=64) criterion = nn.BCEWithLogitsLoss() optimizer = optim.Adam(model.parameters(), lr=0.001) # ==== Training Loop ==== model.train() epochs = 20 for epoch in range(epochs): epoch_loss = 0.0 for X_batch, adj_"",False | C44_DI_REAL_1,4.4,fairness,Real-data disparate impact reported as 1.0,1.0,1.0,1,training\ensemble\train_hfagm.py,train_hfagm.py,""type=torch.float32).unsqueeze(1) dataset = TensorDataset(X_tensor, adj_tensor, contrastive_tensor, y_tensor) dataloader = DataLoader(dataset, batch_size=32, shuffle=True) # ==== Initialize Model ==== model = HFAGM(input_dim=X.shape[1], contrastive_dim=contrastive.shape[1], hidden_dim=64) criterion = nn.BCEWithLogitsLoss() optimizer = opt"
outputs\revision_audit\claim_evidence_detailed.csv,522,1.0,0,0,"C44_DI_REAL_1,4.4,fairness,Real-data disparate impact reported as 1.0,1.0,1.0,1,training\ensemble\train_hfagm.py,train_hfagm.py,""y_tensor = torch.tensor(y, dtype=torch.float32).unsqueeze(1) dataset = TensorDataset(X_tensor, adj_tensor, contrastive_tensor, y_tensor) dataloader = DataLoader(dataset, batch_size=32, shuffle=True) # ==== Initialize Model ==== model = HFAGM(input_dim=X.shape[1], contrastive_dim=contrastive.shape[1], hidden_dim=64) criterion = nn.BCEWithLogitsLoss() optimizer = optim.Adam(model.parameters(), lr=0.001) # ==== Training Loop ==== model.train() epochs = 20 for epoch in range(epochs): epoch_loss"",False","C44_DI_REAL_1,4.4,fairness,Real-data disparate impact reported as 1.0,1.0,1.0,1,training\ensemble\train_hfagm.py,train_hfagm.py,""y_tensor = torch.tensor(y, dtype=torch.float32).unsqueeze(1) dataset = TensorDataset(X_tensor, adj_tensor, contrastive_tensor, y_tensor) dataloader = DataLoader(dataset, batch_size=32, shuffle=True) # ==== Initialize Model ==== model = HFAGM(input_dim=X.shape[1], contrastive_dim=contrastive.shape[1], hidden_dim=64) criterion = nn.BCEWithLogitsLoss() optimizer = optim.Adam(model.parameters(), lr=0.001) # ==== Training Loop ==== model.train() epochs = 20 for epoch in range(epochs): epoch_loss"",False | C44_DI_REAL_1,4.4,fairness,Real-data disparate impact reported as 1.0,1.0,1.0,1,training\ensemble\train_hfagm.py,train_hfagm.py,""y_tensor = torch.tensor(y, dtype=torch.float32).unsqueeze(1) dataset = TensorDataset(X_tensor, adj_tensor, contrastive_tensor, y_tensor) dataloader = DataLoader(dataset, batch_size=32, shuffle=True) # ==== Initialize Model ==== model = HFAGM(input_dim=X.shape[1], contrastive_dim=contrastive.shape[1], hidden_dim=64) criterion = nn.BCEWithLogitsLoss() optimizer = optim.Adam(model.parameters(), lr=0.001) # ==== Training Loop ==== model.train() epochs = 20 for epoch in range(epochs): epoch_loss"",False | C44_DI_REAL_1,4.4,fairness,Real-data disparate impact reported as 1.0,1.0,1.0,1,training\ensemble\train_hfagm.py,train_hfagm.py,""y_tensor = torch.tensor(y, dtype=torch.float32).unsqueeze(1) dataset = TensorDataset(X_tensor, adj_tensor, contrastive_tensor, y_tensor) dataloader = DataLoader(dataset, batch_size=32, shuffle=True) # ==== Initialize Model ==== model = HFAGM(input_dim=X.shape[1], contrastive_dim=contrastive.shape[1], hidden_dim=64) criterion = nn.BCEWithLogitsLoss() optimizer = optim.Adam(model.parameters(), lr=0.001) # ==== Training Loop ==== model.train() epochs = 20 for epoch in range(epochs): epoch_loss"",False | C44_DI_REAL_1,4.4,fairness,Real-data disparate impact reported as 1.0,1.0,1.0,1,training\ensemble\train_hfagm.py,train_hfagm.py,""type=torch.float32).unsqueeze(1) dataset = TensorDataset(X_tensor, adj_tensor, contrastive_tensor, y_tensor) dataloader = DataLoader(dataset, batch_size=32, shuffle=True) # ==== Initialize Model ==== model = HFAGM(input_dim=X.shape[1], contrastive_dim=contrastive.shape[1], hidden_dim=64) criterion = nn.BCEWithLogitsLoss() optimizer = optim.Adam(model.parameters(), lr=0.001) # ==== Training Loop ==== model.train() epochs = 20 for epoch in range(epochs): epoch_loss = 0.0 for X_batch, adj_"",False | C44_DI_REAL_1,4.4,fairness,Real-data disparate impact reported as 1.0,1.0,1.0,1,training\ensemble\train_hfagm.py,train_hfagm.py,""type=torch.float32).unsqueeze(1) dataset = TensorDataset(X_tensor, adj_tensor, contrastive_tensor, y_tensor) dataloader = DataLoader(dataset, batch_size=32, shuffle=True) # ==== Initialize Model ==== model = HFAGM(input_dim=X.shape[1], contrastive_dim=contrastive.shape[1], hidden_dim=64) criterion = nn.BCEWithLogitsLoss() optimizer = opt"
outputs\revision_audit\claim_evidence_detailed.csv,522,1.0,0,0,"C44_DI_REAL_1,4.4,fairness,Real-data disparate impact reported as 1.0,1.0,1.0,1,training\ensemble\train_hfagm.py,train_hfagm.py,""y_tensor = torch.tensor(y, dtype=torch.float32).unsqueeze(1) dataset = TensorDataset(X_tensor, adj_tensor, contrastive_tensor, y_tensor) dataloader = DataLoader(dataset, batch_size=32, shuffle=True) # ==== Initialize Model ==== model = HFAGM(input_dim=X.shape[1], contrastive_dim=contrastive.shape[1], hidden_dim=64) criterion = nn.BCEWithLogitsLoss() optimizer = optim.Adam(model.parameters(), lr=0.001) # ==== Training Loop ==== model.train() epochs = 20 for epoch in range(epochs): epoch_loss"",False","C44_DI_REAL_1,4.4,fairness,Real-data disparate impact reported as 1.0,1.0,1.0,1,training\ensemble\train_hfagm.py,train_hfagm.py,""y_tensor = torch.tensor(y, dtype=torch.float32).unsqueeze(1) dataset = TensorDataset(X_tensor, adj_tensor, contrastive_tensor, y_tensor) dataloader = DataLoader(dataset, batch_size=32, shuffle=True) # ==== Initialize Model ==== model = HFAGM(input_dim=X.shape[1], contrastive_dim=contrastive.shape[1], hidden_dim=64) criterion = nn.BCEWithLogitsLoss() optimizer = optim.Adam(model.parameters(), lr=0.001) # ==== Training Loop ==== model.train() epochs = 20 for epoch in range(epochs): epoch_loss"",False | C44_DI_REAL_1,4.4,fairness,Real-data disparate impact reported as 1.0,1.0,1.0,1,training\ensemble\train_hfagm.py,train_hfagm.py,""y_tensor = torch.tensor(y, dtype=torch.float32).unsqueeze(1) dataset = TensorDataset(X_tensor, adj_tensor, contrastive_tensor, y_tensor) dataloader = DataLoader(dataset, batch_size=32, shuffle=True) # ==== Initialize Model ==== model = HFAGM(input_dim=X.shape[1], contrastive_dim=contrastive.shape[1], hidden_dim=64) criterion = nn.BCEWithLogitsLoss() optimizer = optim.Adam(model.parameters(), lr=0.001) # ==== Training Loop ==== model.train() epochs = 20 for epoch in range(epochs): epoch_loss"",False | C44_DI_REAL_1,4.4,fairness,Real-data disparate impact reported as 1.0,1.0,1.0,1,training\ensemble\train_hfagm.py,train_hfagm.py,""y_tensor = torch.tensor(y, dtype=torch.float32).unsqueeze(1) dataset = TensorDataset(X_tensor, adj_tensor, contrastive_tensor, y_tensor) dataloader = DataLoader(dataset, batch_size=32, shuffle=True) # ==== Initialize Model ==== model = HFAGM(input_dim=X.shape[1], contrastive_dim=contrastive.shape[1], hidden_dim=64) criterion = nn.BCEWithLogitsLoss() optimizer = optim.Adam(model.parameters(), lr=0.001) # ==== Training Loop ==== model.train() epochs = 20 for epoch in range(epochs): epoch_loss"",False | C44_DI_REAL_1,4.4,fairness,Real-data disparate impact reported as 1.0,1.0,1.0,1,training\ensemble\train_hfagm.py,train_hfagm.py,""type=torch.float32).unsqueeze(1) dataset = TensorDataset(X_tensor, adj_tensor, contrastive_tensor, y_tensor) dataloader = DataLoader(dataset, batch_size=32, shuffle=True) # ==== Initialize Model ==== model = HFAGM(input_dim=X.shape[1], contrastive_dim=contrastive.shape[1], hidden_dim=64) criterion = nn.BCEWithLogitsLoss() optimizer = optim.Adam(model.parameters(), lr=0.001) # ==== Training Loop ==== model.train() epochs = 20 for epoch in range(epochs): epoch_loss = 0.0 for X_batch, adj_"",False | C44_DI_REAL_1,4.4,fairness,Real-data disparate impact reported as 1.0,1.0,1.0,1,training\ensemble\train_hfagm.py,train_hfagm.py,""type=torch.float32).unsqueeze(1) dataset = TensorDataset(X_tensor, adj_tensor, contrastive_tensor, y_tensor) dataloader = DataLoader(dataset, batch_size=32, shuffle=True) # ==== Initialize Model ==== model = HFAGM(input_dim=X.shape[1], contrastive_dim=contrastive.shape[1], hidden_dim=64) criterion = nn.BCEWithLogitsLoss() optimizer = opt"
outputs\revision_audit\claim_evidence_detailed.csv,522,1.0,0,0,"C44_DI_REAL_1,4.4,fairness,Real-data disparate impact reported as 1.0,1.0,1.0,1,training\ensemble\train_hfagm.py,train_hfagm.py,""y_tensor = torch.tensor(y, dtype=torch.float32).unsqueeze(1) dataset = TensorDataset(X_tensor, adj_tensor, contrastive_tensor, y_tensor) dataloader = DataLoader(dataset, batch_size=32, shuffle=True) # ==== Initialize Model ==== model = HFAGM(input_dim=X.shape[1], contrastive_dim=contrastive.shape[1], hidden_dim=64) criterion = nn.BCEWithLogitsLoss() optimizer = optim.Adam(model.parameters(), lr=0.001) # ==== Training Loop ==== model.train() epochs = 20 for epoch in range(epochs): epoch_loss"",False","C44_DI_REAL_1,4.4,fairness,Real-data disparate impact reported as 1.0,1.0,1.0,1,training\ensemble\train_hfagm.py,train_hfagm.py,""y_tensor = torch.tensor(y, dtype=torch.float32).unsqueeze(1) dataset = TensorDataset(X_tensor, adj_tensor, contrastive_tensor, y_tensor) dataloader = DataLoader(dataset, batch_size=32, shuffle=True) # ==== Initialize Model ==== model = HFAGM(input_dim=X.shape[1], contrastive_dim=contrastive.shape[1], hidden_dim=64) criterion = nn.BCEWithLogitsLoss() optimizer = optim.Adam(model.parameters(), lr=0.001) # ==== Training Loop ==== model.train() epochs = 20 for epoch in range(epochs): epoch_loss"",False | C44_DI_REAL_1,4.4,fairness,Real-data disparate impact reported as 1.0,1.0,1.0,1,training\ensemble\train_hfagm.py,train_hfagm.py,""y_tensor = torch.tensor(y, dtype=torch.float32).unsqueeze(1) dataset = TensorDataset(X_tensor, adj_tensor, contrastive_tensor, y_tensor) dataloader = DataLoader(dataset, batch_size=32, shuffle=True) # ==== Initialize Model ==== model = HFAGM(input_dim=X.shape[1], contrastive_dim=contrastive.shape[1], hidden_dim=64) criterion = nn.BCEWithLogitsLoss() optimizer = optim.Adam(model.parameters(), lr=0.001) # ==== Training Loop ==== model.train() epochs = 20 for epoch in range(epochs): epoch_loss"",False | C44_DI_REAL_1,4.4,fairness,Real-data disparate impact reported as 1.0,1.0,1.0,1,training\ensemble\train_hfagm.py,train_hfagm.py,""y_tensor = torch.tensor(y, dtype=torch.float32).unsqueeze(1) dataset = TensorDataset(X_tensor, adj_tensor, contrastive_tensor, y_tensor) dataloader = DataLoader(dataset, batch_size=32, shuffle=True) # ==== Initialize Model ==== model = HFAGM(input_dim=X.shape[1], contrastive_dim=contrastive.shape[1], hidden_dim=64) criterion = nn.BCEWithLogitsLoss() optimizer = optim.Adam(model.parameters(), lr=0.001) # ==== Training Loop ==== model.train() epochs = 20 for epoch in range(epochs): epoch_loss"",False | C44_DI_REAL_1,4.4,fairness,Real-data disparate impact reported as 1.0,1.0,1.0,1,training\ensemble\train_hfagm.py,train_hfagm.py,""type=torch.float32).unsqueeze(1) dataset = TensorDataset(X_tensor, adj_tensor, contrastive_tensor, y_tensor) dataloader = DataLoader(dataset, batch_size=32, shuffle=True) # ==== Initialize Model ==== model = HFAGM(input_dim=X.shape[1], contrastive_dim=contrastive.shape[1], hidden_dim=64) criterion = nn.BCEWithLogitsLoss() optimizer = optim.Adam(model.parameters(), lr=0.001) # ==== Training Loop ==== model.train() epochs = 20 for epoch in range(epochs): epoch_loss = 0.0 for X_batch, adj_"",False | C44_DI_REAL_1,4.4,fairness,Real-data disparate impact reported as 1.0,1.0,1.0,1,training\ensemble\train_hfagm.py,train_hfagm.py,""type=torch.float32).unsqueeze(1) dataset = TensorDataset(X_tensor, adj_tensor, contrastive_tensor, y_tensor) dataloader = DataLoader(dataset, batch_size=32, shuffle=True) # ==== Initialize Model ==== model = HFAGM(input_dim=X.shape[1], contrastive_dim=contrastive.shape[1], hidden_dim=64) criterion = nn.BCEWithLogitsLoss() optimizer = opt"
outputs\revision_audit\claim_evidence_detailed.csv,522,1.0,0,0,"C44_DI_REAL_1,4.4,fairness,Real-data disparate impact reported as 1.0,1.0,1.0,1,training\ensemble\train_hfagm.py,train_hfagm.py,""y_tensor = torch.tensor(y, dtype=torch.float32).unsqueeze(1) dataset = TensorDataset(X_tensor, adj_tensor, contrastive_tensor, y_tensor) dataloader = DataLoader(dataset, batch_size=32, shuffle=True) # ==== Initialize Model ==== model = HFAGM(input_dim=X.shape[1], contrastive_dim=contrastive.shape[1], hidden_dim=64) criterion = nn.BCEWithLogitsLoss() optimizer = optim.Adam(model.parameters(), lr=0.001) # ==== Training Loop ==== model.train() epochs = 20 for epoch in range(epochs): epoch_loss"",False","C44_DI_REAL_1,4.4,fairness,Real-data disparate impact reported as 1.0,1.0,1.0,1,training\ensemble\train_hfagm.py,train_hfagm.py,""y_tensor = torch.tensor(y, dtype=torch.float32).unsqueeze(1) dataset = TensorDataset(X_tensor, adj_tensor, contrastive_tensor, y_tensor) dataloader = DataLoader(dataset, batch_size=32, shuffle=True) # ==== Initialize Model ==== model = HFAGM(input_dim=X.shape[1], contrastive_dim=contrastive.shape[1], hidden_dim=64) criterion = nn.BCEWithLogitsLoss() optimizer = optim.Adam(model.parameters(), lr=0.001) # ==== Training Loop ==== model.train() epochs = 20 for epoch in range(epochs): epoch_loss"",False | C44_DI_REAL_1,4.4,fairness,Real-data disparate impact reported as 1.0,1.0,1.0,1,training\ensemble\train_hfagm.py,train_hfagm.py,""y_tensor = torch.tensor(y, dtype=torch.float32).unsqueeze(1) dataset = TensorDataset(X_tensor, adj_tensor, contrastive_tensor, y_tensor) dataloader = DataLoader(dataset, batch_size=32, shuffle=True) # ==== Initialize Model ==== model = HFAGM(input_dim=X.shape[1], contrastive_dim=contrastive.shape[1], hidden_dim=64) criterion = nn.BCEWithLogitsLoss() optimizer = optim.Adam(model.parameters(), lr=0.001) # ==== Training Loop ==== model.train() epochs = 20 for epoch in range(epochs): epoch_loss"",False | C44_DI_REAL_1,4.4,fairness,Real-data disparate impact reported as 1.0,1.0,1.0,1,training\ensemble\train_hfagm.py,train_hfagm.py,""y_tensor = torch.tensor(y, dtype=torch.float32).unsqueeze(1) dataset = TensorDataset(X_tensor, adj_tensor, contrastive_tensor, y_tensor) dataloader = DataLoader(dataset, batch_size=32, shuffle=True) # ==== Initialize Model ==== model = HFAGM(input_dim=X.shape[1], contrastive_dim=contrastive.shape[1], hidden_dim=64) criterion = nn.BCEWithLogitsLoss() optimizer = optim.Adam(model.parameters(), lr=0.001) # ==== Training Loop ==== model.train() epochs = 20 for epoch in range(epochs): epoch_loss"",False | C44_DI_REAL_1,4.4,fairness,Real-data disparate impact reported as 1.0,1.0,1.0,1,training\ensemble\train_hfagm.py,train_hfagm.py,""type=torch.float32).unsqueeze(1) dataset = TensorDataset(X_tensor, adj_tensor, contrastive_tensor, y_tensor) dataloader = DataLoader(dataset, batch_size=32, shuffle=True) # ==== Initialize Model ==== model = HFAGM(input_dim=X.shape[1], contrastive_dim=contrastive.shape[1], hidden_dim=64) criterion = nn.BCEWithLogitsLoss() optimizer = optim.Adam(model.parameters(), lr=0.001) # ==== Training Loop ==== model.train() epochs = 20 for epoch in range(epochs): epoch_loss = 0.0 for X_batch, adj_"",False | C44_DI_REAL_1,4.4,fairness,Real-data disparate impact reported as 1.0,1.0,1.0,1,training\ensemble\train_hfagm.py,train_hfagm.py,""type=torch.float32).unsqueeze(1) dataset = TensorDataset(X_tensor, adj_tensor, contrastive_tensor, y_tensor) dataloader = DataLoader(dataset, batch_size=32, shuffle=True) # ==== Initialize Model ==== model = HFAGM(input_dim=X.shape[1], contrastive_dim=contrastive.shape[1], hidden_dim=64) criterion = nn.BCEWithLogitsLoss() optimizer = opt"
outputs\revision_audit\claim_evidence_detailed.csv,522,32.0,0,0,"C44_DI_REAL_1,4.4,fairness,Real-data disparate impact reported as 1.0,1.0,1.0,1,training\ensemble\train_hfagm.py,train_hfagm.py,""y_tensor = torch.tensor(y, dtype=torch.float32).unsqueeze(1) dataset = TensorDataset(X_tensor, adj_tensor, contrastive_tensor, y_tensor) dataloader = DataLoader(dataset, batch_size=32, shuffle=True) # ==== Initialize Model ==== model = HFAGM(input_dim=X.shape[1], contrastive_dim=contrastive.shape[1], hidden_dim=64) criterion = nn.BCEWithLogitsLoss() optimizer = optim.Adam(model.parameters(), lr=0.001) # ==== Training Loop ==== model.train() epochs = 20 for epoch in range(epochs): epoch_loss"",False","C44_DI_REAL_1,4.4,fairness,Real-data disparate impact reported as 1.0,1.0,1.0,1,training\ensemble\train_hfagm.py,train_hfagm.py,""y_tensor = torch.tensor(y, dtype=torch.float32).unsqueeze(1) dataset = TensorDataset(X_tensor, adj_tensor, contrastive_tensor, y_tensor) dataloader = DataLoader(dataset, batch_size=32, shuffle=True) # ==== Initialize Model ==== model = HFAGM(input_dim=X.shape[1], contrastive_dim=contrastive.shape[1], hidden_dim=64) criterion = nn.BCEWithLogitsLoss() optimizer = optim.Adam(model.parameters(), lr=0.001) # ==== Training Loop ==== model.train() epochs = 20 for epoch in range(epochs): epoch_loss"",False | C44_DI_REAL_1,4.4,fairness,Real-data disparate impact reported as 1.0,1.0,1.0,1,training\ensemble\train_hfagm.py,train_hfagm.py,""y_tensor = torch.tensor(y, dtype=torch.float32).unsqueeze(1) dataset = TensorDataset(X_tensor, adj_tensor, contrastive_tensor, y_tensor) dataloader = DataLoader(dataset, batch_size=32, shuffle=True) # ==== Initialize Model ==== model = HFAGM(input_dim=X.shape[1], contrastive_dim=contrastive.shape[1], hidden_dim=64) criterion = nn.BCEWithLogitsLoss() optimizer = optim.Adam(model.parameters(), lr=0.001) # ==== Training Loop ==== model.train() epochs = 20 for epoch in range(epochs): epoch_loss"",False | C44_DI_REAL_1,4.4,fairness,Real-data disparate impact reported as 1.0,1.0,1.0,1,training\ensemble\train_hfagm.py,train_hfagm.py,""y_tensor = torch.tensor(y, dtype=torch.float32).unsqueeze(1) dataset = TensorDataset(X_tensor, adj_tensor, contrastive_tensor, y_tensor) dataloader = DataLoader(dataset, batch_size=32, shuffle=True) # ==== Initialize Model ==== model = HFAGM(input_dim=X.shape[1], contrastive_dim=contrastive.shape[1], hidden_dim=64) criterion = nn.BCEWithLogitsLoss() optimizer = optim.Adam(model.parameters(), lr=0.001) # ==== Training Loop ==== model.train() epochs = 20 for epoch in range(epochs): epoch_loss"",False | C44_DI_REAL_1,4.4,fairness,Real-data disparate impact reported as 1.0,1.0,1.0,1,training\ensemble\train_hfagm.py,train_hfagm.py,""type=torch.float32).unsqueeze(1) dataset = TensorDataset(X_tensor, adj_tensor, contrastive_tensor, y_tensor) dataloader = DataLoader(dataset, batch_size=32, shuffle=True) # ==== Initialize Model ==== model = HFAGM(input_dim=X.shape[1], contrastive_dim=contrastive.shape[1], hidden_dim=64) criterion = nn.BCEWithLogitsLoss() optimizer = optim.Adam(model.parameters(), lr=0.001) # ==== Training Loop ==== model.train() epochs = 20 for epoch in range(epochs): epoch_loss = 0.0 for X_batch, adj_"",False | C44_DI_REAL_1,4.4,fairness,Real-data disparate impact reported as 1.0,1.0,1.0,1,training\ensemble\train_hfagm.py,train_hfagm.py,""type=torch.float32).unsqueeze(1) dataset = TensorDataset(X_tensor, adj_tensor, contrastive_tensor, y_tensor) dataloader = DataLoader(dataset, batch_size=32, shuffle=True) # ==== Initialize Model ==== model = HFAGM(input_dim=X.shape[1], contrastive_dim=contrastive.shape[1], hidden_dim=64) criterion = nn.BCEWithLogitsLoss() optimizer = opt"
outputs\revision_audit\claim_evidence_detailed.csv,522,1.0,0,0,"C44_DI_REAL_1,4.4,fairness,Real-data disparate impact reported as 1.0,1.0,1.0,1,training\ensemble\train_hfagm.py,train_hfagm.py,""y_tensor = torch.tensor(y, dtype=torch.float32).unsqueeze(1) dataset = TensorDataset(X_tensor, adj_tensor, contrastive_tensor, y_tensor) dataloader = DataLoader(dataset, batch_size=32, shuffle=True) # ==== Initialize Model ==== model = HFAGM(input_dim=X.shape[1], contrastive_dim=contrastive.shape[1], hidden_dim=64) criterion = nn.BCEWithLogitsLoss() optimizer = optim.Adam(model.parameters(), lr=0.001) # ==== Training Loop ==== model.train() epochs = 20 for epoch in range(epochs): epoch_loss"",False","C44_DI_REAL_1,4.4,fairness,Real-data disparate impact reported as 1.0,1.0,1.0,1,training\ensemble\train_hfagm.py,train_hfagm.py,""y_tensor = torch.tensor(y, dtype=torch.float32).unsqueeze(1) dataset = TensorDataset(X_tensor, adj_tensor, contrastive_tensor, y_tensor) dataloader = DataLoader(dataset, batch_size=32, shuffle=True) # ==== Initialize Model ==== model = HFAGM(input_dim=X.shape[1], contrastive_dim=contrastive.shape[1], hidden_dim=64) criterion = nn.BCEWithLogitsLoss() optimizer = optim.Adam(model.parameters(), lr=0.001) # ==== Training Loop ==== model.train() epochs = 20 for epoch in range(epochs): epoch_loss"",False | C44_DI_REAL_1,4.4,fairness,Real-data disparate impact reported as 1.0,1.0,1.0,1,training\ensemble\train_hfagm.py,train_hfagm.py,""y_tensor = torch.tensor(y, dtype=torch.float32).unsqueeze(1) dataset = TensorDataset(X_tensor, adj_tensor, contrastive_tensor, y_tensor) dataloader = DataLoader(dataset, batch_size=32, shuffle=True) # ==== Initialize Model ==== model = HFAGM(input_dim=X.shape[1], contrastive_dim=contrastive.shape[1], hidden_dim=64) criterion = nn.BCEWithLogitsLoss() optimizer = optim.Adam(model.parameters(), lr=0.001) # ==== Training Loop ==== model.train() epochs = 20 for epoch in range(epochs): epoch_loss"",False | C44_DI_REAL_1,4.4,fairness,Real-data disparate impact reported as 1.0,1.0,1.0,1,training\ensemble\train_hfagm.py,train_hfagm.py,""y_tensor = torch.tensor(y, dtype=torch.float32).unsqueeze(1) dataset = TensorDataset(X_tensor, adj_tensor, contrastive_tensor, y_tensor) dataloader = DataLoader(dataset, batch_size=32, shuffle=True) # ==== Initialize Model ==== model = HFAGM(input_dim=X.shape[1], contrastive_dim=contrastive.shape[1], hidden_dim=64) criterion = nn.BCEWithLogitsLoss() optimizer = optim.Adam(model.parameters(), lr=0.001) # ==== Training Loop ==== model.train() epochs = 20 for epoch in range(epochs): epoch_loss"",False | C44_DI_REAL_1,4.4,fairness,Real-data disparate impact reported as 1.0,1.0,1.0,1,training\ensemble\train_hfagm.py,train_hfagm.py,""type=torch.float32).unsqueeze(1) dataset = TensorDataset(X_tensor, adj_tensor, contrastive_tensor, y_tensor) dataloader = DataLoader(dataset, batch_size=32, shuffle=True) # ==== Initialize Model ==== model = HFAGM(input_dim=X.shape[1], contrastive_dim=contrastive.shape[1], hidden_dim=64) criterion = nn.BCEWithLogitsLoss() optimizer = optim.Adam(model.parameters(), lr=0.001) # ==== Training Loop ==== model.train() epochs = 20 for epoch in range(epochs): epoch_loss = 0.0 for X_batch, adj_"",False | C44_DI_REAL_1,4.4,fairness,Real-data disparate impact reported as 1.0,1.0,1.0,1,training\ensemble\train_hfagm.py,train_hfagm.py,""type=torch.float32).unsqueeze(1) dataset = TensorDataset(X_tensor, adj_tensor, contrastive_tensor, y_tensor) dataloader = DataLoader(dataset, batch_size=32, shuffle=True) # ==== Initialize Model ==== model = HFAGM(input_dim=X.shape[1], contrastive_dim=contrastive.shape[1], hidden_dim=64) criterion = nn.BCEWithLogitsLoss() optimizer = opt"
outputs\revision_audit\claim_evidence_detailed.csv,522,1.0,0,0,"C44_DI_REAL_1,4.4,fairness,Real-data disparate impact reported as 1.0,1.0,1.0,1,training\ensemble\train_hfagm.py,train_hfagm.py,""y_tensor = torch.tensor(y, dtype=torch.float32).unsqueeze(1) dataset = TensorDataset(X_tensor, adj_tensor, contrastive_tensor, y_tensor) dataloader = DataLoader(dataset, batch_size=32, shuffle=True) # ==== Initialize Model ==== model = HFAGM(input_dim=X.shape[1], contrastive_dim=contrastive.shape[1], hidden_dim=64) criterion = nn.BCEWithLogitsLoss() optimizer = optim.Adam(model.parameters(), lr=0.001) # ==== Training Loop ==== model.train() epochs = 20 for epoch in range(epochs): epoch_loss"",False","C44_DI_REAL_1,4.4,fairness,Real-data disparate impact reported as 1.0,1.0,1.0,1,training\ensemble\train_hfagm.py,train_hfagm.py,""y_tensor = torch.tensor(y, dtype=torch.float32).unsqueeze(1) dataset = TensorDataset(X_tensor, adj_tensor, contrastive_tensor, y_tensor) dataloader = DataLoader(dataset, batch_size=32, shuffle=True) # ==== Initialize Model ==== model = HFAGM(input_dim=X.shape[1], contrastive_dim=contrastive.shape[1], hidden_dim=64) criterion = nn.BCEWithLogitsLoss() optimizer = optim.Adam(model.parameters(), lr=0.001) # ==== Training Loop ==== model.train() epochs = 20 for epoch in range(epochs): epoch_loss"",False | C44_DI_REAL_1,4.4,fairness,Real-data disparate impact reported as 1.0,1.0,1.0,1,training\ensemble\train_hfagm.py,train_hfagm.py,""y_tensor = torch.tensor(y, dtype=torch.float32).unsqueeze(1) dataset = TensorDataset(X_tensor, adj_tensor, contrastive_tensor, y_tensor) dataloader = DataLoader(dataset, batch_size=32, shuffle=True) # ==== Initialize Model ==== model = HFAGM(input_dim=X.shape[1], contrastive_dim=contrastive.shape[1], hidden_dim=64) criterion = nn.BCEWithLogitsLoss() optimizer = optim.Adam(model.parameters(), lr=0.001) # ==== Training Loop ==== model.train() epochs = 20 for epoch in range(epochs): epoch_loss"",False | C44_DI_REAL_1,4.4,fairness,Real-data disparate impact reported as 1.0,1.0,1.0,1,training\ensemble\train_hfagm.py,train_hfagm.py,""y_tensor = torch.tensor(y, dtype=torch.float32).unsqueeze(1) dataset = TensorDataset(X_tensor, adj_tensor, contrastive_tensor, y_tensor) dataloader = DataLoader(dataset, batch_size=32, shuffle=True) # ==== Initialize Model ==== model = HFAGM(input_dim=X.shape[1], contrastive_dim=contrastive.shape[1], hidden_dim=64) criterion = nn.BCEWithLogitsLoss() optimizer = optim.Adam(model.parameters(), lr=0.001) # ==== Training Loop ==== model.train() epochs = 20 for epoch in range(epochs): epoch_loss"",False | C44_DI_REAL_1,4.4,fairness,Real-data disparate impact reported as 1.0,1.0,1.0,1,training\ensemble\train_hfagm.py,train_hfagm.py,""type=torch.float32).unsqueeze(1) dataset = TensorDataset(X_tensor, adj_tensor, contrastive_tensor, y_tensor) dataloader = DataLoader(dataset, batch_size=32, shuffle=True) # ==== Initialize Model ==== model = HFAGM(input_dim=X.shape[1], contrastive_dim=contrastive.shape[1], hidden_dim=64) criterion = nn.BCEWithLogitsLoss() optimizer = optim.Adam(model.parameters(), lr=0.001) # ==== Training Loop ==== model.train() epochs = 20 for epoch in range(epochs): epoch_loss = 0.0 for X_batch, adj_"",False | C44_DI_REAL_1,4.4,fairness,Real-data disparate impact reported as 1.0,1.0,1.0,1,training\ensemble\train_hfagm.py,train_hfagm.py,""type=torch.float32).unsqueeze(1) dataset = TensorDataset(X_tensor, adj_tensor, contrastive_tensor, y_tensor) dataloader = DataLoader(dataset, batch_size=32, shuffle=True) # ==== Initialize Model ==== model = HFAGM(input_dim=X.shape[1], contrastive_dim=contrastive.shape[1], hidden_dim=64) criterion = nn.BCEWithLogitsLoss() optimizer = opt"
outputs\revision_audit\claim_evidence_detailed.csv,522,64.0,0,0,"C44_DI_REAL_1,4.4,fairness,Real-data disparate impact reported as 1.0,1.0,1.0,1,training\ensemble\train_hfagm.py,train_hfagm.py,""y_tensor = torch.tensor(y, dtype=torch.float32).unsqueeze(1) dataset = TensorDataset(X_tensor, adj_tensor, contrastive_tensor, y_tensor) dataloader = DataLoader(dataset, batch_size=32, shuffle=True) # ==== Initialize Model ==== model = HFAGM(input_dim=X.shape[1], contrastive_dim=contrastive.shape[1], hidden_dim=64) criterion = nn.BCEWithLogitsLoss() optimizer = optim.Adam(model.parameters(), lr=0.001) # ==== Training Loop ==== model.train() epochs = 20 for epoch in range(epochs): epoch_loss"",False","C44_DI_REAL_1,4.4,fairness,Real-data disparate impact reported as 1.0,1.0,1.0,1,training\ensemble\train_hfagm.py,train_hfagm.py,""y_tensor = torch.tensor(y, dtype=torch.float32).unsqueeze(1) dataset = TensorDataset(X_tensor, adj_tensor, contrastive_tensor, y_tensor) dataloader = DataLoader(dataset, batch_size=32, shuffle=True) # ==== Initialize Model ==== model = HFAGM(input_dim=X.shape[1], contrastive_dim=contrastive.shape[1], hidden_dim=64) criterion = nn.BCEWithLogitsLoss() optimizer = optim.Adam(model.parameters(), lr=0.001) # ==== Training Loop ==== model.train() epochs = 20 for epoch in range(epochs): epoch_loss"",False | C44_DI_REAL_1,4.4,fairness,Real-data disparate impact reported as 1.0,1.0,1.0,1,training\ensemble\train_hfagm.py,train_hfagm.py,""y_tensor = torch.tensor(y, dtype=torch.float32).unsqueeze(1) dataset = TensorDataset(X_tensor, adj_tensor, contrastive_tensor, y_tensor) dataloader = DataLoader(dataset, batch_size=32, shuffle=True) # ==== Initialize Model ==== model = HFAGM(input_dim=X.shape[1], contrastive_dim=contrastive.shape[1], hidden_dim=64) criterion = nn.BCEWithLogitsLoss() optimizer = optim.Adam(model.parameters(), lr=0.001) # ==== Training Loop ==== model.train() epochs = 20 for epoch in range(epochs): epoch_loss"",False | C44_DI_REAL_1,4.4,fairness,Real-data disparate impact reported as 1.0,1.0,1.0,1,training\ensemble\train_hfagm.py,train_hfagm.py,""y_tensor = torch.tensor(y, dtype=torch.float32).unsqueeze(1) dataset = TensorDataset(X_tensor, adj_tensor, contrastive_tensor, y_tensor) dataloader = DataLoader(dataset, batch_size=32, shuffle=True) # ==== Initialize Model ==== model = HFAGM(input_dim=X.shape[1], contrastive_dim=contrastive.shape[1], hidden_dim=64) criterion = nn.BCEWithLogitsLoss() optimizer = optim.Adam(model.parameters(), lr=0.001) # ==== Training Loop ==== model.train() epochs = 20 for epoch in range(epochs): epoch_loss"",False | C44_DI_REAL_1,4.4,fairness,Real-data disparate impact reported as 1.0,1.0,1.0,1,training\ensemble\train_hfagm.py,train_hfagm.py,""type=torch.float32).unsqueeze(1) dataset = TensorDataset(X_tensor, adj_tensor, contrastive_tensor, y_tensor) dataloader = DataLoader(dataset, batch_size=32, shuffle=True) # ==== Initialize Model ==== model = HFAGM(input_dim=X.shape[1], contrastive_dim=contrastive.shape[1], hidden_dim=64) criterion = nn.BCEWithLogitsLoss() optimizer = optim.Adam(model.parameters(), lr=0.001) # ==== Training Loop ==== model.train() epochs = 20 for epoch in range(epochs): epoch_loss = 0.0 for X_batch, adj_"",False | C44_DI_REAL_1,4.4,fairness,Real-data disparate impact reported as 1.0,1.0,1.0,1,training\ensemble\train_hfagm.py,train_hfagm.py,""type=torch.float32).unsqueeze(1) dataset = TensorDataset(X_tensor, adj_tensor, contrastive_tensor, y_tensor) dataloader = DataLoader(dataset, batch_size=32, shuffle=True) # ==== Initialize Model ==== model = HFAGM(input_dim=X.shape[1], contrastive_dim=contrastive.shape[1], hidden_dim=64) criterion = nn.BCEWithLogitsLoss() optimizer = opt"
outputs\revision_audit\claim_evidence_detailed.csv,522,20.0,0,0,"C44_DI_REAL_1,4.4,fairness,Real-data disparate impact reported as 1.0,1.0,1.0,1,training\ensemble\train_hfagm.py,train_hfagm.py,""y_tensor = torch.tensor(y, dtype=torch.float32).unsqueeze(1) dataset = TensorDataset(X_tensor, adj_tensor, contrastive_tensor, y_tensor) dataloader = DataLoader(dataset, batch_size=32, shuffle=True) # ==== Initialize Model ==== model = HFAGM(input_dim=X.shape[1], contrastive_dim=contrastive.shape[1], hidden_dim=64) criterion = nn.BCEWithLogitsLoss() optimizer = optim.Adam(model.parameters(), lr=0.001) # ==== Training Loop ==== model.train() epochs = 20 for epoch in range(epochs): epoch_loss"",False","C44_DI_REAL_1,4.4,fairness,Real-data disparate impact reported as 1.0,1.0,1.0,1,training\ensemble\train_hfagm.py,train_hfagm.py,""y_tensor = torch.tensor(y, dtype=torch.float32).unsqueeze(1) dataset = TensorDataset(X_tensor, adj_tensor, contrastive_tensor, y_tensor) dataloader = DataLoader(dataset, batch_size=32, shuffle=True) # ==== Initialize Model ==== model = HFAGM(input_dim=X.shape[1], contrastive_dim=contrastive.shape[1], hidden_dim=64) criterion = nn.BCEWithLogitsLoss() optimizer = optim.Adam(model.parameters(), lr=0.001) # ==== Training Loop ==== model.train() epochs = 20 for epoch in range(epochs): epoch_loss"",False | C44_DI_REAL_1,4.4,fairness,Real-data disparate impact reported as 1.0,1.0,1.0,1,training\ensemble\train_hfagm.py,train_hfagm.py,""y_tensor = torch.tensor(y, dtype=torch.float32).unsqueeze(1) dataset = TensorDataset(X_tensor, adj_tensor, contrastive_tensor, y_tensor) dataloader = DataLoader(dataset, batch_size=32, shuffle=True) # ==== Initialize Model ==== model = HFAGM(input_dim=X.shape[1], contrastive_dim=contrastive.shape[1], hidden_dim=64) criterion = nn.BCEWithLogitsLoss() optimizer = optim.Adam(model.parameters(), lr=0.001) # ==== Training Loop ==== model.train() epochs = 20 for epoch in range(epochs): epoch_loss"",False | C44_DI_REAL_1,4.4,fairness,Real-data disparate impact reported as 1.0,1.0,1.0,1,training\ensemble\train_hfagm.py,train_hfagm.py,""y_tensor = torch.tensor(y, dtype=torch.float32).unsqueeze(1) dataset = TensorDataset(X_tensor, adj_tensor, contrastive_tensor, y_tensor) dataloader = DataLoader(dataset, batch_size=32, shuffle=True) # ==== Initialize Model ==== model = HFAGM(input_dim=X.shape[1], contrastive_dim=contrastive.shape[1], hidden_dim=64) criterion = nn.BCEWithLogitsLoss() optimizer = optim.Adam(model.parameters(), lr=0.001) # ==== Training Loop ==== model.train() epochs = 20 for epoch in range(epochs): epoch_loss"",False | C44_DI_REAL_1,4.4,fairness,Real-data disparate impact reported as 1.0,1.0,1.0,1,training\ensemble\train_hfagm.py,train_hfagm.py,""type=torch.float32).unsqueeze(1) dataset = TensorDataset(X_tensor, adj_tensor, contrastive_tensor, y_tensor) dataloader = DataLoader(dataset, batch_size=32, shuffle=True) # ==== Initialize Model ==== model = HFAGM(input_dim=X.shape[1], contrastive_dim=contrastive.shape[1], hidden_dim=64) criterion = nn.BCEWithLogitsLoss() optimizer = optim.Adam(model.parameters(), lr=0.001) # ==== Training Loop ==== model.train() epochs = 20 for epoch in range(epochs): epoch_loss = 0.0 for X_batch, adj_"",False | C44_DI_REAL_1,4.4,fairness,Real-data disparate impact reported as 1.0,1.0,1.0,1,training\ensemble\train_hfagm.py,train_hfagm.py,""type=torch.float32).unsqueeze(1) dataset = TensorDataset(X_tensor, adj_tensor, contrastive_tensor, y_tensor) dataloader = DataLoader(dataset, batch_size=32, shuffle=True) # ==== Initialize Model ==== model = HFAGM(input_dim=X.shape[1], contrastive_dim=contrastive.shape[1], hidden_dim=64) criterion = nn.BCEWithLogitsLoss() optimizer = opt"
outputs\revision_audit\claim_evidence_detailed.csv,523,4.4,0,0,"C44_DI_REAL_1,4.4,fairness,Real-data disparate impact reported as 1.0,1.0,1.0,1,training\ensemble\train_hfagm.py,train_hfagm.py,""type=torch.float32).unsqueeze(1) dataset = TensorDataset(X_tensor, adj_tensor, contrastive_tensor, y_tensor) dataloader = DataLoader(dataset, batch_size=32, shuffle=True) # ==== Initialize Model ==== model = HFAGM(input_dim=X.shape[1], contrastive_dim=contrastive.shape[1], hidden_dim=64) criterion = nn.BCEWithLogitsLoss() optimizer = optim.Adam(model.parameters(), lr=0.001) # ==== Training Loop ==== model.train() epochs = 20 for epoch in range(epochs): epoch_loss = 0.0 for X_batch, adj_"",False","C44_DI_REAL_1,4.4,fairness,Real-data disparate impact reported as 1.0,1.0,1.0,1,training\ensemble\train_hfagm.py,train_hfagm.py,""y_tensor = torch.tensor(y, dtype=torch.float32).unsqueeze(1) dataset = TensorDataset(X_tensor, adj_tensor, contrastive_tensor, y_tensor) dataloader = DataLoader(dataset, batch_size=32, shuffle=True) # ==== Initialize Model ==== model = HFAGM(input_dim=X.shape[1], contrastive_dim=contrastive.shape[1], hidden_dim=64) criterion = nn.BCEWithLogitsLoss() optimizer = optim.Adam(model.parameters(), lr=0.001) # ==== Training Loop ==== model.train() epochs = 20 for epoch in range(epochs): epoch_loss"",False | C44_DI_REAL_1,4.4,fairness,Real-data disparate impact reported as 1.0,1.0,1.0,1,training\ensemble\train_hfagm.py,train_hfagm.py,""y_tensor = torch.tensor(y, dtype=torch.float32).unsqueeze(1) dataset = TensorDataset(X_tensor, adj_tensor, contrastive_tensor, y_tensor) dataloader = DataLoader(dataset, batch_size=32, shuffle=True) # ==== Initialize Model ==== model = HFAGM(input_dim=X.shape[1], contrastive_dim=contrastive.shape[1], hidden_dim=64) criterion = nn.BCEWithLogitsLoss() optimizer = optim.Adam(model.parameters(), lr=0.001) # ==== Training Loop ==== model.train() epochs = 20 for epoch in range(epochs): epoch_loss"",False | C44_DI_REAL_1,4.4,fairness,Real-data disparate impact reported as 1.0,1.0,1.0,1,training\ensemble\train_hfagm.py,train_hfagm.py,""type=torch.float32).unsqueeze(1) dataset = TensorDataset(X_tensor, adj_tensor, contrastive_tensor, y_tensor) dataloader = DataLoader(dataset, batch_size=32, shuffle=True) # ==== Initialize Model ==== model = HFAGM(input_dim=X.shape[1], contrastive_dim=contrastive.shape[1], hidden_dim=64) criterion = nn.BCEWithLogitsLoss() optimizer = optim.Adam(model.parameters(), lr=0.001) # ==== Training Loop ==== model.train() epochs = 20 for epoch in range(epochs): epoch_loss = 0.0 for X_batch, adj_"",False | C44_DI_REAL_1,4.4,fairness,Real-data disparate impact reported as 1.0,1.0,1.0,1,training\ensemble\train_hfagm.py,train_hfagm.py,""type=torch.float32).unsqueeze(1) dataset = TensorDataset(X_tensor, adj_tensor, contrastive_tensor, y_tensor) dataloader = DataLoader(dataset, batch_size=32, shuffle=True) # ==== Initialize Model ==== model = HFAGM(input_dim=X.shape[1], contrastive_dim=contrastive.shape[1], hidden_dim=64) criterion = nn.BCEWithLogitsLoss() optimizer = optim.Adam(model.parameters(), lr=0.001) # ==== Training Loop ==== model.train() epochs = 20 for epoch in range(epochs): epoch_loss = 0.0 for X_batch, adj_"",False | C44_DI_REAL_1,4.4,fairness,Real-data disparate impact reported as 1.0,1.0,1.0,1,training\ensemble\train_hfagm.py,train_hfagm.py,""type=torch.float32).unsqueeze(1) dataset = TensorDataset(X_tensor, adj_tensor, contrastive_tensor, y_tensor) dataloader = DataLoader(dataset, batch_size=32, shuffle=True) # ==== Initialize Model ==== model = HFAGM(input_dim=X.shape[1], contrastive_dim=contrastive.shape[1], hidden_dim=64) criterion = nn.BCEWithLogitsLoss() optimizer = optim.A"
outputs\revision_audit\claim_evidence_detailed.csv,523,1.0,0,0,"C44_DI_REAL_1,4.4,fairness,Real-data disparate impact reported as 1.0,1.0,1.0,1,training\ensemble\train_hfagm.py,train_hfagm.py,""type=torch.float32).unsqueeze(1) dataset = TensorDataset(X_tensor, adj_tensor, contrastive_tensor, y_tensor) dataloader = DataLoader(dataset, batch_size=32, shuffle=True) # ==== Initialize Model ==== model = HFAGM(input_dim=X.shape[1], contrastive_dim=contrastive.shape[1], hidden_dim=64) criterion = nn.BCEWithLogitsLoss() optimizer = optim.Adam(model.parameters(), lr=0.001) # ==== Training Loop ==== model.train() epochs = 20 for epoch in range(epochs): epoch_loss = 0.0 for X_batch, adj_"",False","C44_DI_REAL_1,4.4,fairness,Real-data disparate impact reported as 1.0,1.0,1.0,1,training\ensemble\train_hfagm.py,train_hfagm.py,""y_tensor = torch.tensor(y, dtype=torch.float32).unsqueeze(1) dataset = TensorDataset(X_tensor, adj_tensor, contrastive_tensor, y_tensor) dataloader = DataLoader(dataset, batch_size=32, shuffle=True) # ==== Initialize Model ==== model = HFAGM(input_dim=X.shape[1], contrastive_dim=contrastive.shape[1], hidden_dim=64) criterion = nn.BCEWithLogitsLoss() optimizer = optim.Adam(model.parameters(), lr=0.001) # ==== Training Loop ==== model.train() epochs = 20 for epoch in range(epochs): epoch_loss"",False | C44_DI_REAL_1,4.4,fairness,Real-data disparate impact reported as 1.0,1.0,1.0,1,training\ensemble\train_hfagm.py,train_hfagm.py,""y_tensor = torch.tensor(y, dtype=torch.float32).unsqueeze(1) dataset = TensorDataset(X_tensor, adj_tensor, contrastive_tensor, y_tensor) dataloader = DataLoader(dataset, batch_size=32, shuffle=True) # ==== Initialize Model ==== model = HFAGM(input_dim=X.shape[1], contrastive_dim=contrastive.shape[1], hidden_dim=64) criterion = nn.BCEWithLogitsLoss() optimizer = optim.Adam(model.parameters(), lr=0.001) # ==== Training Loop ==== model.train() epochs = 20 for epoch in range(epochs): epoch_loss"",False | C44_DI_REAL_1,4.4,fairness,Real-data disparate impact reported as 1.0,1.0,1.0,1,training\ensemble\train_hfagm.py,train_hfagm.py,""type=torch.float32).unsqueeze(1) dataset = TensorDataset(X_tensor, adj_tensor, contrastive_tensor, y_tensor) dataloader = DataLoader(dataset, batch_size=32, shuffle=True) # ==== Initialize Model ==== model = HFAGM(input_dim=X.shape[1], contrastive_dim=contrastive.shape[1], hidden_dim=64) criterion = nn.BCEWithLogitsLoss() optimizer = optim.Adam(model.parameters(), lr=0.001) # ==== Training Loop ==== model.train() epochs = 20 for epoch in range(epochs): epoch_loss = 0.0 for X_batch, adj_"",False | C44_DI_REAL_1,4.4,fairness,Real-data disparate impact reported as 1.0,1.0,1.0,1,training\ensemble\train_hfagm.py,train_hfagm.py,""type=torch.float32).unsqueeze(1) dataset = TensorDataset(X_tensor, adj_tensor, contrastive_tensor, y_tensor) dataloader = DataLoader(dataset, batch_size=32, shuffle=True) # ==== Initialize Model ==== model = HFAGM(input_dim=X.shape[1], contrastive_dim=contrastive.shape[1], hidden_dim=64) criterion = nn.BCEWithLogitsLoss() optimizer = optim.Adam(model.parameters(), lr=0.001) # ==== Training Loop ==== model.train() epochs = 20 for epoch in range(epochs): epoch_loss = 0.0 for X_batch, adj_"",False | C44_DI_REAL_1,4.4,fairness,Real-data disparate impact reported as 1.0,1.0,1.0,1,training\ensemble\train_hfagm.py,train_hfagm.py,""type=torch.float32).unsqueeze(1) dataset = TensorDataset(X_tensor, adj_tensor, contrastive_tensor, y_tensor) dataloader = DataLoader(dataset, batch_size=32, shuffle=True) # ==== Initialize Model ==== model = HFAGM(input_dim=X.shape[1], contrastive_dim=contrastive.shape[1], hidden_dim=64) criterion = nn.BCEWithLogitsLoss() optimizer = optim.A"
outputs\revision_audit\claim_evidence_detailed.csv,523,1.0,0,0,"C44_DI_REAL_1,4.4,fairness,Real-data disparate impact reported as 1.0,1.0,1.0,1,training\ensemble\train_hfagm.py,train_hfagm.py,""type=torch.float32).unsqueeze(1) dataset = TensorDataset(X_tensor, adj_tensor, contrastive_tensor, y_tensor) dataloader = DataLoader(dataset, batch_size=32, shuffle=True) # ==== Initialize Model ==== model = HFAGM(input_dim=X.shape[1], contrastive_dim=contrastive.shape[1], hidden_dim=64) criterion = nn.BCEWithLogitsLoss() optimizer = optim.Adam(model.parameters(), lr=0.001) # ==== Training Loop ==== model.train() epochs = 20 for epoch in range(epochs): epoch_loss = 0.0 for X_batch, adj_"",False","C44_DI_REAL_1,4.4,fairness,Real-data disparate impact reported as 1.0,1.0,1.0,1,training\ensemble\train_hfagm.py,train_hfagm.py,""y_tensor = torch.tensor(y, dtype=torch.float32).unsqueeze(1) dataset = TensorDataset(X_tensor, adj_tensor, contrastive_tensor, y_tensor) dataloader = DataLoader(dataset, batch_size=32, shuffle=True) # ==== Initialize Model ==== model = HFAGM(input_dim=X.shape[1], contrastive_dim=contrastive.shape[1], hidden_dim=64) criterion = nn.BCEWithLogitsLoss() optimizer = optim.Adam(model.parameters(), lr=0.001) # ==== Training Loop ==== model.train() epochs = 20 for epoch in range(epochs): epoch_loss"",False | C44_DI_REAL_1,4.4,fairness,Real-data disparate impact reported as 1.0,1.0,1.0,1,training\ensemble\train_hfagm.py,train_hfagm.py,""y_tensor = torch.tensor(y, dtype=torch.float32).unsqueeze(1) dataset = TensorDataset(X_tensor, adj_tensor, contrastive_tensor, y_tensor) dataloader = DataLoader(dataset, batch_size=32, shuffle=True) # ==== Initialize Model ==== model = HFAGM(input_dim=X.shape[1], contrastive_dim=contrastive.shape[1], hidden_dim=64) criterion = nn.BCEWithLogitsLoss() optimizer = optim.Adam(model.parameters(), lr=0.001) # ==== Training Loop ==== model.train() epochs = 20 for epoch in range(epochs): epoch_loss"",False | C44_DI_REAL_1,4.4,fairness,Real-data disparate impact reported as 1.0,1.0,1.0,1,training\ensemble\train_hfagm.py,train_hfagm.py,""type=torch.float32).unsqueeze(1) dataset = TensorDataset(X_tensor, adj_tensor, contrastive_tensor, y_tensor) dataloader = DataLoader(dataset, batch_size=32, shuffle=True) # ==== Initialize Model ==== model = HFAGM(input_dim=X.shape[1], contrastive_dim=contrastive.shape[1], hidden_dim=64) criterion = nn.BCEWithLogitsLoss() optimizer = optim.Adam(model.parameters(), lr=0.001) # ==== Training Loop ==== model.train() epochs = 20 for epoch in range(epochs): epoch_loss = 0.0 for X_batch, adj_"",False | C44_DI_REAL_1,4.4,fairness,Real-data disparate impact reported as 1.0,1.0,1.0,1,training\ensemble\train_hfagm.py,train_hfagm.py,""type=torch.float32).unsqueeze(1) dataset = TensorDataset(X_tensor, adj_tensor, contrastive_tensor, y_tensor) dataloader = DataLoader(dataset, batch_size=32, shuffle=True) # ==== Initialize Model ==== model = HFAGM(input_dim=X.shape[1], contrastive_dim=contrastive.shape[1], hidden_dim=64) criterion = nn.BCEWithLogitsLoss() optimizer = optim.Adam(model.parameters(), lr=0.001) # ==== Training Loop ==== model.train() epochs = 20 for epoch in range(epochs): epoch_loss = 0.0 for X_batch, adj_"",False | C44_DI_REAL_1,4.4,fairness,Real-data disparate impact reported as 1.0,1.0,1.0,1,training\ensemble\train_hfagm.py,train_hfagm.py,""type=torch.float32).unsqueeze(1) dataset = TensorDataset(X_tensor, adj_tensor, contrastive_tensor, y_tensor) dataloader = DataLoader(dataset, batch_size=32, shuffle=True) # ==== Initialize Model ==== model = HFAGM(input_dim=X.shape[1], contrastive_dim=contrastive.shape[1], hidden_dim=64) criterion = nn.BCEWithLogitsLoss() optimizer = optim.A"
outputs\revision_audit\claim_evidence_detailed.csv,523,1.0,0,0,"C44_DI_REAL_1,4.4,fairness,Real-data disparate impact reported as 1.0,1.0,1.0,1,training\ensemble\train_hfagm.py,train_hfagm.py,""type=torch.float32).unsqueeze(1) dataset = TensorDataset(X_tensor, adj_tensor, contrastive_tensor, y_tensor) dataloader = DataLoader(dataset, batch_size=32, shuffle=True) # ==== Initialize Model ==== model = HFAGM(input_dim=X.shape[1], contrastive_dim=contrastive.shape[1], hidden_dim=64) criterion = nn.BCEWithLogitsLoss() optimizer = optim.Adam(model.parameters(), lr=0.001) # ==== Training Loop ==== model.train() epochs = 20 for epoch in range(epochs): epoch_loss = 0.0 for X_batch, adj_"",False","C44_DI_REAL_1,4.4,fairness,Real-data disparate impact reported as 1.0,1.0,1.0,1,training\ensemble\train_hfagm.py,train_hfagm.py,""y_tensor = torch.tensor(y, dtype=torch.float32).unsqueeze(1) dataset = TensorDataset(X_tensor, adj_tensor, contrastive_tensor, y_tensor) dataloader = DataLoader(dataset, batch_size=32, shuffle=True) # ==== Initialize Model ==== model = HFAGM(input_dim=X.shape[1], contrastive_dim=contrastive.shape[1], hidden_dim=64) criterion = nn.BCEWithLogitsLoss() optimizer = optim.Adam(model.parameters(), lr=0.001) # ==== Training Loop ==== model.train() epochs = 20 for epoch in range(epochs): epoch_loss"",False | C44_DI_REAL_1,4.4,fairness,Real-data disparate impact reported as 1.0,1.0,1.0,1,training\ensemble\train_hfagm.py,train_hfagm.py,""y_tensor = torch.tensor(y, dtype=torch.float32).unsqueeze(1) dataset = TensorDataset(X_tensor, adj_tensor, contrastive_tensor, y_tensor) dataloader = DataLoader(dataset, batch_size=32, shuffle=True) # ==== Initialize Model ==== model = HFAGM(input_dim=X.shape[1], contrastive_dim=contrastive.shape[1], hidden_dim=64) criterion = nn.BCEWithLogitsLoss() optimizer = optim.Adam(model.parameters(), lr=0.001) # ==== Training Loop ==== model.train() epochs = 20 for epoch in range(epochs): epoch_loss"",False | C44_DI_REAL_1,4.4,fairness,Real-data disparate impact reported as 1.0,1.0,1.0,1,training\ensemble\train_hfagm.py,train_hfagm.py,""type=torch.float32).unsqueeze(1) dataset = TensorDataset(X_tensor, adj_tensor, contrastive_tensor, y_tensor) dataloader = DataLoader(dataset, batch_size=32, shuffle=True) # ==== Initialize Model ==== model = HFAGM(input_dim=X.shape[1], contrastive_dim=contrastive.shape[1], hidden_dim=64) criterion = nn.BCEWithLogitsLoss() optimizer = optim.Adam(model.parameters(), lr=0.001) # ==== Training Loop ==== model.train() epochs = 20 for epoch in range(epochs): epoch_loss = 0.0 for X_batch, adj_"",False | C44_DI_REAL_1,4.4,fairness,Real-data disparate impact reported as 1.0,1.0,1.0,1,training\ensemble\train_hfagm.py,train_hfagm.py,""type=torch.float32).unsqueeze(1) dataset = TensorDataset(X_tensor, adj_tensor, contrastive_tensor, y_tensor) dataloader = DataLoader(dataset, batch_size=32, shuffle=True) # ==== Initialize Model ==== model = HFAGM(input_dim=X.shape[1], contrastive_dim=contrastive.shape[1], hidden_dim=64) criterion = nn.BCEWithLogitsLoss() optimizer = optim.Adam(model.parameters(), lr=0.001) # ==== Training Loop ==== model.train() epochs = 20 for epoch in range(epochs): epoch_loss = 0.0 for X_batch, adj_"",False | C44_DI_REAL_1,4.4,fairness,Real-data disparate impact reported as 1.0,1.0,1.0,1,training\ensemble\train_hfagm.py,train_hfagm.py,""type=torch.float32).unsqueeze(1) dataset = TensorDataset(X_tensor, adj_tensor, contrastive_tensor, y_tensor) dataloader = DataLoader(dataset, batch_size=32, shuffle=True) # ==== Initialize Model ==== model = HFAGM(input_dim=X.shape[1], contrastive_dim=contrastive.shape[1], hidden_dim=64) criterion = nn.BCEWithLogitsLoss() optimizer = optim.A"
outputs\revision_audit\claim_evidence_detailed.csv,523,1.0,0,0,"C44_DI_REAL_1,4.4,fairness,Real-data disparate impact reported as 1.0,1.0,1.0,1,training\ensemble\train_hfagm.py,train_hfagm.py,""type=torch.float32).unsqueeze(1) dataset = TensorDataset(X_tensor, adj_tensor, contrastive_tensor, y_tensor) dataloader = DataLoader(dataset, batch_size=32, shuffle=True) # ==== Initialize Model ==== model = HFAGM(input_dim=X.shape[1], contrastive_dim=contrastive.shape[1], hidden_dim=64) criterion = nn.BCEWithLogitsLoss() optimizer = optim.Adam(model.parameters(), lr=0.001) # ==== Training Loop ==== model.train() epochs = 20 for epoch in range(epochs): epoch_loss = 0.0 for X_batch, adj_"",False","C44_DI_REAL_1,4.4,fairness,Real-data disparate impact reported as 1.0,1.0,1.0,1,training\ensemble\train_hfagm.py,train_hfagm.py,""y_tensor = torch.tensor(y, dtype=torch.float32).unsqueeze(1) dataset = TensorDataset(X_tensor, adj_tensor, contrastive_tensor, y_tensor) dataloader = DataLoader(dataset, batch_size=32, shuffle=True) # ==== Initialize Model ==== model = HFAGM(input_dim=X.shape[1], contrastive_dim=contrastive.shape[1], hidden_dim=64) criterion = nn.BCEWithLogitsLoss() optimizer = optim.Adam(model.parameters(), lr=0.001) # ==== Training Loop ==== model.train() epochs = 20 for epoch in range(epochs): epoch_loss"",False | C44_DI_REAL_1,4.4,fairness,Real-data disparate impact reported as 1.0,1.0,1.0,1,training\ensemble\train_hfagm.py,train_hfagm.py,""y_tensor = torch.tensor(y, dtype=torch.float32).unsqueeze(1) dataset = TensorDataset(X_tensor, adj_tensor, contrastive_tensor, y_tensor) dataloader = DataLoader(dataset, batch_size=32, shuffle=True) # ==== Initialize Model ==== model = HFAGM(input_dim=X.shape[1], contrastive_dim=contrastive.shape[1], hidden_dim=64) criterion = nn.BCEWithLogitsLoss() optimizer = optim.Adam(model.parameters(), lr=0.001) # ==== Training Loop ==== model.train() epochs = 20 for epoch in range(epochs): epoch_loss"",False | C44_DI_REAL_1,4.4,fairness,Real-data disparate impact reported as 1.0,1.0,1.0,1,training\ensemble\train_hfagm.py,train_hfagm.py,""type=torch.float32).unsqueeze(1) dataset = TensorDataset(X_tensor, adj_tensor, contrastive_tensor, y_tensor) dataloader = DataLoader(dataset, batch_size=32, shuffle=True) # ==== Initialize Model ==== model = HFAGM(input_dim=X.shape[1], contrastive_dim=contrastive.shape[1], hidden_dim=64) criterion = nn.BCEWithLogitsLoss() optimizer = optim.Adam(model.parameters(), lr=0.001) # ==== Training Loop ==== model.train() epochs = 20 for epoch in range(epochs): epoch_loss = 0.0 for X_batch, adj_"",False | C44_DI_REAL_1,4.4,fairness,Real-data disparate impact reported as 1.0,1.0,1.0,1,training\ensemble\train_hfagm.py,train_hfagm.py,""type=torch.float32).unsqueeze(1) dataset = TensorDataset(X_tensor, adj_tensor, contrastive_tensor, y_tensor) dataloader = DataLoader(dataset, batch_size=32, shuffle=True) # ==== Initialize Model ==== model = HFAGM(input_dim=X.shape[1], contrastive_dim=contrastive.shape[1], hidden_dim=64) criterion = nn.BCEWithLogitsLoss() optimizer = optim.Adam(model.parameters(), lr=0.001) # ==== Training Loop ==== model.train() epochs = 20 for epoch in range(epochs): epoch_loss = 0.0 for X_batch, adj_"",False | C44_DI_REAL_1,4.4,fairness,Real-data disparate impact reported as 1.0,1.0,1.0,1,training\ensemble\train_hfagm.py,train_hfagm.py,""type=torch.float32).unsqueeze(1) dataset = TensorDataset(X_tensor, adj_tensor, contrastive_tensor, y_tensor) dataloader = DataLoader(dataset, batch_size=32, shuffle=True) # ==== Initialize Model ==== model = HFAGM(input_dim=X.shape[1], contrastive_dim=contrastive.shape[1], hidden_dim=64) criterion = nn.BCEWithLogitsLoss() optimizer = optim.A"
outputs\revision_audit\claim_evidence_detailed.csv,523,1.0,0,0,"C44_DI_REAL_1,4.4,fairness,Real-data disparate impact reported as 1.0,1.0,1.0,1,training\ensemble\train_hfagm.py,train_hfagm.py,""type=torch.float32).unsqueeze(1) dataset = TensorDataset(X_tensor, adj_tensor, contrastive_tensor, y_tensor) dataloader = DataLoader(dataset, batch_size=32, shuffle=True) # ==== Initialize Model ==== model = HFAGM(input_dim=X.shape[1], contrastive_dim=contrastive.shape[1], hidden_dim=64) criterion = nn.BCEWithLogitsLoss() optimizer = optim.Adam(model.parameters(), lr=0.001) # ==== Training Loop ==== model.train() epochs = 20 for epoch in range(epochs): epoch_loss = 0.0 for X_batch, adj_"",False","C44_DI_REAL_1,4.4,fairness,Real-data disparate impact reported as 1.0,1.0,1.0,1,training\ensemble\train_hfagm.py,train_hfagm.py,""y_tensor = torch.tensor(y, dtype=torch.float32).unsqueeze(1) dataset = TensorDataset(X_tensor, adj_tensor, contrastive_tensor, y_tensor) dataloader = DataLoader(dataset, batch_size=32, shuffle=True) # ==== Initialize Model ==== model = HFAGM(input_dim=X.shape[1], contrastive_dim=contrastive.shape[1], hidden_dim=64) criterion = nn.BCEWithLogitsLoss() optimizer = optim.Adam(model.parameters(), lr=0.001) # ==== Training Loop ==== model.train() epochs = 20 for epoch in range(epochs): epoch_loss"",False | C44_DI_REAL_1,4.4,fairness,Real-data disparate impact reported as 1.0,1.0,1.0,1,training\ensemble\train_hfagm.py,train_hfagm.py,""y_tensor = torch.tensor(y, dtype=torch.float32).unsqueeze(1) dataset = TensorDataset(X_tensor, adj_tensor, contrastive_tensor, y_tensor) dataloader = DataLoader(dataset, batch_size=32, shuffle=True) # ==== Initialize Model ==== model = HFAGM(input_dim=X.shape[1], contrastive_dim=contrastive.shape[1], hidden_dim=64) criterion = nn.BCEWithLogitsLoss() optimizer = optim.Adam(model.parameters(), lr=0.001) # ==== Training Loop ==== model.train() epochs = 20 for epoch in range(epochs): epoch_loss"",False | C44_DI_REAL_1,4.4,fairness,Real-data disparate impact reported as 1.0,1.0,1.0,1,training\ensemble\train_hfagm.py,train_hfagm.py,""type=torch.float32).unsqueeze(1) dataset = TensorDataset(X_tensor, adj_tensor, contrastive_tensor, y_tensor) dataloader = DataLoader(dataset, batch_size=32, shuffle=True) # ==== Initialize Model ==== model = HFAGM(input_dim=X.shape[1], contrastive_dim=contrastive.shape[1], hidden_dim=64) criterion = nn.BCEWithLogitsLoss() optimizer = optim.Adam(model.parameters(), lr=0.001) # ==== Training Loop ==== model.train() epochs = 20 for epoch in range(epochs): epoch_loss = 0.0 for X_batch, adj_"",False | C44_DI_REAL_1,4.4,fairness,Real-data disparate impact reported as 1.0,1.0,1.0,1,training\ensemble\train_hfagm.py,train_hfagm.py,""type=torch.float32).unsqueeze(1) dataset = TensorDataset(X_tensor, adj_tensor, contrastive_tensor, y_tensor) dataloader = DataLoader(dataset, batch_size=32, shuffle=True) # ==== Initialize Model ==== model = HFAGM(input_dim=X.shape[1], contrastive_dim=contrastive.shape[1], hidden_dim=64) criterion = nn.BCEWithLogitsLoss() optimizer = optim.Adam(model.parameters(), lr=0.001) # ==== Training Loop ==== model.train() epochs = 20 for epoch in range(epochs): epoch_loss = 0.0 for X_batch, adj_"",False | C44_DI_REAL_1,4.4,fairness,Real-data disparate impact reported as 1.0,1.0,1.0,1,training\ensemble\train_hfagm.py,train_hfagm.py,""type=torch.float32).unsqueeze(1) dataset = TensorDataset(X_tensor, adj_tensor, contrastive_tensor, y_tensor) dataloader = DataLoader(dataset, batch_size=32, shuffle=True) # ==== Initialize Model ==== model = HFAGM(input_dim=X.shape[1], contrastive_dim=contrastive.shape[1], hidden_dim=64) criterion = nn.BCEWithLogitsLoss() optimizer = optim.A"
outputs\revision_audit\claim_evidence_detailed.csv,523,32.0,0,0,"C44_DI_REAL_1,4.4,fairness,Real-data disparate impact reported as 1.0,1.0,1.0,1,training\ensemble\train_hfagm.py,train_hfagm.py,""type=torch.float32).unsqueeze(1) dataset = TensorDataset(X_tensor, adj_tensor, contrastive_tensor, y_tensor) dataloader = DataLoader(dataset, batch_size=32, shuffle=True) # ==== Initialize Model ==== model = HFAGM(input_dim=X.shape[1], contrastive_dim=contrastive.shape[1], hidden_dim=64) criterion = nn.BCEWithLogitsLoss() optimizer = optim.Adam(model.parameters(), lr=0.001) # ==== Training Loop ==== model.train() epochs = 20 for epoch in range(epochs): epoch_loss = 0.0 for X_batch, adj_"",False","C44_DI_REAL_1,4.4,fairness,Real-data disparate impact reported as 1.0,1.0,1.0,1,training\ensemble\train_hfagm.py,train_hfagm.py,""y_tensor = torch.tensor(y, dtype=torch.float32).unsqueeze(1) dataset = TensorDataset(X_tensor, adj_tensor, contrastive_tensor, y_tensor) dataloader = DataLoader(dataset, batch_size=32, shuffle=True) # ==== Initialize Model ==== model = HFAGM(input_dim=X.shape[1], contrastive_dim=contrastive.shape[1], hidden_dim=64) criterion = nn.BCEWithLogitsLoss() optimizer = optim.Adam(model.parameters(), lr=0.001) # ==== Training Loop ==== model.train() epochs = 20 for epoch in range(epochs): epoch_loss"",False | C44_DI_REAL_1,4.4,fairness,Real-data disparate impact reported as 1.0,1.0,1.0,1,training\ensemble\train_hfagm.py,train_hfagm.py,""y_tensor = torch.tensor(y, dtype=torch.float32).unsqueeze(1) dataset = TensorDataset(X_tensor, adj_tensor, contrastive_tensor, y_tensor) dataloader = DataLoader(dataset, batch_size=32, shuffle=True) # ==== Initialize Model ==== model = HFAGM(input_dim=X.shape[1], contrastive_dim=contrastive.shape[1], hidden_dim=64) criterion = nn.BCEWithLogitsLoss() optimizer = optim.Adam(model.parameters(), lr=0.001) # ==== Training Loop ==== model.train() epochs = 20 for epoch in range(epochs): epoch_loss"",False | C44_DI_REAL_1,4.4,fairness,Real-data disparate impact reported as 1.0,1.0,1.0,1,training\ensemble\train_hfagm.py,train_hfagm.py,""type=torch.float32).unsqueeze(1) dataset = TensorDataset(X_tensor, adj_tensor, contrastive_tensor, y_tensor) dataloader = DataLoader(dataset, batch_size=32, shuffle=True) # ==== Initialize Model ==== model = HFAGM(input_dim=X.shape[1], contrastive_dim=contrastive.shape[1], hidden_dim=64) criterion = nn.BCEWithLogitsLoss() optimizer = optim.Adam(model.parameters(), lr=0.001) # ==== Training Loop ==== model.train() epochs = 20 for epoch in range(epochs): epoch_loss = 0.0 for X_batch, adj_"",False | C44_DI_REAL_1,4.4,fairness,Real-data disparate impact reported as 1.0,1.0,1.0,1,training\ensemble\train_hfagm.py,train_hfagm.py,""type=torch.float32).unsqueeze(1) dataset = TensorDataset(X_tensor, adj_tensor, contrastive_tensor, y_tensor) dataloader = DataLoader(dataset, batch_size=32, shuffle=True) # ==== Initialize Model ==== model = HFAGM(input_dim=X.shape[1], contrastive_dim=contrastive.shape[1], hidden_dim=64) criterion = nn.BCEWithLogitsLoss() optimizer = optim.Adam(model.parameters(), lr=0.001) # ==== Training Loop ==== model.train() epochs = 20 for epoch in range(epochs): epoch_loss = 0.0 for X_batch, adj_"",False | C44_DI_REAL_1,4.4,fairness,Real-data disparate impact reported as 1.0,1.0,1.0,1,training\ensemble\train_hfagm.py,train_hfagm.py,""type=torch.float32).unsqueeze(1) dataset = TensorDataset(X_tensor, adj_tensor, contrastive_tensor, y_tensor) dataloader = DataLoader(dataset, batch_size=32, shuffle=True) # ==== Initialize Model ==== model = HFAGM(input_dim=X.shape[1], contrastive_dim=contrastive.shape[1], hidden_dim=64) criterion = nn.BCEWithLogitsLoss() optimizer = optim.A"
outputs\revision_audit\claim_evidence_detailed.csv,523,1.0,0,0,"C44_DI_REAL_1,4.4,fairness,Real-data disparate impact reported as 1.0,1.0,1.0,1,training\ensemble\train_hfagm.py,train_hfagm.py,""type=torch.float32).unsqueeze(1) dataset = TensorDataset(X_tensor, adj_tensor, contrastive_tensor, y_tensor) dataloader = DataLoader(dataset, batch_size=32, shuffle=True) # ==== Initialize Model ==== model = HFAGM(input_dim=X.shape[1], contrastive_dim=contrastive.shape[1], hidden_dim=64) criterion = nn.BCEWithLogitsLoss() optimizer = optim.Adam(model.parameters(), lr=0.001) # ==== Training Loop ==== model.train() epochs = 20 for epoch in range(epochs): epoch_loss = 0.0 for X_batch, adj_"",False","C44_DI_REAL_1,4.4,fairness,Real-data disparate impact reported as 1.0,1.0,1.0,1,training\ensemble\train_hfagm.py,train_hfagm.py,""y_tensor = torch.tensor(y, dtype=torch.float32).unsqueeze(1) dataset = TensorDataset(X_tensor, adj_tensor, contrastive_tensor, y_tensor) dataloader = DataLoader(dataset, batch_size=32, shuffle=True) # ==== Initialize Model ==== model = HFAGM(input_dim=X.shape[1], contrastive_dim=contrastive.shape[1], hidden_dim=64) criterion = nn.BCEWithLogitsLoss() optimizer = optim.Adam(model.parameters(), lr=0.001) # ==== Training Loop ==== model.train() epochs = 20 for epoch in range(epochs): epoch_loss"",False | C44_DI_REAL_1,4.4,fairness,Real-data disparate impact reported as 1.0,1.0,1.0,1,training\ensemble\train_hfagm.py,train_hfagm.py,""y_tensor = torch.tensor(y, dtype=torch.float32).unsqueeze(1) dataset = TensorDataset(X_tensor, adj_tensor, contrastive_tensor, y_tensor) dataloader = DataLoader(dataset, batch_size=32, shuffle=True) # ==== Initialize Model ==== model = HFAGM(input_dim=X.shape[1], contrastive_dim=contrastive.shape[1], hidden_dim=64) criterion = nn.BCEWithLogitsLoss() optimizer = optim.Adam(model.parameters(), lr=0.001) # ==== Training Loop ==== model.train() epochs = 20 for epoch in range(epochs): epoch_loss"",False | C44_DI_REAL_1,4.4,fairness,Real-data disparate impact reported as 1.0,1.0,1.0,1,training\ensemble\train_hfagm.py,train_hfagm.py,""type=torch.float32).unsqueeze(1) dataset = TensorDataset(X_tensor, adj_tensor, contrastive_tensor, y_tensor) dataloader = DataLoader(dataset, batch_size=32, shuffle=True) # ==== Initialize Model ==== model = HFAGM(input_dim=X.shape[1], contrastive_dim=contrastive.shape[1], hidden_dim=64) criterion = nn.BCEWithLogitsLoss() optimizer = optim.Adam(model.parameters(), lr=0.001) # ==== Training Loop ==== model.train() epochs = 20 for epoch in range(epochs): epoch_loss = 0.0 for X_batch, adj_"",False | C44_DI_REAL_1,4.4,fairness,Real-data disparate impact reported as 1.0,1.0,1.0,1,training\ensemble\train_hfagm.py,train_hfagm.py,""type=torch.float32).unsqueeze(1) dataset = TensorDataset(X_tensor, adj_tensor, contrastive_tensor, y_tensor) dataloader = DataLoader(dataset, batch_size=32, shuffle=True) # ==== Initialize Model ==== model = HFAGM(input_dim=X.shape[1], contrastive_dim=contrastive.shape[1], hidden_dim=64) criterion = nn.BCEWithLogitsLoss() optimizer = optim.Adam(model.parameters(), lr=0.001) # ==== Training Loop ==== model.train() epochs = 20 for epoch in range(epochs): epoch_loss = 0.0 for X_batch, adj_"",False | C44_DI_REAL_1,4.4,fairness,Real-data disparate impact reported as 1.0,1.0,1.0,1,training\ensemble\train_hfagm.py,train_hfagm.py,""type=torch.float32).unsqueeze(1) dataset = TensorDataset(X_tensor, adj_tensor, contrastive_tensor, y_tensor) dataloader = DataLoader(dataset, batch_size=32, shuffle=True) # ==== Initialize Model ==== model = HFAGM(input_dim=X.shape[1], contrastive_dim=contrastive.shape[1], hidden_dim=64) criterion = nn.BCEWithLogitsLoss() optimizer = optim.A"
outputs\revision_audit\claim_evidence_detailed.csv,523,1.0,0,0,"C44_DI_REAL_1,4.4,fairness,Real-data disparate impact reported as 1.0,1.0,1.0,1,training\ensemble\train_hfagm.py,train_hfagm.py,""type=torch.float32).unsqueeze(1) dataset = TensorDataset(X_tensor, adj_tensor, contrastive_tensor, y_tensor) dataloader = DataLoader(dataset, batch_size=32, shuffle=True) # ==== Initialize Model ==== model = HFAGM(input_dim=X.shape[1], contrastive_dim=contrastive.shape[1], hidden_dim=64) criterion = nn.BCEWithLogitsLoss() optimizer = optim.Adam(model.parameters(), lr=0.001) # ==== Training Loop ==== model.train() epochs = 20 for epoch in range(epochs): epoch_loss = 0.0 for X_batch, adj_"",False","C44_DI_REAL_1,4.4,fairness,Real-data disparate impact reported as 1.0,1.0,1.0,1,training\ensemble\train_hfagm.py,train_hfagm.py,""y_tensor = torch.tensor(y, dtype=torch.float32).unsqueeze(1) dataset = TensorDataset(X_tensor, adj_tensor, contrastive_tensor, y_tensor) dataloader = DataLoader(dataset, batch_size=32, shuffle=True) # ==== Initialize Model ==== model = HFAGM(input_dim=X.shape[1], contrastive_dim=contrastive.shape[1], hidden_dim=64) criterion = nn.BCEWithLogitsLoss() optimizer = optim.Adam(model.parameters(), lr=0.001) # ==== Training Loop ==== model.train() epochs = 20 for epoch in range(epochs): epoch_loss"",False | C44_DI_REAL_1,4.4,fairness,Real-data disparate impact reported as 1.0,1.0,1.0,1,training\ensemble\train_hfagm.py,train_hfagm.py,""y_tensor = torch.tensor(y, dtype=torch.float32).unsqueeze(1) dataset = TensorDataset(X_tensor, adj_tensor, contrastive_tensor, y_tensor) dataloader = DataLoader(dataset, batch_size=32, shuffle=True) # ==== Initialize Model ==== model = HFAGM(input_dim=X.shape[1], contrastive_dim=contrastive.shape[1], hidden_dim=64) criterion = nn.BCEWithLogitsLoss() optimizer = optim.Adam(model.parameters(), lr=0.001) # ==== Training Loop ==== model.train() epochs = 20 for epoch in range(epochs): epoch_loss"",False | C44_DI_REAL_1,4.4,fairness,Real-data disparate impact reported as 1.0,1.0,1.0,1,training\ensemble\train_hfagm.py,train_hfagm.py,""type=torch.float32).unsqueeze(1) dataset = TensorDataset(X_tensor, adj_tensor, contrastive_tensor, y_tensor) dataloader = DataLoader(dataset, batch_size=32, shuffle=True) # ==== Initialize Model ==== model = HFAGM(input_dim=X.shape[1], contrastive_dim=contrastive.shape[1], hidden_dim=64) criterion = nn.BCEWithLogitsLoss() optimizer = optim.Adam(model.parameters(), lr=0.001) # ==== Training Loop ==== model.train() epochs = 20 for epoch in range(epochs): epoch_loss = 0.0 for X_batch, adj_"",False | C44_DI_REAL_1,4.4,fairness,Real-data disparate impact reported as 1.0,1.0,1.0,1,training\ensemble\train_hfagm.py,train_hfagm.py,""type=torch.float32).unsqueeze(1) dataset = TensorDataset(X_tensor, adj_tensor, contrastive_tensor, y_tensor) dataloader = DataLoader(dataset, batch_size=32, shuffle=True) # ==== Initialize Model ==== model = HFAGM(input_dim=X.shape[1], contrastive_dim=contrastive.shape[1], hidden_dim=64) criterion = nn.BCEWithLogitsLoss() optimizer = optim.Adam(model.parameters(), lr=0.001) # ==== Training Loop ==== model.train() epochs = 20 for epoch in range(epochs): epoch_loss = 0.0 for X_batch, adj_"",False | C44_DI_REAL_1,4.4,fairness,Real-data disparate impact reported as 1.0,1.0,1.0,1,training\ensemble\train_hfagm.py,train_hfagm.py,""type=torch.float32).unsqueeze(1) dataset = TensorDataset(X_tensor, adj_tensor, contrastive_tensor, y_tensor) dataloader = DataLoader(dataset, batch_size=32, shuffle=True) # ==== Initialize Model ==== model = HFAGM(input_dim=X.shape[1], contrastive_dim=contrastive.shape[1], hidden_dim=64) criterion = nn.BCEWithLogitsLoss() optimizer = optim.A"
outputs\revision_audit\claim_evidence_detailed.csv,523,64.0,0,0,"C44_DI_REAL_1,4.4,fairness,Real-data disparate impact reported as 1.0,1.0,1.0,1,training\ensemble\train_hfagm.py,train_hfagm.py,""type=torch.float32).unsqueeze(1) dataset = TensorDataset(X_tensor, adj_tensor, contrastive_tensor, y_tensor) dataloader = DataLoader(dataset, batch_size=32, shuffle=True) # ==== Initialize Model ==== model = HFAGM(input_dim=X.shape[1], contrastive_dim=contrastive.shape[1], hidden_dim=64) criterion = nn.BCEWithLogitsLoss() optimizer = optim.Adam(model.parameters(), lr=0.001) # ==== Training Loop ==== model.train() epochs = 20 for epoch in range(epochs): epoch_loss = 0.0 for X_batch, adj_"",False","C44_DI_REAL_1,4.4,fairness,Real-data disparate impact reported as 1.0,1.0,1.0,1,training\ensemble\train_hfagm.py,train_hfagm.py,""y_tensor = torch.tensor(y, dtype=torch.float32).unsqueeze(1) dataset = TensorDataset(X_tensor, adj_tensor, contrastive_tensor, y_tensor) dataloader = DataLoader(dataset, batch_size=32, shuffle=True) # ==== Initialize Model ==== model = HFAGM(input_dim=X.shape[1], contrastive_dim=contrastive.shape[1], hidden_dim=64) criterion = nn.BCEWithLogitsLoss() optimizer = optim.Adam(model.parameters(), lr=0.001) # ==== Training Loop ==== model.train() epochs = 20 for epoch in range(epochs): epoch_loss"",False | C44_DI_REAL_1,4.4,fairness,Real-data disparate impact reported as 1.0,1.0,1.0,1,training\ensemble\train_hfagm.py,train_hfagm.py,""y_tensor = torch.tensor(y, dtype=torch.float32).unsqueeze(1) dataset = TensorDataset(X_tensor, adj_tensor, contrastive_tensor, y_tensor) dataloader = DataLoader(dataset, batch_size=32, shuffle=True) # ==== Initialize Model ==== model = HFAGM(input_dim=X.shape[1], contrastive_dim=contrastive.shape[1], hidden_dim=64) criterion = nn.BCEWithLogitsLoss() optimizer = optim.Adam(model.parameters(), lr=0.001) # ==== Training Loop ==== model.train() epochs = 20 for epoch in range(epochs): epoch_loss"",False | C44_DI_REAL_1,4.4,fairness,Real-data disparate impact reported as 1.0,1.0,1.0,1,training\ensemble\train_hfagm.py,train_hfagm.py,""type=torch.float32).unsqueeze(1) dataset = TensorDataset(X_tensor, adj_tensor, contrastive_tensor, y_tensor) dataloader = DataLoader(dataset, batch_size=32, shuffle=True) # ==== Initialize Model ==== model = HFAGM(input_dim=X.shape[1], contrastive_dim=contrastive.shape[1], hidden_dim=64) criterion = nn.BCEWithLogitsLoss() optimizer = optim.Adam(model.parameters(), lr=0.001) # ==== Training Loop ==== model.train() epochs = 20 for epoch in range(epochs): epoch_loss = 0.0 for X_batch, adj_"",False | C44_DI_REAL_1,4.4,fairness,Real-data disparate impact reported as 1.0,1.0,1.0,1,training\ensemble\train_hfagm.py,train_hfagm.py,""type=torch.float32).unsqueeze(1) dataset = TensorDataset(X_tensor, adj_tensor, contrastive_tensor, y_tensor) dataloader = DataLoader(dataset, batch_size=32, shuffle=True) # ==== Initialize Model ==== model = HFAGM(input_dim=X.shape[1], contrastive_dim=contrastive.shape[1], hidden_dim=64) criterion = nn.BCEWithLogitsLoss() optimizer = optim.Adam(model.parameters(), lr=0.001) # ==== Training Loop ==== model.train() epochs = 20 for epoch in range(epochs): epoch_loss = 0.0 for X_batch, adj_"",False | C44_DI_REAL_1,4.4,fairness,Real-data disparate impact reported as 1.0,1.0,1.0,1,training\ensemble\train_hfagm.py,train_hfagm.py,""type=torch.float32).unsqueeze(1) dataset = TensorDataset(X_tensor, adj_tensor, contrastive_tensor, y_tensor) dataloader = DataLoader(dataset, batch_size=32, shuffle=True) # ==== Initialize Model ==== model = HFAGM(input_dim=X.shape[1], contrastive_dim=contrastive.shape[1], hidden_dim=64) criterion = nn.BCEWithLogitsLoss() optimizer = optim.A"
outputs\revision_audit\claim_evidence_detailed.csv,523,20.0,0,0,"C44_DI_REAL_1,4.4,fairness,Real-data disparate impact reported as 1.0,1.0,1.0,1,training\ensemble\train_hfagm.py,train_hfagm.py,""type=torch.float32).unsqueeze(1) dataset = TensorDataset(X_tensor, adj_tensor, contrastive_tensor, y_tensor) dataloader = DataLoader(dataset, batch_size=32, shuffle=True) # ==== Initialize Model ==== model = HFAGM(input_dim=X.shape[1], contrastive_dim=contrastive.shape[1], hidden_dim=64) criterion = nn.BCEWithLogitsLoss() optimizer = optim.Adam(model.parameters(), lr=0.001) # ==== Training Loop ==== model.train() epochs = 20 for epoch in range(epochs): epoch_loss = 0.0 for X_batch, adj_"",False","C44_DI_REAL_1,4.4,fairness,Real-data disparate impact reported as 1.0,1.0,1.0,1,training\ensemble\train_hfagm.py,train_hfagm.py,""y_tensor = torch.tensor(y, dtype=torch.float32).unsqueeze(1) dataset = TensorDataset(X_tensor, adj_tensor, contrastive_tensor, y_tensor) dataloader = DataLoader(dataset, batch_size=32, shuffle=True) # ==== Initialize Model ==== model = HFAGM(input_dim=X.shape[1], contrastive_dim=contrastive.shape[1], hidden_dim=64) criterion = nn.BCEWithLogitsLoss() optimizer = optim.Adam(model.parameters(), lr=0.001) # ==== Training Loop ==== model.train() epochs = 20 for epoch in range(epochs): epoch_loss"",False | C44_DI_REAL_1,4.4,fairness,Real-data disparate impact reported as 1.0,1.0,1.0,1,training\ensemble\train_hfagm.py,train_hfagm.py,""y_tensor = torch.tensor(y, dtype=torch.float32).unsqueeze(1) dataset = TensorDataset(X_tensor, adj_tensor, contrastive_tensor, y_tensor) dataloader = DataLoader(dataset, batch_size=32, shuffle=True) # ==== Initialize Model ==== model = HFAGM(input_dim=X.shape[1], contrastive_dim=contrastive.shape[1], hidden_dim=64) criterion = nn.BCEWithLogitsLoss() optimizer = optim.Adam(model.parameters(), lr=0.001) # ==== Training Loop ==== model.train() epochs = 20 for epoch in range(epochs): epoch_loss"",False | C44_DI_REAL_1,4.4,fairness,Real-data disparate impact reported as 1.0,1.0,1.0,1,training\ensemble\train_hfagm.py,train_hfagm.py,""type=torch.float32).unsqueeze(1) dataset = TensorDataset(X_tensor, adj_tensor, contrastive_tensor, y_tensor) dataloader = DataLoader(dataset, batch_size=32, shuffle=True) # ==== Initialize Model ==== model = HFAGM(input_dim=X.shape[1], contrastive_dim=contrastive.shape[1], hidden_dim=64) criterion = nn.BCEWithLogitsLoss() optimizer = optim.Adam(model.parameters(), lr=0.001) # ==== Training Loop ==== model.train() epochs = 20 for epoch in range(epochs): epoch_loss = 0.0 for X_batch, adj_"",False | C44_DI_REAL_1,4.4,fairness,Real-data disparate impact reported as 1.0,1.0,1.0,1,training\ensemble\train_hfagm.py,train_hfagm.py,""type=torch.float32).unsqueeze(1) dataset = TensorDataset(X_tensor, adj_tensor, contrastive_tensor, y_tensor) dataloader = DataLoader(dataset, batch_size=32, shuffle=True) # ==== Initialize Model ==== model = HFAGM(input_dim=X.shape[1], contrastive_dim=contrastive.shape[1], hidden_dim=64) criterion = nn.BCEWithLogitsLoss() optimizer = optim.Adam(model.parameters(), lr=0.001) # ==== Training Loop ==== model.train() epochs = 20 for epoch in range(epochs): epoch_loss = 0.0 for X_batch, adj_"",False | C44_DI_REAL_1,4.4,fairness,Real-data disparate impact reported as 1.0,1.0,1.0,1,training\ensemble\train_hfagm.py,train_hfagm.py,""type=torch.float32).unsqueeze(1) dataset = TensorDataset(X_tensor, adj_tensor, contrastive_tensor, y_tensor) dataloader = DataLoader(dataset, batch_size=32, shuffle=True) # ==== Initialize Model ==== model = HFAGM(input_dim=X.shape[1], contrastive_dim=contrastive.shape[1], hidden_dim=64) criterion = nn.BCEWithLogitsLoss() optimizer = optim.A"
outputs\revision_audit\claim_evidence_detailed.csv,524,4.4,0,0,"C44_DI_REAL_1,4.4,fairness,Real-data disparate impact reported as 1.0,1.0,1.0,1,training\ensemble\train_hfagm.py,train_hfagm.py,""type=torch.float32).unsqueeze(1) dataset = TensorDataset(X_tensor, adj_tensor, contrastive_tensor, y_tensor) dataloader = DataLoader(dataset, batch_size=32, shuffle=True) # ==== Initialize Model ==== model = HFAGM(input_dim=X.shape[1], contrastive_dim=contrastive.shape[1], hidden_dim=64) criterion = nn.BCEWithLogitsLoss() optimizer = optim.Adam(model.parameters(), lr=0.001) # ==== Training Loop ==== model.train() epochs = 20 for epoch in range(epochs): epoch_loss = 0.0 for X_batch, adj_"",False","C44_DI_REAL_1,4.4,fairness,Real-data disparate impact reported as 1.0,1.0,1.0,1,training\ensemble\train_hfagm.py,train_hfagm.py,""y_tensor = torch.tensor(y, dtype=torch.float32).unsqueeze(1) dataset = TensorDataset(X_tensor, adj_tensor, contrastive_tensor, y_tensor) dataloader = DataLoader(dataset, batch_size=32, shuffle=True) # ==== Initialize Model ==== model = HFAGM(input_dim=X.shape[1], contrastive_dim=contrastive.shape[1], hidden_dim=64) criterion = nn.BCEWithLogitsLoss() optimizer = optim.Adam(model.parameters(), lr=0.001) # ==== Training Loop ==== model.train() epochs = 20 for epoch in range(epochs): epoch_loss"",False | C44_DI_REAL_1,4.4,fairness,Real-data disparate impact reported as 1.0,1.0,1.0,1,training\ensemble\train_hfagm.py,train_hfagm.py,""type=torch.float32).unsqueeze(1) dataset = TensorDataset(X_tensor, adj_tensor, contrastive_tensor, y_tensor) dataloader = DataLoader(dataset, batch_size=32, shuffle=True) # ==== Initialize Model ==== model = HFAGM(input_dim=X.shape[1], contrastive_dim=contrastive.shape[1], hidden_dim=64) criterion = nn.BCEWithLogitsLoss() optimizer = optim.Adam(model.parameters(), lr=0.001) # ==== Training Loop ==== model.train() epochs = 20 for epoch in range(epochs): epoch_loss = 0.0 for X_batch, adj_"",False | C44_DI_REAL_1,4.4,fairness,Real-data disparate impact reported as 1.0,1.0,1.0,1,training\ensemble\train_hfagm.py,train_hfagm.py,""type=torch.float32).unsqueeze(1) dataset = TensorDataset(X_tensor, adj_tensor, contrastive_tensor, y_tensor) dataloader = DataLoader(dataset, batch_size=32, shuffle=True) # ==== Initialize Model ==== model = HFAGM(input_dim=X.shape[1], contrastive_dim=contrastive.shape[1], hidden_dim=64) criterion = nn.BCEWithLogitsLoss() optimizer = optim.Adam(model.parameters(), lr=0.001) # ==== Training Loop ==== model.train() epochs = 20 for epoch in range(epochs): epoch_loss = 0.0 for X_batch, adj_"",False | C44_DI_REAL_1,4.4,fairness,Real-data disparate impact reported as 1.0,1.0,1.0,1,training\ensemble\train_hfagm.py,train_hfagm.py,""type=torch.float32).unsqueeze(1) dataset = TensorDataset(X_tensor, adj_tensor, contrastive_tensor, y_tensor) dataloader = DataLoader(dataset, batch_size=32, shuffle=True) # ==== Initialize Model ==== model = HFAGM(input_dim=X.shape[1], contrastive_dim=contrastive.shape[1], hidden_dim=64) criterion = nn.BCEWithLogitsLoss() optimizer = optim.Adam(model.parameters(), lr=0.001) # ==== Training Loop ==== model.train() epochs = 20 for epoch in range(epochs): epoch_loss = 0.0 for X_batch, adj_"",False | C44_DI_REAL_1,4.4,fairness,Real-data disparate impact reported as 1.0,1.0,1.0,1,training\ensemble\train_hfagm.py,train_hfagm.py,""dataset = TensorDataset(X_tensor, adj_tensor, contrastive_tensor, y_tensor) dataloader = DataLoader(dataset, batch_size=32, shuffle=True) # ==== Initialize Model ==== model = HFAGM(input_dim=X.shape[1], contrastive_dim=contrastive.shape[1], hidden_dim=64) criterion = nn.BCEWithLogitsLoss() optimizer = optim.Adam(model.parameters(), lr=0.001) # ="
outputs\revision_audit\claim_evidence_detailed.csv,524,1.0,0,0,"C44_DI_REAL_1,4.4,fairness,Real-data disparate impact reported as 1.0,1.0,1.0,1,training\ensemble\train_hfagm.py,train_hfagm.py,""type=torch.float32).unsqueeze(1) dataset = TensorDataset(X_tensor, adj_tensor, contrastive_tensor, y_tensor) dataloader = DataLoader(dataset, batch_size=32, shuffle=True) # ==== Initialize Model ==== model = HFAGM(input_dim=X.shape[1], contrastive_dim=contrastive.shape[1], hidden_dim=64) criterion = nn.BCEWithLogitsLoss() optimizer = optim.Adam(model.parameters(), lr=0.001) # ==== Training Loop ==== model.train() epochs = 20 for epoch in range(epochs): epoch_loss = 0.0 for X_batch, adj_"",False","C44_DI_REAL_1,4.4,fairness,Real-data disparate impact reported as 1.0,1.0,1.0,1,training\ensemble\train_hfagm.py,train_hfagm.py,""y_tensor = torch.tensor(y, dtype=torch.float32).unsqueeze(1) dataset = TensorDataset(X_tensor, adj_tensor, contrastive_tensor, y_tensor) dataloader = DataLoader(dataset, batch_size=32, shuffle=True) # ==== Initialize Model ==== model = HFAGM(input_dim=X.shape[1], contrastive_dim=contrastive.shape[1], hidden_dim=64) criterion = nn.BCEWithLogitsLoss() optimizer = optim.Adam(model.parameters(), lr=0.001) # ==== Training Loop ==== model.train() epochs = 20 for epoch in range(epochs): epoch_loss"",False | C44_DI_REAL_1,4.4,fairness,Real-data disparate impact reported as 1.0,1.0,1.0,1,training\ensemble\train_hfagm.py,train_hfagm.py,""type=torch.float32).unsqueeze(1) dataset = TensorDataset(X_tensor, adj_tensor, contrastive_tensor, y_tensor) dataloader = DataLoader(dataset, batch_size=32, shuffle=True) # ==== Initialize Model ==== model = HFAGM(input_dim=X.shape[1], contrastive_dim=contrastive.shape[1], hidden_dim=64) criterion = nn.BCEWithLogitsLoss() optimizer = optim.Adam(model.parameters(), lr=0.001) # ==== Training Loop ==== model.train() epochs = 20 for epoch in range(epochs): epoch_loss = 0.0 for X_batch, adj_"",False | C44_DI_REAL_1,4.4,fairness,Real-data disparate impact reported as 1.0,1.0,1.0,1,training\ensemble\train_hfagm.py,train_hfagm.py,""type=torch.float32).unsqueeze(1) dataset = TensorDataset(X_tensor, adj_tensor, contrastive_tensor, y_tensor) dataloader = DataLoader(dataset, batch_size=32, shuffle=True) # ==== Initialize Model ==== model = HFAGM(input_dim=X.shape[1], contrastive_dim=contrastive.shape[1], hidden_dim=64) criterion = nn.BCEWithLogitsLoss() optimizer = optim.Adam(model.parameters(), lr=0.001) # ==== Training Loop ==== model.train() epochs = 20 for epoch in range(epochs): epoch_loss = 0.0 for X_batch, adj_"",False | C44_DI_REAL_1,4.4,fairness,Real-data disparate impact reported as 1.0,1.0,1.0,1,training\ensemble\train_hfagm.py,train_hfagm.py,""type=torch.float32).unsqueeze(1) dataset = TensorDataset(X_tensor, adj_tensor, contrastive_tensor, y_tensor) dataloader = DataLoader(dataset, batch_size=32, shuffle=True) # ==== Initialize Model ==== model = HFAGM(input_dim=X.shape[1], contrastive_dim=contrastive.shape[1], hidden_dim=64) criterion = nn.BCEWithLogitsLoss() optimizer = optim.Adam(model.parameters(), lr=0.001) # ==== Training Loop ==== model.train() epochs = 20 for epoch in range(epochs): epoch_loss = 0.0 for X_batch, adj_"",False | C44_DI_REAL_1,4.4,fairness,Real-data disparate impact reported as 1.0,1.0,1.0,1,training\ensemble\train_hfagm.py,train_hfagm.py,""dataset = TensorDataset(X_tensor, adj_tensor, contrastive_tensor, y_tensor) dataloader = DataLoader(dataset, batch_size=32, shuffle=True) # ==== Initialize Model ==== model = HFAGM(input_dim=X.shape[1], contrastive_dim=contrastive.shape[1], hidden_dim=64) criterion = nn.BCEWithLogitsLoss() optimizer = optim.Adam(model.parameters(), lr=0.001) # ="
outputs\revision_audit\claim_evidence_detailed.csv,524,1.0,0,0,"C44_DI_REAL_1,4.4,fairness,Real-data disparate impact reported as 1.0,1.0,1.0,1,training\ensemble\train_hfagm.py,train_hfagm.py,""type=torch.float32).unsqueeze(1) dataset = TensorDataset(X_tensor, adj_tensor, contrastive_tensor, y_tensor) dataloader = DataLoader(dataset, batch_size=32, shuffle=True) # ==== Initialize Model ==== model = HFAGM(input_dim=X.shape[1], contrastive_dim=contrastive.shape[1], hidden_dim=64) criterion = nn.BCEWithLogitsLoss() optimizer = optim.Adam(model.parameters(), lr=0.001) # ==== Training Loop ==== model.train() epochs = 20 for epoch in range(epochs): epoch_loss = 0.0 for X_batch, adj_"",False","C44_DI_REAL_1,4.4,fairness,Real-data disparate impact reported as 1.0,1.0,1.0,1,training\ensemble\train_hfagm.py,train_hfagm.py,""y_tensor = torch.tensor(y, dtype=torch.float32).unsqueeze(1) dataset = TensorDataset(X_tensor, adj_tensor, contrastive_tensor, y_tensor) dataloader = DataLoader(dataset, batch_size=32, shuffle=True) # ==== Initialize Model ==== model = HFAGM(input_dim=X.shape[1], contrastive_dim=contrastive.shape[1], hidden_dim=64) criterion = nn.BCEWithLogitsLoss() optimizer = optim.Adam(model.parameters(), lr=0.001) # ==== Training Loop ==== model.train() epochs = 20 for epoch in range(epochs): epoch_loss"",False | C44_DI_REAL_1,4.4,fairness,Real-data disparate impact reported as 1.0,1.0,1.0,1,training\ensemble\train_hfagm.py,train_hfagm.py,""type=torch.float32).unsqueeze(1) dataset = TensorDataset(X_tensor, adj_tensor, contrastive_tensor, y_tensor) dataloader = DataLoader(dataset, batch_size=32, shuffle=True) # ==== Initialize Model ==== model = HFAGM(input_dim=X.shape[1], contrastive_dim=contrastive.shape[1], hidden_dim=64) criterion = nn.BCEWithLogitsLoss() optimizer = optim.Adam(model.parameters(), lr=0.001) # ==== Training Loop ==== model.train() epochs = 20 for epoch in range(epochs): epoch_loss = 0.0 for X_batch, adj_"",False | C44_DI_REAL_1,4.4,fairness,Real-data disparate impact reported as 1.0,1.0,1.0,1,training\ensemble\train_hfagm.py,train_hfagm.py,""type=torch.float32).unsqueeze(1) dataset = TensorDataset(X_tensor, adj_tensor, contrastive_tensor, y_tensor) dataloader = DataLoader(dataset, batch_size=32, shuffle=True) # ==== Initialize Model ==== model = HFAGM(input_dim=X.shape[1], contrastive_dim=contrastive.shape[1], hidden_dim=64) criterion = nn.BCEWithLogitsLoss() optimizer = optim.Adam(model.parameters(), lr=0.001) # ==== Training Loop ==== model.train() epochs = 20 for epoch in range(epochs): epoch_loss = 0.0 for X_batch, adj_"",False | C44_DI_REAL_1,4.4,fairness,Real-data disparate impact reported as 1.0,1.0,1.0,1,training\ensemble\train_hfagm.py,train_hfagm.py,""type=torch.float32).unsqueeze(1) dataset = TensorDataset(X_tensor, adj_tensor, contrastive_tensor, y_tensor) dataloader = DataLoader(dataset, batch_size=32, shuffle=True) # ==== Initialize Model ==== model = HFAGM(input_dim=X.shape[1], contrastive_dim=contrastive.shape[1], hidden_dim=64) criterion = nn.BCEWithLogitsLoss() optimizer = optim.Adam(model.parameters(), lr=0.001) # ==== Training Loop ==== model.train() epochs = 20 for epoch in range(epochs): epoch_loss = 0.0 for X_batch, adj_"",False | C44_DI_REAL_1,4.4,fairness,Real-data disparate impact reported as 1.0,1.0,1.0,1,training\ensemble\train_hfagm.py,train_hfagm.py,""dataset = TensorDataset(X_tensor, adj_tensor, contrastive_tensor, y_tensor) dataloader = DataLoader(dataset, batch_size=32, shuffle=True) # ==== Initialize Model ==== model = HFAGM(input_dim=X.shape[1], contrastive_dim=contrastive.shape[1], hidden_dim=64) criterion = nn.BCEWithLogitsLoss() optimizer = optim.Adam(model.parameters(), lr=0.001) # ="
outputs\revision_audit\claim_evidence_detailed.csv,524,1.0,0,0,"C44_DI_REAL_1,4.4,fairness,Real-data disparate impact reported as 1.0,1.0,1.0,1,training\ensemble\train_hfagm.py,train_hfagm.py,""type=torch.float32).unsqueeze(1) dataset = TensorDataset(X_tensor, adj_tensor, contrastive_tensor, y_tensor) dataloader = DataLoader(dataset, batch_size=32, shuffle=True) # ==== Initialize Model ==== model = HFAGM(input_dim=X.shape[1], contrastive_dim=contrastive.shape[1], hidden_dim=64) criterion = nn.BCEWithLogitsLoss() optimizer = optim.Adam(model.parameters(), lr=0.001) # ==== Training Loop ==== model.train() epochs = 20 for epoch in range(epochs): epoch_loss = 0.0 for X_batch, adj_"",False","C44_DI_REAL_1,4.4,fairness,Real-data disparate impact reported as 1.0,1.0,1.0,1,training\ensemble\train_hfagm.py,train_hfagm.py,""y_tensor = torch.tensor(y, dtype=torch.float32).unsqueeze(1) dataset = TensorDataset(X_tensor, adj_tensor, contrastive_tensor, y_tensor) dataloader = DataLoader(dataset, batch_size=32, shuffle=True) # ==== Initialize Model ==== model = HFAGM(input_dim=X.shape[1], contrastive_dim=contrastive.shape[1], hidden_dim=64) criterion = nn.BCEWithLogitsLoss() optimizer = optim.Adam(model.parameters(), lr=0.001) # ==== Training Loop ==== model.train() epochs = 20 for epoch in range(epochs): epoch_loss"",False | C44_DI_REAL_1,4.4,fairness,Real-data disparate impact reported as 1.0,1.0,1.0,1,training\ensemble\train_hfagm.py,train_hfagm.py,""type=torch.float32).unsqueeze(1) dataset = TensorDataset(X_tensor, adj_tensor, contrastive_tensor, y_tensor) dataloader = DataLoader(dataset, batch_size=32, shuffle=True) # ==== Initialize Model ==== model = HFAGM(input_dim=X.shape[1], contrastive_dim=contrastive.shape[1], hidden_dim=64) criterion = nn.BCEWithLogitsLoss() optimizer = optim.Adam(model.parameters(), lr=0.001) # ==== Training Loop ==== model.train() epochs = 20 for epoch in range(epochs): epoch_loss = 0.0 for X_batch, adj_"",False | C44_DI_REAL_1,4.4,fairness,Real-data disparate impact reported as 1.0,1.0,1.0,1,training\ensemble\train_hfagm.py,train_hfagm.py,""type=torch.float32).unsqueeze(1) dataset = TensorDataset(X_tensor, adj_tensor, contrastive_tensor, y_tensor) dataloader = DataLoader(dataset, batch_size=32, shuffle=True) # ==== Initialize Model ==== model = HFAGM(input_dim=X.shape[1], contrastive_dim=contrastive.shape[1], hidden_dim=64) criterion = nn.BCEWithLogitsLoss() optimizer = optim.Adam(model.parameters(), lr=0.001) # ==== Training Loop ==== model.train() epochs = 20 for epoch in range(epochs): epoch_loss = 0.0 for X_batch, adj_"",False | C44_DI_REAL_1,4.4,fairness,Real-data disparate impact reported as 1.0,1.0,1.0,1,training\ensemble\train_hfagm.py,train_hfagm.py,""type=torch.float32).unsqueeze(1) dataset = TensorDataset(X_tensor, adj_tensor, contrastive_tensor, y_tensor) dataloader = DataLoader(dataset, batch_size=32, shuffle=True) # ==== Initialize Model ==== model = HFAGM(input_dim=X.shape[1], contrastive_dim=contrastive.shape[1], hidden_dim=64) criterion = nn.BCEWithLogitsLoss() optimizer = optim.Adam(model.parameters(), lr=0.001) # ==== Training Loop ==== model.train() epochs = 20 for epoch in range(epochs): epoch_loss = 0.0 for X_batch, adj_"",False | C44_DI_REAL_1,4.4,fairness,Real-data disparate impact reported as 1.0,1.0,1.0,1,training\ensemble\train_hfagm.py,train_hfagm.py,""dataset = TensorDataset(X_tensor, adj_tensor, contrastive_tensor, y_tensor) dataloader = DataLoader(dataset, batch_size=32, shuffle=True) # ==== Initialize Model ==== model = HFAGM(input_dim=X.shape[1], contrastive_dim=contrastive.shape[1], hidden_dim=64) criterion = nn.BCEWithLogitsLoss() optimizer = optim.Adam(model.parameters(), lr=0.001) # ="
outputs\revision_audit\claim_evidence_detailed.csv,524,1.0,0,0,"C44_DI_REAL_1,4.4,fairness,Real-data disparate impact reported as 1.0,1.0,1.0,1,training\ensemble\train_hfagm.py,train_hfagm.py,""type=torch.float32).unsqueeze(1) dataset = TensorDataset(X_tensor, adj_tensor, contrastive_tensor, y_tensor) dataloader = DataLoader(dataset, batch_size=32, shuffle=True) # ==== Initialize Model ==== model = HFAGM(input_dim=X.shape[1], contrastive_dim=contrastive.shape[1], hidden_dim=64) criterion = nn.BCEWithLogitsLoss() optimizer = optim.Adam(model.parameters(), lr=0.001) # ==== Training Loop ==== model.train() epochs = 20 for epoch in range(epochs): epoch_loss = 0.0 for X_batch, adj_"",False","C44_DI_REAL_1,4.4,fairness,Real-data disparate impact reported as 1.0,1.0,1.0,1,training\ensemble\train_hfagm.py,train_hfagm.py,""y_tensor = torch.tensor(y, dtype=torch.float32).unsqueeze(1) dataset = TensorDataset(X_tensor, adj_tensor, contrastive_tensor, y_tensor) dataloader = DataLoader(dataset, batch_size=32, shuffle=True) # ==== Initialize Model ==== model = HFAGM(input_dim=X.shape[1], contrastive_dim=contrastive.shape[1], hidden_dim=64) criterion = nn.BCEWithLogitsLoss() optimizer = optim.Adam(model.parameters(), lr=0.001) # ==== Training Loop ==== model.train() epochs = 20 for epoch in range(epochs): epoch_loss"",False | C44_DI_REAL_1,4.4,fairness,Real-data disparate impact reported as 1.0,1.0,1.0,1,training\ensemble\train_hfagm.py,train_hfagm.py,""type=torch.float32).unsqueeze(1) dataset = TensorDataset(X_tensor, adj_tensor, contrastive_tensor, y_tensor) dataloader = DataLoader(dataset, batch_size=32, shuffle=True) # ==== Initialize Model ==== model = HFAGM(input_dim=X.shape[1], contrastive_dim=contrastive.shape[1], hidden_dim=64) criterion = nn.BCEWithLogitsLoss() optimizer = optim.Adam(model.parameters(), lr=0.001) # ==== Training Loop ==== model.train() epochs = 20 for epoch in range(epochs): epoch_loss = 0.0 for X_batch, adj_"",False | C44_DI_REAL_1,4.4,fairness,Real-data disparate impact reported as 1.0,1.0,1.0,1,training\ensemble\train_hfagm.py,train_hfagm.py,""type=torch.float32).unsqueeze(1) dataset = TensorDataset(X_tensor, adj_tensor, contrastive_tensor, y_tensor) dataloader = DataLoader(dataset, batch_size=32, shuffle=True) # ==== Initialize Model ==== model = HFAGM(input_dim=X.shape[1], contrastive_dim=contrastive.shape[1], hidden_dim=64) criterion = nn.BCEWithLogitsLoss() optimizer = optim.Adam(model.parameters(), lr=0.001) # ==== Training Loop ==== model.train() epochs = 20 for epoch in range(epochs): epoch_loss = 0.0 for X_batch, adj_"",False | C44_DI_REAL_1,4.4,fairness,Real-data disparate impact reported as 1.0,1.0,1.0,1,training\ensemble\train_hfagm.py,train_hfagm.py,""type=torch.float32).unsqueeze(1) dataset = TensorDataset(X_tensor, adj_tensor, contrastive_tensor, y_tensor) dataloader = DataLoader(dataset, batch_size=32, shuffle=True) # ==== Initialize Model ==== model = HFAGM(input_dim=X.shape[1], contrastive_dim=contrastive.shape[1], hidden_dim=64) criterion = nn.BCEWithLogitsLoss() optimizer = optim.Adam(model.parameters(), lr=0.001) # ==== Training Loop ==== model.train() epochs = 20 for epoch in range(epochs): epoch_loss = 0.0 for X_batch, adj_"",False | C44_DI_REAL_1,4.4,fairness,Real-data disparate impact reported as 1.0,1.0,1.0,1,training\ensemble\train_hfagm.py,train_hfagm.py,""dataset = TensorDataset(X_tensor, adj_tensor, contrastive_tensor, y_tensor) dataloader = DataLoader(dataset, batch_size=32, shuffle=True) # ==== Initialize Model ==== model = HFAGM(input_dim=X.shape[1], contrastive_dim=contrastive.shape[1], hidden_dim=64) criterion = nn.BCEWithLogitsLoss() optimizer = optim.Adam(model.parameters(), lr=0.001) # ="
outputs\revision_audit\claim_evidence_detailed.csv,524,1.0,0,0,"C44_DI_REAL_1,4.4,fairness,Real-data disparate impact reported as 1.0,1.0,1.0,1,training\ensemble\train_hfagm.py,train_hfagm.py,""type=torch.float32).unsqueeze(1) dataset = TensorDataset(X_tensor, adj_tensor, contrastive_tensor, y_tensor) dataloader = DataLoader(dataset, batch_size=32, shuffle=True) # ==== Initialize Model ==== model = HFAGM(input_dim=X.shape[1], contrastive_dim=contrastive.shape[1], hidden_dim=64) criterion = nn.BCEWithLogitsLoss() optimizer = optim.Adam(model.parameters(), lr=0.001) # ==== Training Loop ==== model.train() epochs = 20 for epoch in range(epochs): epoch_loss = 0.0 for X_batch, adj_"",False","C44_DI_REAL_1,4.4,fairness,Real-data disparate impact reported as 1.0,1.0,1.0,1,training\ensemble\train_hfagm.py,train_hfagm.py,""y_tensor = torch.tensor(y, dtype=torch.float32).unsqueeze(1) dataset = TensorDataset(X_tensor, adj_tensor, contrastive_tensor, y_tensor) dataloader = DataLoader(dataset, batch_size=32, shuffle=True) # ==== Initialize Model ==== model = HFAGM(input_dim=X.shape[1], contrastive_dim=contrastive.shape[1], hidden_dim=64) criterion = nn.BCEWithLogitsLoss() optimizer = optim.Adam(model.parameters(), lr=0.001) # ==== Training Loop ==== model.train() epochs = 20 for epoch in range(epochs): epoch_loss"",False | C44_DI_REAL_1,4.4,fairness,Real-data disparate impact reported as 1.0,1.0,1.0,1,training\ensemble\train_hfagm.py,train_hfagm.py,""type=torch.float32).unsqueeze(1) dataset = TensorDataset(X_tensor, adj_tensor, contrastive_tensor, y_tensor) dataloader = DataLoader(dataset, batch_size=32, shuffle=True) # ==== Initialize Model ==== model = HFAGM(input_dim=X.shape[1], contrastive_dim=contrastive.shape[1], hidden_dim=64) criterion = nn.BCEWithLogitsLoss() optimizer = optim.Adam(model.parameters(), lr=0.001) # ==== Training Loop ==== model.train() epochs = 20 for epoch in range(epochs): epoch_loss = 0.0 for X_batch, adj_"",False | C44_DI_REAL_1,4.4,fairness,Real-data disparate impact reported as 1.0,1.0,1.0,1,training\ensemble\train_hfagm.py,train_hfagm.py,""type=torch.float32).unsqueeze(1) dataset = TensorDataset(X_tensor, adj_tensor, contrastive_tensor, y_tensor) dataloader = DataLoader(dataset, batch_size=32, shuffle=True) # ==== Initialize Model ==== model = HFAGM(input_dim=X.shape[1], contrastive_dim=contrastive.shape[1], hidden_dim=64) criterion = nn.BCEWithLogitsLoss() optimizer = optim.Adam(model.parameters(), lr=0.001) # ==== Training Loop ==== model.train() epochs = 20 for epoch in range(epochs): epoch_loss = 0.0 for X_batch, adj_"",False | C44_DI_REAL_1,4.4,fairness,Real-data disparate impact reported as 1.0,1.0,1.0,1,training\ensemble\train_hfagm.py,train_hfagm.py,""type=torch.float32).unsqueeze(1) dataset = TensorDataset(X_tensor, adj_tensor, contrastive_tensor, y_tensor) dataloader = DataLoader(dataset, batch_size=32, shuffle=True) # ==== Initialize Model ==== model = HFAGM(input_dim=X.shape[1], contrastive_dim=contrastive.shape[1], hidden_dim=64) criterion = nn.BCEWithLogitsLoss() optimizer = optim.Adam(model.parameters(), lr=0.001) # ==== Training Loop ==== model.train() epochs = 20 for epoch in range(epochs): epoch_loss = 0.0 for X_batch, adj_"",False | C44_DI_REAL_1,4.4,fairness,Real-data disparate impact reported as 1.0,1.0,1.0,1,training\ensemble\train_hfagm.py,train_hfagm.py,""dataset = TensorDataset(X_tensor, adj_tensor, contrastive_tensor, y_tensor) dataloader = DataLoader(dataset, batch_size=32, shuffle=True) # ==== Initialize Model ==== model = HFAGM(input_dim=X.shape[1], contrastive_dim=contrastive.shape[1], hidden_dim=64) criterion = nn.BCEWithLogitsLoss() optimizer = optim.Adam(model.parameters(), lr=0.001) # ="
outputs\revision_audit\claim_evidence_detailed.csv,524,32.0,0,0,"C44_DI_REAL_1,4.4,fairness,Real-data disparate impact reported as 1.0,1.0,1.0,1,training\ensemble\train_hfagm.py,train_hfagm.py,""type=torch.float32).unsqueeze(1) dataset = TensorDataset(X_tensor, adj_tensor, contrastive_tensor, y_tensor) dataloader = DataLoader(dataset, batch_size=32, shuffle=True) # ==== Initialize Model ==== model = HFAGM(input_dim=X.shape[1], contrastive_dim=contrastive.shape[1], hidden_dim=64) criterion = nn.BCEWithLogitsLoss() optimizer = optim.Adam(model.parameters(), lr=0.001) # ==== Training Loop ==== model.train() epochs = 20 for epoch in range(epochs): epoch_loss = 0.0 for X_batch, adj_"",False","C44_DI_REAL_1,4.4,fairness,Real-data disparate impact reported as 1.0,1.0,1.0,1,training\ensemble\train_hfagm.py,train_hfagm.py,""y_tensor = torch.tensor(y, dtype=torch.float32).unsqueeze(1) dataset = TensorDataset(X_tensor, adj_tensor, contrastive_tensor, y_tensor) dataloader = DataLoader(dataset, batch_size=32, shuffle=True) # ==== Initialize Model ==== model = HFAGM(input_dim=X.shape[1], contrastive_dim=contrastive.shape[1], hidden_dim=64) criterion = nn.BCEWithLogitsLoss() optimizer = optim.Adam(model.parameters(), lr=0.001) # ==== Training Loop ==== model.train() epochs = 20 for epoch in range(epochs): epoch_loss"",False | C44_DI_REAL_1,4.4,fairness,Real-data disparate impact reported as 1.0,1.0,1.0,1,training\ensemble\train_hfagm.py,train_hfagm.py,""type=torch.float32).unsqueeze(1) dataset = TensorDataset(X_tensor, adj_tensor, contrastive_tensor, y_tensor) dataloader = DataLoader(dataset, batch_size=32, shuffle=True) # ==== Initialize Model ==== model = HFAGM(input_dim=X.shape[1], contrastive_dim=contrastive.shape[1], hidden_dim=64) criterion = nn.BCEWithLogitsLoss() optimizer = optim.Adam(model.parameters(), lr=0.001) # ==== Training Loop ==== model.train() epochs = 20 for epoch in range(epochs): epoch_loss = 0.0 for X_batch, adj_"",False | C44_DI_REAL_1,4.4,fairness,Real-data disparate impact reported as 1.0,1.0,1.0,1,training\ensemble\train_hfagm.py,train_hfagm.py,""type=torch.float32).unsqueeze(1) dataset = TensorDataset(X_tensor, adj_tensor, contrastive_tensor, y_tensor) dataloader = DataLoader(dataset, batch_size=32, shuffle=True) # ==== Initialize Model ==== model = HFAGM(input_dim=X.shape[1], contrastive_dim=contrastive.shape[1], hidden_dim=64) criterion = nn.BCEWithLogitsLoss() optimizer = optim.Adam(model.parameters(), lr=0.001) # ==== Training Loop ==== model.train() epochs = 20 for epoch in range(epochs): epoch_loss = 0.0 for X_batch, adj_"",False | C44_DI_REAL_1,4.4,fairness,Real-data disparate impact reported as 1.0,1.0,1.0,1,training\ensemble\train_hfagm.py,train_hfagm.py,""type=torch.float32).unsqueeze(1) dataset = TensorDataset(X_tensor, adj_tensor, contrastive_tensor, y_tensor) dataloader = DataLoader(dataset, batch_size=32, shuffle=True) # ==== Initialize Model ==== model = HFAGM(input_dim=X.shape[1], contrastive_dim=contrastive.shape[1], hidden_dim=64) criterion = nn.BCEWithLogitsLoss() optimizer = optim.Adam(model.parameters(), lr=0.001) # ==== Training Loop ==== model.train() epochs = 20 for epoch in range(epochs): epoch_loss = 0.0 for X_batch, adj_"",False | C44_DI_REAL_1,4.4,fairness,Real-data disparate impact reported as 1.0,1.0,1.0,1,training\ensemble\train_hfagm.py,train_hfagm.py,""dataset = TensorDataset(X_tensor, adj_tensor, contrastive_tensor, y_tensor) dataloader = DataLoader(dataset, batch_size=32, shuffle=True) # ==== Initialize Model ==== model = HFAGM(input_dim=X.shape[1], contrastive_dim=contrastive.shape[1], hidden_dim=64) criterion = nn.BCEWithLogitsLoss() optimizer = optim.Adam(model.parameters(), lr=0.001) # ="
outputs\revision_audit\claim_evidence_detailed.csv,524,1.0,0,0,"C44_DI_REAL_1,4.4,fairness,Real-data disparate impact reported as 1.0,1.0,1.0,1,training\ensemble\train_hfagm.py,train_hfagm.py,""type=torch.float32).unsqueeze(1) dataset = TensorDataset(X_tensor, adj_tensor, contrastive_tensor, y_tensor) dataloader = DataLoader(dataset, batch_size=32, shuffle=True) # ==== Initialize Model ==== model = HFAGM(input_dim=X.shape[1], contrastive_dim=contrastive.shape[1], hidden_dim=64) criterion = nn.BCEWithLogitsLoss() optimizer = optim.Adam(model.parameters(), lr=0.001) # ==== Training Loop ==== model.train() epochs = 20 for epoch in range(epochs): epoch_loss = 0.0 for X_batch, adj_"",False","C44_DI_REAL_1,4.4,fairness,Real-data disparate impact reported as 1.0,1.0,1.0,1,training\ensemble\train_hfagm.py,train_hfagm.py,""y_tensor = torch.tensor(y, dtype=torch.float32).unsqueeze(1) dataset = TensorDataset(X_tensor, adj_tensor, contrastive_tensor, y_tensor) dataloader = DataLoader(dataset, batch_size=32, shuffle=True) # ==== Initialize Model ==== model = HFAGM(input_dim=X.shape[1], contrastive_dim=contrastive.shape[1], hidden_dim=64) criterion = nn.BCEWithLogitsLoss() optimizer = optim.Adam(model.parameters(), lr=0.001) # ==== Training Loop ==== model.train() epochs = 20 for epoch in range(epochs): epoch_loss"",False | C44_DI_REAL_1,4.4,fairness,Real-data disparate impact reported as 1.0,1.0,1.0,1,training\ensemble\train_hfagm.py,train_hfagm.py,""type=torch.float32).unsqueeze(1) dataset = TensorDataset(X_tensor, adj_tensor, contrastive_tensor, y_tensor) dataloader = DataLoader(dataset, batch_size=32, shuffle=True) # ==== Initialize Model ==== model = HFAGM(input_dim=X.shape[1], contrastive_dim=contrastive.shape[1], hidden_dim=64) criterion = nn.BCEWithLogitsLoss() optimizer = optim.Adam(model.parameters(), lr=0.001) # ==== Training Loop ==== model.train() epochs = 20 for epoch in range(epochs): epoch_loss = 0.0 for X_batch, adj_"",False | C44_DI_REAL_1,4.4,fairness,Real-data disparate impact reported as 1.0,1.0,1.0,1,training\ensemble\train_hfagm.py,train_hfagm.py,""type=torch.float32).unsqueeze(1) dataset = TensorDataset(X_tensor, adj_tensor, contrastive_tensor, y_tensor) dataloader = DataLoader(dataset, batch_size=32, shuffle=True) # ==== Initialize Model ==== model = HFAGM(input_dim=X.shape[1], contrastive_dim=contrastive.shape[1], hidden_dim=64) criterion = nn.BCEWithLogitsLoss() optimizer = optim.Adam(model.parameters(), lr=0.001) # ==== Training Loop ==== model.train() epochs = 20 for epoch in range(epochs): epoch_loss = 0.0 for X_batch, adj_"",False | C44_DI_REAL_1,4.4,fairness,Real-data disparate impact reported as 1.0,1.0,1.0,1,training\ensemble\train_hfagm.py,train_hfagm.py,""type=torch.float32).unsqueeze(1) dataset = TensorDataset(X_tensor, adj_tensor, contrastive_tensor, y_tensor) dataloader = DataLoader(dataset, batch_size=32, shuffle=True) # ==== Initialize Model ==== model = HFAGM(input_dim=X.shape[1], contrastive_dim=contrastive.shape[1], hidden_dim=64) criterion = nn.BCEWithLogitsLoss() optimizer = optim.Adam(model.parameters(), lr=0.001) # ==== Training Loop ==== model.train() epochs = 20 for epoch in range(epochs): epoch_loss = 0.0 for X_batch, adj_"",False | C44_DI_REAL_1,4.4,fairness,Real-data disparate impact reported as 1.0,1.0,1.0,1,training\ensemble\train_hfagm.py,train_hfagm.py,""dataset = TensorDataset(X_tensor, adj_tensor, contrastive_tensor, y_tensor) dataloader = DataLoader(dataset, batch_size=32, shuffle=True) # ==== Initialize Model ==== model = HFAGM(input_dim=X.shape[1], contrastive_dim=contrastive.shape[1], hidden_dim=64) criterion = nn.BCEWithLogitsLoss() optimizer = optim.Adam(model.parameters(), lr=0.001) # ="
outputs\revision_audit\claim_evidence_detailed.csv,524,1.0,0,0,"C44_DI_REAL_1,4.4,fairness,Real-data disparate impact reported as 1.0,1.0,1.0,1,training\ensemble\train_hfagm.py,train_hfagm.py,""type=torch.float32).unsqueeze(1) dataset = TensorDataset(X_tensor, adj_tensor, contrastive_tensor, y_tensor) dataloader = DataLoader(dataset, batch_size=32, shuffle=True) # ==== Initialize Model ==== model = HFAGM(input_dim=X.shape[1], contrastive_dim=contrastive.shape[1], hidden_dim=64) criterion = nn.BCEWithLogitsLoss() optimizer = optim.Adam(model.parameters(), lr=0.001) # ==== Training Loop ==== model.train() epochs = 20 for epoch in range(epochs): epoch_loss = 0.0 for X_batch, adj_"",False","C44_DI_REAL_1,4.4,fairness,Real-data disparate impact reported as 1.0,1.0,1.0,1,training\ensemble\train_hfagm.py,train_hfagm.py,""y_tensor = torch.tensor(y, dtype=torch.float32).unsqueeze(1) dataset = TensorDataset(X_tensor, adj_tensor, contrastive_tensor, y_tensor) dataloader = DataLoader(dataset, batch_size=32, shuffle=True) # ==== Initialize Model ==== model = HFAGM(input_dim=X.shape[1], contrastive_dim=contrastive.shape[1], hidden_dim=64) criterion = nn.BCEWithLogitsLoss() optimizer = optim.Adam(model.parameters(), lr=0.001) # ==== Training Loop ==== model.train() epochs = 20 for epoch in range(epochs): epoch_loss"",False | C44_DI_REAL_1,4.4,fairness,Real-data disparate impact reported as 1.0,1.0,1.0,1,training\ensemble\train_hfagm.py,train_hfagm.py,""type=torch.float32).unsqueeze(1) dataset = TensorDataset(X_tensor, adj_tensor, contrastive_tensor, y_tensor) dataloader = DataLoader(dataset, batch_size=32, shuffle=True) # ==== Initialize Model ==== model = HFAGM(input_dim=X.shape[1], contrastive_dim=contrastive.shape[1], hidden_dim=64) criterion = nn.BCEWithLogitsLoss() optimizer = optim.Adam(model.parameters(), lr=0.001) # ==== Training Loop ==== model.train() epochs = 20 for epoch in range(epochs): epoch_loss = 0.0 for X_batch, adj_"",False | C44_DI_REAL_1,4.4,fairness,Real-data disparate impact reported as 1.0,1.0,1.0,1,training\ensemble\train_hfagm.py,train_hfagm.py,""type=torch.float32).unsqueeze(1) dataset = TensorDataset(X_tensor, adj_tensor, contrastive_tensor, y_tensor) dataloader = DataLoader(dataset, batch_size=32, shuffle=True) # ==== Initialize Model ==== model = HFAGM(input_dim=X.shape[1], contrastive_dim=contrastive.shape[1], hidden_dim=64) criterion = nn.BCEWithLogitsLoss() optimizer = optim.Adam(model.parameters(), lr=0.001) # ==== Training Loop ==== model.train() epochs = 20 for epoch in range(epochs): epoch_loss = 0.0 for X_batch, adj_"",False | C44_DI_REAL_1,4.4,fairness,Real-data disparate impact reported as 1.0,1.0,1.0,1,training\ensemble\train_hfagm.py,train_hfagm.py,""type=torch.float32).unsqueeze(1) dataset = TensorDataset(X_tensor, adj_tensor, contrastive_tensor, y_tensor) dataloader = DataLoader(dataset, batch_size=32, shuffle=True) # ==== Initialize Model ==== model = HFAGM(input_dim=X.shape[1], contrastive_dim=contrastive.shape[1], hidden_dim=64) criterion = nn.BCEWithLogitsLoss() optimizer = optim.Adam(model.parameters(), lr=0.001) # ==== Training Loop ==== model.train() epochs = 20 for epoch in range(epochs): epoch_loss = 0.0 for X_batch, adj_"",False | C44_DI_REAL_1,4.4,fairness,Real-data disparate impact reported as 1.0,1.0,1.0,1,training\ensemble\train_hfagm.py,train_hfagm.py,""dataset = TensorDataset(X_tensor, adj_tensor, contrastive_tensor, y_tensor) dataloader = DataLoader(dataset, batch_size=32, shuffle=True) # ==== Initialize Model ==== model = HFAGM(input_dim=X.shape[1], contrastive_dim=contrastive.shape[1], hidden_dim=64) criterion = nn.BCEWithLogitsLoss() optimizer = optim.Adam(model.parameters(), lr=0.001) # ="
outputs\revision_audit\claim_evidence_detailed.csv,524,64.0,0,0,"C44_DI_REAL_1,4.4,fairness,Real-data disparate impact reported as 1.0,1.0,1.0,1,training\ensemble\train_hfagm.py,train_hfagm.py,""type=torch.float32).unsqueeze(1) dataset = TensorDataset(X_tensor, adj_tensor, contrastive_tensor, y_tensor) dataloader = DataLoader(dataset, batch_size=32, shuffle=True) # ==== Initialize Model ==== model = HFAGM(input_dim=X.shape[1], contrastive_dim=contrastive.shape[1], hidden_dim=64) criterion = nn.BCEWithLogitsLoss() optimizer = optim.Adam(model.parameters(), lr=0.001) # ==== Training Loop ==== model.train() epochs = 20 for epoch in range(epochs): epoch_loss = 0.0 for X_batch, adj_"",False","C44_DI_REAL_1,4.4,fairness,Real-data disparate impact reported as 1.0,1.0,1.0,1,training\ensemble\train_hfagm.py,train_hfagm.py,""y_tensor = torch.tensor(y, dtype=torch.float32).unsqueeze(1) dataset = TensorDataset(X_tensor, adj_tensor, contrastive_tensor, y_tensor) dataloader = DataLoader(dataset, batch_size=32, shuffle=True) # ==== Initialize Model ==== model = HFAGM(input_dim=X.shape[1], contrastive_dim=contrastive.shape[1], hidden_dim=64) criterion = nn.BCEWithLogitsLoss() optimizer = optim.Adam(model.parameters(), lr=0.001) # ==== Training Loop ==== model.train() epochs = 20 for epoch in range(epochs): epoch_loss"",False | C44_DI_REAL_1,4.4,fairness,Real-data disparate impact reported as 1.0,1.0,1.0,1,training\ensemble\train_hfagm.py,train_hfagm.py,""type=torch.float32).unsqueeze(1) dataset = TensorDataset(X_tensor, adj_tensor, contrastive_tensor, y_tensor) dataloader = DataLoader(dataset, batch_size=32, shuffle=True) # ==== Initialize Model ==== model = HFAGM(input_dim=X.shape[1], contrastive_dim=contrastive.shape[1], hidden_dim=64) criterion = nn.BCEWithLogitsLoss() optimizer = optim.Adam(model.parameters(), lr=0.001) # ==== Training Loop ==== model.train() epochs = 20 for epoch in range(epochs): epoch_loss = 0.0 for X_batch, adj_"",False | C44_DI_REAL_1,4.4,fairness,Real-data disparate impact reported as 1.0,1.0,1.0,1,training\ensemble\train_hfagm.py,train_hfagm.py,""type=torch.float32).unsqueeze(1) dataset = TensorDataset(X_tensor, adj_tensor, contrastive_tensor, y_tensor) dataloader = DataLoader(dataset, batch_size=32, shuffle=True) # ==== Initialize Model ==== model = HFAGM(input_dim=X.shape[1], contrastive_dim=contrastive.shape[1], hidden_dim=64) criterion = nn.BCEWithLogitsLoss() optimizer = optim.Adam(model.parameters(), lr=0.001) # ==== Training Loop ==== model.train() epochs = 20 for epoch in range(epochs): epoch_loss = 0.0 for X_batch, adj_"",False | C44_DI_REAL_1,4.4,fairness,Real-data disparate impact reported as 1.0,1.0,1.0,1,training\ensemble\train_hfagm.py,train_hfagm.py,""type=torch.float32).unsqueeze(1) dataset = TensorDataset(X_tensor, adj_tensor, contrastive_tensor, y_tensor) dataloader = DataLoader(dataset, batch_size=32, shuffle=True) # ==== Initialize Model ==== model = HFAGM(input_dim=X.shape[1], contrastive_dim=contrastive.shape[1], hidden_dim=64) criterion = nn.BCEWithLogitsLoss() optimizer = optim.Adam(model.parameters(), lr=0.001) # ==== Training Loop ==== model.train() epochs = 20 for epoch in range(epochs): epoch_loss = 0.0 for X_batch, adj_"",False | C44_DI_REAL_1,4.4,fairness,Real-data disparate impact reported as 1.0,1.0,1.0,1,training\ensemble\train_hfagm.py,train_hfagm.py,""dataset = TensorDataset(X_tensor, adj_tensor, contrastive_tensor, y_tensor) dataloader = DataLoader(dataset, batch_size=32, shuffle=True) # ==== Initialize Model ==== model = HFAGM(input_dim=X.shape[1], contrastive_dim=contrastive.shape[1], hidden_dim=64) criterion = nn.BCEWithLogitsLoss() optimizer = optim.Adam(model.parameters(), lr=0.001) # ="
outputs\revision_audit\claim_evidence_detailed.csv,524,20.0,0,0,"C44_DI_REAL_1,4.4,fairness,Real-data disparate impact reported as 1.0,1.0,1.0,1,training\ensemble\train_hfagm.py,train_hfagm.py,""type=torch.float32).unsqueeze(1) dataset = TensorDataset(X_tensor, adj_tensor, contrastive_tensor, y_tensor) dataloader = DataLoader(dataset, batch_size=32, shuffle=True) # ==== Initialize Model ==== model = HFAGM(input_dim=X.shape[1], contrastive_dim=contrastive.shape[1], hidden_dim=64) criterion = nn.BCEWithLogitsLoss() optimizer = optim.Adam(model.parameters(), lr=0.001) # ==== Training Loop ==== model.train() epochs = 20 for epoch in range(epochs): epoch_loss = 0.0 for X_batch, adj_"",False","C44_DI_REAL_1,4.4,fairness,Real-data disparate impact reported as 1.0,1.0,1.0,1,training\ensemble\train_hfagm.py,train_hfagm.py,""y_tensor = torch.tensor(y, dtype=torch.float32).unsqueeze(1) dataset = TensorDataset(X_tensor, adj_tensor, contrastive_tensor, y_tensor) dataloader = DataLoader(dataset, batch_size=32, shuffle=True) # ==== Initialize Model ==== model = HFAGM(input_dim=X.shape[1], contrastive_dim=contrastive.shape[1], hidden_dim=64) criterion = nn.BCEWithLogitsLoss() optimizer = optim.Adam(model.parameters(), lr=0.001) # ==== Training Loop ==== model.train() epochs = 20 for epoch in range(epochs): epoch_loss"",False | C44_DI_REAL_1,4.4,fairness,Real-data disparate impact reported as 1.0,1.0,1.0,1,training\ensemble\train_hfagm.py,train_hfagm.py,""type=torch.float32).unsqueeze(1) dataset = TensorDataset(X_tensor, adj_tensor, contrastive_tensor, y_tensor) dataloader = DataLoader(dataset, batch_size=32, shuffle=True) # ==== Initialize Model ==== model = HFAGM(input_dim=X.shape[1], contrastive_dim=contrastive.shape[1], hidden_dim=64) criterion = nn.BCEWithLogitsLoss() optimizer = optim.Adam(model.parameters(), lr=0.001) # ==== Training Loop ==== model.train() epochs = 20 for epoch in range(epochs): epoch_loss = 0.0 for X_batch, adj_"",False | C44_DI_REAL_1,4.4,fairness,Real-data disparate impact reported as 1.0,1.0,1.0,1,training\ensemble\train_hfagm.py,train_hfagm.py,""type=torch.float32).unsqueeze(1) dataset = TensorDataset(X_tensor, adj_tensor, contrastive_tensor, y_tensor) dataloader = DataLoader(dataset, batch_size=32, shuffle=True) # ==== Initialize Model ==== model = HFAGM(input_dim=X.shape[1], contrastive_dim=contrastive.shape[1], hidden_dim=64) criterion = nn.BCEWithLogitsLoss() optimizer = optim.Adam(model.parameters(), lr=0.001) # ==== Training Loop ==== model.train() epochs = 20 for epoch in range(epochs): epoch_loss = 0.0 for X_batch, adj_"",False | C44_DI_REAL_1,4.4,fairness,Real-data disparate impact reported as 1.0,1.0,1.0,1,training\ensemble\train_hfagm.py,train_hfagm.py,""type=torch.float32).unsqueeze(1) dataset = TensorDataset(X_tensor, adj_tensor, contrastive_tensor, y_tensor) dataloader = DataLoader(dataset, batch_size=32, shuffle=True) # ==== Initialize Model ==== model = HFAGM(input_dim=X.shape[1], contrastive_dim=contrastive.shape[1], hidden_dim=64) criterion = nn.BCEWithLogitsLoss() optimizer = optim.Adam(model.parameters(), lr=0.001) # ==== Training Loop ==== model.train() epochs = 20 for epoch in range(epochs): epoch_loss = 0.0 for X_batch, adj_"",False | C44_DI_REAL_1,4.4,fairness,Real-data disparate impact reported as 1.0,1.0,1.0,1,training\ensemble\train_hfagm.py,train_hfagm.py,""dataset = TensorDataset(X_tensor, adj_tensor, contrastive_tensor, y_tensor) dataloader = DataLoader(dataset, batch_size=32, shuffle=True) # ==== Initialize Model ==== model = HFAGM(input_dim=X.shape[1], contrastive_dim=contrastive.shape[1], hidden_dim=64) criterion = nn.BCEWithLogitsLoss() optimizer = optim.Adam(model.parameters(), lr=0.001) # ="
outputs\revision_audit\claim_evidence_detailed.csv,525,4.4,0,0,"C44_DI_REAL_1,4.4,fairness,Real-data disparate impact reported as 1.0,1.0,1.0,1,training\ensemble\train_hfagm.py,train_hfagm.py,""type=torch.float32).unsqueeze(1) dataset = TensorDataset(X_tensor, adj_tensor, contrastive_tensor, y_tensor) dataloader = DataLoader(dataset, batch_size=32, shuffle=True) # ==== Initialize Model ==== model = HFAGM(input_dim=X.shape[1], contrastive_dim=contrastive.shape[1], hidden_dim=64) criterion = nn.BCEWithLogitsLoss() optimizer = optim.Adam(model.parameters(), lr=0.001) # ==== Training Loop ==== model.train() epochs = 20 for epoch in range(epochs): epoch_loss = 0.0 for X_batch, adj_"",False","C44_DI_REAL_1,4.4,fairness,Real-data disparate impact reported as 1.0,1.0,1.0,1,training\ensemble\train_hfagm.py,train_hfagm.py,""type=torch.float32).unsqueeze(1) dataset = TensorDataset(X_tensor, adj_tensor, contrastive_tensor, y_tensor) dataloader = DataLoader(dataset, batch_size=32, shuffle=True) # ==== Initialize Model ==== model = HFAGM(input_dim=X.shape[1], contrastive_dim=contrastive.shape[1], hidden_dim=64) criterion = nn.BCEWithLogitsLoss() optimizer = optim.Adam(model.parameters(), lr=0.001) # ==== Training Loop ==== model.train() epochs = 20 for epoch in range(epochs): epoch_loss = 0.0 for X_batch, adj_"",False | C44_DI_REAL_1,4.4,fairness,Real-data disparate impact reported as 1.0,1.0,1.0,1,training\ensemble\train_hfagm.py,train_hfagm.py,""type=torch.float32).unsqueeze(1) dataset = TensorDataset(X_tensor, adj_tensor, contrastive_tensor, y_tensor) dataloader = DataLoader(dataset, batch_size=32, shuffle=True) # ==== Initialize Model ==== model = HFAGM(input_dim=X.shape[1], contrastive_dim=contrastive.shape[1], hidden_dim=64) criterion = nn.BCEWithLogitsLoss() optimizer = optim.Adam(model.parameters(), lr=0.001) # ==== Training Loop ==== model.train() epochs = 20 for epoch in range(epochs): epoch_loss = 0.0 for X_batch, adj_"",False | C44_DI_REAL_1,4.4,fairness,Real-data disparate impact reported as 1.0,1.0,1.0,1,training\ensemble\train_hfagm.py,train_hfagm.py,""type=torch.float32).unsqueeze(1) dataset = TensorDataset(X_tensor, adj_tensor, contrastive_tensor, y_tensor) dataloader = DataLoader(dataset, batch_size=32, shuffle=True) # ==== Initialize Model ==== model = HFAGM(input_dim=X.shape[1], contrastive_dim=contrastive.shape[1], hidden_dim=64) criterion = nn.BCEWithLogitsLoss() optimizer = optim.Adam(model.parameters(), lr=0.001) # ==== Training Loop ==== model.train() epochs = 20 for epoch in range(epochs): epoch_loss = 0.0 for X_batch, adj_"",False | C44_DI_REAL_1,4.4,fairness,Real-data disparate impact reported as 1.0,1.0,1.0,1,training\ensemble\train_hfagm.py,train_hfagm.py,""dataset = TensorDataset(X_tensor, adj_tensor, contrastive_tensor, y_tensor) dataloader = DataLoader(dataset, batch_size=32, shuffle=True) # ==== Initialize Model ==== model = HFAGM(input_dim=X.shape[1], contrastive_dim=contrastive.shape[1], hidden_dim=64) criterion = nn.BCEWithLogitsLoss() optimizer = optim.Adam(model.parameters(), lr=0.001) # ==== Training Loop ==== model.train() epochs = 20 for epoch in range(epochs): epoch_loss = 0.0 for X_batch, adj_batch, contrastive_batch, y_batch"",False | C44_DI_REAL_1,4.4,fairness,Real-data disparate impact reported as 1.0,1.0,1.0,1,training\ensemble\train_hfagm.py,train_hfagm.py,""dataset = TensorDataset(X_tensor, adj_tensor, contrastive_tensor, y_tensor) dataloader = DataLoader(dataset, batch_size=32, shuffle=True) # ==== Initialize Model ==== model = HFAGM(input_dim=X.shape[1], contrastive_dim=contrastive.shape[1], hidden_dim=64) criterion = nn.BCEWithLogitsLoss() optimizer = optim.Adam(model.parameters(), lr=0.001) # ==== "
outputs\revision_audit\claim_evidence_detailed.csv,525,1.0,0,0,"C44_DI_REAL_1,4.4,fairness,Real-data disparate impact reported as 1.0,1.0,1.0,1,training\ensemble\train_hfagm.py,train_hfagm.py,""type=torch.float32).unsqueeze(1) dataset = TensorDataset(X_tensor, adj_tensor, contrastive_tensor, y_tensor) dataloader = DataLoader(dataset, batch_size=32, shuffle=True) # ==== Initialize Model ==== model = HFAGM(input_dim=X.shape[1], contrastive_dim=contrastive.shape[1], hidden_dim=64) criterion = nn.BCEWithLogitsLoss() optimizer = optim.Adam(model.parameters(), lr=0.001) # ==== Training Loop ==== model.train() epochs = 20 for epoch in range(epochs): epoch_loss = 0.0 for X_batch, adj_"",False","C44_DI_REAL_1,4.4,fairness,Real-data disparate impact reported as 1.0,1.0,1.0,1,training\ensemble\train_hfagm.py,train_hfagm.py,""type=torch.float32).unsqueeze(1) dataset = TensorDataset(X_tensor, adj_tensor, contrastive_tensor, y_tensor) dataloader = DataLoader(dataset, batch_size=32, shuffle=True) # ==== Initialize Model ==== model = HFAGM(input_dim=X.shape[1], contrastive_dim=contrastive.shape[1], hidden_dim=64) criterion = nn.BCEWithLogitsLoss() optimizer = optim.Adam(model.parameters(), lr=0.001) # ==== Training Loop ==== model.train() epochs = 20 for epoch in range(epochs): epoch_loss = 0.0 for X_batch, adj_"",False | C44_DI_REAL_1,4.4,fairness,Real-data disparate impact reported as 1.0,1.0,1.0,1,training\ensemble\train_hfagm.py,train_hfagm.py,""type=torch.float32).unsqueeze(1) dataset = TensorDataset(X_tensor, adj_tensor, contrastive_tensor, y_tensor) dataloader = DataLoader(dataset, batch_size=32, shuffle=True) # ==== Initialize Model ==== model = HFAGM(input_dim=X.shape[1], contrastive_dim=contrastive.shape[1], hidden_dim=64) criterion = nn.BCEWithLogitsLoss() optimizer = optim.Adam(model.parameters(), lr=0.001) # ==== Training Loop ==== model.train() epochs = 20 for epoch in range(epochs): epoch_loss = 0.0 for X_batch, adj_"",False | C44_DI_REAL_1,4.4,fairness,Real-data disparate impact reported as 1.0,1.0,1.0,1,training\ensemble\train_hfagm.py,train_hfagm.py,""type=torch.float32).unsqueeze(1) dataset = TensorDataset(X_tensor, adj_tensor, contrastive_tensor, y_tensor) dataloader = DataLoader(dataset, batch_size=32, shuffle=True) # ==== Initialize Model ==== model = HFAGM(input_dim=X.shape[1], contrastive_dim=contrastive.shape[1], hidden_dim=64) criterion = nn.BCEWithLogitsLoss() optimizer = optim.Adam(model.parameters(), lr=0.001) # ==== Training Loop ==== model.train() epochs = 20 for epoch in range(epochs): epoch_loss = 0.0 for X_batch, adj_"",False | C44_DI_REAL_1,4.4,fairness,Real-data disparate impact reported as 1.0,1.0,1.0,1,training\ensemble\train_hfagm.py,train_hfagm.py,""dataset = TensorDataset(X_tensor, adj_tensor, contrastive_tensor, y_tensor) dataloader = DataLoader(dataset, batch_size=32, shuffle=True) # ==== Initialize Model ==== model = HFAGM(input_dim=X.shape[1], contrastive_dim=contrastive.shape[1], hidden_dim=64) criterion = nn.BCEWithLogitsLoss() optimizer = optim.Adam(model.parameters(), lr=0.001) # ==== Training Loop ==== model.train() epochs = 20 for epoch in range(epochs): epoch_loss = 0.0 for X_batch, adj_batch, contrastive_batch, y_batch"",False | C44_DI_REAL_1,4.4,fairness,Real-data disparate impact reported as 1.0,1.0,1.0,1,training\ensemble\train_hfagm.py,train_hfagm.py,""dataset = TensorDataset(X_tensor, adj_tensor, contrastive_tensor, y_tensor) dataloader = DataLoader(dataset, batch_size=32, shuffle=True) # ==== Initialize Model ==== model = HFAGM(input_dim=X.shape[1], contrastive_dim=contrastive.shape[1], hidden_dim=64) criterion = nn.BCEWithLogitsLoss() optimizer = optim.Adam(model.parameters(), lr=0.001) # ==== "
outputs\revision_audit\claim_evidence_detailed.csv,525,1.0,0,0,"C44_DI_REAL_1,4.4,fairness,Real-data disparate impact reported as 1.0,1.0,1.0,1,training\ensemble\train_hfagm.py,train_hfagm.py,""type=torch.float32).unsqueeze(1) dataset = TensorDataset(X_tensor, adj_tensor, contrastive_tensor, y_tensor) dataloader = DataLoader(dataset, batch_size=32, shuffle=True) # ==== Initialize Model ==== model = HFAGM(input_dim=X.shape[1], contrastive_dim=contrastive.shape[1], hidden_dim=64) criterion = nn.BCEWithLogitsLoss() optimizer = optim.Adam(model.parameters(), lr=0.001) # ==== Training Loop ==== model.train() epochs = 20 for epoch in range(epochs): epoch_loss = 0.0 for X_batch, adj_"",False","C44_DI_REAL_1,4.4,fairness,Real-data disparate impact reported as 1.0,1.0,1.0,1,training\ensemble\train_hfagm.py,train_hfagm.py,""type=torch.float32).unsqueeze(1) dataset = TensorDataset(X_tensor, adj_tensor, contrastive_tensor, y_tensor) dataloader = DataLoader(dataset, batch_size=32, shuffle=True) # ==== Initialize Model ==== model = HFAGM(input_dim=X.shape[1], contrastive_dim=contrastive.shape[1], hidden_dim=64) criterion = nn.BCEWithLogitsLoss() optimizer = optim.Adam(model.parameters(), lr=0.001) # ==== Training Loop ==== model.train() epochs = 20 for epoch in range(epochs): epoch_loss = 0.0 for X_batch, adj_"",False | C44_DI_REAL_1,4.4,fairness,Real-data disparate impact reported as 1.0,1.0,1.0,1,training\ensemble\train_hfagm.py,train_hfagm.py,""type=torch.float32).unsqueeze(1) dataset = TensorDataset(X_tensor, adj_tensor, contrastive_tensor, y_tensor) dataloader = DataLoader(dataset, batch_size=32, shuffle=True) # ==== Initialize Model ==== model = HFAGM(input_dim=X.shape[1], contrastive_dim=contrastive.shape[1], hidden_dim=64) criterion = nn.BCEWithLogitsLoss() optimizer = optim.Adam(model.parameters(), lr=0.001) # ==== Training Loop ==== model.train() epochs = 20 for epoch in range(epochs): epoch_loss = 0.0 for X_batch, adj_"",False | C44_DI_REAL_1,4.4,fairness,Real-data disparate impact reported as 1.0,1.0,1.0,1,training\ensemble\train_hfagm.py,train_hfagm.py,""type=torch.float32).unsqueeze(1) dataset = TensorDataset(X_tensor, adj_tensor, contrastive_tensor, y_tensor) dataloader = DataLoader(dataset, batch_size=32, shuffle=True) # ==== Initialize Model ==== model = HFAGM(input_dim=X.shape[1], contrastive_dim=contrastive.shape[1], hidden_dim=64) criterion = nn.BCEWithLogitsLoss() optimizer = optim.Adam(model.parameters(), lr=0.001) # ==== Training Loop ==== model.train() epochs = 20 for epoch in range(epochs): epoch_loss = 0.0 for X_batch, adj_"",False | C44_DI_REAL_1,4.4,fairness,Real-data disparate impact reported as 1.0,1.0,1.0,1,training\ensemble\train_hfagm.py,train_hfagm.py,""dataset = TensorDataset(X_tensor, adj_tensor, contrastive_tensor, y_tensor) dataloader = DataLoader(dataset, batch_size=32, shuffle=True) # ==== Initialize Model ==== model = HFAGM(input_dim=X.shape[1], contrastive_dim=contrastive.shape[1], hidden_dim=64) criterion = nn.BCEWithLogitsLoss() optimizer = optim.Adam(model.parameters(), lr=0.001) # ==== Training Loop ==== model.train() epochs = 20 for epoch in range(epochs): epoch_loss = 0.0 for X_batch, adj_batch, contrastive_batch, y_batch"",False | C44_DI_REAL_1,4.4,fairness,Real-data disparate impact reported as 1.0,1.0,1.0,1,training\ensemble\train_hfagm.py,train_hfagm.py,""dataset = TensorDataset(X_tensor, adj_tensor, contrastive_tensor, y_tensor) dataloader = DataLoader(dataset, batch_size=32, shuffle=True) # ==== Initialize Model ==== model = HFAGM(input_dim=X.shape[1], contrastive_dim=contrastive.shape[1], hidden_dim=64) criterion = nn.BCEWithLogitsLoss() optimizer = optim.Adam(model.parameters(), lr=0.001) # ==== "
outputs\revision_audit\claim_evidence_detailed.csv,525,1.0,0,0,"C44_DI_REAL_1,4.4,fairness,Real-data disparate impact reported as 1.0,1.0,1.0,1,training\ensemble\train_hfagm.py,train_hfagm.py,""type=torch.float32).unsqueeze(1) dataset = TensorDataset(X_tensor, adj_tensor, contrastive_tensor, y_tensor) dataloader = DataLoader(dataset, batch_size=32, shuffle=True) # ==== Initialize Model ==== model = HFAGM(input_dim=X.shape[1], contrastive_dim=contrastive.shape[1], hidden_dim=64) criterion = nn.BCEWithLogitsLoss() optimizer = optim.Adam(model.parameters(), lr=0.001) # ==== Training Loop ==== model.train() epochs = 20 for epoch in range(epochs): epoch_loss = 0.0 for X_batch, adj_"",False","C44_DI_REAL_1,4.4,fairness,Real-data disparate impact reported as 1.0,1.0,1.0,1,training\ensemble\train_hfagm.py,train_hfagm.py,""type=torch.float32).unsqueeze(1) dataset = TensorDataset(X_tensor, adj_tensor, contrastive_tensor, y_tensor) dataloader = DataLoader(dataset, batch_size=32, shuffle=True) # ==== Initialize Model ==== model = HFAGM(input_dim=X.shape[1], contrastive_dim=contrastive.shape[1], hidden_dim=64) criterion = nn.BCEWithLogitsLoss() optimizer = optim.Adam(model.parameters(), lr=0.001) # ==== Training Loop ==== model.train() epochs = 20 for epoch in range(epochs): epoch_loss = 0.0 for X_batch, adj_"",False | C44_DI_REAL_1,4.4,fairness,Real-data disparate impact reported as 1.0,1.0,1.0,1,training\ensemble\train_hfagm.py,train_hfagm.py,""type=torch.float32).unsqueeze(1) dataset = TensorDataset(X_tensor, adj_tensor, contrastive_tensor, y_tensor) dataloader = DataLoader(dataset, batch_size=32, shuffle=True) # ==== Initialize Model ==== model = HFAGM(input_dim=X.shape[1], contrastive_dim=contrastive.shape[1], hidden_dim=64) criterion = nn.BCEWithLogitsLoss() optimizer = optim.Adam(model.parameters(), lr=0.001) # ==== Training Loop ==== model.train() epochs = 20 for epoch in range(epochs): epoch_loss = 0.0 for X_batch, adj_"",False | C44_DI_REAL_1,4.4,fairness,Real-data disparate impact reported as 1.0,1.0,1.0,1,training\ensemble\train_hfagm.py,train_hfagm.py,""type=torch.float32).unsqueeze(1) dataset = TensorDataset(X_tensor, adj_tensor, contrastive_tensor, y_tensor) dataloader = DataLoader(dataset, batch_size=32, shuffle=True) # ==== Initialize Model ==== model = HFAGM(input_dim=X.shape[1], contrastive_dim=contrastive.shape[1], hidden_dim=64) criterion = nn.BCEWithLogitsLoss() optimizer = optim.Adam(model.parameters(), lr=0.001) # ==== Training Loop ==== model.train() epochs = 20 for epoch in range(epochs): epoch_loss = 0.0 for X_batch, adj_"",False | C44_DI_REAL_1,4.4,fairness,Real-data disparate impact reported as 1.0,1.0,1.0,1,training\ensemble\train_hfagm.py,train_hfagm.py,""dataset = TensorDataset(X_tensor, adj_tensor, contrastive_tensor, y_tensor) dataloader = DataLoader(dataset, batch_size=32, shuffle=True) # ==== Initialize Model ==== model = HFAGM(input_dim=X.shape[1], contrastive_dim=contrastive.shape[1], hidden_dim=64) criterion = nn.BCEWithLogitsLoss() optimizer = optim.Adam(model.parameters(), lr=0.001) # ==== Training Loop ==== model.train() epochs = 20 for epoch in range(epochs): epoch_loss = 0.0 for X_batch, adj_batch, contrastive_batch, y_batch"",False | C44_DI_REAL_1,4.4,fairness,Real-data disparate impact reported as 1.0,1.0,1.0,1,training\ensemble\train_hfagm.py,train_hfagm.py,""dataset = TensorDataset(X_tensor, adj_tensor, contrastive_tensor, y_tensor) dataloader = DataLoader(dataset, batch_size=32, shuffle=True) # ==== Initialize Model ==== model = HFAGM(input_dim=X.shape[1], contrastive_dim=contrastive.shape[1], hidden_dim=64) criterion = nn.BCEWithLogitsLoss() optimizer = optim.Adam(model.parameters(), lr=0.001) # ==== "
outputs\revision_audit\claim_evidence_detailed.csv,525,1.0,0,0,"C44_DI_REAL_1,4.4,fairness,Real-data disparate impact reported as 1.0,1.0,1.0,1,training\ensemble\train_hfagm.py,train_hfagm.py,""type=torch.float32).unsqueeze(1) dataset = TensorDataset(X_tensor, adj_tensor, contrastive_tensor, y_tensor) dataloader = DataLoader(dataset, batch_size=32, shuffle=True) # ==== Initialize Model ==== model = HFAGM(input_dim=X.shape[1], contrastive_dim=contrastive.shape[1], hidden_dim=64) criterion = nn.BCEWithLogitsLoss() optimizer = optim.Adam(model.parameters(), lr=0.001) # ==== Training Loop ==== model.train() epochs = 20 for epoch in range(epochs): epoch_loss = 0.0 for X_batch, adj_"",False","C44_DI_REAL_1,4.4,fairness,Real-data disparate impact reported as 1.0,1.0,1.0,1,training\ensemble\train_hfagm.py,train_hfagm.py,""type=torch.float32).unsqueeze(1) dataset = TensorDataset(X_tensor, adj_tensor, contrastive_tensor, y_tensor) dataloader = DataLoader(dataset, batch_size=32, shuffle=True) # ==== Initialize Model ==== model = HFAGM(input_dim=X.shape[1], contrastive_dim=contrastive.shape[1], hidden_dim=64) criterion = nn.BCEWithLogitsLoss() optimizer = optim.Adam(model.parameters(), lr=0.001) # ==== Training Loop ==== model.train() epochs = 20 for epoch in range(epochs): epoch_loss = 0.0 for X_batch, adj_"",False | C44_DI_REAL_1,4.4,fairness,Real-data disparate impact reported as 1.0,1.0,1.0,1,training\ensemble\train_hfagm.py,train_hfagm.py,""type=torch.float32).unsqueeze(1) dataset = TensorDataset(X_tensor, adj_tensor, contrastive_tensor, y_tensor) dataloader = DataLoader(dataset, batch_size=32, shuffle=True) # ==== Initialize Model ==== model = HFAGM(input_dim=X.shape[1], contrastive_dim=contrastive.shape[1], hidden_dim=64) criterion = nn.BCEWithLogitsLoss() optimizer = optim.Adam(model.parameters(), lr=0.001) # ==== Training Loop ==== model.train() epochs = 20 for epoch in range(epochs): epoch_loss = 0.0 for X_batch, adj_"",False | C44_DI_REAL_1,4.4,fairness,Real-data disparate impact reported as 1.0,1.0,1.0,1,training\ensemble\train_hfagm.py,train_hfagm.py,""type=torch.float32).unsqueeze(1) dataset = TensorDataset(X_tensor, adj_tensor, contrastive_tensor, y_tensor) dataloader = DataLoader(dataset, batch_size=32, shuffle=True) # ==== Initialize Model ==== model = HFAGM(input_dim=X.shape[1], contrastive_dim=contrastive.shape[1], hidden_dim=64) criterion = nn.BCEWithLogitsLoss() optimizer = optim.Adam(model.parameters(), lr=0.001) # ==== Training Loop ==== model.train() epochs = 20 for epoch in range(epochs): epoch_loss = 0.0 for X_batch, adj_"",False | C44_DI_REAL_1,4.4,fairness,Real-data disparate impact reported as 1.0,1.0,1.0,1,training\ensemble\train_hfagm.py,train_hfagm.py,""dataset = TensorDataset(X_tensor, adj_tensor, contrastive_tensor, y_tensor) dataloader = DataLoader(dataset, batch_size=32, shuffle=True) # ==== Initialize Model ==== model = HFAGM(input_dim=X.shape[1], contrastive_dim=contrastive.shape[1], hidden_dim=64) criterion = nn.BCEWithLogitsLoss() optimizer = optim.Adam(model.parameters(), lr=0.001) # ==== Training Loop ==== model.train() epochs = 20 for epoch in range(epochs): epoch_loss = 0.0 for X_batch, adj_batch, contrastive_batch, y_batch"",False | C44_DI_REAL_1,4.4,fairness,Real-data disparate impact reported as 1.0,1.0,1.0,1,training\ensemble\train_hfagm.py,train_hfagm.py,""dataset = TensorDataset(X_tensor, adj_tensor, contrastive_tensor, y_tensor) dataloader = DataLoader(dataset, batch_size=32, shuffle=True) # ==== Initialize Model ==== model = HFAGM(input_dim=X.shape[1], contrastive_dim=contrastive.shape[1], hidden_dim=64) criterion = nn.BCEWithLogitsLoss() optimizer = optim.Adam(model.parameters(), lr=0.001) # ==== "
outputs\revision_audit\claim_evidence_detailed.csv,525,1.0,0,0,"C44_DI_REAL_1,4.4,fairness,Real-data disparate impact reported as 1.0,1.0,1.0,1,training\ensemble\train_hfagm.py,train_hfagm.py,""type=torch.float32).unsqueeze(1) dataset = TensorDataset(X_tensor, adj_tensor, contrastive_tensor, y_tensor) dataloader = DataLoader(dataset, batch_size=32, shuffle=True) # ==== Initialize Model ==== model = HFAGM(input_dim=X.shape[1], contrastive_dim=contrastive.shape[1], hidden_dim=64) criterion = nn.BCEWithLogitsLoss() optimizer = optim.Adam(model.parameters(), lr=0.001) # ==== Training Loop ==== model.train() epochs = 20 for epoch in range(epochs): epoch_loss = 0.0 for X_batch, adj_"",False","C44_DI_REAL_1,4.4,fairness,Real-data disparate impact reported as 1.0,1.0,1.0,1,training\ensemble\train_hfagm.py,train_hfagm.py,""type=torch.float32).unsqueeze(1) dataset = TensorDataset(X_tensor, adj_tensor, contrastive_tensor, y_tensor) dataloader = DataLoader(dataset, batch_size=32, shuffle=True) # ==== Initialize Model ==== model = HFAGM(input_dim=X.shape[1], contrastive_dim=contrastive.shape[1], hidden_dim=64) criterion = nn.BCEWithLogitsLoss() optimizer = optim.Adam(model.parameters(), lr=0.001) # ==== Training Loop ==== model.train() epochs = 20 for epoch in range(epochs): epoch_loss = 0.0 for X_batch, adj_"",False | C44_DI_REAL_1,4.4,fairness,Real-data disparate impact reported as 1.0,1.0,1.0,1,training\ensemble\train_hfagm.py,train_hfagm.py,""type=torch.float32).unsqueeze(1) dataset = TensorDataset(X_tensor, adj_tensor, contrastive_tensor, y_tensor) dataloader = DataLoader(dataset, batch_size=32, shuffle=True) # ==== Initialize Model ==== model = HFAGM(input_dim=X.shape[1], contrastive_dim=contrastive.shape[1], hidden_dim=64) criterion = nn.BCEWithLogitsLoss() optimizer = optim.Adam(model.parameters(), lr=0.001) # ==== Training Loop ==== model.train() epochs = 20 for epoch in range(epochs): epoch_loss = 0.0 for X_batch, adj_"",False | C44_DI_REAL_1,4.4,fairness,Real-data disparate impact reported as 1.0,1.0,1.0,1,training\ensemble\train_hfagm.py,train_hfagm.py,""type=torch.float32).unsqueeze(1) dataset = TensorDataset(X_tensor, adj_tensor, contrastive_tensor, y_tensor) dataloader = DataLoader(dataset, batch_size=32, shuffle=True) # ==== Initialize Model ==== model = HFAGM(input_dim=X.shape[1], contrastive_dim=contrastive.shape[1], hidden_dim=64) criterion = nn.BCEWithLogitsLoss() optimizer = optim.Adam(model.parameters(), lr=0.001) # ==== Training Loop ==== model.train() epochs = 20 for epoch in range(epochs): epoch_loss = 0.0 for X_batch, adj_"",False | C44_DI_REAL_1,4.4,fairness,Real-data disparate impact reported as 1.0,1.0,1.0,1,training\ensemble\train_hfagm.py,train_hfagm.py,""dataset = TensorDataset(X_tensor, adj_tensor, contrastive_tensor, y_tensor) dataloader = DataLoader(dataset, batch_size=32, shuffle=True) # ==== Initialize Model ==== model = HFAGM(input_dim=X.shape[1], contrastive_dim=contrastive.shape[1], hidden_dim=64) criterion = nn.BCEWithLogitsLoss() optimizer = optim.Adam(model.parameters(), lr=0.001) # ==== Training Loop ==== model.train() epochs = 20 for epoch in range(epochs): epoch_loss = 0.0 for X_batch, adj_batch, contrastive_batch, y_batch"",False | C44_DI_REAL_1,4.4,fairness,Real-data disparate impact reported as 1.0,1.0,1.0,1,training\ensemble\train_hfagm.py,train_hfagm.py,""dataset = TensorDataset(X_tensor, adj_tensor, contrastive_tensor, y_tensor) dataloader = DataLoader(dataset, batch_size=32, shuffle=True) # ==== Initialize Model ==== model = HFAGM(input_dim=X.shape[1], contrastive_dim=contrastive.shape[1], hidden_dim=64) criterion = nn.BCEWithLogitsLoss() optimizer = optim.Adam(model.parameters(), lr=0.001) # ==== "
outputs\revision_audit\claim_evidence_detailed.csv,525,32.0,0,0,"C44_DI_REAL_1,4.4,fairness,Real-data disparate impact reported as 1.0,1.0,1.0,1,training\ensemble\train_hfagm.py,train_hfagm.py,""type=torch.float32).unsqueeze(1) dataset = TensorDataset(X_tensor, adj_tensor, contrastive_tensor, y_tensor) dataloader = DataLoader(dataset, batch_size=32, shuffle=True) # ==== Initialize Model ==== model = HFAGM(input_dim=X.shape[1], contrastive_dim=contrastive.shape[1], hidden_dim=64) criterion = nn.BCEWithLogitsLoss() optimizer = optim.Adam(model.parameters(), lr=0.001) # ==== Training Loop ==== model.train() epochs = 20 for epoch in range(epochs): epoch_loss = 0.0 for X_batch, adj_"",False","C44_DI_REAL_1,4.4,fairness,Real-data disparate impact reported as 1.0,1.0,1.0,1,training\ensemble\train_hfagm.py,train_hfagm.py,""type=torch.float32).unsqueeze(1) dataset = TensorDataset(X_tensor, adj_tensor, contrastive_tensor, y_tensor) dataloader = DataLoader(dataset, batch_size=32, shuffle=True) # ==== Initialize Model ==== model = HFAGM(input_dim=X.shape[1], contrastive_dim=contrastive.shape[1], hidden_dim=64) criterion = nn.BCEWithLogitsLoss() optimizer = optim.Adam(model.parameters(), lr=0.001) # ==== Training Loop ==== model.train() epochs = 20 for epoch in range(epochs): epoch_loss = 0.0 for X_batch, adj_"",False | C44_DI_REAL_1,4.4,fairness,Real-data disparate impact reported as 1.0,1.0,1.0,1,training\ensemble\train_hfagm.py,train_hfagm.py,""type=torch.float32).unsqueeze(1) dataset = TensorDataset(X_tensor, adj_tensor, contrastive_tensor, y_tensor) dataloader = DataLoader(dataset, batch_size=32, shuffle=True) # ==== Initialize Model ==== model = HFAGM(input_dim=X.shape[1], contrastive_dim=contrastive.shape[1], hidden_dim=64) criterion = nn.BCEWithLogitsLoss() optimizer = optim.Adam(model.parameters(), lr=0.001) # ==== Training Loop ==== model.train() epochs = 20 for epoch in range(epochs): epoch_loss = 0.0 for X_batch, adj_"",False | C44_DI_REAL_1,4.4,fairness,Real-data disparate impact reported as 1.0,1.0,1.0,1,training\ensemble\train_hfagm.py,train_hfagm.py,""type=torch.float32).unsqueeze(1) dataset = TensorDataset(X_tensor, adj_tensor, contrastive_tensor, y_tensor) dataloader = DataLoader(dataset, batch_size=32, shuffle=True) # ==== Initialize Model ==== model = HFAGM(input_dim=X.shape[1], contrastive_dim=contrastive.shape[1], hidden_dim=64) criterion = nn.BCEWithLogitsLoss() optimizer = optim.Adam(model.parameters(), lr=0.001) # ==== Training Loop ==== model.train() epochs = 20 for epoch in range(epochs): epoch_loss = 0.0 for X_batch, adj_"",False | C44_DI_REAL_1,4.4,fairness,Real-data disparate impact reported as 1.0,1.0,1.0,1,training\ensemble\train_hfagm.py,train_hfagm.py,""dataset = TensorDataset(X_tensor, adj_tensor, contrastive_tensor, y_tensor) dataloader = DataLoader(dataset, batch_size=32, shuffle=True) # ==== Initialize Model ==== model = HFAGM(input_dim=X.shape[1], contrastive_dim=contrastive.shape[1], hidden_dim=64) criterion = nn.BCEWithLogitsLoss() optimizer = optim.Adam(model.parameters(), lr=0.001) # ==== Training Loop ==== model.train() epochs = 20 for epoch in range(epochs): epoch_loss = 0.0 for X_batch, adj_batch, contrastive_batch, y_batch"",False | C44_DI_REAL_1,4.4,fairness,Real-data disparate impact reported as 1.0,1.0,1.0,1,training\ensemble\train_hfagm.py,train_hfagm.py,""dataset = TensorDataset(X_tensor, adj_tensor, contrastive_tensor, y_tensor) dataloader = DataLoader(dataset, batch_size=32, shuffle=True) # ==== Initialize Model ==== model = HFAGM(input_dim=X.shape[1], contrastive_dim=contrastive.shape[1], hidden_dim=64) criterion = nn.BCEWithLogitsLoss() optimizer = optim.Adam(model.parameters(), lr=0.001) # ==== "
outputs\revision_audit\claim_evidence_detailed.csv,525,1.0,0,0,"C44_DI_REAL_1,4.4,fairness,Real-data disparate impact reported as 1.0,1.0,1.0,1,training\ensemble\train_hfagm.py,train_hfagm.py,""type=torch.float32).unsqueeze(1) dataset = TensorDataset(X_tensor, adj_tensor, contrastive_tensor, y_tensor) dataloader = DataLoader(dataset, batch_size=32, shuffle=True) # ==== Initialize Model ==== model = HFAGM(input_dim=X.shape[1], contrastive_dim=contrastive.shape[1], hidden_dim=64) criterion = nn.BCEWithLogitsLoss() optimizer = optim.Adam(model.parameters(), lr=0.001) # ==== Training Loop ==== model.train() epochs = 20 for epoch in range(epochs): epoch_loss = 0.0 for X_batch, adj_"",False","C44_DI_REAL_1,4.4,fairness,Real-data disparate impact reported as 1.0,1.0,1.0,1,training\ensemble\train_hfagm.py,train_hfagm.py,""type=torch.float32).unsqueeze(1) dataset = TensorDataset(X_tensor, adj_tensor, contrastive_tensor, y_tensor) dataloader = DataLoader(dataset, batch_size=32, shuffle=True) # ==== Initialize Model ==== model = HFAGM(input_dim=X.shape[1], contrastive_dim=contrastive.shape[1], hidden_dim=64) criterion = nn.BCEWithLogitsLoss() optimizer = optim.Adam(model.parameters(), lr=0.001) # ==== Training Loop ==== model.train() epochs = 20 for epoch in range(epochs): epoch_loss = 0.0 for X_batch, adj_"",False | C44_DI_REAL_1,4.4,fairness,Real-data disparate impact reported as 1.0,1.0,1.0,1,training\ensemble\train_hfagm.py,train_hfagm.py,""type=torch.float32).unsqueeze(1) dataset = TensorDataset(X_tensor, adj_tensor, contrastive_tensor, y_tensor) dataloader = DataLoader(dataset, batch_size=32, shuffle=True) # ==== Initialize Model ==== model = HFAGM(input_dim=X.shape[1], contrastive_dim=contrastive.shape[1], hidden_dim=64) criterion = nn.BCEWithLogitsLoss() optimizer = optim.Adam(model.parameters(), lr=0.001) # ==== Training Loop ==== model.train() epochs = 20 for epoch in range(epochs): epoch_loss = 0.0 for X_batch, adj_"",False | C44_DI_REAL_1,4.4,fairness,Real-data disparate impact reported as 1.0,1.0,1.0,1,training\ensemble\train_hfagm.py,train_hfagm.py,""type=torch.float32).unsqueeze(1) dataset = TensorDataset(X_tensor, adj_tensor, contrastive_tensor, y_tensor) dataloader = DataLoader(dataset, batch_size=32, shuffle=True) # ==== Initialize Model ==== model = HFAGM(input_dim=X.shape[1], contrastive_dim=contrastive.shape[1], hidden_dim=64) criterion = nn.BCEWithLogitsLoss() optimizer = optim.Adam(model.parameters(), lr=0.001) # ==== Training Loop ==== model.train() epochs = 20 for epoch in range(epochs): epoch_loss = 0.0 for X_batch, adj_"",False | C44_DI_REAL_1,4.4,fairness,Real-data disparate impact reported as 1.0,1.0,1.0,1,training\ensemble\train_hfagm.py,train_hfagm.py,""dataset = TensorDataset(X_tensor, adj_tensor, contrastive_tensor, y_tensor) dataloader = DataLoader(dataset, batch_size=32, shuffle=True) # ==== Initialize Model ==== model = HFAGM(input_dim=X.shape[1], contrastive_dim=contrastive.shape[1], hidden_dim=64) criterion = nn.BCEWithLogitsLoss() optimizer = optim.Adam(model.parameters(), lr=0.001) # ==== Training Loop ==== model.train() epochs = 20 for epoch in range(epochs): epoch_loss = 0.0 for X_batch, adj_batch, contrastive_batch, y_batch"",False | C44_DI_REAL_1,4.4,fairness,Real-data disparate impact reported as 1.0,1.0,1.0,1,training\ensemble\train_hfagm.py,train_hfagm.py,""dataset = TensorDataset(X_tensor, adj_tensor, contrastive_tensor, y_tensor) dataloader = DataLoader(dataset, batch_size=32, shuffle=True) # ==== Initialize Model ==== model = HFAGM(input_dim=X.shape[1], contrastive_dim=contrastive.shape[1], hidden_dim=64) criterion = nn.BCEWithLogitsLoss() optimizer = optim.Adam(model.parameters(), lr=0.001) # ==== "
outputs\revision_audit\claim_evidence_detailed.csv,525,1.0,0,0,"C44_DI_REAL_1,4.4,fairness,Real-data disparate impact reported as 1.0,1.0,1.0,1,training\ensemble\train_hfagm.py,train_hfagm.py,""type=torch.float32).unsqueeze(1) dataset = TensorDataset(X_tensor, adj_tensor, contrastive_tensor, y_tensor) dataloader = DataLoader(dataset, batch_size=32, shuffle=True) # ==== Initialize Model ==== model = HFAGM(input_dim=X.shape[1], contrastive_dim=contrastive.shape[1], hidden_dim=64) criterion = nn.BCEWithLogitsLoss() optimizer = optim.Adam(model.parameters(), lr=0.001) # ==== Training Loop ==== model.train() epochs = 20 for epoch in range(epochs): epoch_loss = 0.0 for X_batch, adj_"",False","C44_DI_REAL_1,4.4,fairness,Real-data disparate impact reported as 1.0,1.0,1.0,1,training\ensemble\train_hfagm.py,train_hfagm.py,""type=torch.float32).unsqueeze(1) dataset = TensorDataset(X_tensor, adj_tensor, contrastive_tensor, y_tensor) dataloader = DataLoader(dataset, batch_size=32, shuffle=True) # ==== Initialize Model ==== model = HFAGM(input_dim=X.shape[1], contrastive_dim=contrastive.shape[1], hidden_dim=64) criterion = nn.BCEWithLogitsLoss() optimizer = optim.Adam(model.parameters(), lr=0.001) # ==== Training Loop ==== model.train() epochs = 20 for epoch in range(epochs): epoch_loss = 0.0 for X_batch, adj_"",False | C44_DI_REAL_1,4.4,fairness,Real-data disparate impact reported as 1.0,1.0,1.0,1,training\ensemble\train_hfagm.py,train_hfagm.py,""type=torch.float32).unsqueeze(1) dataset = TensorDataset(X_tensor, adj_tensor, contrastive_tensor, y_tensor) dataloader = DataLoader(dataset, batch_size=32, shuffle=True) # ==== Initialize Model ==== model = HFAGM(input_dim=X.shape[1], contrastive_dim=contrastive.shape[1], hidden_dim=64) criterion = nn.BCEWithLogitsLoss() optimizer = optim.Adam(model.parameters(), lr=0.001) # ==== Training Loop ==== model.train() epochs = 20 for epoch in range(epochs): epoch_loss = 0.0 for X_batch, adj_"",False | C44_DI_REAL_1,4.4,fairness,Real-data disparate impact reported as 1.0,1.0,1.0,1,training\ensemble\train_hfagm.py,train_hfagm.py,""type=torch.float32).unsqueeze(1) dataset = TensorDataset(X_tensor, adj_tensor, contrastive_tensor, y_tensor) dataloader = DataLoader(dataset, batch_size=32, shuffle=True) # ==== Initialize Model ==== model = HFAGM(input_dim=X.shape[1], contrastive_dim=contrastive.shape[1], hidden_dim=64) criterion = nn.BCEWithLogitsLoss() optimizer = optim.Adam(model.parameters(), lr=0.001) # ==== Training Loop ==== model.train() epochs = 20 for epoch in range(epochs): epoch_loss = 0.0 for X_batch, adj_"",False | C44_DI_REAL_1,4.4,fairness,Real-data disparate impact reported as 1.0,1.0,1.0,1,training\ensemble\train_hfagm.py,train_hfagm.py,""dataset = TensorDataset(X_tensor, adj_tensor, contrastive_tensor, y_tensor) dataloader = DataLoader(dataset, batch_size=32, shuffle=True) # ==== Initialize Model ==== model = HFAGM(input_dim=X.shape[1], contrastive_dim=contrastive.shape[1], hidden_dim=64) criterion = nn.BCEWithLogitsLoss() optimizer = optim.Adam(model.parameters(), lr=0.001) # ==== Training Loop ==== model.train() epochs = 20 for epoch in range(epochs): epoch_loss = 0.0 for X_batch, adj_batch, contrastive_batch, y_batch"",False | C44_DI_REAL_1,4.4,fairness,Real-data disparate impact reported as 1.0,1.0,1.0,1,training\ensemble\train_hfagm.py,train_hfagm.py,""dataset = TensorDataset(X_tensor, adj_tensor, contrastive_tensor, y_tensor) dataloader = DataLoader(dataset, batch_size=32, shuffle=True) # ==== Initialize Model ==== model = HFAGM(input_dim=X.shape[1], contrastive_dim=contrastive.shape[1], hidden_dim=64) criterion = nn.BCEWithLogitsLoss() optimizer = optim.Adam(model.parameters(), lr=0.001) # ==== "
outputs\revision_audit\claim_evidence_detailed.csv,525,64.0,0,0,"C44_DI_REAL_1,4.4,fairness,Real-data disparate impact reported as 1.0,1.0,1.0,1,training\ensemble\train_hfagm.py,train_hfagm.py,""type=torch.float32).unsqueeze(1) dataset = TensorDataset(X_tensor, adj_tensor, contrastive_tensor, y_tensor) dataloader = DataLoader(dataset, batch_size=32, shuffle=True) # ==== Initialize Model ==== model = HFAGM(input_dim=X.shape[1], contrastive_dim=contrastive.shape[1], hidden_dim=64) criterion = nn.BCEWithLogitsLoss() optimizer = optim.Adam(model.parameters(), lr=0.001) # ==== Training Loop ==== model.train() epochs = 20 for epoch in range(epochs): epoch_loss = 0.0 for X_batch, adj_"",False","C44_DI_REAL_1,4.4,fairness,Real-data disparate impact reported as 1.0,1.0,1.0,1,training\ensemble\train_hfagm.py,train_hfagm.py,""type=torch.float32).unsqueeze(1) dataset = TensorDataset(X_tensor, adj_tensor, contrastive_tensor, y_tensor) dataloader = DataLoader(dataset, batch_size=32, shuffle=True) # ==== Initialize Model ==== model = HFAGM(input_dim=X.shape[1], contrastive_dim=contrastive.shape[1], hidden_dim=64) criterion = nn.BCEWithLogitsLoss() optimizer = optim.Adam(model.parameters(), lr=0.001) # ==== Training Loop ==== model.train() epochs = 20 for epoch in range(epochs): epoch_loss = 0.0 for X_batch, adj_"",False | C44_DI_REAL_1,4.4,fairness,Real-data disparate impact reported as 1.0,1.0,1.0,1,training\ensemble\train_hfagm.py,train_hfagm.py,""type=torch.float32).unsqueeze(1) dataset = TensorDataset(X_tensor, adj_tensor, contrastive_tensor, y_tensor) dataloader = DataLoader(dataset, batch_size=32, shuffle=True) # ==== Initialize Model ==== model = HFAGM(input_dim=X.shape[1], contrastive_dim=contrastive.shape[1], hidden_dim=64) criterion = nn.BCEWithLogitsLoss() optimizer = optim.Adam(model.parameters(), lr=0.001) # ==== Training Loop ==== model.train() epochs = 20 for epoch in range(epochs): epoch_loss = 0.0 for X_batch, adj_"",False | C44_DI_REAL_1,4.4,fairness,Real-data disparate impact reported as 1.0,1.0,1.0,1,training\ensemble\train_hfagm.py,train_hfagm.py,""type=torch.float32).unsqueeze(1) dataset = TensorDataset(X_tensor, adj_tensor, contrastive_tensor, y_tensor) dataloader = DataLoader(dataset, batch_size=32, shuffle=True) # ==== Initialize Model ==== model = HFAGM(input_dim=X.shape[1], contrastive_dim=contrastive.shape[1], hidden_dim=64) criterion = nn.BCEWithLogitsLoss() optimizer = optim.Adam(model.parameters(), lr=0.001) # ==== Training Loop ==== model.train() epochs = 20 for epoch in range(epochs): epoch_loss = 0.0 for X_batch, adj_"",False | C44_DI_REAL_1,4.4,fairness,Real-data disparate impact reported as 1.0,1.0,1.0,1,training\ensemble\train_hfagm.py,train_hfagm.py,""dataset = TensorDataset(X_tensor, adj_tensor, contrastive_tensor, y_tensor) dataloader = DataLoader(dataset, batch_size=32, shuffle=True) # ==== Initialize Model ==== model = HFAGM(input_dim=X.shape[1], contrastive_dim=contrastive.shape[1], hidden_dim=64) criterion = nn.BCEWithLogitsLoss() optimizer = optim.Adam(model.parameters(), lr=0.001) # ==== Training Loop ==== model.train() epochs = 20 for epoch in range(epochs): epoch_loss = 0.0 for X_batch, adj_batch, contrastive_batch, y_batch"",False | C44_DI_REAL_1,4.4,fairness,Real-data disparate impact reported as 1.0,1.0,1.0,1,training\ensemble\train_hfagm.py,train_hfagm.py,""dataset = TensorDataset(X_tensor, adj_tensor, contrastive_tensor, y_tensor) dataloader = DataLoader(dataset, batch_size=32, shuffle=True) # ==== Initialize Model ==== model = HFAGM(input_dim=X.shape[1], contrastive_dim=contrastive.shape[1], hidden_dim=64) criterion = nn.BCEWithLogitsLoss() optimizer = optim.Adam(model.parameters(), lr=0.001) # ==== "
outputs\revision_audit\claim_evidence_detailed.csv,525,20.0,0,0,"C44_DI_REAL_1,4.4,fairness,Real-data disparate impact reported as 1.0,1.0,1.0,1,training\ensemble\train_hfagm.py,train_hfagm.py,""type=torch.float32).unsqueeze(1) dataset = TensorDataset(X_tensor, adj_tensor, contrastive_tensor, y_tensor) dataloader = DataLoader(dataset, batch_size=32, shuffle=True) # ==== Initialize Model ==== model = HFAGM(input_dim=X.shape[1], contrastive_dim=contrastive.shape[1], hidden_dim=64) criterion = nn.BCEWithLogitsLoss() optimizer = optim.Adam(model.parameters(), lr=0.001) # ==== Training Loop ==== model.train() epochs = 20 for epoch in range(epochs): epoch_loss = 0.0 for X_batch, adj_"",False","C44_DI_REAL_1,4.4,fairness,Real-data disparate impact reported as 1.0,1.0,1.0,1,training\ensemble\train_hfagm.py,train_hfagm.py,""type=torch.float32).unsqueeze(1) dataset = TensorDataset(X_tensor, adj_tensor, contrastive_tensor, y_tensor) dataloader = DataLoader(dataset, batch_size=32, shuffle=True) # ==== Initialize Model ==== model = HFAGM(input_dim=X.shape[1], contrastive_dim=contrastive.shape[1], hidden_dim=64) criterion = nn.BCEWithLogitsLoss() optimizer = optim.Adam(model.parameters(), lr=0.001) # ==== Training Loop ==== model.train() epochs = 20 for epoch in range(epochs): epoch_loss = 0.0 for X_batch, adj_"",False | C44_DI_REAL_1,4.4,fairness,Real-data disparate impact reported as 1.0,1.0,1.0,1,training\ensemble\train_hfagm.py,train_hfagm.py,""type=torch.float32).unsqueeze(1) dataset = TensorDataset(X_tensor, adj_tensor, contrastive_tensor, y_tensor) dataloader = DataLoader(dataset, batch_size=32, shuffle=True) # ==== Initialize Model ==== model = HFAGM(input_dim=X.shape[1], contrastive_dim=contrastive.shape[1], hidden_dim=64) criterion = nn.BCEWithLogitsLoss() optimizer = optim.Adam(model.parameters(), lr=0.001) # ==== Training Loop ==== model.train() epochs = 20 for epoch in range(epochs): epoch_loss = 0.0 for X_batch, adj_"",False | C44_DI_REAL_1,4.4,fairness,Real-data disparate impact reported as 1.0,1.0,1.0,1,training\ensemble\train_hfagm.py,train_hfagm.py,""type=torch.float32).unsqueeze(1) dataset = TensorDataset(X_tensor, adj_tensor, contrastive_tensor, y_tensor) dataloader = DataLoader(dataset, batch_size=32, shuffle=True) # ==== Initialize Model ==== model = HFAGM(input_dim=X.shape[1], contrastive_dim=contrastive.shape[1], hidden_dim=64) criterion = nn.BCEWithLogitsLoss() optimizer = optim.Adam(model.parameters(), lr=0.001) # ==== Training Loop ==== model.train() epochs = 20 for epoch in range(epochs): epoch_loss = 0.0 for X_batch, adj_"",False | C44_DI_REAL_1,4.4,fairness,Real-data disparate impact reported as 1.0,1.0,1.0,1,training\ensemble\train_hfagm.py,train_hfagm.py,""dataset = TensorDataset(X_tensor, adj_tensor, contrastive_tensor, y_tensor) dataloader = DataLoader(dataset, batch_size=32, shuffle=True) # ==== Initialize Model ==== model = HFAGM(input_dim=X.shape[1], contrastive_dim=contrastive.shape[1], hidden_dim=64) criterion = nn.BCEWithLogitsLoss() optimizer = optim.Adam(model.parameters(), lr=0.001) # ==== Training Loop ==== model.train() epochs = 20 for epoch in range(epochs): epoch_loss = 0.0 for X_batch, adj_batch, contrastive_batch, y_batch"",False | C44_DI_REAL_1,4.4,fairness,Real-data disparate impact reported as 1.0,1.0,1.0,1,training\ensemble\train_hfagm.py,train_hfagm.py,""dataset = TensorDataset(X_tensor, adj_tensor, contrastive_tensor, y_tensor) dataloader = DataLoader(dataset, batch_size=32, shuffle=True) # ==== Initialize Model ==== model = HFAGM(input_dim=X.shape[1], contrastive_dim=contrastive.shape[1], hidden_dim=64) criterion = nn.BCEWithLogitsLoss() optimizer = optim.Adam(model.parameters(), lr=0.001) # ==== "
outputs\revision_audit\claim_evidence_detailed.csv,526,4.4,0,0,"C44_DI_REAL_1,4.4,fairness,Real-data disparate impact reported as 1.0,1.0,1.0,1,training\ensemble\train_hfagm.py,train_hfagm.py,""dataset = TensorDataset(X_tensor, adj_tensor, contrastive_tensor, y_tensor) dataloader = DataLoader(dataset, batch_size=32, shuffle=True) # ==== Initialize Model ==== model = HFAGM(input_dim=X.shape[1], contrastive_dim=contrastive.shape[1], hidden_dim=64) criterion = nn.BCEWithLogitsLoss() optimizer = optim.Adam(model.parameters(), lr=0.001) # ==== Training Loop ==== model.train() epochs = 20 for epoch in range(epochs): epoch_loss = 0.0 for X_batch, adj_batch, contrastive_batch, y_batch"",False","C44_DI_REAL_1,4.4,fairness,Real-data disparate impact reported as 1.0,1.0,1.0,1,training\ensemble\train_hfagm.py,train_hfagm.py,""type=torch.float32).unsqueeze(1) dataset = TensorDataset(X_tensor, adj_tensor, contrastive_tensor, y_tensor) dataloader = DataLoader(dataset, batch_size=32, shuffle=True) # ==== Initialize Model ==== model = HFAGM(input_dim=X.shape[1], contrastive_dim=contrastive.shape[1], hidden_dim=64) criterion = nn.BCEWithLogitsLoss() optimizer = optim.Adam(model.parameters(), lr=0.001) # ==== Training Loop ==== model.train() epochs = 20 for epoch in range(epochs): epoch_loss = 0.0 for X_batch, adj_"",False | C44_DI_REAL_1,4.4,fairness,Real-data disparate impact reported as 1.0,1.0,1.0,1,training\ensemble\train_hfagm.py,train_hfagm.py,""type=torch.float32).unsqueeze(1) dataset = TensorDataset(X_tensor, adj_tensor, contrastive_tensor, y_tensor) dataloader = DataLoader(dataset, batch_size=32, shuffle=True) # ==== Initialize Model ==== model = HFAGM(input_dim=X.shape[1], contrastive_dim=contrastive.shape[1], hidden_dim=64) criterion = nn.BCEWithLogitsLoss() optimizer = optim.Adam(model.parameters(), lr=0.001) # ==== Training Loop ==== model.train() epochs = 20 for epoch in range(epochs): epoch_loss = 0.0 for X_batch, adj_"",False | C44_DI_REAL_1,4.4,fairness,Real-data disparate impact reported as 1.0,1.0,1.0,1,training\ensemble\train_hfagm.py,train_hfagm.py,""dataset = TensorDataset(X_tensor, adj_tensor, contrastive_tensor, y_tensor) dataloader = DataLoader(dataset, batch_size=32, shuffle=True) # ==== Initialize Model ==== model = HFAGM(input_dim=X.shape[1], contrastive_dim=contrastive.shape[1], hidden_dim=64) criterion = nn.BCEWithLogitsLoss() optimizer = optim.Adam(model.parameters(), lr=0.001) # ==== Training Loop ==== model.train() epochs = 20 for epoch in range(epochs): epoch_loss = 0.0 for X_batch, adj_batch, contrastive_batch, y_batch"",False | C44_DI_REAL_1,4.4,fairness,Real-data disparate impact reported as 1.0,1.0,1.0,1,training\ensemble\train_hfagm.py,train_hfagm.py,""dataset = TensorDataset(X_tensor, adj_tensor, contrastive_tensor, y_tensor) dataloader = DataLoader(dataset, batch_size=32, shuffle=True) # ==== Initialize Model ==== model = HFAGM(input_dim=X.shape[1], contrastive_dim=contrastive.shape[1], hidden_dim=64) criterion = nn.BCEWithLogitsLoss() optimizer = optim.Adam(model.parameters(), lr=0.001) # ==== Training Loop ==== model.train() epochs = 20 for epoch in range(epochs): epoch_loss = 0.0 for X_batch, adj_batch, contrastive_batch, y_batch"",False | C44_DI_REAL_1,4.4,fairness,Real-data disparate impact reported as 1.0,1.0,1.0,1,training\ensemble\train_hfagm.py,train_hfagm.py,""atch) loss = criterion(outputs, y_batch) loss.backward() optimizer.step() epoch_loss += loss.item() print(f""""Epoch {epoch+1}/{epochs}, Loss: {epoch_loss/len(dataloader):.4f}"""") # ==== Save Trained Model ==== os.makedirs(os.path.dirname(saved_model_path), exist_ok=True) torch.save(model.state_dict(), saved_model_path) print(f""""Model saved to: {saved_"
outputs\revision_audit\claim_evidence_detailed.csv,526,1.0,0,0,"C44_DI_REAL_1,4.4,fairness,Real-data disparate impact reported as 1.0,1.0,1.0,1,training\ensemble\train_hfagm.py,train_hfagm.py,""dataset = TensorDataset(X_tensor, adj_tensor, contrastive_tensor, y_tensor) dataloader = DataLoader(dataset, batch_size=32, shuffle=True) # ==== Initialize Model ==== model = HFAGM(input_dim=X.shape[1], contrastive_dim=contrastive.shape[1], hidden_dim=64) criterion = nn.BCEWithLogitsLoss() optimizer = optim.Adam(model.parameters(), lr=0.001) # ==== Training Loop ==== model.train() epochs = 20 for epoch in range(epochs): epoch_loss = 0.0 for X_batch, adj_batch, contrastive_batch, y_batch"",False","C44_DI_REAL_1,4.4,fairness,Real-data disparate impact reported as 1.0,1.0,1.0,1,training\ensemble\train_hfagm.py,train_hfagm.py,""type=torch.float32).unsqueeze(1) dataset = TensorDataset(X_tensor, adj_tensor, contrastive_tensor, y_tensor) dataloader = DataLoader(dataset, batch_size=32, shuffle=True) # ==== Initialize Model ==== model = HFAGM(input_dim=X.shape[1], contrastive_dim=contrastive.shape[1], hidden_dim=64) criterion = nn.BCEWithLogitsLoss() optimizer = optim.Adam(model.parameters(), lr=0.001) # ==== Training Loop ==== model.train() epochs = 20 for epoch in range(epochs): epoch_loss = 0.0 for X_batch, adj_"",False | C44_DI_REAL_1,4.4,fairness,Real-data disparate impact reported as 1.0,1.0,1.0,1,training\ensemble\train_hfagm.py,train_hfagm.py,""type=torch.float32).unsqueeze(1) dataset = TensorDataset(X_tensor, adj_tensor, contrastive_tensor, y_tensor) dataloader = DataLoader(dataset, batch_size=32, shuffle=True) # ==== Initialize Model ==== model = HFAGM(input_dim=X.shape[1], contrastive_dim=contrastive.shape[1], hidden_dim=64) criterion = nn.BCEWithLogitsLoss() optimizer = optim.Adam(model.parameters(), lr=0.001) # ==== Training Loop ==== model.train() epochs = 20 for epoch in range(epochs): epoch_loss = 0.0 for X_batch, adj_"",False | C44_DI_REAL_1,4.4,fairness,Real-data disparate impact reported as 1.0,1.0,1.0,1,training\ensemble\train_hfagm.py,train_hfagm.py,""dataset = TensorDataset(X_tensor, adj_tensor, contrastive_tensor, y_tensor) dataloader = DataLoader(dataset, batch_size=32, shuffle=True) # ==== Initialize Model ==== model = HFAGM(input_dim=X.shape[1], contrastive_dim=contrastive.shape[1], hidden_dim=64) criterion = nn.BCEWithLogitsLoss() optimizer = optim.Adam(model.parameters(), lr=0.001) # ==== Training Loop ==== model.train() epochs = 20 for epoch in range(epochs): epoch_loss = 0.0 for X_batch, adj_batch, contrastive_batch, y_batch"",False | C44_DI_REAL_1,4.4,fairness,Real-data disparate impact reported as 1.0,1.0,1.0,1,training\ensemble\train_hfagm.py,train_hfagm.py,""dataset = TensorDataset(X_tensor, adj_tensor, contrastive_tensor, y_tensor) dataloader = DataLoader(dataset, batch_size=32, shuffle=True) # ==== Initialize Model ==== model = HFAGM(input_dim=X.shape[1], contrastive_dim=contrastive.shape[1], hidden_dim=64) criterion = nn.BCEWithLogitsLoss() optimizer = optim.Adam(model.parameters(), lr=0.001) # ==== Training Loop ==== model.train() epochs = 20 for epoch in range(epochs): epoch_loss = 0.0 for X_batch, adj_batch, contrastive_batch, y_batch"",False | C44_DI_REAL_1,4.4,fairness,Real-data disparate impact reported as 1.0,1.0,1.0,1,training\ensemble\train_hfagm.py,train_hfagm.py,""atch) loss = criterion(outputs, y_batch) loss.backward() optimizer.step() epoch_loss += loss.item() print(f""""Epoch {epoch+1}/{epochs}, Loss: {epoch_loss/len(dataloader):.4f}"""") # ==== Save Trained Model ==== os.makedirs(os.path.dirname(saved_model_path), exist_ok=True) torch.save(model.state_dict(), saved_model_path) print(f""""Model saved to: {saved_"
outputs\revision_audit\claim_evidence_detailed.csv,526,1.0,0,0,"C44_DI_REAL_1,4.4,fairness,Real-data disparate impact reported as 1.0,1.0,1.0,1,training\ensemble\train_hfagm.py,train_hfagm.py,""dataset = TensorDataset(X_tensor, adj_tensor, contrastive_tensor, y_tensor) dataloader = DataLoader(dataset, batch_size=32, shuffle=True) # ==== Initialize Model ==== model = HFAGM(input_dim=X.shape[1], contrastive_dim=contrastive.shape[1], hidden_dim=64) criterion = nn.BCEWithLogitsLoss() optimizer = optim.Adam(model.parameters(), lr=0.001) # ==== Training Loop ==== model.train() epochs = 20 for epoch in range(epochs): epoch_loss = 0.0 for X_batch, adj_batch, contrastive_batch, y_batch"",False","C44_DI_REAL_1,4.4,fairness,Real-data disparate impact reported as 1.0,1.0,1.0,1,training\ensemble\train_hfagm.py,train_hfagm.py,""type=torch.float32).unsqueeze(1) dataset = TensorDataset(X_tensor, adj_tensor, contrastive_tensor, y_tensor) dataloader = DataLoader(dataset, batch_size=32, shuffle=True) # ==== Initialize Model ==== model = HFAGM(input_dim=X.shape[1], contrastive_dim=contrastive.shape[1], hidden_dim=64) criterion = nn.BCEWithLogitsLoss() optimizer = optim.Adam(model.parameters(), lr=0.001) # ==== Training Loop ==== model.train() epochs = 20 for epoch in range(epochs): epoch_loss = 0.0 for X_batch, adj_"",False | C44_DI_REAL_1,4.4,fairness,Real-data disparate impact reported as 1.0,1.0,1.0,1,training\ensemble\train_hfagm.py,train_hfagm.py,""type=torch.float32).unsqueeze(1) dataset = TensorDataset(X_tensor, adj_tensor, contrastive_tensor, y_tensor) dataloader = DataLoader(dataset, batch_size=32, shuffle=True) # ==== Initialize Model ==== model = HFAGM(input_dim=X.shape[1], contrastive_dim=contrastive.shape[1], hidden_dim=64) criterion = nn.BCEWithLogitsLoss() optimizer = optim.Adam(model.parameters(), lr=0.001) # ==== Training Loop ==== model.train() epochs = 20 for epoch in range(epochs): epoch_loss = 0.0 for X_batch, adj_"",False | C44_DI_REAL_1,4.4,fairness,Real-data disparate impact reported as 1.0,1.0,1.0,1,training\ensemble\train_hfagm.py,train_hfagm.py,""dataset = TensorDataset(X_tensor, adj_tensor, contrastive_tensor, y_tensor) dataloader = DataLoader(dataset, batch_size=32, shuffle=True) # ==== Initialize Model ==== model = HFAGM(input_dim=X.shape[1], contrastive_dim=contrastive.shape[1], hidden_dim=64) criterion = nn.BCEWithLogitsLoss() optimizer = optim.Adam(model.parameters(), lr=0.001) # ==== Training Loop ==== model.train() epochs = 20 for epoch in range(epochs): epoch_loss = 0.0 for X_batch, adj_batch, contrastive_batch, y_batch"",False | C44_DI_REAL_1,4.4,fairness,Real-data disparate impact reported as 1.0,1.0,1.0,1,training\ensemble\train_hfagm.py,train_hfagm.py,""dataset = TensorDataset(X_tensor, adj_tensor, contrastive_tensor, y_tensor) dataloader = DataLoader(dataset, batch_size=32, shuffle=True) # ==== Initialize Model ==== model = HFAGM(input_dim=X.shape[1], contrastive_dim=contrastive.shape[1], hidden_dim=64) criterion = nn.BCEWithLogitsLoss() optimizer = optim.Adam(model.parameters(), lr=0.001) # ==== Training Loop ==== model.train() epochs = 20 for epoch in range(epochs): epoch_loss = 0.0 for X_batch, adj_batch, contrastive_batch, y_batch"",False | C44_DI_REAL_1,4.4,fairness,Real-data disparate impact reported as 1.0,1.0,1.0,1,training\ensemble\train_hfagm.py,train_hfagm.py,""atch) loss = criterion(outputs, y_batch) loss.backward() optimizer.step() epoch_loss += loss.item() print(f""""Epoch {epoch+1}/{epochs}, Loss: {epoch_loss/len(dataloader):.4f}"""") # ==== Save Trained Model ==== os.makedirs(os.path.dirname(saved_model_path), exist_ok=True) torch.save(model.state_dict(), saved_model_path) print(f""""Model saved to: {saved_"
outputs\revision_audit\claim_evidence_detailed.csv,526,1.0,0,0,"C44_DI_REAL_1,4.4,fairness,Real-data disparate impact reported as 1.0,1.0,1.0,1,training\ensemble\train_hfagm.py,train_hfagm.py,""dataset = TensorDataset(X_tensor, adj_tensor, contrastive_tensor, y_tensor) dataloader = DataLoader(dataset, batch_size=32, shuffle=True) # ==== Initialize Model ==== model = HFAGM(input_dim=X.shape[1], contrastive_dim=contrastive.shape[1], hidden_dim=64) criterion = nn.BCEWithLogitsLoss() optimizer = optim.Adam(model.parameters(), lr=0.001) # ==== Training Loop ==== model.train() epochs = 20 for epoch in range(epochs): epoch_loss = 0.0 for X_batch, adj_batch, contrastive_batch, y_batch"",False","C44_DI_REAL_1,4.4,fairness,Real-data disparate impact reported as 1.0,1.0,1.0,1,training\ensemble\train_hfagm.py,train_hfagm.py,""type=torch.float32).unsqueeze(1) dataset = TensorDataset(X_tensor, adj_tensor, contrastive_tensor, y_tensor) dataloader = DataLoader(dataset, batch_size=32, shuffle=True) # ==== Initialize Model ==== model = HFAGM(input_dim=X.shape[1], contrastive_dim=contrastive.shape[1], hidden_dim=64) criterion = nn.BCEWithLogitsLoss() optimizer = optim.Adam(model.parameters(), lr=0.001) # ==== Training Loop ==== model.train() epochs = 20 for epoch in range(epochs): epoch_loss = 0.0 for X_batch, adj_"",False | C44_DI_REAL_1,4.4,fairness,Real-data disparate impact reported as 1.0,1.0,1.0,1,training\ensemble\train_hfagm.py,train_hfagm.py,""type=torch.float32).unsqueeze(1) dataset = TensorDataset(X_tensor, adj_tensor, contrastive_tensor, y_tensor) dataloader = DataLoader(dataset, batch_size=32, shuffle=True) # ==== Initialize Model ==== model = HFAGM(input_dim=X.shape[1], contrastive_dim=contrastive.shape[1], hidden_dim=64) criterion = nn.BCEWithLogitsLoss() optimizer = optim.Adam(model.parameters(), lr=0.001) # ==== Training Loop ==== model.train() epochs = 20 for epoch in range(epochs): epoch_loss = 0.0 for X_batch, adj_"",False | C44_DI_REAL_1,4.4,fairness,Real-data disparate impact reported as 1.0,1.0,1.0,1,training\ensemble\train_hfagm.py,train_hfagm.py,""dataset = TensorDataset(X_tensor, adj_tensor, contrastive_tensor, y_tensor) dataloader = DataLoader(dataset, batch_size=32, shuffle=True) # ==== Initialize Model ==== model = HFAGM(input_dim=X.shape[1], contrastive_dim=contrastive.shape[1], hidden_dim=64) criterion = nn.BCEWithLogitsLoss() optimizer = optim.Adam(model.parameters(), lr=0.001) # ==== Training Loop ==== model.train() epochs = 20 for epoch in range(epochs): epoch_loss = 0.0 for X_batch, adj_batch, contrastive_batch, y_batch"",False | C44_DI_REAL_1,4.4,fairness,Real-data disparate impact reported as 1.0,1.0,1.0,1,training\ensemble\train_hfagm.py,train_hfagm.py,""dataset = TensorDataset(X_tensor, adj_tensor, contrastive_tensor, y_tensor) dataloader = DataLoader(dataset, batch_size=32, shuffle=True) # ==== Initialize Model ==== model = HFAGM(input_dim=X.shape[1], contrastive_dim=contrastive.shape[1], hidden_dim=64) criterion = nn.BCEWithLogitsLoss() optimizer = optim.Adam(model.parameters(), lr=0.001) # ==== Training Loop ==== model.train() epochs = 20 for epoch in range(epochs): epoch_loss = 0.0 for X_batch, adj_batch, contrastive_batch, y_batch"",False | C44_DI_REAL_1,4.4,fairness,Real-data disparate impact reported as 1.0,1.0,1.0,1,training\ensemble\train_hfagm.py,train_hfagm.py,""atch) loss = criterion(outputs, y_batch) loss.backward() optimizer.step() epoch_loss += loss.item() print(f""""Epoch {epoch+1}/{epochs}, Loss: {epoch_loss/len(dataloader):.4f}"""") # ==== Save Trained Model ==== os.makedirs(os.path.dirname(saved_model_path), exist_ok=True) torch.save(model.state_dict(), saved_model_path) print(f""""Model saved to: {saved_"
outputs\revision_audit\claim_evidence_detailed.csv,526,1.0,0,0,"C44_DI_REAL_1,4.4,fairness,Real-data disparate impact reported as 1.0,1.0,1.0,1,training\ensemble\train_hfagm.py,train_hfagm.py,""dataset = TensorDataset(X_tensor, adj_tensor, contrastive_tensor, y_tensor) dataloader = DataLoader(dataset, batch_size=32, shuffle=True) # ==== Initialize Model ==== model = HFAGM(input_dim=X.shape[1], contrastive_dim=contrastive.shape[1], hidden_dim=64) criterion = nn.BCEWithLogitsLoss() optimizer = optim.Adam(model.parameters(), lr=0.001) # ==== Training Loop ==== model.train() epochs = 20 for epoch in range(epochs): epoch_loss = 0.0 for X_batch, adj_batch, contrastive_batch, y_batch"",False","C44_DI_REAL_1,4.4,fairness,Real-data disparate impact reported as 1.0,1.0,1.0,1,training\ensemble\train_hfagm.py,train_hfagm.py,""type=torch.float32).unsqueeze(1) dataset = TensorDataset(X_tensor, adj_tensor, contrastive_tensor, y_tensor) dataloader = DataLoader(dataset, batch_size=32, shuffle=True) # ==== Initialize Model ==== model = HFAGM(input_dim=X.shape[1], contrastive_dim=contrastive.shape[1], hidden_dim=64) criterion = nn.BCEWithLogitsLoss() optimizer = optim.Adam(model.parameters(), lr=0.001) # ==== Training Loop ==== model.train() epochs = 20 for epoch in range(epochs): epoch_loss = 0.0 for X_batch, adj_"",False | C44_DI_REAL_1,4.4,fairness,Real-data disparate impact reported as 1.0,1.0,1.0,1,training\ensemble\train_hfagm.py,train_hfagm.py,""type=torch.float32).unsqueeze(1) dataset = TensorDataset(X_tensor, adj_tensor, contrastive_tensor, y_tensor) dataloader = DataLoader(dataset, batch_size=32, shuffle=True) # ==== Initialize Model ==== model = HFAGM(input_dim=X.shape[1], contrastive_dim=contrastive.shape[1], hidden_dim=64) criterion = nn.BCEWithLogitsLoss() optimizer = optim.Adam(model.parameters(), lr=0.001) # ==== Training Loop ==== model.train() epochs = 20 for epoch in range(epochs): epoch_loss = 0.0 for X_batch, adj_"",False | C44_DI_REAL_1,4.4,fairness,Real-data disparate impact reported as 1.0,1.0,1.0,1,training\ensemble\train_hfagm.py,train_hfagm.py,""dataset = TensorDataset(X_tensor, adj_tensor, contrastive_tensor, y_tensor) dataloader = DataLoader(dataset, batch_size=32, shuffle=True) # ==== Initialize Model ==== model = HFAGM(input_dim=X.shape[1], contrastive_dim=contrastive.shape[1], hidden_dim=64) criterion = nn.BCEWithLogitsLoss() optimizer = optim.Adam(model.parameters(), lr=0.001) # ==== Training Loop ==== model.train() epochs = 20 for epoch in range(epochs): epoch_loss = 0.0 for X_batch, adj_batch, contrastive_batch, y_batch"",False | C44_DI_REAL_1,4.4,fairness,Real-data disparate impact reported as 1.0,1.0,1.0,1,training\ensemble\train_hfagm.py,train_hfagm.py,""dataset = TensorDataset(X_tensor, adj_tensor, contrastive_tensor, y_tensor) dataloader = DataLoader(dataset, batch_size=32, shuffle=True) # ==== Initialize Model ==== model = HFAGM(input_dim=X.shape[1], contrastive_dim=contrastive.shape[1], hidden_dim=64) criterion = nn.BCEWithLogitsLoss() optimizer = optim.Adam(model.parameters(), lr=0.001) # ==== Training Loop ==== model.train() epochs = 20 for epoch in range(epochs): epoch_loss = 0.0 for X_batch, adj_batch, contrastive_batch, y_batch"",False | C44_DI_REAL_1,4.4,fairness,Real-data disparate impact reported as 1.0,1.0,1.0,1,training\ensemble\train_hfagm.py,train_hfagm.py,""atch) loss = criterion(outputs, y_batch) loss.backward() optimizer.step() epoch_loss += loss.item() print(f""""Epoch {epoch+1}/{epochs}, Loss: {epoch_loss/len(dataloader):.4f}"""") # ==== Save Trained Model ==== os.makedirs(os.path.dirname(saved_model_path), exist_ok=True) torch.save(model.state_dict(), saved_model_path) print(f""""Model saved to: {saved_"
outputs\revision_audit\claim_evidence_detailed.csv,526,32.0,0,0,"C44_DI_REAL_1,4.4,fairness,Real-data disparate impact reported as 1.0,1.0,1.0,1,training\ensemble\train_hfagm.py,train_hfagm.py,""dataset = TensorDataset(X_tensor, adj_tensor, contrastive_tensor, y_tensor) dataloader = DataLoader(dataset, batch_size=32, shuffle=True) # ==== Initialize Model ==== model = HFAGM(input_dim=X.shape[1], contrastive_dim=contrastive.shape[1], hidden_dim=64) criterion = nn.BCEWithLogitsLoss() optimizer = optim.Adam(model.parameters(), lr=0.001) # ==== Training Loop ==== model.train() epochs = 20 for epoch in range(epochs): epoch_loss = 0.0 for X_batch, adj_batch, contrastive_batch, y_batch"",False","C44_DI_REAL_1,4.4,fairness,Real-data disparate impact reported as 1.0,1.0,1.0,1,training\ensemble\train_hfagm.py,train_hfagm.py,""type=torch.float32).unsqueeze(1) dataset = TensorDataset(X_tensor, adj_tensor, contrastive_tensor, y_tensor) dataloader = DataLoader(dataset, batch_size=32, shuffle=True) # ==== Initialize Model ==== model = HFAGM(input_dim=X.shape[1], contrastive_dim=contrastive.shape[1], hidden_dim=64) criterion = nn.BCEWithLogitsLoss() optimizer = optim.Adam(model.parameters(), lr=0.001) # ==== Training Loop ==== model.train() epochs = 20 for epoch in range(epochs): epoch_loss = 0.0 for X_batch, adj_"",False | C44_DI_REAL_1,4.4,fairness,Real-data disparate impact reported as 1.0,1.0,1.0,1,training\ensemble\train_hfagm.py,train_hfagm.py,""type=torch.float32).unsqueeze(1) dataset = TensorDataset(X_tensor, adj_tensor, contrastive_tensor, y_tensor) dataloader = DataLoader(dataset, batch_size=32, shuffle=True) # ==== Initialize Model ==== model = HFAGM(input_dim=X.shape[1], contrastive_dim=contrastive.shape[1], hidden_dim=64) criterion = nn.BCEWithLogitsLoss() optimizer = optim.Adam(model.parameters(), lr=0.001) # ==== Training Loop ==== model.train() epochs = 20 for epoch in range(epochs): epoch_loss = 0.0 for X_batch, adj_"",False | C44_DI_REAL_1,4.4,fairness,Real-data disparate impact reported as 1.0,1.0,1.0,1,training\ensemble\train_hfagm.py,train_hfagm.py,""dataset = TensorDataset(X_tensor, adj_tensor, contrastive_tensor, y_tensor) dataloader = DataLoader(dataset, batch_size=32, shuffle=True) # ==== Initialize Model ==== model = HFAGM(input_dim=X.shape[1], contrastive_dim=contrastive.shape[1], hidden_dim=64) criterion = nn.BCEWithLogitsLoss() optimizer = optim.Adam(model.parameters(), lr=0.001) # ==== Training Loop ==== model.train() epochs = 20 for epoch in range(epochs): epoch_loss = 0.0 for X_batch, adj_batch, contrastive_batch, y_batch"",False | C44_DI_REAL_1,4.4,fairness,Real-data disparate impact reported as 1.0,1.0,1.0,1,training\ensemble\train_hfagm.py,train_hfagm.py,""dataset = TensorDataset(X_tensor, adj_tensor, contrastive_tensor, y_tensor) dataloader = DataLoader(dataset, batch_size=32, shuffle=True) # ==== Initialize Model ==== model = HFAGM(input_dim=X.shape[1], contrastive_dim=contrastive.shape[1], hidden_dim=64) criterion = nn.BCEWithLogitsLoss() optimizer = optim.Adam(model.parameters(), lr=0.001) # ==== Training Loop ==== model.train() epochs = 20 for epoch in range(epochs): epoch_loss = 0.0 for X_batch, adj_batch, contrastive_batch, y_batch"",False | C44_DI_REAL_1,4.4,fairness,Real-data disparate impact reported as 1.0,1.0,1.0,1,training\ensemble\train_hfagm.py,train_hfagm.py,""atch) loss = criterion(outputs, y_batch) loss.backward() optimizer.step() epoch_loss += loss.item() print(f""""Epoch {epoch+1}/{epochs}, Loss: {epoch_loss/len(dataloader):.4f}"""") # ==== Save Trained Model ==== os.makedirs(os.path.dirname(saved_model_path), exist_ok=True) torch.save(model.state_dict(), saved_model_path) print(f""""Model saved to: {saved_"
outputs\revision_audit\claim_evidence_detailed.csv,526,1.0,0,0,"C44_DI_REAL_1,4.4,fairness,Real-data disparate impact reported as 1.0,1.0,1.0,1,training\ensemble\train_hfagm.py,train_hfagm.py,""dataset = TensorDataset(X_tensor, adj_tensor, contrastive_tensor, y_tensor) dataloader = DataLoader(dataset, batch_size=32, shuffle=True) # ==== Initialize Model ==== model = HFAGM(input_dim=X.shape[1], contrastive_dim=contrastive.shape[1], hidden_dim=64) criterion = nn.BCEWithLogitsLoss() optimizer = optim.Adam(model.parameters(), lr=0.001) # ==== Training Loop ==== model.train() epochs = 20 for epoch in range(epochs): epoch_loss = 0.0 for X_batch, adj_batch, contrastive_batch, y_batch"",False","C44_DI_REAL_1,4.4,fairness,Real-data disparate impact reported as 1.0,1.0,1.0,1,training\ensemble\train_hfagm.py,train_hfagm.py,""type=torch.float32).unsqueeze(1) dataset = TensorDataset(X_tensor, adj_tensor, contrastive_tensor, y_tensor) dataloader = DataLoader(dataset, batch_size=32, shuffle=True) # ==== Initialize Model ==== model = HFAGM(input_dim=X.shape[1], contrastive_dim=contrastive.shape[1], hidden_dim=64) criterion = nn.BCEWithLogitsLoss() optimizer = optim.Adam(model.parameters(), lr=0.001) # ==== Training Loop ==== model.train() epochs = 20 for epoch in range(epochs): epoch_loss = 0.0 for X_batch, adj_"",False | C44_DI_REAL_1,4.4,fairness,Real-data disparate impact reported as 1.0,1.0,1.0,1,training\ensemble\train_hfagm.py,train_hfagm.py,""type=torch.float32).unsqueeze(1) dataset = TensorDataset(X_tensor, adj_tensor, contrastive_tensor, y_tensor) dataloader = DataLoader(dataset, batch_size=32, shuffle=True) # ==== Initialize Model ==== model = HFAGM(input_dim=X.shape[1], contrastive_dim=contrastive.shape[1], hidden_dim=64) criterion = nn.BCEWithLogitsLoss() optimizer = optim.Adam(model.parameters(), lr=0.001) # ==== Training Loop ==== model.train() epochs = 20 for epoch in range(epochs): epoch_loss = 0.0 for X_batch, adj_"",False | C44_DI_REAL_1,4.4,fairness,Real-data disparate impact reported as 1.0,1.0,1.0,1,training\ensemble\train_hfagm.py,train_hfagm.py,""dataset = TensorDataset(X_tensor, adj_tensor, contrastive_tensor, y_tensor) dataloader = DataLoader(dataset, batch_size=32, shuffle=True) # ==== Initialize Model ==== model = HFAGM(input_dim=X.shape[1], contrastive_dim=contrastive.shape[1], hidden_dim=64) criterion = nn.BCEWithLogitsLoss() optimizer = optim.Adam(model.parameters(), lr=0.001) # ==== Training Loop ==== model.train() epochs = 20 for epoch in range(epochs): epoch_loss = 0.0 for X_batch, adj_batch, contrastive_batch, y_batch"",False | C44_DI_REAL_1,4.4,fairness,Real-data disparate impact reported as 1.0,1.0,1.0,1,training\ensemble\train_hfagm.py,train_hfagm.py,""dataset = TensorDataset(X_tensor, adj_tensor, contrastive_tensor, y_tensor) dataloader = DataLoader(dataset, batch_size=32, shuffle=True) # ==== Initialize Model ==== model = HFAGM(input_dim=X.shape[1], contrastive_dim=contrastive.shape[1], hidden_dim=64) criterion = nn.BCEWithLogitsLoss() optimizer = optim.Adam(model.parameters(), lr=0.001) # ==== Training Loop ==== model.train() epochs = 20 for epoch in range(epochs): epoch_loss = 0.0 for X_batch, adj_batch, contrastive_batch, y_batch"",False | C44_DI_REAL_1,4.4,fairness,Real-data disparate impact reported as 1.0,1.0,1.0,1,training\ensemble\train_hfagm.py,train_hfagm.py,""atch) loss = criterion(outputs, y_batch) loss.backward() optimizer.step() epoch_loss += loss.item() print(f""""Epoch {epoch+1}/{epochs}, Loss: {epoch_loss/len(dataloader):.4f}"""") # ==== Save Trained Model ==== os.makedirs(os.path.dirname(saved_model_path), exist_ok=True) torch.save(model.state_dict(), saved_model_path) print(f""""Model saved to: {saved_"
outputs\revision_audit\claim_evidence_detailed.csv,526,1.0,0,0,"C44_DI_REAL_1,4.4,fairness,Real-data disparate impact reported as 1.0,1.0,1.0,1,training\ensemble\train_hfagm.py,train_hfagm.py,""dataset = TensorDataset(X_tensor, adj_tensor, contrastive_tensor, y_tensor) dataloader = DataLoader(dataset, batch_size=32, shuffle=True) # ==== Initialize Model ==== model = HFAGM(input_dim=X.shape[1], contrastive_dim=contrastive.shape[1], hidden_dim=64) criterion = nn.BCEWithLogitsLoss() optimizer = optim.Adam(model.parameters(), lr=0.001) # ==== Training Loop ==== model.train() epochs = 20 for epoch in range(epochs): epoch_loss = 0.0 for X_batch, adj_batch, contrastive_batch, y_batch"",False","C44_DI_REAL_1,4.4,fairness,Real-data disparate impact reported as 1.0,1.0,1.0,1,training\ensemble\train_hfagm.py,train_hfagm.py,""type=torch.float32).unsqueeze(1) dataset = TensorDataset(X_tensor, adj_tensor, contrastive_tensor, y_tensor) dataloader = DataLoader(dataset, batch_size=32, shuffle=True) # ==== Initialize Model ==== model = HFAGM(input_dim=X.shape[1], contrastive_dim=contrastive.shape[1], hidden_dim=64) criterion = nn.BCEWithLogitsLoss() optimizer = optim.Adam(model.parameters(), lr=0.001) # ==== Training Loop ==== model.train() epochs = 20 for epoch in range(epochs): epoch_loss = 0.0 for X_batch, adj_"",False | C44_DI_REAL_1,4.4,fairness,Real-data disparate impact reported as 1.0,1.0,1.0,1,training\ensemble\train_hfagm.py,train_hfagm.py,""type=torch.float32).unsqueeze(1) dataset = TensorDataset(X_tensor, adj_tensor, contrastive_tensor, y_tensor) dataloader = DataLoader(dataset, batch_size=32, shuffle=True) # ==== Initialize Model ==== model = HFAGM(input_dim=X.shape[1], contrastive_dim=contrastive.shape[1], hidden_dim=64) criterion = nn.BCEWithLogitsLoss() optimizer = optim.Adam(model.parameters(), lr=0.001) # ==== Training Loop ==== model.train() epochs = 20 for epoch in range(epochs): epoch_loss = 0.0 for X_batch, adj_"",False | C44_DI_REAL_1,4.4,fairness,Real-data disparate impact reported as 1.0,1.0,1.0,1,training\ensemble\train_hfagm.py,train_hfagm.py,""dataset = TensorDataset(X_tensor, adj_tensor, contrastive_tensor, y_tensor) dataloader = DataLoader(dataset, batch_size=32, shuffle=True) # ==== Initialize Model ==== model = HFAGM(input_dim=X.shape[1], contrastive_dim=contrastive.shape[1], hidden_dim=64) criterion = nn.BCEWithLogitsLoss() optimizer = optim.Adam(model.parameters(), lr=0.001) # ==== Training Loop ==== model.train() epochs = 20 for epoch in range(epochs): epoch_loss = 0.0 for X_batch, adj_batch, contrastive_batch, y_batch"",False | C44_DI_REAL_1,4.4,fairness,Real-data disparate impact reported as 1.0,1.0,1.0,1,training\ensemble\train_hfagm.py,train_hfagm.py,""dataset = TensorDataset(X_tensor, adj_tensor, contrastive_tensor, y_tensor) dataloader = DataLoader(dataset, batch_size=32, shuffle=True) # ==== Initialize Model ==== model = HFAGM(input_dim=X.shape[1], contrastive_dim=contrastive.shape[1], hidden_dim=64) criterion = nn.BCEWithLogitsLoss() optimizer = optim.Adam(model.parameters(), lr=0.001) # ==== Training Loop ==== model.train() epochs = 20 for epoch in range(epochs): epoch_loss = 0.0 for X_batch, adj_batch, contrastive_batch, y_batch"",False | C44_DI_REAL_1,4.4,fairness,Real-data disparate impact reported as 1.0,1.0,1.0,1,training\ensemble\train_hfagm.py,train_hfagm.py,""atch) loss = criterion(outputs, y_batch) loss.backward() optimizer.step() epoch_loss += loss.item() print(f""""Epoch {epoch+1}/{epochs}, Loss: {epoch_loss/len(dataloader):.4f}"""") # ==== Save Trained Model ==== os.makedirs(os.path.dirname(saved_model_path), exist_ok=True) torch.save(model.state_dict(), saved_model_path) print(f""""Model saved to: {saved_"
outputs\revision_audit\claim_evidence_detailed.csv,526,64.0,0,0,"C44_DI_REAL_1,4.4,fairness,Real-data disparate impact reported as 1.0,1.0,1.0,1,training\ensemble\train_hfagm.py,train_hfagm.py,""dataset = TensorDataset(X_tensor, adj_tensor, contrastive_tensor, y_tensor) dataloader = DataLoader(dataset, batch_size=32, shuffle=True) # ==== Initialize Model ==== model = HFAGM(input_dim=X.shape[1], contrastive_dim=contrastive.shape[1], hidden_dim=64) criterion = nn.BCEWithLogitsLoss() optimizer = optim.Adam(model.parameters(), lr=0.001) # ==== Training Loop ==== model.train() epochs = 20 for epoch in range(epochs): epoch_loss = 0.0 for X_batch, adj_batch, contrastive_batch, y_batch"",False","C44_DI_REAL_1,4.4,fairness,Real-data disparate impact reported as 1.0,1.0,1.0,1,training\ensemble\train_hfagm.py,train_hfagm.py,""type=torch.float32).unsqueeze(1) dataset = TensorDataset(X_tensor, adj_tensor, contrastive_tensor, y_tensor) dataloader = DataLoader(dataset, batch_size=32, shuffle=True) # ==== Initialize Model ==== model = HFAGM(input_dim=X.shape[1], contrastive_dim=contrastive.shape[1], hidden_dim=64) criterion = nn.BCEWithLogitsLoss() optimizer = optim.Adam(model.parameters(), lr=0.001) # ==== Training Loop ==== model.train() epochs = 20 for epoch in range(epochs): epoch_loss = 0.0 for X_batch, adj_"",False | C44_DI_REAL_1,4.4,fairness,Real-data disparate impact reported as 1.0,1.0,1.0,1,training\ensemble\train_hfagm.py,train_hfagm.py,""type=torch.float32).unsqueeze(1) dataset = TensorDataset(X_tensor, adj_tensor, contrastive_tensor, y_tensor) dataloader = DataLoader(dataset, batch_size=32, shuffle=True) # ==== Initialize Model ==== model = HFAGM(input_dim=X.shape[1], contrastive_dim=contrastive.shape[1], hidden_dim=64) criterion = nn.BCEWithLogitsLoss() optimizer = optim.Adam(model.parameters(), lr=0.001) # ==== Training Loop ==== model.train() epochs = 20 for epoch in range(epochs): epoch_loss = 0.0 for X_batch, adj_"",False | C44_DI_REAL_1,4.4,fairness,Real-data disparate impact reported as 1.0,1.0,1.0,1,training\ensemble\train_hfagm.py,train_hfagm.py,""dataset = TensorDataset(X_tensor, adj_tensor, contrastive_tensor, y_tensor) dataloader = DataLoader(dataset, batch_size=32, shuffle=True) # ==== Initialize Model ==== model = HFAGM(input_dim=X.shape[1], contrastive_dim=contrastive.shape[1], hidden_dim=64) criterion = nn.BCEWithLogitsLoss() optimizer = optim.Adam(model.parameters(), lr=0.001) # ==== Training Loop ==== model.train() epochs = 20 for epoch in range(epochs): epoch_loss = 0.0 for X_batch, adj_batch, contrastive_batch, y_batch"",False | C44_DI_REAL_1,4.4,fairness,Real-data disparate impact reported as 1.0,1.0,1.0,1,training\ensemble\train_hfagm.py,train_hfagm.py,""dataset = TensorDataset(X_tensor, adj_tensor, contrastive_tensor, y_tensor) dataloader = DataLoader(dataset, batch_size=32, shuffle=True) # ==== Initialize Model ==== model = HFAGM(input_dim=X.shape[1], contrastive_dim=contrastive.shape[1], hidden_dim=64) criterion = nn.BCEWithLogitsLoss() optimizer = optim.Adam(model.parameters(), lr=0.001) # ==== Training Loop ==== model.train() epochs = 20 for epoch in range(epochs): epoch_loss = 0.0 for X_batch, adj_batch, contrastive_batch, y_batch"",False | C44_DI_REAL_1,4.4,fairness,Real-data disparate impact reported as 1.0,1.0,1.0,1,training\ensemble\train_hfagm.py,train_hfagm.py,""atch) loss = criterion(outputs, y_batch) loss.backward() optimizer.step() epoch_loss += loss.item() print(f""""Epoch {epoch+1}/{epochs}, Loss: {epoch_loss/len(dataloader):.4f}"""") # ==== Save Trained Model ==== os.makedirs(os.path.dirname(saved_model_path), exist_ok=True) torch.save(model.state_dict(), saved_model_path) print(f""""Model saved to: {saved_"
outputs\revision_audit\claim_evidence_detailed.csv,526,20.0,0,0,"C44_DI_REAL_1,4.4,fairness,Real-data disparate impact reported as 1.0,1.0,1.0,1,training\ensemble\train_hfagm.py,train_hfagm.py,""dataset = TensorDataset(X_tensor, adj_tensor, contrastive_tensor, y_tensor) dataloader = DataLoader(dataset, batch_size=32, shuffle=True) # ==== Initialize Model ==== model = HFAGM(input_dim=X.shape[1], contrastive_dim=contrastive.shape[1], hidden_dim=64) criterion = nn.BCEWithLogitsLoss() optimizer = optim.Adam(model.parameters(), lr=0.001) # ==== Training Loop ==== model.train() epochs = 20 for epoch in range(epochs): epoch_loss = 0.0 for X_batch, adj_batch, contrastive_batch, y_batch"",False","C44_DI_REAL_1,4.4,fairness,Real-data disparate impact reported as 1.0,1.0,1.0,1,training\ensemble\train_hfagm.py,train_hfagm.py,""type=torch.float32).unsqueeze(1) dataset = TensorDataset(X_tensor, adj_tensor, contrastive_tensor, y_tensor) dataloader = DataLoader(dataset, batch_size=32, shuffle=True) # ==== Initialize Model ==== model = HFAGM(input_dim=X.shape[1], contrastive_dim=contrastive.shape[1], hidden_dim=64) criterion = nn.BCEWithLogitsLoss() optimizer = optim.Adam(model.parameters(), lr=0.001) # ==== Training Loop ==== model.train() epochs = 20 for epoch in range(epochs): epoch_loss = 0.0 for X_batch, adj_"",False | C44_DI_REAL_1,4.4,fairness,Real-data disparate impact reported as 1.0,1.0,1.0,1,training\ensemble\train_hfagm.py,train_hfagm.py,""type=torch.float32).unsqueeze(1) dataset = TensorDataset(X_tensor, adj_tensor, contrastive_tensor, y_tensor) dataloader = DataLoader(dataset, batch_size=32, shuffle=True) # ==== Initialize Model ==== model = HFAGM(input_dim=X.shape[1], contrastive_dim=contrastive.shape[1], hidden_dim=64) criterion = nn.BCEWithLogitsLoss() optimizer = optim.Adam(model.parameters(), lr=0.001) # ==== Training Loop ==== model.train() epochs = 20 for epoch in range(epochs): epoch_loss = 0.0 for X_batch, adj_"",False | C44_DI_REAL_1,4.4,fairness,Real-data disparate impact reported as 1.0,1.0,1.0,1,training\ensemble\train_hfagm.py,train_hfagm.py,""dataset = TensorDataset(X_tensor, adj_tensor, contrastive_tensor, y_tensor) dataloader = DataLoader(dataset, batch_size=32, shuffle=True) # ==== Initialize Model ==== model = HFAGM(input_dim=X.shape[1], contrastive_dim=contrastive.shape[1], hidden_dim=64) criterion = nn.BCEWithLogitsLoss() optimizer = optim.Adam(model.parameters(), lr=0.001) # ==== Training Loop ==== model.train() epochs = 20 for epoch in range(epochs): epoch_loss = 0.0 for X_batch, adj_batch, contrastive_batch, y_batch"",False | C44_DI_REAL_1,4.4,fairness,Real-data disparate impact reported as 1.0,1.0,1.0,1,training\ensemble\train_hfagm.py,train_hfagm.py,""dataset = TensorDataset(X_tensor, adj_tensor, contrastive_tensor, y_tensor) dataloader = DataLoader(dataset, batch_size=32, shuffle=True) # ==== Initialize Model ==== model = HFAGM(input_dim=X.shape[1], contrastive_dim=contrastive.shape[1], hidden_dim=64) criterion = nn.BCEWithLogitsLoss() optimizer = optim.Adam(model.parameters(), lr=0.001) # ==== Training Loop ==== model.train() epochs = 20 for epoch in range(epochs): epoch_loss = 0.0 for X_batch, adj_batch, contrastive_batch, y_batch"",False | C44_DI_REAL_1,4.4,fairness,Real-data disparate impact reported as 1.0,1.0,1.0,1,training\ensemble\train_hfagm.py,train_hfagm.py,""atch) loss = criterion(outputs, y_batch) loss.backward() optimizer.step() epoch_loss += loss.item() print(f""""Epoch {epoch+1}/{epochs}, Loss: {epoch_loss/len(dataloader):.4f}"""") # ==== Save Trained Model ==== os.makedirs(os.path.dirname(saved_model_path), exist_ok=True) torch.save(model.state_dict(), saved_model_path) print(f""""Model saved to: {saved_"
outputs\revision_audit\claim_evidence_detailed.csv,527,4.4,0,0,"C44_DI_REAL_1,4.4,fairness,Real-data disparate impact reported as 1.0,1.0,1.0,1,training\ensemble\train_hfagm.py,train_hfagm.py,""dataset = TensorDataset(X_tensor, adj_tensor, contrastive_tensor, y_tensor) dataloader = DataLoader(dataset, batch_size=32, shuffle=True) # ==== Initialize Model ==== model = HFAGM(input_dim=X.shape[1], contrastive_dim=contrastive.shape[1], hidden_dim=64) criterion = nn.BCEWithLogitsLoss() optimizer = optim.Adam(model.parameters(), lr=0.001) # ==== Training Loop ==== model.train() epochs = 20 for epoch in range(epochs): epoch_loss = 0.0 for X_batch, adj_batch, contrastive_batch, y_batch"",False","C44_DI_REAL_1,4.4,fairness,Real-data disparate impact reported as 1.0,1.0,1.0,1,training\ensemble\train_hfagm.py,train_hfagm.py,""type=torch.float32).unsqueeze(1) dataset = TensorDataset(X_tensor, adj_tensor, contrastive_tensor, y_tensor) dataloader = DataLoader(dataset, batch_size=32, shuffle=True) # ==== Initialize Model ==== model = HFAGM(input_dim=X.shape[1], contrastive_dim=contrastive.shape[1], hidden_dim=64) criterion = nn.BCEWithLogitsLoss() optimizer = optim.Adam(model.parameters(), lr=0.001) # ==== Training Loop ==== model.train() epochs = 20 for epoch in range(epochs): epoch_loss = 0.0 for X_batch, adj_"",False | C44_DI_REAL_1,4.4,fairness,Real-data disparate impact reported as 1.0,1.0,1.0,1,training\ensemble\train_hfagm.py,train_hfagm.py,""dataset = TensorDataset(X_tensor, adj_tensor, contrastive_tensor, y_tensor) dataloader = DataLoader(dataset, batch_size=32, shuffle=True) # ==== Initialize Model ==== model = HFAGM(input_dim=X.shape[1], contrastive_dim=contrastive.shape[1], hidden_dim=64) criterion = nn.BCEWithLogitsLoss() optimizer = optim.Adam(model.parameters(), lr=0.001) # ==== Training Loop ==== model.train() epochs = 20 for epoch in range(epochs): epoch_loss = 0.0 for X_batch, adj_batch, contrastive_batch, y_batch"",False | C44_DI_REAL_1,4.4,fairness,Real-data disparate impact reported as 1.0,1.0,1.0,1,training\ensemble\train_hfagm.py,train_hfagm.py,""dataset = TensorDataset(X_tensor, adj_tensor, contrastive_tensor, y_tensor) dataloader = DataLoader(dataset, batch_size=32, shuffle=True) # ==== Initialize Model ==== model = HFAGM(input_dim=X.shape[1], contrastive_dim=contrastive.shape[1], hidden_dim=64) criterion = nn.BCEWithLogitsLoss() optimizer = optim.Adam(model.parameters(), lr=0.001) # ==== Training Loop ==== model.train() epochs = 20 for epoch in range(epochs): epoch_loss = 0.0 for X_batch, adj_batch, contrastive_batch, y_batch"",False | C44_DI_REAL_1,4.4,fairness,Real-data disparate impact reported as 1.0,1.0,1.0,1,training\ensemble\train_hfagm.py,train_hfagm.py,""atch) loss = criterion(outputs, y_batch) loss.backward() optimizer.step() epoch_loss += loss.item() print(f""""Epoch {epoch+1}/{epochs}, Loss: {epoch_loss/len(dataloader):.4f}"""") # ==== Save Trained Model ==== os.makedirs(os.path.dirname(saved_model_path), exist_ok=True) torch.save(model.state_dict(), saved_model_path) print(f""""Model saved to: {saved_model_path}"""") # ==== Evaluation ==== model.eval() with torch.no_grad(): logits = model(X_tensor, adj_tensor, con"",False | C44_DI_REAL_1,4.4,fairness,Real-data disparate impact reported as 1.0,1.0,1.0,1,training\ensemble\train_hfagm.py,train_hfagm.py,""loss = criterion(outputs, y_batch) loss.backward() optimizer.step() epoch_loss += loss.item() print(f""""Epoch {epoch+1}/{epochs}, Loss: {epoch_loss/len(dataloader):.4f}"""") # ==== Save Trained Model ==== os.makedirs(os.path.dirname(saved_model_path), exist_ok=True) torch.save(model.state_dict(), saved_model_path) print(f""""Model saved to: {saved_model_path}"""") # ==== Evaluation "
outputs\revision_audit\claim_evidence_detailed.csv,527,1.0,0,0,"C44_DI_REAL_1,4.4,fairness,Real-data disparate impact reported as 1.0,1.0,1.0,1,training\ensemble\train_hfagm.py,train_hfagm.py,""dataset = TensorDataset(X_tensor, adj_tensor, contrastive_tensor, y_tensor) dataloader = DataLoader(dataset, batch_size=32, shuffle=True) # ==== Initialize Model ==== model = HFAGM(input_dim=X.shape[1], contrastive_dim=contrastive.shape[1], hidden_dim=64) criterion = nn.BCEWithLogitsLoss() optimizer = optim.Adam(model.parameters(), lr=0.001) # ==== Training Loop ==== model.train() epochs = 20 for epoch in range(epochs): epoch_loss = 0.0 for X_batch, adj_batch, contrastive_batch, y_batch"",False","C44_DI_REAL_1,4.4,fairness,Real-data disparate impact reported as 1.0,1.0,1.0,1,training\ensemble\train_hfagm.py,train_hfagm.py,""type=torch.float32).unsqueeze(1) dataset = TensorDataset(X_tensor, adj_tensor, contrastive_tensor, y_tensor) dataloader = DataLoader(dataset, batch_size=32, shuffle=True) # ==== Initialize Model ==== model = HFAGM(input_dim=X.shape[1], contrastive_dim=contrastive.shape[1], hidden_dim=64) criterion = nn.BCEWithLogitsLoss() optimizer = optim.Adam(model.parameters(), lr=0.001) # ==== Training Loop ==== model.train() epochs = 20 for epoch in range(epochs): epoch_loss = 0.0 for X_batch, adj_"",False | C44_DI_REAL_1,4.4,fairness,Real-data disparate impact reported as 1.0,1.0,1.0,1,training\ensemble\train_hfagm.py,train_hfagm.py,""dataset = TensorDataset(X_tensor, adj_tensor, contrastive_tensor, y_tensor) dataloader = DataLoader(dataset, batch_size=32, shuffle=True) # ==== Initialize Model ==== model = HFAGM(input_dim=X.shape[1], contrastive_dim=contrastive.shape[1], hidden_dim=64) criterion = nn.BCEWithLogitsLoss() optimizer = optim.Adam(model.parameters(), lr=0.001) # ==== Training Loop ==== model.train() epochs = 20 for epoch in range(epochs): epoch_loss = 0.0 for X_batch, adj_batch, contrastive_batch, y_batch"",False | C44_DI_REAL_1,4.4,fairness,Real-data disparate impact reported as 1.0,1.0,1.0,1,training\ensemble\train_hfagm.py,train_hfagm.py,""dataset = TensorDataset(X_tensor, adj_tensor, contrastive_tensor, y_tensor) dataloader = DataLoader(dataset, batch_size=32, shuffle=True) # ==== Initialize Model ==== model = HFAGM(input_dim=X.shape[1], contrastive_dim=contrastive.shape[1], hidden_dim=64) criterion = nn.BCEWithLogitsLoss() optimizer = optim.Adam(model.parameters(), lr=0.001) # ==== Training Loop ==== model.train() epochs = 20 for epoch in range(epochs): epoch_loss = 0.0 for X_batch, adj_batch, contrastive_batch, y_batch"",False | C44_DI_REAL_1,4.4,fairness,Real-data disparate impact reported as 1.0,1.0,1.0,1,training\ensemble\train_hfagm.py,train_hfagm.py,""atch) loss = criterion(outputs, y_batch) loss.backward() optimizer.step() epoch_loss += loss.item() print(f""""Epoch {epoch+1}/{epochs}, Loss: {epoch_loss/len(dataloader):.4f}"""") # ==== Save Trained Model ==== os.makedirs(os.path.dirname(saved_model_path), exist_ok=True) torch.save(model.state_dict(), saved_model_path) print(f""""Model saved to: {saved_model_path}"""") # ==== Evaluation ==== model.eval() with torch.no_grad(): logits = model(X_tensor, adj_tensor, con"",False | C44_DI_REAL_1,4.4,fairness,Real-data disparate impact reported as 1.0,1.0,1.0,1,training\ensemble\train_hfagm.py,train_hfagm.py,""loss = criterion(outputs, y_batch) loss.backward() optimizer.step() epoch_loss += loss.item() print(f""""Epoch {epoch+1}/{epochs}, Loss: {epoch_loss/len(dataloader):.4f}"""") # ==== Save Trained Model ==== os.makedirs(os.path.dirname(saved_model_path), exist_ok=True) torch.save(model.state_dict(), saved_model_path) print(f""""Model saved to: {saved_model_path}"""") # ==== Evaluation "
outputs\revision_audit\claim_evidence_detailed.csv,527,1.0,0,0,"C44_DI_REAL_1,4.4,fairness,Real-data disparate impact reported as 1.0,1.0,1.0,1,training\ensemble\train_hfagm.py,train_hfagm.py,""dataset = TensorDataset(X_tensor, adj_tensor, contrastive_tensor, y_tensor) dataloader = DataLoader(dataset, batch_size=32, shuffle=True) # ==== Initialize Model ==== model = HFAGM(input_dim=X.shape[1], contrastive_dim=contrastive.shape[1], hidden_dim=64) criterion = nn.BCEWithLogitsLoss() optimizer = optim.Adam(model.parameters(), lr=0.001) # ==== Training Loop ==== model.train() epochs = 20 for epoch in range(epochs): epoch_loss = 0.0 for X_batch, adj_batch, contrastive_batch, y_batch"",False","C44_DI_REAL_1,4.4,fairness,Real-data disparate impact reported as 1.0,1.0,1.0,1,training\ensemble\train_hfagm.py,train_hfagm.py,""type=torch.float32).unsqueeze(1) dataset = TensorDataset(X_tensor, adj_tensor, contrastive_tensor, y_tensor) dataloader = DataLoader(dataset, batch_size=32, shuffle=True) # ==== Initialize Model ==== model = HFAGM(input_dim=X.shape[1], contrastive_dim=contrastive.shape[1], hidden_dim=64) criterion = nn.BCEWithLogitsLoss() optimizer = optim.Adam(model.parameters(), lr=0.001) # ==== Training Loop ==== model.train() epochs = 20 for epoch in range(epochs): epoch_loss = 0.0 for X_batch, adj_"",False | C44_DI_REAL_1,4.4,fairness,Real-data disparate impact reported as 1.0,1.0,1.0,1,training\ensemble\train_hfagm.py,train_hfagm.py,""dataset = TensorDataset(X_tensor, adj_tensor, contrastive_tensor, y_tensor) dataloader = DataLoader(dataset, batch_size=32, shuffle=True) # ==== Initialize Model ==== model = HFAGM(input_dim=X.shape[1], contrastive_dim=contrastive.shape[1], hidden_dim=64) criterion = nn.BCEWithLogitsLoss() optimizer = optim.Adam(model.parameters(), lr=0.001) # ==== Training Loop ==== model.train() epochs = 20 for epoch in range(epochs): epoch_loss = 0.0 for X_batch, adj_batch, contrastive_batch, y_batch"",False | C44_DI_REAL_1,4.4,fairness,Real-data disparate impact reported as 1.0,1.0,1.0,1,training\ensemble\train_hfagm.py,train_hfagm.py,""dataset = TensorDataset(X_tensor, adj_tensor, contrastive_tensor, y_tensor) dataloader = DataLoader(dataset, batch_size=32, shuffle=True) # ==== Initialize Model ==== model = HFAGM(input_dim=X.shape[1], contrastive_dim=contrastive.shape[1], hidden_dim=64) criterion = nn.BCEWithLogitsLoss() optimizer = optim.Adam(model.parameters(), lr=0.001) # ==== Training Loop ==== model.train() epochs = 20 for epoch in range(epochs): epoch_loss = 0.0 for X_batch, adj_batch, contrastive_batch, y_batch"",False | C44_DI_REAL_1,4.4,fairness,Real-data disparate impact reported as 1.0,1.0,1.0,1,training\ensemble\train_hfagm.py,train_hfagm.py,""atch) loss = criterion(outputs, y_batch) loss.backward() optimizer.step() epoch_loss += loss.item() print(f""""Epoch {epoch+1}/{epochs}, Loss: {epoch_loss/len(dataloader):.4f}"""") # ==== Save Trained Model ==== os.makedirs(os.path.dirname(saved_model_path), exist_ok=True) torch.save(model.state_dict(), saved_model_path) print(f""""Model saved to: {saved_model_path}"""") # ==== Evaluation ==== model.eval() with torch.no_grad(): logits = model(X_tensor, adj_tensor, con"",False | C44_DI_REAL_1,4.4,fairness,Real-data disparate impact reported as 1.0,1.0,1.0,1,training\ensemble\train_hfagm.py,train_hfagm.py,""loss = criterion(outputs, y_batch) loss.backward() optimizer.step() epoch_loss += loss.item() print(f""""Epoch {epoch+1}/{epochs}, Loss: {epoch_loss/len(dataloader):.4f}"""") # ==== Save Trained Model ==== os.makedirs(os.path.dirname(saved_model_path), exist_ok=True) torch.save(model.state_dict(), saved_model_path) print(f""""Model saved to: {saved_model_path}"""") # ==== Evaluation "
outputs\revision_audit\claim_evidence_detailed.csv,527,1.0,0,0,"C44_DI_REAL_1,4.4,fairness,Real-data disparate impact reported as 1.0,1.0,1.0,1,training\ensemble\train_hfagm.py,train_hfagm.py,""dataset = TensorDataset(X_tensor, adj_tensor, contrastive_tensor, y_tensor) dataloader = DataLoader(dataset, batch_size=32, shuffle=True) # ==== Initialize Model ==== model = HFAGM(input_dim=X.shape[1], contrastive_dim=contrastive.shape[1], hidden_dim=64) criterion = nn.BCEWithLogitsLoss() optimizer = optim.Adam(model.parameters(), lr=0.001) # ==== Training Loop ==== model.train() epochs = 20 for epoch in range(epochs): epoch_loss = 0.0 for X_batch, adj_batch, contrastive_batch, y_batch"",False","C44_DI_REAL_1,4.4,fairness,Real-data disparate impact reported as 1.0,1.0,1.0,1,training\ensemble\train_hfagm.py,train_hfagm.py,""type=torch.float32).unsqueeze(1) dataset = TensorDataset(X_tensor, adj_tensor, contrastive_tensor, y_tensor) dataloader = DataLoader(dataset, batch_size=32, shuffle=True) # ==== Initialize Model ==== model = HFAGM(input_dim=X.shape[1], contrastive_dim=contrastive.shape[1], hidden_dim=64) criterion = nn.BCEWithLogitsLoss() optimizer = optim.Adam(model.parameters(), lr=0.001) # ==== Training Loop ==== model.train() epochs = 20 for epoch in range(epochs): epoch_loss = 0.0 for X_batch, adj_"",False | C44_DI_REAL_1,4.4,fairness,Real-data disparate impact reported as 1.0,1.0,1.0,1,training\ensemble\train_hfagm.py,train_hfagm.py,""dataset = TensorDataset(X_tensor, adj_tensor, contrastive_tensor, y_tensor) dataloader = DataLoader(dataset, batch_size=32, shuffle=True) # ==== Initialize Model ==== model = HFAGM(input_dim=X.shape[1], contrastive_dim=contrastive.shape[1], hidden_dim=64) criterion = nn.BCEWithLogitsLoss() optimizer = optim.Adam(model.parameters(), lr=0.001) # ==== Training Loop ==== model.train() epochs = 20 for epoch in range(epochs): epoch_loss = 0.0 for X_batch, adj_batch, contrastive_batch, y_batch"",False | C44_DI_REAL_1,4.4,fairness,Real-data disparate impact reported as 1.0,1.0,1.0,1,training\ensemble\train_hfagm.py,train_hfagm.py,""dataset = TensorDataset(X_tensor, adj_tensor, contrastive_tensor, y_tensor) dataloader = DataLoader(dataset, batch_size=32, shuffle=True) # ==== Initialize Model ==== model = HFAGM(input_dim=X.shape[1], contrastive_dim=contrastive.shape[1], hidden_dim=64) criterion = nn.BCEWithLogitsLoss() optimizer = optim.Adam(model.parameters(), lr=0.001) # ==== Training Loop ==== model.train() epochs = 20 for epoch in range(epochs): epoch_loss = 0.0 for X_batch, adj_batch, contrastive_batch, y_batch"",False | C44_DI_REAL_1,4.4,fairness,Real-data disparate impact reported as 1.0,1.0,1.0,1,training\ensemble\train_hfagm.py,train_hfagm.py,""atch) loss = criterion(outputs, y_batch) loss.backward() optimizer.step() epoch_loss += loss.item() print(f""""Epoch {epoch+1}/{epochs}, Loss: {epoch_loss/len(dataloader):.4f}"""") # ==== Save Trained Model ==== os.makedirs(os.path.dirname(saved_model_path), exist_ok=True) torch.save(model.state_dict(), saved_model_path) print(f""""Model saved to: {saved_model_path}"""") # ==== Evaluation ==== model.eval() with torch.no_grad(): logits = model(X_tensor, adj_tensor, con"",False | C44_DI_REAL_1,4.4,fairness,Real-data disparate impact reported as 1.0,1.0,1.0,1,training\ensemble\train_hfagm.py,train_hfagm.py,""loss = criterion(outputs, y_batch) loss.backward() optimizer.step() epoch_loss += loss.item() print(f""""Epoch {epoch+1}/{epochs}, Loss: {epoch_loss/len(dataloader):.4f}"""") # ==== Save Trained Model ==== os.makedirs(os.path.dirname(saved_model_path), exist_ok=True) torch.save(model.state_dict(), saved_model_path) print(f""""Model saved to: {saved_model_path}"""") # ==== Evaluation "
outputs\revision_audit\claim_evidence_detailed.csv,527,1.0,0,0,"C44_DI_REAL_1,4.4,fairness,Real-data disparate impact reported as 1.0,1.0,1.0,1,training\ensemble\train_hfagm.py,train_hfagm.py,""dataset = TensorDataset(X_tensor, adj_tensor, contrastive_tensor, y_tensor) dataloader = DataLoader(dataset, batch_size=32, shuffle=True) # ==== Initialize Model ==== model = HFAGM(input_dim=X.shape[1], contrastive_dim=contrastive.shape[1], hidden_dim=64) criterion = nn.BCEWithLogitsLoss() optimizer = optim.Adam(model.parameters(), lr=0.001) # ==== Training Loop ==== model.train() epochs = 20 for epoch in range(epochs): epoch_loss = 0.0 for X_batch, adj_batch, contrastive_batch, y_batch"",False","C44_DI_REAL_1,4.4,fairness,Real-data disparate impact reported as 1.0,1.0,1.0,1,training\ensemble\train_hfagm.py,train_hfagm.py,""type=torch.float32).unsqueeze(1) dataset = TensorDataset(X_tensor, adj_tensor, contrastive_tensor, y_tensor) dataloader = DataLoader(dataset, batch_size=32, shuffle=True) # ==== Initialize Model ==== model = HFAGM(input_dim=X.shape[1], contrastive_dim=contrastive.shape[1], hidden_dim=64) criterion = nn.BCEWithLogitsLoss() optimizer = optim.Adam(model.parameters(), lr=0.001) # ==== Training Loop ==== model.train() epochs = 20 for epoch in range(epochs): epoch_loss = 0.0 for X_batch, adj_"",False | C44_DI_REAL_1,4.4,fairness,Real-data disparate impact reported as 1.0,1.0,1.0,1,training\ensemble\train_hfagm.py,train_hfagm.py,""dataset = TensorDataset(X_tensor, adj_tensor, contrastive_tensor, y_tensor) dataloader = DataLoader(dataset, batch_size=32, shuffle=True) # ==== Initialize Model ==== model = HFAGM(input_dim=X.shape[1], contrastive_dim=contrastive.shape[1], hidden_dim=64) criterion = nn.BCEWithLogitsLoss() optimizer = optim.Adam(model.parameters(), lr=0.001) # ==== Training Loop ==== model.train() epochs = 20 for epoch in range(epochs): epoch_loss = 0.0 for X_batch, adj_batch, contrastive_batch, y_batch"",False | C44_DI_REAL_1,4.4,fairness,Real-data disparate impact reported as 1.0,1.0,1.0,1,training\ensemble\train_hfagm.py,train_hfagm.py,""dataset = TensorDataset(X_tensor, adj_tensor, contrastive_tensor, y_tensor) dataloader = DataLoader(dataset, batch_size=32, shuffle=True) # ==== Initialize Model ==== model = HFAGM(input_dim=X.shape[1], contrastive_dim=contrastive.shape[1], hidden_dim=64) criterion = nn.BCEWithLogitsLoss() optimizer = optim.Adam(model.parameters(), lr=0.001) # ==== Training Loop ==== model.train() epochs = 20 for epoch in range(epochs): epoch_loss = 0.0 for X_batch, adj_batch, contrastive_batch, y_batch"",False | C44_DI_REAL_1,4.4,fairness,Real-data disparate impact reported as 1.0,1.0,1.0,1,training\ensemble\train_hfagm.py,train_hfagm.py,""atch) loss = criterion(outputs, y_batch) loss.backward() optimizer.step() epoch_loss += loss.item() print(f""""Epoch {epoch+1}/{epochs}, Loss: {epoch_loss/len(dataloader):.4f}"""") # ==== Save Trained Model ==== os.makedirs(os.path.dirname(saved_model_path), exist_ok=True) torch.save(model.state_dict(), saved_model_path) print(f""""Model saved to: {saved_model_path}"""") # ==== Evaluation ==== model.eval() with torch.no_grad(): logits = model(X_tensor, adj_tensor, con"",False | C44_DI_REAL_1,4.4,fairness,Real-data disparate impact reported as 1.0,1.0,1.0,1,training\ensemble\train_hfagm.py,train_hfagm.py,""loss = criterion(outputs, y_batch) loss.backward() optimizer.step() epoch_loss += loss.item() print(f""""Epoch {epoch+1}/{epochs}, Loss: {epoch_loss/len(dataloader):.4f}"""") # ==== Save Trained Model ==== os.makedirs(os.path.dirname(saved_model_path), exist_ok=True) torch.save(model.state_dict(), saved_model_path) print(f""""Model saved to: {saved_model_path}"""") # ==== Evaluation "
outputs\revision_audit\claim_evidence_detailed.csv,527,32.0,0,0,"C44_DI_REAL_1,4.4,fairness,Real-data disparate impact reported as 1.0,1.0,1.0,1,training\ensemble\train_hfagm.py,train_hfagm.py,""dataset = TensorDataset(X_tensor, adj_tensor, contrastive_tensor, y_tensor) dataloader = DataLoader(dataset, batch_size=32, shuffle=True) # ==== Initialize Model ==== model = HFAGM(input_dim=X.shape[1], contrastive_dim=contrastive.shape[1], hidden_dim=64) criterion = nn.BCEWithLogitsLoss() optimizer = optim.Adam(model.parameters(), lr=0.001) # ==== Training Loop ==== model.train() epochs = 20 for epoch in range(epochs): epoch_loss = 0.0 for X_batch, adj_batch, contrastive_batch, y_batch"",False","C44_DI_REAL_1,4.4,fairness,Real-data disparate impact reported as 1.0,1.0,1.0,1,training\ensemble\train_hfagm.py,train_hfagm.py,""type=torch.float32).unsqueeze(1) dataset = TensorDataset(X_tensor, adj_tensor, contrastive_tensor, y_tensor) dataloader = DataLoader(dataset, batch_size=32, shuffle=True) # ==== Initialize Model ==== model = HFAGM(input_dim=X.shape[1], contrastive_dim=contrastive.shape[1], hidden_dim=64) criterion = nn.BCEWithLogitsLoss() optimizer = optim.Adam(model.parameters(), lr=0.001) # ==== Training Loop ==== model.train() epochs = 20 for epoch in range(epochs): epoch_loss = 0.0 for X_batch, adj_"",False | C44_DI_REAL_1,4.4,fairness,Real-data disparate impact reported as 1.0,1.0,1.0,1,training\ensemble\train_hfagm.py,train_hfagm.py,""dataset = TensorDataset(X_tensor, adj_tensor, contrastive_tensor, y_tensor) dataloader = DataLoader(dataset, batch_size=32, shuffle=True) # ==== Initialize Model ==== model = HFAGM(input_dim=X.shape[1], contrastive_dim=contrastive.shape[1], hidden_dim=64) criterion = nn.BCEWithLogitsLoss() optimizer = optim.Adam(model.parameters(), lr=0.001) # ==== Training Loop ==== model.train() epochs = 20 for epoch in range(epochs): epoch_loss = 0.0 for X_batch, adj_batch, contrastive_batch, y_batch"",False | C44_DI_REAL_1,4.4,fairness,Real-data disparate impact reported as 1.0,1.0,1.0,1,training\ensemble\train_hfagm.py,train_hfagm.py,""dataset = TensorDataset(X_tensor, adj_tensor, contrastive_tensor, y_tensor) dataloader = DataLoader(dataset, batch_size=32, shuffle=True) # ==== Initialize Model ==== model = HFAGM(input_dim=X.shape[1], contrastive_dim=contrastive.shape[1], hidden_dim=64) criterion = nn.BCEWithLogitsLoss() optimizer = optim.Adam(model.parameters(), lr=0.001) # ==== Training Loop ==== model.train() epochs = 20 for epoch in range(epochs): epoch_loss = 0.0 for X_batch, adj_batch, contrastive_batch, y_batch"",False | C44_DI_REAL_1,4.4,fairness,Real-data disparate impact reported as 1.0,1.0,1.0,1,training\ensemble\train_hfagm.py,train_hfagm.py,""atch) loss = criterion(outputs, y_batch) loss.backward() optimizer.step() epoch_loss += loss.item() print(f""""Epoch {epoch+1}/{epochs}, Loss: {epoch_loss/len(dataloader):.4f}"""") # ==== Save Trained Model ==== os.makedirs(os.path.dirname(saved_model_path), exist_ok=True) torch.save(model.state_dict(), saved_model_path) print(f""""Model saved to: {saved_model_path}"""") # ==== Evaluation ==== model.eval() with torch.no_grad(): logits = model(X_tensor, adj_tensor, con"",False | C44_DI_REAL_1,4.4,fairness,Real-data disparate impact reported as 1.0,1.0,1.0,1,training\ensemble\train_hfagm.py,train_hfagm.py,""loss = criterion(outputs, y_batch) loss.backward() optimizer.step() epoch_loss += loss.item() print(f""""Epoch {epoch+1}/{epochs}, Loss: {epoch_loss/len(dataloader):.4f}"""") # ==== Save Trained Model ==== os.makedirs(os.path.dirname(saved_model_path), exist_ok=True) torch.save(model.state_dict(), saved_model_path) print(f""""Model saved to: {saved_model_path}"""") # ==== Evaluation "
outputs\revision_audit\claim_evidence_detailed.csv,527,1.0,0,0,"C44_DI_REAL_1,4.4,fairness,Real-data disparate impact reported as 1.0,1.0,1.0,1,training\ensemble\train_hfagm.py,train_hfagm.py,""dataset = TensorDataset(X_tensor, adj_tensor, contrastive_tensor, y_tensor) dataloader = DataLoader(dataset, batch_size=32, shuffle=True) # ==== Initialize Model ==== model = HFAGM(input_dim=X.shape[1], contrastive_dim=contrastive.shape[1], hidden_dim=64) criterion = nn.BCEWithLogitsLoss() optimizer = optim.Adam(model.parameters(), lr=0.001) # ==== Training Loop ==== model.train() epochs = 20 for epoch in range(epochs): epoch_loss = 0.0 for X_batch, adj_batch, contrastive_batch, y_batch"",False","C44_DI_REAL_1,4.4,fairness,Real-data disparate impact reported as 1.0,1.0,1.0,1,training\ensemble\train_hfagm.py,train_hfagm.py,""type=torch.float32).unsqueeze(1) dataset = TensorDataset(X_tensor, adj_tensor, contrastive_tensor, y_tensor) dataloader = DataLoader(dataset, batch_size=32, shuffle=True) # ==== Initialize Model ==== model = HFAGM(input_dim=X.shape[1], contrastive_dim=contrastive.shape[1], hidden_dim=64) criterion = nn.BCEWithLogitsLoss() optimizer = optim.Adam(model.parameters(), lr=0.001) # ==== Training Loop ==== model.train() epochs = 20 for epoch in range(epochs): epoch_loss = 0.0 for X_batch, adj_"",False | C44_DI_REAL_1,4.4,fairness,Real-data disparate impact reported as 1.0,1.0,1.0,1,training\ensemble\train_hfagm.py,train_hfagm.py,""dataset = TensorDataset(X_tensor, adj_tensor, contrastive_tensor, y_tensor) dataloader = DataLoader(dataset, batch_size=32, shuffle=True) # ==== Initialize Model ==== model = HFAGM(input_dim=X.shape[1], contrastive_dim=contrastive.shape[1], hidden_dim=64) criterion = nn.BCEWithLogitsLoss() optimizer = optim.Adam(model.parameters(), lr=0.001) # ==== Training Loop ==== model.train() epochs = 20 for epoch in range(epochs): epoch_loss = 0.0 for X_batch, adj_batch, contrastive_batch, y_batch"",False | C44_DI_REAL_1,4.4,fairness,Real-data disparate impact reported as 1.0,1.0,1.0,1,training\ensemble\train_hfagm.py,train_hfagm.py,""dataset = TensorDataset(X_tensor, adj_tensor, contrastive_tensor, y_tensor) dataloader = DataLoader(dataset, batch_size=32, shuffle=True) # ==== Initialize Model ==== model = HFAGM(input_dim=X.shape[1], contrastive_dim=contrastive.shape[1], hidden_dim=64) criterion = nn.BCEWithLogitsLoss() optimizer = optim.Adam(model.parameters(), lr=0.001) # ==== Training Loop ==== model.train() epochs = 20 for epoch in range(epochs): epoch_loss = 0.0 for X_batch, adj_batch, contrastive_batch, y_batch"",False | C44_DI_REAL_1,4.4,fairness,Real-data disparate impact reported as 1.0,1.0,1.0,1,training\ensemble\train_hfagm.py,train_hfagm.py,""atch) loss = criterion(outputs, y_batch) loss.backward() optimizer.step() epoch_loss += loss.item() print(f""""Epoch {epoch+1}/{epochs}, Loss: {epoch_loss/len(dataloader):.4f}"""") # ==== Save Trained Model ==== os.makedirs(os.path.dirname(saved_model_path), exist_ok=True) torch.save(model.state_dict(), saved_model_path) print(f""""Model saved to: {saved_model_path}"""") # ==== Evaluation ==== model.eval() with torch.no_grad(): logits = model(X_tensor, adj_tensor, con"",False | C44_DI_REAL_1,4.4,fairness,Real-data disparate impact reported as 1.0,1.0,1.0,1,training\ensemble\train_hfagm.py,train_hfagm.py,""loss = criterion(outputs, y_batch) loss.backward() optimizer.step() epoch_loss += loss.item() print(f""""Epoch {epoch+1}/{epochs}, Loss: {epoch_loss/len(dataloader):.4f}"""") # ==== Save Trained Model ==== os.makedirs(os.path.dirname(saved_model_path), exist_ok=True) torch.save(model.state_dict(), saved_model_path) print(f""""Model saved to: {saved_model_path}"""") # ==== Evaluation "
outputs\revision_audit\claim_evidence_detailed.csv,527,1.0,0,0,"C44_DI_REAL_1,4.4,fairness,Real-data disparate impact reported as 1.0,1.0,1.0,1,training\ensemble\train_hfagm.py,train_hfagm.py,""dataset = TensorDataset(X_tensor, adj_tensor, contrastive_tensor, y_tensor) dataloader = DataLoader(dataset, batch_size=32, shuffle=True) # ==== Initialize Model ==== model = HFAGM(input_dim=X.shape[1], contrastive_dim=contrastive.shape[1], hidden_dim=64) criterion = nn.BCEWithLogitsLoss() optimizer = optim.Adam(model.parameters(), lr=0.001) # ==== Training Loop ==== model.train() epochs = 20 for epoch in range(epochs): epoch_loss = 0.0 for X_batch, adj_batch, contrastive_batch, y_batch"",False","C44_DI_REAL_1,4.4,fairness,Real-data disparate impact reported as 1.0,1.0,1.0,1,training\ensemble\train_hfagm.py,train_hfagm.py,""type=torch.float32).unsqueeze(1) dataset = TensorDataset(X_tensor, adj_tensor, contrastive_tensor, y_tensor) dataloader = DataLoader(dataset, batch_size=32, shuffle=True) # ==== Initialize Model ==== model = HFAGM(input_dim=X.shape[1], contrastive_dim=contrastive.shape[1], hidden_dim=64) criterion = nn.BCEWithLogitsLoss() optimizer = optim.Adam(model.parameters(), lr=0.001) # ==== Training Loop ==== model.train() epochs = 20 for epoch in range(epochs): epoch_loss = 0.0 for X_batch, adj_"",False | C44_DI_REAL_1,4.4,fairness,Real-data disparate impact reported as 1.0,1.0,1.0,1,training\ensemble\train_hfagm.py,train_hfagm.py,""dataset = TensorDataset(X_tensor, adj_tensor, contrastive_tensor, y_tensor) dataloader = DataLoader(dataset, batch_size=32, shuffle=True) # ==== Initialize Model ==== model = HFAGM(input_dim=X.shape[1], contrastive_dim=contrastive.shape[1], hidden_dim=64) criterion = nn.BCEWithLogitsLoss() optimizer = optim.Adam(model.parameters(), lr=0.001) # ==== Training Loop ==== model.train() epochs = 20 for epoch in range(epochs): epoch_loss = 0.0 for X_batch, adj_batch, contrastive_batch, y_batch"",False | C44_DI_REAL_1,4.4,fairness,Real-data disparate impact reported as 1.0,1.0,1.0,1,training\ensemble\train_hfagm.py,train_hfagm.py,""dataset = TensorDataset(X_tensor, adj_tensor, contrastive_tensor, y_tensor) dataloader = DataLoader(dataset, batch_size=32, shuffle=True) # ==== Initialize Model ==== model = HFAGM(input_dim=X.shape[1], contrastive_dim=contrastive.shape[1], hidden_dim=64) criterion = nn.BCEWithLogitsLoss() optimizer = optim.Adam(model.parameters(), lr=0.001) # ==== Training Loop ==== model.train() epochs = 20 for epoch in range(epochs): epoch_loss = 0.0 for X_batch, adj_batch, contrastive_batch, y_batch"",False | C44_DI_REAL_1,4.4,fairness,Real-data disparate impact reported as 1.0,1.0,1.0,1,training\ensemble\train_hfagm.py,train_hfagm.py,""atch) loss = criterion(outputs, y_batch) loss.backward() optimizer.step() epoch_loss += loss.item() print(f""""Epoch {epoch+1}/{epochs}, Loss: {epoch_loss/len(dataloader):.4f}"""") # ==== Save Trained Model ==== os.makedirs(os.path.dirname(saved_model_path), exist_ok=True) torch.save(model.state_dict(), saved_model_path) print(f""""Model saved to: {saved_model_path}"""") # ==== Evaluation ==== model.eval() with torch.no_grad(): logits = model(X_tensor, adj_tensor, con"",False | C44_DI_REAL_1,4.4,fairness,Real-data disparate impact reported as 1.0,1.0,1.0,1,training\ensemble\train_hfagm.py,train_hfagm.py,""loss = criterion(outputs, y_batch) loss.backward() optimizer.step() epoch_loss += loss.item() print(f""""Epoch {epoch+1}/{epochs}, Loss: {epoch_loss/len(dataloader):.4f}"""") # ==== Save Trained Model ==== os.makedirs(os.path.dirname(saved_model_path), exist_ok=True) torch.save(model.state_dict(), saved_model_path) print(f""""Model saved to: {saved_model_path}"""") # ==== Evaluation "
outputs\revision_audit\claim_evidence_detailed.csv,527,64.0,0,0,"C44_DI_REAL_1,4.4,fairness,Real-data disparate impact reported as 1.0,1.0,1.0,1,training\ensemble\train_hfagm.py,train_hfagm.py,""dataset = TensorDataset(X_tensor, adj_tensor, contrastive_tensor, y_tensor) dataloader = DataLoader(dataset, batch_size=32, shuffle=True) # ==== Initialize Model ==== model = HFAGM(input_dim=X.shape[1], contrastive_dim=contrastive.shape[1], hidden_dim=64) criterion = nn.BCEWithLogitsLoss() optimizer = optim.Adam(model.parameters(), lr=0.001) # ==== Training Loop ==== model.train() epochs = 20 for epoch in range(epochs): epoch_loss = 0.0 for X_batch, adj_batch, contrastive_batch, y_batch"",False","C44_DI_REAL_1,4.4,fairness,Real-data disparate impact reported as 1.0,1.0,1.0,1,training\ensemble\train_hfagm.py,train_hfagm.py,""type=torch.float32).unsqueeze(1) dataset = TensorDataset(X_tensor, adj_tensor, contrastive_tensor, y_tensor) dataloader = DataLoader(dataset, batch_size=32, shuffle=True) # ==== Initialize Model ==== model = HFAGM(input_dim=X.shape[1], contrastive_dim=contrastive.shape[1], hidden_dim=64) criterion = nn.BCEWithLogitsLoss() optimizer = optim.Adam(model.parameters(), lr=0.001) # ==== Training Loop ==== model.train() epochs = 20 for epoch in range(epochs): epoch_loss = 0.0 for X_batch, adj_"",False | C44_DI_REAL_1,4.4,fairness,Real-data disparate impact reported as 1.0,1.0,1.0,1,training\ensemble\train_hfagm.py,train_hfagm.py,""dataset = TensorDataset(X_tensor, adj_tensor, contrastive_tensor, y_tensor) dataloader = DataLoader(dataset, batch_size=32, shuffle=True) # ==== Initialize Model ==== model = HFAGM(input_dim=X.shape[1], contrastive_dim=contrastive.shape[1], hidden_dim=64) criterion = nn.BCEWithLogitsLoss() optimizer = optim.Adam(model.parameters(), lr=0.001) # ==== Training Loop ==== model.train() epochs = 20 for epoch in range(epochs): epoch_loss = 0.0 for X_batch, adj_batch, contrastive_batch, y_batch"",False | C44_DI_REAL_1,4.4,fairness,Real-data disparate impact reported as 1.0,1.0,1.0,1,training\ensemble\train_hfagm.py,train_hfagm.py,""dataset = TensorDataset(X_tensor, adj_tensor, contrastive_tensor, y_tensor) dataloader = DataLoader(dataset, batch_size=32, shuffle=True) # ==== Initialize Model ==== model = HFAGM(input_dim=X.shape[1], contrastive_dim=contrastive.shape[1], hidden_dim=64) criterion = nn.BCEWithLogitsLoss() optimizer = optim.Adam(model.parameters(), lr=0.001) # ==== Training Loop ==== model.train() epochs = 20 for epoch in range(epochs): epoch_loss = 0.0 for X_batch, adj_batch, contrastive_batch, y_batch"",False | C44_DI_REAL_1,4.4,fairness,Real-data disparate impact reported as 1.0,1.0,1.0,1,training\ensemble\train_hfagm.py,train_hfagm.py,""atch) loss = criterion(outputs, y_batch) loss.backward() optimizer.step() epoch_loss += loss.item() print(f""""Epoch {epoch+1}/{epochs}, Loss: {epoch_loss/len(dataloader):.4f}"""") # ==== Save Trained Model ==== os.makedirs(os.path.dirname(saved_model_path), exist_ok=True) torch.save(model.state_dict(), saved_model_path) print(f""""Model saved to: {saved_model_path}"""") # ==== Evaluation ==== model.eval() with torch.no_grad(): logits = model(X_tensor, adj_tensor, con"",False | C44_DI_REAL_1,4.4,fairness,Real-data disparate impact reported as 1.0,1.0,1.0,1,training\ensemble\train_hfagm.py,train_hfagm.py,""loss = criterion(outputs, y_batch) loss.backward() optimizer.step() epoch_loss += loss.item() print(f""""Epoch {epoch+1}/{epochs}, Loss: {epoch_loss/len(dataloader):.4f}"""") # ==== Save Trained Model ==== os.makedirs(os.path.dirname(saved_model_path), exist_ok=True) torch.save(model.state_dict(), saved_model_path) print(f""""Model saved to: {saved_model_path}"""") # ==== Evaluation "
outputs\revision_audit\claim_evidence_detailed.csv,527,20.0,0,0,"C44_DI_REAL_1,4.4,fairness,Real-data disparate impact reported as 1.0,1.0,1.0,1,training\ensemble\train_hfagm.py,train_hfagm.py,""dataset = TensorDataset(X_tensor, adj_tensor, contrastive_tensor, y_tensor) dataloader = DataLoader(dataset, batch_size=32, shuffle=True) # ==== Initialize Model ==== model = HFAGM(input_dim=X.shape[1], contrastive_dim=contrastive.shape[1], hidden_dim=64) criterion = nn.BCEWithLogitsLoss() optimizer = optim.Adam(model.parameters(), lr=0.001) # ==== Training Loop ==== model.train() epochs = 20 for epoch in range(epochs): epoch_loss = 0.0 for X_batch, adj_batch, contrastive_batch, y_batch"",False","C44_DI_REAL_1,4.4,fairness,Real-data disparate impact reported as 1.0,1.0,1.0,1,training\ensemble\train_hfagm.py,train_hfagm.py,""type=torch.float32).unsqueeze(1) dataset = TensorDataset(X_tensor, adj_tensor, contrastive_tensor, y_tensor) dataloader = DataLoader(dataset, batch_size=32, shuffle=True) # ==== Initialize Model ==== model = HFAGM(input_dim=X.shape[1], contrastive_dim=contrastive.shape[1], hidden_dim=64) criterion = nn.BCEWithLogitsLoss() optimizer = optim.Adam(model.parameters(), lr=0.001) # ==== Training Loop ==== model.train() epochs = 20 for epoch in range(epochs): epoch_loss = 0.0 for X_batch, adj_"",False | C44_DI_REAL_1,4.4,fairness,Real-data disparate impact reported as 1.0,1.0,1.0,1,training\ensemble\train_hfagm.py,train_hfagm.py,""dataset = TensorDataset(X_tensor, adj_tensor, contrastive_tensor, y_tensor) dataloader = DataLoader(dataset, batch_size=32, shuffle=True) # ==== Initialize Model ==== model = HFAGM(input_dim=X.shape[1], contrastive_dim=contrastive.shape[1], hidden_dim=64) criterion = nn.BCEWithLogitsLoss() optimizer = optim.Adam(model.parameters(), lr=0.001) # ==== Training Loop ==== model.train() epochs = 20 for epoch in range(epochs): epoch_loss = 0.0 for X_batch, adj_batch, contrastive_batch, y_batch"",False | C44_DI_REAL_1,4.4,fairness,Real-data disparate impact reported as 1.0,1.0,1.0,1,training\ensemble\train_hfagm.py,train_hfagm.py,""dataset = TensorDataset(X_tensor, adj_tensor, contrastive_tensor, y_tensor) dataloader = DataLoader(dataset, batch_size=32, shuffle=True) # ==== Initialize Model ==== model = HFAGM(input_dim=X.shape[1], contrastive_dim=contrastive.shape[1], hidden_dim=64) criterion = nn.BCEWithLogitsLoss() optimizer = optim.Adam(model.parameters(), lr=0.001) # ==== Training Loop ==== model.train() epochs = 20 for epoch in range(epochs): epoch_loss = 0.0 for X_batch, adj_batch, contrastive_batch, y_batch"",False | C44_DI_REAL_1,4.4,fairness,Real-data disparate impact reported as 1.0,1.0,1.0,1,training\ensemble\train_hfagm.py,train_hfagm.py,""atch) loss = criterion(outputs, y_batch) loss.backward() optimizer.step() epoch_loss += loss.item() print(f""""Epoch {epoch+1}/{epochs}, Loss: {epoch_loss/len(dataloader):.4f}"""") # ==== Save Trained Model ==== os.makedirs(os.path.dirname(saved_model_path), exist_ok=True) torch.save(model.state_dict(), saved_model_path) print(f""""Model saved to: {saved_model_path}"""") # ==== Evaluation ==== model.eval() with torch.no_grad(): logits = model(X_tensor, adj_tensor, con"",False | C44_DI_REAL_1,4.4,fairness,Real-data disparate impact reported as 1.0,1.0,1.0,1,training\ensemble\train_hfagm.py,train_hfagm.py,""loss = criterion(outputs, y_batch) loss.backward() optimizer.step() epoch_loss += loss.item() print(f""""Epoch {epoch+1}/{epochs}, Loss: {epoch_loss/len(dataloader):.4f}"""") # ==== Save Trained Model ==== os.makedirs(os.path.dirname(saved_model_path), exist_ok=True) torch.save(model.state_dict(), saved_model_path) print(f""""Model saved to: {saved_model_path}"""") # ==== Evaluation "
outputs\revision_audit_v2\json_config_values.csv,9,64.0,0,0,"ArSL,new_exp2,batch_size,64.0,64,experiments\New_EXP2\artifacts\run_config_ArSL.json","ArSL,new_exp2,seeds[2],53.0,53,experiments\New_EXP2\artifacts\run_config_ArSL.json | ArSL,new_exp2,img_size,224.0,224,experiments\New_EXP2\artifacts\run_config_ArSL.json | ArSL,new_exp2,batch_size,64.0,64,experiments\New_EXP2\artifacts\run_config_ArSL.json | ArSL,new_exp2,epochs_enc,30.0,30,experiments\New_EXP2\artifacts\run_config_ArSL.json | ArSL,new_exp2,lr_enc,0.001,0.001,experiments\New_EXP2\artifacts\run_config_ArSL.json"
outputs\revision_audit_v2\json_config_values.csv,9,64.0,0,0,"ArSL,new_exp2,batch_size,64.0,64,experiments\New_EXP2\artifacts\run_config_ArSL.json","ArSL,new_exp2,seeds[2],53.0,53,experiments\New_EXP2\artifacts\run_config_ArSL.json | ArSL,new_exp2,img_size,224.0,224,experiments\New_EXP2\artifacts\run_config_ArSL.json | ArSL,new_exp2,batch_size,64.0,64,experiments\New_EXP2\artifacts\run_config_ArSL.json | ArSL,new_exp2,epochs_enc,30.0,30,experiments\New_EXP2\artifacts\run_config_ArSL.json | ArSL,new_exp2,lr_enc,0.001,0.001,experiments\New_EXP2\artifacts\run_config_ArSL.json"
training\ensemble\train_hfagm.py,31,32.0,0,0,"dataloader = DataLoader(dataset, batch_size=32, shuffle=True)"," | dataset = TensorDataset(X_tensor, adj_tensor, contrastive_tensor, y_tensor) | dataloader = DataLoader(dataset, batch_size=32, shuffle=True) |  | # ==== Initialize Model ===="
