Age,ESR,VIT D,VIT B12,CALClUM,PHOSPHOROUS,MAGNESIUM,ALBUMIN,WBC,RBC,HEMO,HEMA,MCV,MCH,MCHC,PLATELET COUNT,RDW-CV,RDW-SD,PDW,MPV,P-LCR,PCT,NEUTRPHILS #,NEUTRPHILS,LYMPHOCYTE %,MONOCYTES,EOSINOPHILS,BASOPHILS %,BLOOD UREA,CREATININE,SODIUM (NA),POTASSIUM (K),CHLORIDE,SGOT (AST),SGPT (ALT),BILRUBIN,CHOLESTEROL,TRIGLYCERIDES,HDL,LDL,CPK,SGOT (AST).1,LDH,FERRITIN,D-DIMER,PTT,PT,INR,CRP,GLUCOSE,HBA1C
-0.6406636342504406,-0.6152568072124093,1.0939245997311031,0.8196106268982377,0.25472444174614683,-0.25601038555708644,0.40332895544535297,0.33051675712302114,-0.5303170168509626,1.5901288190693414,1.4705658457870752,0.15586194929791744,-1.0900965333196722,-0.2069864385540382,1.326847777510475,0.6653474440348098,-0.20397717192199988,-0.4798226958463917,0.09080408388660174,0.0013654216063777526,0.3483647947610155,-0.06299512257606134,-0.23173747666551642,-0.09226100877536143,0.022593145518766015,0.3981876558703035,-0.1481196426356231,0.06773373031534709,-0.7229644747278324,-0.3084958583601046,0.06408452545980195,-0.04413250700383015,0.5320779952868299,-0.30593461410385514,-0.23805867945568282,-0.1608055178753946,-1.0976098158834953,0.9955587809666481,-1.0048650852869934,-0.212341286593143,-0.17628214439863846,-0.14077162706018842,-0.27881721422620553,-0.4082577876572909,-0.2270418654975161,-0.1909065705492813,-0.43648199908914004,-0.10748151617681094,-0.5589981532744832,-0.4284844651467045,-0.24550520153948946
2.0245726045026196,1.6557044039630884,-1.1123442842915887,-0.49581874084779487,-0.3425178172994319,0.103753919291531,0.4880280360888777,-0.5634924755197172,-0.0958777894201063,-0.37372449414681097,0.002688420193394961,-0.10808021209229167,0.523655387674717,0.8005186671721563,0.5790017047131877,-0.7087795349077691,-0.05140224732434393,0.27459194455109415,0.43187308189969104,0.21164034898857279,0.8058471812254613,-0.14521319471531485,1.079439189691633,1.794016632070498,-2.245484168404823,-0.0790177838497492,-1.3324080720157057,-0.9515816900654432,1.567353245348365,0.23581872577093413,0.7863251522876183,-0.14815913065571537,0.7975423946631953,-0.1839410082726959,-0.1621413961832781,-0.09970841789468579,-0.9858310090814464,-0.5504417218596457,0.3405415743254359,-0.5436448602535292,0.4845613375242027,-0.12166215224329929,0.1293820800201876,0.4299878093841439,-0.11502196976237822,-0.25473690091813317,-0.35761050849397713,-0.09804202174212095,0.5248108345478072,-0.4999539275894077,1.0343224458200986
-1.2706285634102545,-0.7918871236371703,0.22717610957933168,-0.7466680621388985,0.7480984818272784,-0.5986430568414839,-0.6130600122769367,0.5368265800405766,-0.5993669602836814,0.1541930631693588,0.3414293645611677,0.014559580068815752,0.5380638869693081,0.33551631068314264,-0.22637098906850972,0.22697564707153287,-0.22641466083341988,-0.28012470279999824,-0.37816578838139603,-0.10377204208471941,-0.07564327074261624,-0.09201326568403316,-0.364610064269587,-0.28617740175951484,0.45344654207055884,0.45783833583531064,-1.280917270738311,0.06773373031534709,-0.35658309570123836,-0.32020154834141723,0.30483140106907314,-0.10852994069309235,0.6648101949750126,-0.29983493381229714,-0.21573006672850498,-0.1617676769302089,-0.6281388273148902,0.4604047607575466,-1.1009655609735953,-0.042212424443215005,-0.2866818790257484,-0.11471325230988508,-0.29370594228382474,-0.3957956074195857,-0.23855238444487667,-0.19728960358616626,-0.35761050849397713,-0.11786496005496992,-0.5253900136165532,-0.6720100408773966,-0.494066769415112
-0.7860401563642438,-0.6404897095588038,0.5423573787254304,-1.3156677421406708,0.06429937364465857,-0.5758008787558575,0.06453263287125749,0.969094780439264,-1.1474508862808872,0.8193691853877328,1.1694627841268337,0.20118535074876157,0.8694593707449417,0.6455178816758184,-0.1688443680841022,-0.6160470393963069,-0.21743966526885183,-0.1913700392238235,0.17607133338987407,0.17659452775820683,0.5268945065520193,-0.13554048034599092,-1.1518174700748356,-2.049053701615459,2.0061446315307934,3.2912456341731247,-0.6115368541321771,0.4075055371089437,-0.6396170520108823,-0.29679016837879196,0.30483140106907314,-0.11596041381108423,0.3551017290359196,-0.28153589293762327,-0.20679862163763382,-0.05977881711989186,0.936764467913794,0.09806089290763403,-0.1674180828751754,0.20626525580207505,-0.3286648767008465,-0.13555995211012775,-0.28998376026941997,-0.11441269573666275,-0.25765747259461946,-0.45899395809845805,-0.4759177443867211,-0.10276176895946595,-0.5236774969460855,-0.5131890132269453,-0.4834896814204045
-0.7860401563642438,-0.3881606860948596,-0.6395723805724406,-0.734431509880796,1.1808827275124818,-0.09040459443629428,-1.1212544961380815,0.4778809163498473,-0.6266992295591326,0.8404858876803798,1.2071006668343631,12.131904262073876,0.40838739331797336,0.6455178816758184,0.5214750837287802,-0.07651252005688942,-0.18153968301057996,-0.138117241078119,0.34660583239641873,0.2817319914493047,0.8727958231470878,-0.09684962286869514,-0.5626654306982959,-0.7033914593920885,-0.5708464384110619,-0.6158739035348088,1.345113594408829,0.4075055371089437,-0.6604539076901198,-0.34361292830404255,-0.016164433076622697,0.08218553600203066,0.410406812239329,-0.28153589293762327,-0.20679862163763382,-0.13675154150503677,1.473302740563628,-1.0428577473992708,-1.0185937246707935,-0.41380967598121576,-0.19805110615609675,-0.10950157735982441,-0.27881721422620553,-0.36168858782165564,-0.2376030632945789,-0.15899140536485565,-0.5942249802794655,-0.10748151617681094,-0.5597830567484476,-0.6358341401347938,-0.5046438574098192
1.0553957904105977,2.665020497818865,-0.24559579413981736,-1.1321194582691314,0.843311015878023,0.3435967891906094,0.4597950092077022,-1.2511918852449009,2.0777568882223565,-2.2319942958997294,-2.0297572460132405,-0.49199608320532323,1.4025738446448728,0.5292672925535641,-1.0317436828502045,-0.14395433497431676,-0.11422721627631995,0.10152035057755344,-0.22894810175066946,0.07145706406710967,0.2367837248916388,-0.11135869442268104,4.433845269205717,1.7352540887419665,-2.2617427871426266,0.24906095595778707,-1.3324080720157057,-0.6118098832718466,-0.7906842556853546,2.0853177428183347,-1.0594008940501363,0.12552996252364937,-1.4367829667545542,-0.025349320692188874,-0.18893573145589151,-0.19207568715685977,1.31681241104076,0.42695763449447754,-0.4831767887025819,-0.33098378256611893,2.1918699096448604,-0.07649430267610685,0.15295589944475138,2.7978020545481344,-0.2357044209939833,0.14101114736874676,0.3325150342136976,-0.06594774066417498,-0.05530418757315006,-0.2908395745163134,-0.4200271534521604
1.830737241684215,-0.6152568072124093,0.22717610957933168,-1.2544849808501575,-0.10881432462942256,-0.5643797897130443,-0.16133158217814111,0.6841907392674019,0.10983350038986858,-0.31037438726887023,-0.26077675875931694,-0.1267427891602861,0.12021740742611739,0.025514739690468594,-0.11131774709969734,1.6685444409315395,-0.033452256195207995,0.16364861508087575,-0.48474985026048645,-0.24395532700618253,-0.41038648035074693,-0.014631550729441618,1.7412950977571924,2.0114380423860645,-2.156061765346904,-1.510634103009908,-1.3324080720157057,-0.9515816900654432,1.4058676138342732,-0.08023490372450769,-1.2198988111229843,0.13791408438696917,-0.8837321347204572,-0.22053909002204364,-0.23359295691024726,0.03499384977931792,-0.3151581682691534,-0.7789970846572828,-0.8263927732975895,-0.5212594836548545,-0.3550986159777602,-0.13208550214342063,-0.08898593149156073,-0.31249577109387194,-0.11739527263812266,-0.056862876774693205,-0.219585399952442,-0.08577067897702398,2.252312025882171,3.3867495546341364,-0.5945491053648317
-0.5437459528412385,-0.7666542212907759,0.3059714268658564,0.3423850888322351,0.9731462895835842,0.22938589876247678,-1.2341866036627809,0.7333121256763435,-0.8352876003454708,0.724344025070823,0.9436354878816523,0.0945420532173639,0.033766411658562,0.37426650705722797,0.5790017047131877,-0.09337297378624607,-0.17705218522829588,-0.18249457286620638,0.6663580180336899,0.3167778126796699,1.174064711794405,-0.09684962286869514,0.2847106940220031,0.9184547364753798,-0.7334326257890971,-1.1825553632023718,0.8302055816348801,0.7472773439025403,-0.594470531372534,-0.4138470681919185,0.2245824425326499,-0.12091406255641216,0.4435898621613747,-0.09244580389932645,-0.0862241129108734,-0.22478909502054636,-1.4553019976500516,0.5272990132836843,1.5486618400998617,0.12343936238697825,-0.32400009918139117,-0.13382272712677418,-0.2502804854491021,-0.27576513460379337,-0.23463643469989834,-0.43984485898780273,-0.4167641264403493,-0.09143437563783796,-0.5286723372349498,-0.2476049614336906,-0.039251985642696455
-1.0283343598872492,-0.6404897095588038,0.6999480132984798,-0.9669260027847459,0.6442302628628301,-0.47301107737053805,-0.6977590929204613,0.41893525265911635,-0.7921313857000216,0.4709435975590613,0.7930839570515307,0.011893497630530733,-0.2544035742332924,0.6067676853017347,1.3843743984948824,-0.5317447707495229,-0.22641466083341988,-0.37331709955498205,-0.05841360274412482,-0.1738636845454513,-0.14259191266424273,-0.1403768375306529,-0.46238423250654453,0.048769095213114115,-0.3676137041885181,1.0543451354853768,-0.1481196426356231,0.7472773439025403,-0.478131420496791,-0.13291050864041462,-0.8186540184408637,-0.13082136004706782,-1.0717694176120494,-0.2449378111882755,0.7786077152381794,-0.045346431297677146,0.7802741383909253,-1.3494564048107351,-0.9911364459031939,-0.5973697640903486,-0.2695776947877454,-0.11818770227659217,-0.19444775523303007,-0.08161748458480689,-0.22478722776555887,-0.2228217357337075,-0.31817476319639565,-0.11880890949843893,-0.5085502663569536,0.838554399886896,-0.39887297746274564
-0.7860401563642438,-0.8171200259835647,1.3303105515906772,-0.28779735246004995,0.9644906046698796,0.08662228572731102,-1.3471187111874803,1.1066346623843009,-0.9259156511009143,0.10140130743774213,0.6048945435138796,0.03322215713681037,0.8838678700395358,1.0330198454166613,0.4064218417599651,-0.5401749976142012,-0.23090215861570385,-0.21799643829667592,-0.05841360274412482,-0.06872622085435345,0.05825401310063615,-0.1403768375306529,-0.550130280924327,0.2896955228600929,-0.08308787627695689,-0.49657254360479575,-1.126444866906126,-0.9515816900654432,-0.7299100932875784,-0.5074925880424198,0.06408452545980195,-0.0689007507304695,0.4657118954427385,-0.2937352535207392,-0.23805867945568282,-0.22863773123980363,-0.3375139296295629,1.2687103121150445,0.27189837740643497,0.08762275982909844,-0.23225947463210264,-0.12166215224329929,-0.3346499444422775,-0.4587624128311489,-0.2536228577058539,-0.8164438081640268,-0.6336607255770469,-0.08954647675089997,-0.5407313087894937,-0.3755441225965542,-0.19261976156595265
-0.9798755191826483,-0.7414213189443815,1.2515152343041525,1.0398685675440846,0.6961643723450538,0.11517500833434419,-0.2460306628216658,0.7726092348034972,-0.5691576100318669,0.7665774296561156,0.9812733705891817,0.09987421809393394,-0.009459086225215695,0.37426650705722797,0.6365283256975953,-0.3294193259972412,-0.23538965639798784,-0.3600039000185558,-0.5487002873879406,-0.41918443315801157,-0.7674459039327534,-0.13554048034599092,0.1994716755590147,0.0781503668773796,-0.5789757477799639,0.6069650357478271,0.3667883701383259,1.087049150696138,-0.6153073870517717,-0.2382617184722287,-0.09641339161304735,-0.17168896219602273,0.609505111771603,-0.3120342943954131,-0.22019578927394054,0.0388424859985752,0.46729347934518844,-0.25499210653587084,1.5623904794836627,-0.18324029701486594,-0.12963436920408494,-0.17551612672725952,-0.28502085091688023,-0.2495289656823087,-0.24650294907862053,-0.20367263662305168,-0.5745071076306747,-0.10276176895946595,-0.5455120844945496,-0.7170093320450246,-0.46233550543099
-0.5922047935458395,-0.11059876028452101,-0.6395723805724406,-0.3550983898796144,0.9731462895835842,-0.033299149222227986,0.177464740395956,0.43858380722269363,-0.549018043197324,0.8932776434119971,0.41670512997622755,0.038554322013380056,-0.8739690439007806,-0.904489973287557,-0.2838976100529146,2.435695085617274,-0.06935223845348003,-0.009422978892664961,-0.6766011616428492,-0.38413861192764565,-0.8901850807890679,0.024059306747854173,-0.44734205277778194,-0.6916389507263823,0.8436533917778433,0.5174890158003168,-0.40557364902259746,0.7472773439025403,-0.5736336756932965,-0.4431112931452002,-0.016164433076622697,0.11686107721932558,0.14494241286296122,-0.20833972943892773,-0.04603261000195325,-0.1574379611835445,3.060561797152723,-0.46868207988325505,0.8622298709098467,2.845501156785828,-0.33954935757957566,-0.1564066519103704,-0.251521212787237,-0.4541710832698891,-0.23487376498747278,0.14739418040563218,-0.29845689054760494,-0.09426622396824495,-0.5055533621836349,-0.5599529824795781,-0.44646987343892913
1.346148834638204,-0.06013295559173217,-1.269934918864638,1.4375565159324206,-0.3684848720405437,-0.27885256364271277,0.23393079415830603,-0.2687641570660672,-0.05847573672738363,0.10140130743774213,-0.18550099334425613,-0.06009072820316254,-0.1535440791711429,-0.6719887950430501,-0.9166904408813921,-0.557035451343558,-0.024477260630640027,0.21246368004777186,-0.3142153512539418,-0.38413861192764565,-0.6670229410503139,-0.15004955189997685,1.1822274178381782,1.8880367013961488,-2.188579002822511,-0.7948259434298286,-1.3324080720157057,-0.6118098832718466,0.3171419045941102,-0.0977934386964767,-0.016164433076622697,-0.2398016324442809,0.38828477895796526,-0.2510374914798335,-0.23359295691024726,-0.19881080054055994,0.35551467254313984,-0.6266268427921915,-0.41453359178358024,-0.015349972524805307,-0.2835720273461115,-0.14077162706018842,-0.13737429767882317,-0.19574481939326516,-0.17672784453173382,-0.9377214358648446,-0.3970462537915586,-0.09992992062905896,0.11095263918476264,-0.533482811204503,0.6112389260318049
1.3946076753428052,-0.8171200259835647,-0.4819817459993914,-0.49581874084779487,-0.5935326797968505,1.3886264366080217,0.12099868663360673,-1.6441629765164345,2.313677528284146,0.13307636087671249,-0.33605252417437775,-0.08675155258601204,-0.5281650608305558,-1.059490758783893,-1.089270303834612,-1.1134304244123325,-0.006527269501504011,0.2701542113722854,-0.5273834750121226,0.3167778126796699,1.3079619956376574,-0.121031408792005,4.483985868301595,2.081953094380302,0.6648085856620041,-0.1088431238322523,-0.7145184566869669,-0.9515816900654432,2.402563877157805,0.9615715046123191,-0.09641339161304735,-0.041655682631166105,0.27767461255114634,-0.19004068856425385,-0.20679862163763382,-0.19400000526648836,-1.2764559067667733,0.09434454554507034,1.2329031342724552,0.013751017053471757,-0.17317229271900156,-0.13034827716006706,0.04749407570328199,-0.33020518511587404,-0.22110860830815496,5.477226766204738,-0.04212454611332587,-0.07821908342927199,-0.5060528462125213,-0.41966107472167946,-0.08156033762152538
0.764642746182991,-0.7414213189443815,1.5666965034502514,0.3423850888322351,-0.9743828159998282,1.7655223750208586,-0.2742636897028396,-1.7424057493343181,0.8679443376615945,-1.1550424789747424,-0.900620764787332,-0.19072876767912486,1.9515376677688583,0.5680174889276495,-1.6070098926942744,0.18482451274814107,-0.17256468744601192,0.11039581693517092,-0.05841360274412482,0.07145706406710967,0.43762965065651765,-0.08717690849937118,-0.44734205277778194,-0.65050517039641,-0.5383292009354551,-0.7948259434298286,0.5727515752479058,1.087049150696138,0.5220376521066128,-0.06267636875253865,0.46532931814192247,-0.07013916291680149,-0.8947931513611391,-0.23883813089671754,-0.1800042863650204,-0.025141091146576554,-0.11395631602546515,1.837311458587215,-2.8719600414838347,-0.5234980213147219,-0.23225947463210264,-0.13034827716006706,-0.015783018541599657,0.5185348794941546,-0.037889626300683724,0.1282450812949764,0.017029071833046333,-0.08010698231620998,4.599173413035712,0.6814980503214496,-0.19261976156595265
1.1038546311151989,-0.48909229548043726,-1.033548967005064,-0.9179797937523355,-2.3679480871061807,2.6335251422746655,-0.725992119801636,-0.7599780211554842,2.0820725096869013,-2.2636693493386995,-2.142670894135831,-0.542651649532737,0.5092468883801229,0.21926572156089008,-0.39895085202173236,-1.3831976840820412,0.11014767283787989,0.8248708587233782,0.6450412056578718,0.3518236339100359,1.3525944235854082,-0.1887404093772726,-0.2643288660778356,0.824434667149729,0.5509982544973799,0.6069650357478271,0.6242423765253006,1.4268209574897346,2.6439241221089733,1.5527088486686085,-0.33716026722231857,-0.14072865753772357,0.03433224645614228,-0.25713717177139145,-0.23805867945568282,0.02248578206673184,-1.7235711339749689,1.2872920489278599,-0.675377740075786,0.17940280388366503,-0.22759469711264727,-0.14250885204354197,-0.13117066098814847,-0.18000311804037436,-0.05094279211727816,0.7793144510572627,2.5606346435270475,0.011456113700282893,0.2179849310889983,2.113534316303019,-0.5416636653912952
-0.7860401563642438,-0.6152568072124093,0.5423573787254304,0.5136968204456722,1.2241611520810018,0.08091174120590462,-0.8953902810886838,0.7333121256763435,-0.2656255670255402,1.0094195060215552,0.5672566608063492,0.038554322013380056,-0.6866585530710756,-0.43948761679854503,0.17631535782233765,0.6990683514935235,-0.17705218522829588,-0.3156265682304685,-0.2076312893748514,-0.1738636845454513,-0.15375001965118057,-0.0678314797607233,0.0640920580001502,-0.021745956781123045,-0.018053401325742728,0.30871163592279394,-0.4570644502999924,0.7472773439025403,-0.4538217555376804,-0.32020154834141723,0.2245824425326499,-0.026794736395182518,0.48783392872410225,-0.2632368520629494,-0.18447000891045595,-0.2469187532812755,-1.6788596112541494,-0.2103959381851126,-0.030131689037172782,-0.42947943960028795,-0.29445650822484065,-0.14250885204354197,-0.3210019437227933,-0.3079044415326121,-0.22502455805313332,-0.42069575987714697,-0.2787390178988142,-0.10653756673334196,-0.4940652295192469,-0.4673073830168149,-0.5205094894018805
1.4915253567520077,1.1510463570351999,0.4635620614389057,1.2784813365770862,0.9991133443246971,0.1608593645055973,-1.3471187111874803,0.45823236178627,-0.2253464333564543,0.18586811660832916,0.41670512997622755,-0.028097738943743344,-0.009459086225215695,0.4517668998053952,0.7515815676664049,1.0109867454866244,-0.16358969188144393,-0.12036630836288371,-0.655284349267031,-0.45423025438837683,-0.9236594017498808,-0.06299512257606134,-0.11140003883541487,0.3484580661886245,0.388412067119345,0.6367903757303301,1.1391503892992496,0.06773373031534709,-0.3183821936226361,-0.4079942232012622,-0.016164433076622697,-0.17911943531401453,0.18918647942569117,-0.2266387703136016,-0.24252440200111838,-0.19255676668426688,-1.2764559067667733,-1.3903362257989305,0.9583303465964501,-0.10713001657937156,-0.2726875464673823,-0.13382272712677418,0.005309346206694248,0.8176272051990796,-0.2539788531372155,-0.15899140536485565,-0.1604317820060698,-0.08860252730743098,0.15376555594645688,1.2541360889055773,1.4045205256348556
-0.931416678478047,-0.7918871236371703,-0.324391111426342,0.7278364849624679,0.2893471814009643,0.052359018598871473,-0.1330985552969665,0.32069247984123334,1.2189482167779158,1.104444666338465,1.3576521976644857,0.17719060880419726,0.019357912363970997,0.4517668998053952,0.6940549466819974,4.813019061456583,-0.03793975397749206,0.15477314872325829,-0.39948260075721415,-0.033680399623987486,-0.0198527358079276,0.19816816539568516,2.774191439132232,1.353297557106512,0.6160327294485939,-0.4369218636397889,-1.280917270738311,1.4268209574897346,-0.3149093843427632,-0.32020154834141723,-0.09641339161304735,0.06980141413871081,-0.4744745190152248,-0.04364836156686276,0.2933623034511503,-0.12953534859392943,-1.3882347135688222,0.14079888757711043,-0.9087646096003913,-0.28173595404903495,-0.34421413509903104,-0.15814387689372394,-0.2577248494779117,-0.43777347769396113,-0.21161539680517719,-0.36324846254518056,-0.9294288153089074,-0.09615412285518296,-0.5227498837495821,-0.48230714673935754,-0.03396344164534284
1.443066516047406,0.5202237983753395,-0.324391111426342,-0.7589046143970013,-1.0955624047916845,-0.30169474172833954,0.600960143613577,-0.8582207939733676,0.3141062497116619,-0.6799166773901899,-0.448966172296968,-0.15606969598142045,0.8118253735665715,0.4905170961794805,-0.34142423103732483,0.22697564707153287,-0.10973971849403588,0.16364861508087575,-0.2715817265023056,-0.06872622085435345,0.002463478165947515,-0.09201326568403316,-0.3019343153997424,0.8890734648111144,0.3965413764882468,-1.3913327430798947,0.8816963829122749,-0.6118098832718466,-0.31143657506289035,-0.3026430133694483,-0.016164433076622697,-0.008218553600203075,0.609505111771603,0.0844449245558544,-0.15767567363784252,-0.16561631314946618,1.3615239337615794,0.7651452444877299,-0.9499505277517919,1.4016443661713063,-0.17628214439863846,-0.045224252975742854,0.04873480304141692,0.7526926871184052,0.3359055766290666,0.19845844470071317,0.076182689779419,-0.07821908342927199,1.678618941275468,0.9056121671170865,-0.3354104494945022
0.3285131798415812,0.7725528218392835,1.3303105515906772,-0.5937111589126158,-0.022257475492382533,-0.49014271093475803,0.23393079415830603,-0.36700692988395023,0.7384756937252468,1.36840344499655,1.094187018711773,0.16652627905105752,-0.6002075573035187,-0.47823781317262865,0.06126211585352528,1.263893551426976,-0.23538965639798784,-0.4620717631311568,-0.4634330378846684,-0.3490927906972804,-0.600074299128688,-0.043649693837413454,0.2646544543836531,-0.1804048237681585,0.3152482827992293,-0.019367103884742373,1.6540584020731983,1.7665927642833312,-0.11175004147019679,-0.40214137821060586,-0.33716026722231857,0.03141063636241995,-0.38598638588976963,-0.2937352535207392,-0.23805867945568282,0.025372259231174775,1.495658501924038,-0.2642829749422789,0.8896871496774484,-0.10936855423923926,-0.059662706412254726,-0.1529322019436633,-0.16218884444152176,-0.30659263308653784,-0.19334096466194495,-0.2228217357337075,0.115618435077,-0.08010698231620998,2.4228501443162527,0.24032852907019603,-0.5786834733727708
-0.5922047935458395,-0.7414213189443815,-0.16680047685329175,-0.06142113568515137,-1.571625075045408,-0.7642488479622758,5.259409579007406,-1.6441629765164345,0.5385185658679982,-0.6799166773901899,-0.5242419377120289,-0.1614018608579905,0.739782877093607,0.296766114309059,-0.5715307149749496,-0.9363956602540859,-0.09627722514718401,0.15033541554444954,1.519030513066413,0.73732766744406,2.010922735814732,-0.15004955189997685,-0.3997084836367,-1.1147292626918084,0.2908603546925239,-1.3913327430798947,0.8302055816348801,-1.631125303652637,-0.052712283712356915,-0.17973326856566535,1.0270720278968908,0.005403980449448622,0.9081525610700166,-0.14124324623179016,-0.22019578927394054,-0.2647186957953403,-0.4045812137107925,1.058736686130223,1.013244904131651,0.25551308431915903,0.23421827731343225,-0.1529322019436633,-0.251521212787237,-0.3787420976206207,0.8782052837366725,3.319761599737555,1.0226405769213722,-0.047068751794795013,-0.17518035450589411,2.4258823373489067,-0.31425627350508745
0.619266224069188,-0.6909555142515926,0.6211526960119551,1.1499975378670086,0.3412812908831879,-0.7414066698766496,-0.3307297434651897,0.6350693528584604,-0.10163195137283275,-0.5743331659269554,-0.900620764787332,-0.28404165301909773,-1.1765475290872291,-0.904489973287557,0.11878873683793281,0.5388940410646337,-0.21743966526885183,-0.5020113617404357,-0.6126507245153949,-0.38413861192764565,-0.8120783318805042,-0.08717690849937118,-0.10387894897103331,-1.1264817713575148,0.3721534483815414,-0.1088431238322523,-0.3025920464678077,0.7472773439025403,1.1731893920827872,1.336153584014324,-1.3001477696594088,0.11314584066032973,-1.3372338169884148,-0.13514356594023222,-0.17107284127414926,-0.28877267216569813,-0.5610715432336609,-0.20296324345998595,-0.42826223116738116,0.49951368924471407,0.6820369191811458,-0.10776435237647086,0.04873480304141692,-0.34660279069180194,-0.0675559122474893,-0.08239500892223395,-0.2787390178988142,-0.09332227452477596,-0.5485803435291376,-0.08348989952822412,3.467052684602787
-0.3014517493182328,2.538855986086893,-0.08800515956676706,-0.8017325473003604,-0.10881432462942256,-1.3752771117527849,-0.6130600122769367,-1.054706339609134,-0.05128303428647551,-1.4929097156570912,-1.5028268881078166,-0.3826867032356405,0.23548540178286104,-0.2069864385540382,-0.6865839569437646,0.960405384298554,-0.1501271985345919,-0.11149084200526625,0.1334377086382379,0.14154870652784157,0.6496336834083338,-0.033976979468089495,0.31228802352473506,0.11340789287449879,-0.22128613554828644,-0.5263978835872988,1.7055492033505937,0.4075055371089437,0.3275603324337288,-0.3787299982479806,1.1073209864333142,-0.07261598728946535,0.5763220618495575,-0.08024644331621054,-0.2112643441830694,0.08887475684891935,-0.7622733954773486,0.36563790301218496,-1.0872369215897952,-0.6287092913284933,-0.3348845800601203,-0.11297602732653153,-0.029431019261083928,-0.24296992345193758,-0.13875499851982268,0.9069751117949654,-0.14071390935727907,-0.08671462842049298,1.4952369478128775,-0.77524370885019,-0.24550520153948946
-0.9798755191826483,-0.7414213189443815,1.0939245997311031,-0.581474606654513,0.0729550585583632,0.21796480971966362,0.7985913317817993,0.35998958896838706,-0.21959227140372758,-0.44763295217107396,0.002688420193394961,-0.07608722283287231,1.1288123580476095,0.9942696490425778,0.0037354948691177333,0.3787197306357442,-0.18153968301057996,0.0038902206437608938,0.026853646759147504,0.0013654216063777526,0.25909993886551447,-0.07750419413004725,0.32983723320829145,0.48948817017710067,-0.4407774885086341,-0.0790177838497492,-1.3324080720157057,-0.9515816900654432,-0.5076502993757108,-0.3611714632760116,0.30483140106907314,-0.15063595502837934,-0.05415588666931286,-0.318133974686971,-0.17107284127414926,0.06963157575263315,-1.3658789522084125,0.5068591027895867,0.5601998044662411,0.1301549753665807,-0.32089024750175427,-0.1633555518437846,-0.327205580413468,-0.33020518511587404,-0.0984088496321671,-0.40154666076649165,-0.2787390178988142,-0.09332227452477596,-0.5238202066686244,-0.4390725336567347,-0.6580116333330758
0.37697202054618223,1.0248818453032278,-0.40318642871286675,-0.17155010600807524,-0.714712268588706,-0.8784597383904084,0.8268243586629748,-0.7599780211554842,1.1916159475024641,-0.8277335934387171,-0.33605252417437775,-0.2333860866916838,0.23548540178286104,1.1880206309129993,1.6144808824325099,-0.9195352065247291,-0.23090215861570385,-0.306751101872851,-0.037096790368306744,0.21164034898857279,0.6496336834083338,-0.15972226626930078,-0.11641409874500229,0.8538159388139945,0.5591275638662818,-0.49657254360479575,1.0876595880218545,1.4268209574897346,-0.11001363683026028,-0.5543153479676703,0.14433348399622523,-0.13701342097872762,0.31085766247318963,-0.29983493381229714,-0.23359295691024726,0.03836140647116803,-0.9187637250002171,0.428815808175759,-0.7714782157623887,-0.48544288109697475,0.1455875044437807,-0.11992492725994573,0.18769626491252955,0.5145994541559318,-0.2099540847921561,-0.08239500892223395,0.15505418037458146,-0.07349933621192699,-0.5333817580787361,0.8562011807369462,-0.6527230893357221
-0.3014517493182328,-0.6657226119051982,-2.530659995449033,-0.5386466737511539,0.670197317603942,0.21225426519825683,-0.04839947465344181,1.1754046033568186,-1.043875971131809,-0.48986635675636775,-0.11022522792919626,-0.18273052036426995,-0.08150158269817852,0.8392688635462399,1.4994276404636975,-0.5317447707495229,-0.18602718079286393,-0.2579360369059545,0.34660583239641873,0.21164034898857279,0.7946890742385235,-0.13070412316132893,0.24710524470009668,-0.9678229043704797,-0.7009153883134901,-1.2720313831498817,1.448095196963619,-0.6118098832718466,-0.5163323225753931,-0.4138470681919185,0.06408452545980195,-0.20388767904065389,0.34404071239523526,-0.318133974686971,-0.25592156963742513,0.10090174503409827,0.6237838088680572,0.3433398188368055,1.5623904794836627,-0.34217647086545644,-0.3193353216619358,-0.15988110187707752,-0.325964853075333,-0.4213758721180333,-0.05806270074451152,-0.8292098742377972,-0.3378926358451864,-0.09709807229865196,-0.557356991465285,-0.7443618423626022,-0.44646987343892913
1.1523134718197998,1.277210868767172,1.4879011861637266,0.7461913133496221,0.06429937364465857,1.445731881822088,1.730281218860566,-0.7599780211554842,1.0765327084479326,-0.29981603612254676,0.002688420193394961,-0.1107462945305767,0.27871089966663876,0.6067676853017347,0.6365283256975953,-0.059652066327532775,-0.12320221184088792,0.017203420180187102,-0.35684897600557797,-0.1738636845454513,-0.18722434061199295,-0.11135869442268104,0.18442949583025195,0.7715483781540512,-0.8797601944293287,-1.3316820631148882,1.345113594408829,-1.29135349685904,2.5518946761923402,2.998361561360722,-0.17666235014947063,-0.04413250700383015,-0.6182677353440894,0.8469049610005996,-0.1353470609106647,-0.14156233677910834,1.5180142632844476,-1.5835862886522174,-0.6891063794595869,0.004796866414002297,2.4406580440158123,0.17192886994345158,0.3613980922514204,0.824842151652488,-0.0794224266262115,1.7878336708851172,0.8057439777846748,-0.04234900457745003,2.5084759778396415,1.1870783216753862,-0.3882958894680387
0.5708073833645869,-0.7918871236371703,0.0695854750062823,0.13436370044449064,-1.0263169254820528,-0.48443216641335124,-1.7423810875239258,-1.7424057493343181,0.5759206185607207,-0.7221500819754831,-0.862982882079802,-0.24671649888310854,-0.2544035742332924,-0.43948761679854503,-0.45647747300613717,0.7243590320875587,-0.04691474954206003,0.15033541554444954,0.09080408388660174,0.3518236339100359,1.0178512139772775,-0.038813336652751496,0.3473864428918479,1.0242273144667362,-0.17251027933487617,-1.0632540032723583,-0.7145184566869669,-0.6118098832718466,2.2271870085242216,0.2241130357896214,0.9468230693604662,-0.18531149624567433,0.10069834630023602,0.07224556397273851,0.13706201436090515,-0.27722676350792635,0.33315891118272983,-0.5002710324650427,1.1368026585858533,-0.20338713595367322,0.1782409470799681,-0.15119497696030976,-0.16467029911779169,-0.04423094387169128,0.046362625788244155,0.03249958574169887,-0.10127816405969807,-0.08577067897702398,0.8516160991620736,1.028257294024935,-0.6209918253516005
0.28005433913698013,1.3529095758063552,-0.7971630151454899,-0.1776683821371265,-1.0176612405683483,2.4222349949826203,-0.3307297434651897,-1.4476774308806677,-0.1332798421128291,-1.1867175324137123,-1.0135344129099222,-0.22805392181511408,1.5178418390016135,0.37426650705722797,-1.4344300297410546,-1.8299997079099966,1.8512968123640703,-1.3629315984293315,0.3252890200206006,-0.38413861192764565,0.86163771616015,-0.11135869442268104,0.15183810641793274,-0.903184106709095,0.25834311721691666,-1.2123807031848748,-0.663027655409572,1.087049150696138,0.29456864427493606,0.2767886407055285,0.46532931814192247,-0.3054374783198752,-1.4146609334731906,0.30403341505194115,0.08347334381567834,0.5261760472620243,1.0485432747158425,0.2541474821352886,0.5052852469310403,-0.5928926887706135,-0.16695258935972776,0.02600197134175292,-0.06913429408140181,2.427872072755201,0.0748422602971775,0.23037360988513883,1.9296627187657451,0.013344012587220887,-0.5107622670563077,-0.40907300621164944,-0.5945491053648317
0.764642746182991,1.5295398922311163,0.8575386478715291,0.4341592307680049,-0.9484157612587164,-0.7414066698766496,1.0526885737123717,-0.5634924755197172,-0.04121325086920403,-1.640726631705619,-1.465189005400286,-0.3933510329887803,0.6101063834422724,0.37426650705722797,-0.22637098906850972,-0.1523845618389949,-0.011014767283787993,0.36778434130607796,-0.633967536891213,-0.24395532700618253,-0.4661770152854356,-0.121031408792005,0.008937398994687023,1.035979823132443,-0.5871050571488654,-1.0036033233073518,-0.4570644502999924,1.7665927642833312,0.36402482987239476,-0.3084958583601046,1.267818903506162,-0.2930533564565555,0.38828477895796526,-0.2022400491473698,-0.10408700309261568,-0.11654620135393627,0.10960129757863207,-0.3293190537871348,-0.5930059037729841,-0.28173595404903495,-0.31000576662302515,0.02773919632510647,-0.10635611422544977,0.044972030461356616,0.32403906225034435,-0.04409681070092284,-0.1604317820060698,-0.08860252730743098,-0.21870681988028323,-0.5873054927971558,-0.5469522093886489
0.7161839054783901,1.4033753804991442,-1.1911396015781133,1.1867071946413168,-0.15209274919794258,-0.7928015705693091,-0.6695260660392868,-0.5634924755197172,0.3730864097271093,-0.9227587537556277,-1.1264480610325134,-0.2813755705808129,-0.13913557987655034,-0.6719887950430501,-0.9742170618657996,-0.13552410810963825,-0.100764722929468,0.026078886537804574,0.09080408388660174,0.03641124283674371,0.5603688275128317,-0.11135869442268104,-0.03869617014639494,-0.568237609736466,-0.25380337302389366,-1.3316820631148882,1.448095196963619,1.087049150696138,-0.15168734818873544,-0.5660210379489831,0.7060761937511937,-0.1828346718730104,0.720115278178422,-0.22053909002204364,-0.18893573145589151,-0.09922733836727862,-0.2928024069087433,0.9769770441538322,-0.33216175548077836,-0.22577251255234784,-0.35198876429812326,-0.13208550214342063,0.006550073544829176,-0.37808619339758354,0.03330945997164968,0.1856923786269433,0.5691295059991864,-0.053676397899078014,1.8562925458364992,-0.4002496157866245,-0.636857457343661
0.7161839054783901,2.185595353237371,1.172719917017628,-0.1776683821371265,1.0770145085480336,-0.5586692451916375,0.4315619823265284,0.6448936301402483,-0.9575635418409105,0.21754317004730014,-0.07258734522166585,-0.08675155258601204,-0.7298840509548533,-0.6332385986689665,-0.11131774709969734,0.5979056291173825,-0.08281473180033198,-0.018298445250282788,-0.25026491412648755,-0.24395532700618253,-0.14259191266424273,-0.07750419413004725,-0.8008332764037055,-0.7504014940549135,0.6973258231376114,1.621026595152939,-0.6115368541321771,-0.9515816900654432,-0.5163323225753931,-0.4255527581732312,0.2245824425326499,-0.10605311632042848,0.609505111771603,-0.20833972943892773,-0.20233289909219826,-0.29502670602199116,1.4285912178428086,-0.02272039637567041,0.9171444284450488,-0.4518648161989626,-0.16228781184027238,-0.16683000181049173,-0.1932070278948951,0.04234841356920808,-0.20402082760279497,-0.06324590981157864,-0.23930327260123274,-0.09143437563783796,-0.482719806577398,-0.3940732424891068,0.18815540624351165
1.1038546311151989,2.2108282555837655,0.3059714268658564,-1.2177753240758498,-2.1082775396950595,2.9989999916446908,-0.21779763594049037,-0.8582207939733676,0.9729577932988546,-1.1233674255357722,-1.2393617091551046,-0.34536154909965144,-0.4417140650629973,-0.43948761679854503,-0.1688443680841022,-0.38843091404999003,-0.006527269501504011,0.26571647819347666,0.30397220764478255,0.10650288529747563,0.5268945065520193,-0.125867765976667,0.036514728497418776,0.9595885168053522,-0.20502751681048312,-0.5860485635523056,0.7272239790800903,0.4075055371089437,4.975915553543645,7.750871693773663,-0.49765818429516784,0.08837759693369047,-1.6137592330054646,-0.2510374914798335,-0.19786717654676267,-0.28396187689162655,1.026187513355433,1.263135791071199,0.2856270167902351,0.3562472790131954,-0.05033315137334402,-0.14077162706018842,-0.06417138472886204,0.10269160208862282,0.6207019217184001,-0.11431017410665961,0.8451797230822562,-0.03951715624704304,0.9672109744186478,-0.3146627286638811,-0.15031140958712305
0.7161839054783901,-0.6404897095588038,-2.609455312735558,0.23225611850931166,-0.30789507764461654,0.9831777755881516,0.6574261973759262,-0.36700692988395023,-0.8295334383927443,-1.0600173186578314,-1.2017238264475738,-0.33736330178479657,-0.5137565615359617,-0.516988009546714,-0.1688443680841022,-0.2535472842151359,-0.22641466083341988,-0.43544536405830436,-1.0816205967833927,-0.9098259303831329,-2.106418742365276,-0.15004955189997685,0.2972458437959723,-0.28617740175951484,0.33150690153703233,-0.4369218636397889,1.4995859982410136,-0.2720380764782495,3.4253062100803824,2.869598971566283,-0.5779071428315911,-0.06147027761247762,-0.24219316956090503,-0.32423365497852896,-0.25145584709198954,-0.30945909184420584,-0.1586678387462847,0.5904769184472588,-1.3892669880334023,-0.21905689957274543,-0.17939199607827533,-0.14250885204354197,-0.251521212787237,-0.40497826654210534,-0.2334497832620261,-0.6760170813525533,-0.8702751973625352,-0.09804202174212095,-0.5209660122178448,-0.5026009447169153,-0.028674897647989226
-0.6891224749550416,-0.4386264907876484,-0.6395723805724406,-0.46522736020253824,0.22875738700503612,-0.050430782786447574,-0.6977590929204613,0.6841907392674019,-0.4152337777964311,1.0622112617531712,1.5082037284946066,0.20385143318704657,0.3507533961396031,0.8005186671721563,0.7515815676664049,0.41244063809445786,-0.23538965639798784,-0.3156265682304685,-0.9324029101526662,-0.7696426454616694,-1.6824106768616438,-0.11135869442268104,0.05155690822618139,0.3660868291871838,-0.27006199176169726,-0.5263978835872988,-0.9204816617965464,1.4268209574897346,-0.7073368329684043,-0.43140560316388754,-0.09641339161304735,-0.13082136004706782,0.20024749606637068,-0.318133974686971,-0.2112643441830694,-0.08431387301765678,0.9814759906346135,-0.23083584867920984,0.06596878664942997,0.2711828479382316,-0.25713828806919786,-0.13382272712677418,-0.3482979451617619,-0.2547761994666056,-0.2513682199738967,-0.5100582223935395,-0.5350713623330933,-0.09521017341171395,-0.5597830567484476,-0.533482811204503,-0.08156033762152538
-1.464463926228659,-0.7414213189443815,0.0695854750062823,-0.7283132337517447,0.4364938249339337,-0.6957223137053965,1.024455546831197,0.40911097537732855,-0.6641012822518554,0.8510442388267032,0.8307218397590611,0.09720813565564893,-0.21117807634951474,-0.051985653057700344,0.17631535782233765,-0.2535472842151359,-0.22641466083341988,-0.37331709955498205,0.3252890200206006,0.2817319914493047,0.9732187860295267,-0.11135869442268104,-0.45235611268736936,-0.37432121675231195,0.4290586139638535,0.8455677556078531,-0.9719724630739414,-0.2720380764782495,-0.4538217555376804,-0.40214137821060586,-0.016164433076622697,-0.1110067650657564,0.13388139622227932,-0.2449378111882755,-0.19340145400132708,-0.12280023521022931,-1.1646770999647245,0.3098926925737368,-0.1536894434913752,-0.6443790549475656,-0.2960114340646591,-0.13034827716006706,-0.26020630415418156,-0.37480667228239795,-0.26287873892125724,-0.23558780180747735,-0.04212454611332587,-0.08293883064661699,-0.5398036955929904,-0.604952273647206,-0.18733121756859902
-0.49528711213663745,-0.6404897095588038,-1.269934918864638,-0.10424906858851082,0.22875738700503612,-0.37022127598521865,0.4597950092077022,0.6448936301402483,-1.012228080391813,1.2100281778016984,0.8683597224665914,0.09987421809393394,-0.9027860424899656,-0.5944884022948812,0.2913685997911527,0.4040104112297794,-0.23987715418027183,-0.5108868280980532,0.048170459134965586,-0.1738636845454513,-0.07564327074261624,-0.08717690849937118,-1.2320424286282368,-2.419257724585207,2.9166272808477895,0.6069650357478271,1.448095196963619,0.7472773439025403,-0.5771064849731695,-0.2558202534441976,-0.016164433076622697,-0.0973842310161047,0.1781254627850069,-0.15954228710646404,0.1727877947243898,0.22694458121477318,1.003831751995023,0.6034841342162298,0.03851150788182888,-0.6533332055870354,-0.25713828806919786,-0.10776435237647086,-0.2664099408448562,-0.12621897175133084,-0.22253259003360162,-0.4334618259509173,-0.9294288153089074,-0.09521017341171395,-0.5281014983447939,-0.43377849940171964,-0.626280369348954
1.0069369497059968,1.3024437711135664,-1.5851161880107367,-0.1287221731047158,-0.628155419451666,1.285836635222702,0.008066579108907436,-1.8406485221522015,0.41911970534892196,-0.8699669980240103,-0.5995177031270896,-0.18539660280255482,1.027952862985463,0.6067676853017347,-0.45647747300613717,0.8002310738696642,-0.10973971849403588,0.19915048051134565,-0.0797304151199429,-0.10377204208471941,-0.008694628820990327,-0.05815876539139937,0.0716131478645316,0.6598995458298411,0.014463836149864209,-1.0334286632898553,-0.3025920464678077,1.7665927642833312,2.114320706928351,1.318595049042355,0.7060761937511937,-0.0689007507304695,0.6869322282563763,-0.1046451644824424,-0.18893573145589151,0.14275566391852096,0.6014280475076471,0.8840683600897521,-0.6204631825405852,-0.40261698768187826,-0.22292991959319194,-0.17551612672725952,-0.10139320487291006,0.7513808786723308,-0.07348916943685042,0.6069725590613629,0.450822270106442,-0.059340094559892025,0.08241069467696643,-0.15584170101342967,-0.07627179362417243
-1.0767932005918504,-0.6404897095588038,0.5423573787254304,0.6360623430266982,0.5143949891572691,-0.6500379575341436,-1.1212544961380815,1.1655803260750308,-0.9158458676836428,0.6821106204855292,1.2071006668343631,0.11053854784707368,0.27871089966663876,0.9942696490425778,1.2117945355416626,0.19325473961281958,-0.23987715418027183,-0.3422529673033209,-0.6979179740186673,-0.6294593605402059,-1.291876932318825,-0.11619505160734302,-0.7682418869913864,-0.7562777483877663,1.1281792196894043,0.24906095595778707,-0.9204816617965464,-0.9515816900654432,-0.6378806473709457,-0.3494657732946989,0.30483140106907314,-0.04537091919016205,0.6979932448970583,-0.2449378111882755,-0.10408700309261568,-0.2709727296516333,0.7355626156701057,-0.5244272903217032,-0.057588967804772455,0.3607243543329305,-0.31622546998229895,-0.13208550214342063,-0.20437357393810954,-0.2324754558833437,-0.25006290339223725,-0.3377163303976403,-0.31817476319639565,-0.11692101061150093,-0.5039835552357061,-0.7611262841701498,-0.430604241446868
-0.7375813156596428,-0.716188416597987,-0.08800515956676706,-1.3034311898825681,0.4970836193298619,-0.47872162189194445,0.40332895544535297,1.1164589396660887,-0.4814066402527867,0.6926689716318526,0.7178081916364708,0.030556074698525348,-0.5425735601251469,0.025514739690468594,0.8091081886508151,-0.14395433497431676,-0.20846466970428384,-0.3866302990914082,0.4531898942755091,0.3518236339100359,1.174064711794405,-0.10168598005335712,-0.4824404721448949,-0.9443178870390673,0.6891965137687095,2.2473587347855086,-0.1481196426356231,0.4075055371089437,-0.6621903123300562,-0.261673098434854,0.14433348399622523,-0.06642392635780554,0.5873830784902393,-0.318133974686971,-0.18447000891045595,-0.19736756195833846,0.512005002066008,1.1832343227760902,0.09342606541703105,0.36520142965266555,-0.18094692191809378,-0.1807278016773202,-0.48725940703287446,-0.46663326350759426,-0.24199367361470608,-0.3568654295082956,-0.29845689054760494,-0.09521017341171395,-0.5522194414538817,-0.6684806847073865,-0.4782011374230512
-0.6406636342504406,1.0248818453032278,-0.00920984228024238,-0.4223994272991788,0.7567541667409831,-0.6386168684913301,0.5727271167324015,0.6743664619856142,0.026398152075333442,0.016934498267155085,-0.8253449993722711,-0.20139309743226458,-1.5511685107466404,-1.8732448826396662,-1.089270303834612,0.4714522261472067,-0.09627722514718401,-0.24018510419071995,0.09080408388660174,-0.20890950577581657,-0.1091175917034292,-0.08234055131470923,0.6056105282356077,0.4601068985128346,-0.44890679787753557,-0.0790177838497492,-1.074954065628731,-0.6118098832718466,-0.6187801963316445,-0.4840812080797945,0.30483140106907314,-0.06147027761247762,0.9634576442734261,-0.2937352535207392,-0.2112643441830694,-0.19351892573908122,-1.119965577243905,0.3563470346057769,-0.1536894434913752,0.1458247389856529,-0.1685075151995462,-0.12513660221000641,-0.3408535811329522,-0.47056868884581693,-0.2372470678632172,-0.1653744384017406,-0.35761050849397713,-0.09804202174212095,-0.5271738851482906,-0.4470135850392573,-0.39358443346539235
-1.6098404483424624,-0.6909555142515926,-1.9790927744433602,5.561274626913005,0.06429937364465857,0.0295168405132451,0.34686290168300377,0.12420693420546648,-0.9604406228172738,0.04860955170612545,0.41670512997622755,-0.05209248088830783,0.06258341024774869,0.7230182744239856,1.154267914557255,-1.2820349617059004,-0.20397717192199988,-0.306751101872851,-0.4207994131330322,-0.48927607561874353,-0.823236438867442,-0.1935767665619346,-1.0314800322447337,-1.8551373086313045,2.2093773657533373,1.7999786350479596,-1.0234632643513362,1.7665927642833312,-0.7073368329684043,-0.5894324179116084,-0.17666235014947063,-0.11967565037008009,-0.142644019794768,0.2552359727194774,0.05221328599762929,0.21924730877625861,0.6014280475076471,0.07018828768840975,-0.20860400102657597,0.3316233647546534,-0.30845084078320667,-0.17725335171061307,-0.09891175019664021,-0.4403970945861096,-0.2518428805490456,-0.4909091232828837,-0.35761050849397713,-0.08577067897702398,-0.5464396976910529,-0.2555460128162132,-0.039251985642696455
-0.20453406790903073,-0.4386264907876484,-0.5607770632859158,-0.47746391246064074,-1.926508156507274,1.822627820234925,-0.8671572542075091,-1.4476774308806677,1.9324642989160103,0.18586811660832916,-0.2984146414668473,-0.07875330527115715,-0.5713905587143335,-1.059490758783893,-1.0317436828502045,-0.6076168125316284,-0.06037724288891198,0.061580751968274464,0.8368925170402346,0.492006918831499,1.4864917074286605,-0.13070412316132893,-0.7908051565845303,0.6070132568341632,-0.4245188697708305,-1.2123807031848748,1.7570400046279884,1.4268209574897346,1.9493622661343875,2.6296323269493733,0.30483140106907314,0.043794758225739576,1.2510440769311553,0.9627988865402007,0.2621022456331012,0.2091446387007084,1.4509469792032186,-0.29401375384278466,-0.8401214126813904,-0.3153140189470471,1.33977054942435,-0.045224252975742854,0.25965845052435577,-0.32692566400068845,0.6800344936120113,0.08356385003678035,1.555023138438722,-0.005534976282159105,-0.459886250971161,0.09297790897227735,2.832427404920348
-0.931416678478047,-0.7666542212907759,-0.7971630151454899,-1.0954098014948235,0.8346553309643184,-0.8099332041335289,-0.10486552841579107,0.7234878483945557,-0.45119729000097225,0.6187605136075884,1.282376432249424,0.10787246540878866,0.40838739331797336,1.2655210236611683,1.4994276404636975,-0.34627977972659785,-0.23090215861570385,-0.32893976776689465,0.06948727151078367,0.14154870652784157,0.48226207860426845,-0.121031408792005,-0.20165311720799087,-0.22741485843098327,0.24208449847911306,0.9350437755553631,-1.2294264694609158,-0.2720380764782495,-0.5475876060942495,-0.2382617184722287,0.06408452545980195,-0.03670203388583827,0.39934579559864475,-0.14124324623179016,-0.25145584709198954,-0.106443531278386,0.6908510929492863,-0.6414922322424443,1.0269735435154517,0.3428160530539906,-0.30689591494338825,-0.11297602732653153,-0.2589655768160466,-0.2593675290278654,-0.2577761377384067,-0.7653795438689454,-0.8505573247137446,-0.11408916228109393,-0.5123320740042364,-0.5643646776920908,-0.20848539355801413
-0.931416678478047,1.504306989884722,1.409105868877202,-1.064818420849567,1.1635713576850735,-0.33595800885677907,0.600960143613577,0.33051675712302114,-0.976264568187272,-0.16255747122034306,-0.14786311063672666,-0.12940887159857115,-0.2976290721170701,-0.013235456683616722,0.3488952207755603,0.9772658380279107,-0.22641466083341988,-0.40881896498545195,0.2826553952689645,0.2817319914493047,0.8504796091732121,-0.029140622283427536,-0.6629466288900475,0.007635314883142438,0.09575692983888169,0.07010891606276723,-0.7660092579643616,-0.9515816900654432,-0.1829426317075918,-0.2850844783974793,-1.1396498525865595,0.062370941020719106,-1.2487456838629596,-0.2327384506051596,-0.1800042863650204,-0.2733781272886691,-1.0081867704418561,-0.5207109429591403,1.301546331191457,-0.6152780653692885,-0.2586932139090163,-0.10776435237647086,-0.22546593868640338,-0.21476604186134154,-0.17435454165598938,-0.15260837232797073,-0.6139428529282562,-0.10936941506374893,-0.511689880252811,-0.4073083281266445,-0.5839720173701245
-1.0283343598872492,-0.5143251978268316,-1.3487302361511626,1.4497930681905231,0.7480984818272784,0.15514881998419053,0.23393079415830603,1.0083918895664177,1.0362535747788468,0.25977657463259335,0.7930839570515307,0.06521514639622956,0.826233872861164,1.0717700417907468,0.5214750837287802,1.154300602186157,-0.19051467857514784,-0.13367950789930994,-0.4207994131330322,-0.3490927906972804,-0.5889161921417502,-0.04848605102207541,0.35741456271102306,1.1123711294595333,0.16892071415899737,-0.6456992435173121,-0.40557364902259746,-1.631125303652637,-0.7576925675265619,-0.5309039680050451,-0.8989029769772884,0.022741751058096085,-1.1602575507375046,-0.11684452506555831,-0.023703997274775387,-0.2243080154931392,-0.9634752477210365,-0.34418444323738806,0.43664205001203865,-0.5749843874916739,-0.2866818790257484,-0.10776435237647086,-0.28253939624061036,-0.2134542334152673,-0.2325004621117283,-1.0143178323074669,-0.49563561703551223,-0.10370571840293495,-0.4848604524154827,-0.36672073217152906,-0.2878135535183187
-1.7067581297516645,-0.590023904866015,-0.6395723805724406,0.20166473786405506,0.6442302628628301,-0.22745766295005326,0.4315619823265284,0.5073537481952124,-0.3389911319228039,1.1572364220700821,0.30379148185363725,0.05188473420480481,-1.2485900255601934,-1.524493115272905,-0.8591638198969845,0.5051731336059204,-0.1276897096231719,-0.26237377008476365,-0.5913339121395769,-0.38413861192764565,-0.7228134759850026,-0.08717690849937118,-0.5225529514215955,-1.332150673007375,1.9573687753173827,0.04028357608026414,-0.8175000592417566,-0.6118098832718466,-0.5771064849731695,-0.418880514883883,-10.687670939250298,12.30779063947121,-8.349918367180761,-0.2144394097304857,-0.2926744661863599,-0.39653448630490107,0.15431282029945162,-1.0855957420687474,-0.8950359702165911,-0.07579048934122713,-0.34732398677866794,-0.11471325230988508,-0.2986688516363645,-0.45285927482381483,-0.23546709070640887,-0.3121841982500996,-0.3773283811427674,-0.09898597118558995,-0.5448698907431241,-0.679951092259919,-0.11858014560300136
-1.1252520412964515,-0.7918871236371703,-1.3487302361511626,-0.46522736020253824,0.670197317603942,-0.8156437486549357,-0.8106912004451599,0.910149116748533,-0.5346326383155076,1.9279960557516909,0.9812733705891817,0.12653504247678327,-1.8969724938168668,-1.4857429188988214,0.23384197880674518,-0.2451170573504574,-0.11871471405860393,-0.3688793663761733,-0.14368085224739716,-0.2790011482365485,-0.23185676855974433,-0.125867765976667,-0.6228341496133468,-0.7797827657191793,-0.15625166059707285,-1.0036033233073518,0.26380676758353633,-0.2720380764782495,-0.676081549449548,-0.261673098434854,0.8665741108240416,-0.03670203388583827,1.3616542433379741,-0.2266387703136016,-0.17107284127414926,-0.27578352492570485,2.2781101495383806,3.4855115138839974,-2.0756989572234175,2.2097564613834653,-0.16228781184027238,-0.16683000181049173,-0.30115030631263434,-0.24296992345193758,-0.23962037073896167,-0.2738860000287885,-0.5942249802794655,-0.10748151617681094,-0.5525048608989597,-0.5087773180144328,-0.1291572335977086
0.08621897631857599,0.8987173335712556,-2.0578880917298847,1.0215137391569309,1.2328168369947063,-1.2325134987176192,2.040844514553487,-0.661735248337601,3.035824853351331,1.0622112617531712,1.1318249014193034,0.18785493855733681,0.2066684031936759,0.10301513243863752,-0.11131774709969734,-0.7762213498251965,-0.11422721627631995,0.03939208607423078,1.2632287645565963,0.527052740061865,1.7431281681282276,-0.1403768375306529,0.06659908795494417,0.21918047086585515,0.2989896640614257,0.30871163592279394,1.5510767995184087,-1.29135349685904,0.40917135051074277,-0.3787299982479806,0.06408452545980195,-0.2521857543076006,-2.7087998804329767,-0.08634612360776851,0.06114473108850045,-0.1117354060798647,0.04253401349740301,-0.02457857005695187,-1.5540106606390052,-0.23696520085168532,-0.1374089984031772,-0.14250885204354197,0.6008584685114625,-0.2442817318980118,1.3077731042464176,-0.12069320714354455,0.25364354361853464,-0.07538723509886498,1.1291865095003917,0.4776777315033705,1.6689477255025391
-1.1737108820010524,-0.3881606860948596,-1.1123442842915887,0.13436370044449064,0.8952451253602477,-0.6785906801411765,0.7138922511382763,0.3698138662501748,-0.786377223747295,0.6609939181928822,0.6048945435138796,0.10520638297050364,0.27871089966663876,-0.12948604580586928,-0.8016371989125797,-0.1523845618389949,-0.18153968301057996,-0.18693230604501476,-0.4207994131330322,-0.20890950577581657,-0.24301487554668158,-0.121031408792005,0.35490753275622944,0.9654647711382046,-0.5464585103043567,0.42801299585280694,1.0876595880218545,-0.2720380764782495,-0.6917091912089761,-0.4138470681919185,0.06408452545980195,-0.07633122384846129,0.4767729120834204,-0.318133974686971,-0.24699012454655397,-0.1617676769302089,-1.5670808044521005,1.1219145912937978,-0.6479204613081863,-0.06459780104188964,-0.2151552903940997,-0.1564066519103704,-0.34581649048549196,-0.4561387959390004,-0.22905917294189887,-0.4909091232828837,-0.25902114525002345,-0.09332227452477596,-0.5542173775694273,-0.6181873592847436,-0.700319985311905
-0.931416678478047,-0.7918871236371703,-0.7183676978589653,1.4069651352871637,0.5143949891572691,-0.19319439582161332,0.8550573855441495,1.2147017124839725,-0.911530246219098,1.5901288190693414,2.110409851815091,0.2918321536504496,0.0769919095423397,0.8780190599203251,1.326847777510475,-0.36314023345595486,-0.18153968301057996,-0.18249457286620638,-0.33553216362975985,-0.20890950577581657,-0.1314338056773049,-0.13070412316132893,-0.5250599813763893,0.43660188118142157,-0.13999304185926895,-0.3772711836747824,1.345113594408829,0.4075055371089437,-0.49896827617602857,-0.3143487033507609,0.8665741108240416,-0.08747693352544894,-0.19794910299817747,-0.3730310973109927,-0.15767567363784252,0.06289646236893294,0.3108031498223203,0.7261235971808156,0.367998853093037,-0.7204893353830597,-0.1778370702384569,-0.11123880234317798,-0.3284463077516029,-0.3210225259933544,-0.23487376498747278,-0.5483564206148501,-0.43648199908914004,-0.09992992062905896,3.72150861942098,-0.7620086232126523,-0.430604241446868
1.7822784009796138,2.2108282555837655,0.6999480132984798,0.7829009701239299,0.2114460171776279,-0.23316820747146005,-0.5565939585145875,0.5073537481952124,-0.8295334383927443,-1.228950936999006,-1.7286541843529981,-0.36669020860593093,-0.4128970664738122,-1.3694923297765689,-1.7795897556474944,0.252266327665568,-0.011014767283787993,0.25684101183585956,-0.05841360274412482,-0.20890950577581657,-0.1091175917034292,-0.09684962286869514,0.14180998659875757,-0.2450436214295432,-0.24567406365499186,-0.4369218636397889,-0.6115368541321771,1.7665927642833312,0.9491931935309834,0.5284609753037504,0.14433348399622523,0.011596041381108436,0.34404071239523526,-0.3486323761447609,-0.27378445981916744,-0.0775787596339566,0.8026298997513354,-0.6693648374616686,1.4388327250294604,-0.08922171530043198,-0.2618030655886532,-0.11818770227659217,-0.3408535811329522,-0.4108814045494394,0.4308376916588445,0.46016279921300446,-0.19986752730365173,-0.08482672953355498,-0.5191821406861076,-0.288192557388806,-0.3724302574759775
-1.7552169704562655,-0.7414213189443815,1.5666965034502514,0.23225611850931166,1.2760952615632253,-0.6957223137053965,-1.1777205499004317,0.6645421847038248,-1.039560349667264,0.3020099792178872,0.11560206831598618,-0.06275681064144756,-0.657841554481889,-0.43948761679854503,0.23384197880674518,0.5473242679293122,-0.19051467857514784,-0.3600039000185558,-0.9750365349043023,-0.7696426454616694,-1.8051498537179584,-0.10168598005335712,-1.0139308225611774,-1.5436958289900884,2.1443428908021236,0.07010891606276723,-0.1481196426356231,-0.9515816900654432,-0.6257258148913905,-0.4196999131825749,0.30483140106907314,-0.09243058227077677,0.4435898621613747,-0.25713717177139145,-0.23359295691024726,-0.25269170761016135,0.02017825213699297,1.0215732125045909,0.5190138863148398,-0.4473877408792279,-0.250918584709924,-0.17899057669396662,-0.3160390343702536,-0.47319230573796545,-0.24436697649045055,0.019733519667929005,-0.23930327260123274,-0.09237832508130696,-0.5507209893672224,-0.08348989952822412,-0.5363751213939416
0.08621897631857599,-0.8423529283299591,1.4879011861637266,0.997040634640726,1.0337360839795124,0.13230664189856414,0.8268243586629748,0.3796381435319626,-1.209308127272698,0.18586811660832916,0.5672566608063492,0.006561332753961043,0.3651618954341957,0.761768470798071,0.6940549466819974,-0.1608147887036734,-0.21743966526885183,-0.2756869696211895,-0.8684524730252119,-0.8046884666920353,-1.7270431048093946,-0.1403768375306529,0.0490498782713876,0.8831972104782606,-0.22128613554828644,0.42801299585280694,0.1608251650287463,1.4268209574897346,-0.6396170520108823,-0.29679016837879196,0.06408452545980195,-0.13453659660606368,0.167064446144325,-0.3120342943954131,-0.2112643441830694,0.053274871820789875,0.10960129757863207,0.25043113477272533,1.1917172161210554,-0.3466535461851915,-0.16073288600045396,-0.1807278016773202,-0.3309277624278728,-0.24231401922890042,-0.20841143792292216,-0.10154410803288924,-0.7716858341185816,-0.11125731395068693,-0.4934230357678215,-0.013785115170526179,0.9814370058465619
-0.8344989970688449,0.14173026317942308,-1.5851161880107367,-1.0892915253657722,0.3412812908831879,-0.29598419720693275,-0.41542882410871357,1.0575132759753592,-1.1215571574936178,-0.48986635675636775,-0.22313887605178653,-0.15606969598142045,0.2498939010774536,0.5680174889276495,0.5214750837287802,0.36185927690638753,0.6845473889702314,11.275732494817964,-0.05841360274412482,11.286119857784165,-2.3295808821040302,4.400962558866939,3.919904128472992,-3.4834473842649114,-0.16438096996597437,-0.04919244386724611,0.4182791714157209,-1.631125303652637,-0.6795543587294209,-0.2909373233881356,0.06408452545980195,-0.18159625968667847,0.6648101949750126,-0.318133974686971,-0.25592156963742513,-0.2810753997271836,-0.426936975071202,-0.2958719275240661,0.42291341062823773,-0.5033511823759146,-0.2897917307053853,-0.10776435237647086,-0.3160390343702536,-0.47516001840707683,-0.22419390204662276,-0.5675055197255059,-0.3970462537915586,-0.09898597118558995,-0.5389474372577564,-0.6111286469447236,-0.06569470562946454
1.1523134718197998,1.3529095758063552,-0.7183676978589653,-1.1504742866562854,0.1681675926091068,-0.43303726572069173,0.4880280360888777,-0.36700692988395023,0.8334193659452354,0.04860955170612545,0.4919808953912893,-0.08408547014772719,-0.2976290721170701,0.9167692562944071,1.9596406083389524,1.0868587872687299,1.061497202682087,-1.491625860614785,0.11212089626241982,-0.033680399623987486,-1.8163079607048962,-0.09201326568403316,2.3655455565008445,1.6118527477520508,-2.0422514341822793,0.12975959602777407,-1.3324080720157057,-1.29135349685904,-0.530223559694885,-0.2675259434255103,-0.9791519355137116,-0.0689007507304695,-1.4367829667545542,0.15154140776299202,-0.12641561581979355,0.027777656868210543,0.4225819566243689,-0.5300018113655484,1.2191744948886558,10.494584340552988,0.0725059899723135,-0.026114778158853744,0.05990134908463133,-0.28560369794935014,0.9149914783107116,-0.012181645516496665,-0.2787390178988142,-0.09426622396824495,1.02857615511041,1.6432476066491826,4.630532364020595
0.7161839054783901,-0.7666542212907759,0.3059714268658564,-1.2973129137535169,0.6355745779491266,-0.033299149222227986,-1.3471187111874803,0.969094780439264,-1.0625769974781705,0.7665774296561156,0.7178081916364708,0.11587071272364337,0.14903440601530407,-0.12948604580586928,-0.45647747300613717,-0.5654656782082363,-0.1276897096231719,0.0038902206437608938,0.005536834383329421,-0.1738636845454513,0.013621585152884788,-0.14521319471531485,-0.7130872279859231,0.9360834994739391,-0.09934649501476021,0.010458236097760722,0.5727515752479058,1.4268209574897346,-0.3635287142609843,-0.2324088734815723,-0.17666235014947063,-0.13082136004706782,0.14494241286296122,-0.11684452506555831,-0.10408700309261568,-0.2647186957953403,-1.5894365658125102,0.11106810867660506,-0.4831767887025819,-0.11608416721884168,-0.205825735355189,-0.1025526774264102,-0.10635611422544977,-0.17409998003304034,-0.23463643469989834,-0.09516107499600432,-0.4561998717379303,-0.10181781951599696,-0.5429433094888478,-0.4937775542918902,-0.1027145136109405
-0.5922047935458395,-0.716188416597987,0.6211526960119551,0.1098905959282853,0.5317063589846773,0.24651753232669676,0.34686290168300377,1.1361074942296658,-0.09875487039646966,0.5554104067296477,0.642532426221409,0.01989174494538562,-0.35526306929544194,0.14176532881272114,0.7515815676664049,0.36185927690638753,-0.21295216748656784,-0.36444163319736456,0.15475452101405598,0.03641124283674371,0.5492107205258949,-0.07750419413004725,0.4953012102246814,0.5364982048399255,-0.6114929852555706,-0.4070965236572855,-0.3025920464678077,0.4075055371089437,-0.7490105443268794,-0.5016397430517635,0.30483140106907314,-0.08128487259378912,0.6648101949750126,-0.34253269585320284,-0.27378445981916744,-0.1439677344161441,0.26609162710150075,0.9268063547592289,0.6425716407690436,-0.47872726811737265,-0.3550986159777602,-0.1650927768271382,-0.30115030631263434,-0.43842938191699826,-0.2503002336798117,-0.35048239647141066,-0.4759177443867211,-0.10276176895946595,-0.5390901469802953,-0.36672073217152906,-0.20319684956066053
-1.2221697227056536,-0.7414213189443815,-1.5851161880107367,-1.064818420849567,0.9731462895835842,-0.19890494034302011,1.2503197618805957,0.6350693528584604,-0.4814066402527867,0.6504355670465588,1.3576521976644857,0.1691923614893422,0.8982763693341268,1.3042712200352518,0.8091081886508151,0.01621997545457308,-0.23987715418027183,-0.2534983037271458,-0.39948260075721415,-0.20890950577581657,-0.37691215938993455,-0.11135869442268104,-0.03869617014639494,0.3249530488572115,-0.5627171290421603,0.7560917356603435,-0.5600460528547822,-0.9515816900654432,-0.3357462400220008,-0.17388042357500896,-0.33716026722231857,-0.19274196936366614,0.6316271450529669,-0.2510374914798335,-0.2112643441830694,-0.18534057377315954,0.44493771798477894,-0.3460426169186695,0.6974861983042444,-0.048928037422817434,-0.2649129172682901,-0.12166215224329929,-0.32224267106092824,-0.3898924694122517,-0.22573654891585665,-0.6696340483156684,-0.43648199908914004,-0.08482672953355498,-0.5428719546275784,-0.2996629649413385,-0.11858014560300136
0.764642746182991,0.14173026317942308,-1.5063208707242122,-0.4713456363315895,-1.727427403492081,2.4222349949826203,0.6574261973759262,-1.2511918852449009,0.42775094827801197,-0.5320997613416616,0.002688420193394961,-0.004102996999179039,2.3103093002042154,1.2267708272870828,-1.089270303834612,-2.0238949257975998,-0.024477260630640027,0.6606747311074546,0.3252890200206006,0.6672360249833281,1.0847998558989034,-0.1403768375306529,0.003923339085099592,-0.8914315980433891,-0.6033636758866691,0.5174890158003168,-0.3025920464678077,0.4075055371089437,1.0394862348076792,-0.033412143799257034,0.14433348399622523,-0.0342252095131744,0.720115278178422,0.7188116748778823,-0.04156688745651767,1.1231957407743052,-0.8293406795585779,-0.5560162429034904,1.4388327250294604,-0.21681836191287807,1.5823389804360282,0.842497713517924,1.8242156239125071,-0.3518500244760989,-0.24246833418985497,0.6644198563933299,1.6141767563850933,-0.002703127951752091,0.5661966540841118,0.18121181322252794,-0.4570469614336364
-0.3983694307274349,-0.7918871236371703,1.5666965034502514,-0.3306252853634094,-1.5543137052179998,2.6278145977532583,3.3395637510875242,-0.2687641570660672,2.7265386483922773,0.038051200559802,-0.7124313512496804,-0.27604340570424285,-2.4444954670113903,-1.6794939007692447,0.8091081886508151,-1.9564531108801724,-0.07383973623576401,-0.3821925659125995,0.11212089626241982,0.6672360249833281,-1.7047268908355195,-0.11135869442268104,-0.2919061955805672,0.148665418871618,-0.8797601944293287,-0.466747203622292,1.6540584020731983,-1.29135349685904,2.1629400368465723,2.834481901622345,-0.016164433076622697,0.03512587292141589,0.167064446144325,4.70800258555679,2.3609918419878193,3.8793003532899015,0.33315891118272983,-0.34046809587482474,-0.030131689037172782,0.12567790004684562,1.5807840545962097,1.2715922844062522,1.8229748965743722,0.824842151652488,11.46669606387052,0.026116552704813938,2.521198898229466,0.010512164256813917,-0.22441520878184248,1.0794329584900806,-0.40416152146009987
-0.010698705090626093,-0.6152568072124093,0.5423573787254304,-0.46522736020253824,0.3412812908831879,-0.5529587006702308,-0.10486552841579107,0.8217306212124387,-0.5993669602836814,-1.0177839140725382,-1.2393617091551046,-0.2627129935128181,0.4227958926125675,-0.7107389914171355,-1.8371163766319019,0.6653474440348098,2.183371648253086,-1.203173203992217,-0.5700170997637588,-0.5243218968491095,-0.8901850807890679,-0.08717690849937118,-0.5526373108791208,-0.8914315980433891,0.1120155485766853,4.2456565136132305,-0.35408284774520254,0.06773373031534709,-0.5423783921744401,-0.6011381078929211,0.2245824425326499,-0.08871534571178083,0.23343054598841637,-0.19004068856425385,-0.2291272343648117,-0.1685027903139091,1.5180142632844476,0.41766676608806946,-0.8401214126813904,-0.3511306215049266,-0.2540284363895609,-0.1564066519103704,-0.1435779343694978,-0.261991145920014,-0.19808757041343383,-0.06962894284846308,-0.0618424187621166,-0.07821908342927199,-0.5388047275352175,-0.7761260478926925,-0.5363751213939416
-0.8829578377734459,-0.4386264907876484,0.9363339651580538,-0.6548939202031291,-0.030913160406086108,-0.016167515658008016,0.23393079415830603,0.782433512085285,-0.4670212353709702,-0.03585725746446219,0.22851571643857646,-0.1187445418454314,-0.48493956294677504,0.5292672925535641,1.6144808824325099,0.058371109777964884,-0.19500217635743183,-0.3156265682304685,-0.2076312893748514,0.03641124283674371,0.27025804585245233,-0.09684962286869514,-0.3997084836367,-0.7445252397220604,0.33963621090593415,2.6649134945405546,-0.19961044391301774,-0.9515816900654432,-0.7507469489668159,-0.46652267310782547,0.14433348399622523,-0.1741657865686867,0.9523966276327418,-0.3364330155616449,-0.25592156963742513,-0.2690484115420047,-0.7622733954773486,0.5384480553713739,-1.0872369215897952,0.1905954921830025,-0.34887891261848636,-0.1650927768271382,-0.3607052185431112,-0.3052808246404636,-0.25231754112419447,-0.5675055197255059,-0.2787390178988142,-0.09332227452477596,-0.4363391467522292,-0.6711277018348941,-0.5205094894018805
0.08621897631857599,0.4949908960289451,1.172719917017628,1.3702554785128562,-1.0349726103957564,0.13801718641997054,-0.6412930391581113,-1.4476774308806677,1.0261837913615752,-2.1158524332901716,-1.8415678324755893,-0.44667268175447916,1.7339693284205067,0.8780190599203251,-1.0317436828502045,-1.2567442811118652,-0.08281473180033198,0.3322824758756077,-0.25026491412648755,-0.10377204208471941,-0.03101084279486544,-0.18390405219261063,-0.4774264122353073,0.5012406788428062,0.6485499669242005,0.24906095595778707,-0.6115368541321771,0.7472773439025403,-0.43298489985844296,-0.49578689806110715,0.3850803596054978,-0.2150333887176416,-0.142644019794768,-0.19614036885581182,0.020953228179580303,-0.10884892891542176,-0.11395631602546515,-0.6117614533419385,-0.33216175548077836,-0.6824341951653125,-0.13896392424299564,-0.12513660221000641,0.1579188087972911,-0.4010428412038826,-0.16604798159088383,-0.4845260902459983,-0.1209960367084888,-0.08671462842049298,1.453137579663878,0.08768387471726227,-0.494066769415112
-1.0767932005918504,-0.2872290767092819,-0.40318642871286675,-1.3707322273021327,0.3239699210557797,-0.8270648376977489,-0.2742636897028396,0.6940150165491897,0.3874718146089256,3.0894146818472636,2.072771969107561,0.3664824619224281,-1.7384790015763454,-1.3307421334024836,0.2913685997911527,1.3734865006677954,-0.16807718966372792,-0.6085169580318454,0.06948727151078367,0.0013654216063777526,0.2814161528393896,-0.014631550729441618,0.9265103624492124,0.2896955228600929,-0.22128613554828644,-0.9439526433423451,0.5212607739705107,-0.9515816900654432,-0.5597424385738048,-0.13876335363107092,-0.016164433076622697,0.046271582598403534,-0.23113215292022316,-0.22053909002204364,-0.1308813383652291,-0.106443531278386,-0.47164849779202184,0.7744361128941376,-1.169608757892597,-0.2727818034095648,-0.3379944317397572,-0.1633555518437846,-0.14109647969322794,-0.24690534879016027,-0.23902704502002553,-0.8036777420902566,-0.8308394520649538,-0.10748151617681094,-0.5389474372577564,-0.5511295920545531,-0.34598753748920913
0.3285131798415812,-0.7666542212907759,0.4635620614389057,-0.07977596407230547,-0.00494610566497324,-0.6785906801411765,1.1373876543558965,1.2343502670475488,-0.6641012822518554,0.6293188647539119,0.8683597224665914,0.0705473112727996,0.00494941306937687,0.4517668998053952,0.6940549466819974,0.10052224410135707,-0.21295216748656784,-0.3156265682304685,-0.7192347863944853,-0.48927607561874353,-1.1245053275147596,-0.11619505160734302,-0.6278482095229344,-0.973699158703333,1.1606964571650114,0.9648691155378665,-0.5085552515773872,-0.6118098832718466,-0.17426060850790953,-0.19143895854697793,0.30483140106907314,-0.01936426327719072,0.5210169786461479,-0.17784132798113791,-0.054964055092824406,-0.12135699662800785,-1.119965577243905,-0.23641036972305463,-0.5792772643891846,-0.15413930743658888,-0.2618030655886532,-0.1807278016773202,-0.27137285019739593,-0.2206691798686756,-0.22371924147147387,-0.21005566965993663,-0.19986752730365173,-0.09049042619436896,-0.5139018809521653,-0.33848588281144887,0.8756661258994882
-1.0283343598872492,-0.716188416597987,1.5666965034502514,-0.45910908407348705,0.7567541667409831,-0.18748385130020692,-0.8389242273263345,1.1361074942296658,-0.4641441543946071,1.2733782846796402,1.4329279630795457,0.18252277368076694,-0.268812073527885,0.2580159179349737,0.8666348096352228,-0.557035451343558,-0.24885214974483988,-0.44875856359473093,1.0287438284225974,0.38686945514040183,1.2410133537160308,-0.13070412316132893,-0.10638597892582712,-0.4154549970822842,0.201437951634604,-1.301856723132385,-0.19961044391301774,0.7472773439025403,-0.4763950158568545,-0.2675259434255103,-0.016164433076622697,-0.08252328478012103,-0.03203385338794908,-0.1839410082726959,-0.21573006672850498,-0.07517336199692079,-0.3375139296295629,1.740686427160572,-3.5446633712900497,-0.20338713595367322,-0.2089355870348259,-0.14250885204354197,-0.30487248832703917,-0.2705179008194964,-0.23606041642534498,0.019733519667929005,-0.4167641264403493,-0.09992992062905896,-0.5248191747263974,-0.7558322499151348,-0.31425627350508745
-0.7375813156596428,-0.36292778374846524,-1.1911396015781133,-0.8567970324618223,0.29800286631466794,-0.7642488479622758,1.2785527887617705,0.5662994118859417,-0.16780481382918855,1.104444666338465,1.545841611202137,0.14786370198306273,-0.2544035742332924,0.761768470798071,1.6720075034169175,-0.43901227523806036,-0.18153968301057996,-0.2579360369059545,-0.14368085224739716,0.07145706406710967,0.3929972227087663,-0.13070412316132893,0.33485129311787903,0.36021057485433133,-0.34322577608181265,-0.1088431238322523,-0.8175000592417566,-0.6118098832718466,-0.6118345777718988,-0.33776008331338625,-0.09641339161304735,0.062370941020719106,0.07857631301886986,-0.2144394097304857,-0.22019578927394054,-0.20410267534203863,1.1379663201574817,-0.7344009163065245,-0.9636791671355928,-0.18771737233460098,-0.33954935757957566,-0.1650927768271382,-0.3210019437227933,-0.3321728977849854,-0.25113088968632225,-0.7972947090533715,-0.2787390178988142,-0.08671462842049298,-0.5398036955929904,-0.6323047839647837,-0.1344457775950622
-0.49528711213663745,1.9584992321198214,-1.1123442842915887,-0.18990493439522896,-0.16074843411164721,0.14943827546278413,-0.1330985552969665,-1.054706339609134,1.0736556274715692,-0.7010333796828363,-0.6747934685421505,-0.1267427891602861,1.2728973509935382,-0.013235456683616722,-1.7220631346630868,-0.5233145438848443,-0.06037724288891198,0.36778434130607796,0.026853646759147504,0.17659452775820683,0.5380526135389571,-0.13070412316132893,-0.01362587059845698,-0.209786095432424,-0.6765274602067847,-0.4369218636397889,-0.35408284774520254,1.087049150696138,-0.05965790227210283,-0.5484625029770142,0.6258272352147703,-0.05032456793548997,-0.142644019794768,-0.2937352535207392,-0.2246615118193761,-0.1401190981968869,-0.11395631602546515,0.8357558443764306,0.5876570832338415,-0.19219444765433571,-0.3037860632637513,-0.12339937722665285,-0.3023910336507693,-0.2672383797043108,-0.17672784453173382,0.14739418040563218,0.37195077951127953,-0.063115892333768,1.3953401420355906,0.34885623129800447,-0.21906248155272104
-1.0283343598872492,-0.8171200259835647,-0.324391111426342,1.1744706423832134,0.9385235499287689,-0.6157746904057039,0.036299605990082064,0.969094780439264,-0.3476223748518939,0.31256833036421006,0.30379148185363725,0.011893497630530733,0.12021740742611739,-0.051985653057700344,-0.2838976100529146,0.9351147037045184,-0.20397717192199988,-0.2490605705483374,-0.655284349267031,-0.5243218968491095,-1.1021891135408841,-0.07266783694538528,-0.24427262643948525,-0.5917426270678784,0.3721534483815414,0.9946944555203698,1.0876595880218545,-0.6118098832718466,-0.7958934696051639,-0.4840812080797945,0.5455782766783457,-0.1394902453513916,0.9192135777106961,-0.2937352535207392,-0.26485301472829625,-0.2719348887064476,-0.5610715432336609,0.22627487691606474,-0.2772471979455776,-0.32874524490625157,-0.2882368048655668,-0.15988110187707752,-0.23291030271521299,-0.46728916773063145,-0.22858451236674995,-0.7781456099427158,-0.31817476319639565,-0.10559361728987295,-0.5342380164139701,-0.49818924950440263,-0.34598753748920913
-1.0767932005918504,-0.11059876028452101,-0.8759583324320146,-1.3156677421406708,1.172227042598777,-0.03900969374363439,-1.29065265742513,0.3698138662501748,-0.943178136959094,0.8721609411193502,1.1694627841268337,0.13986545466820802,0.14903440601530407,0.5292672925535641,0.6365283256975953,-0.1523845618389949,-0.16358969188144393,-0.12036630836288371,0.048170459134965586,0.21164034898857279,0.7500566462907727,-0.10652233723801906,-0.8785512050023131,-1.1734918060203399,1.355799882018653,1.0543451354853768,-0.19961044391301774,-0.2720380764782495,-0.6656631216099291,-0.2909373233881356,0.2245824425326499,-0.07633122384846129,0.4325288455206928,-0.28763557322918126,-0.2112643441830694,-0.04101671555101274,0.5790722861472376,0.6146331763039193,1.301546331191457,-0.29069010468850476,-0.32710995086102806,-0.17725335171061307,-0.2986688516363645,-0.45482698749292616,-0.26833733553546946,-0.1845235375123964,-0.08156029141090687,-0.08388278009008598,-0.5409453733733021,-0.6323047839647837,-0.10800305760829412
-0.6891224749550416,-0.8171200259835647,0.9363339651580538,1.4559113443195744,0.37590403053800436,-0.5872219677986706,1.1938537081182465,0.5171780254770002,-0.8755667340145569,1.1361197197774353,1.3200143149569545,0.10520638297050364,-0.7154755516602608,0.33551631068314264,1.6144808824325099,0.16796405901878403,-0.23538965639798784,-0.46650949630996547,-0.2928985388781237,-0.1738636845454513,-0.2653310895205573,-0.09684962286869514,-0.8334246658160247,-1.1793680603531929,1.7053601848814284,0.2788862959402905,-1.126444866906126,0.4075055371089437,-0.556269629293932,-0.27923163340682294,0.46532931814192247,-0.14939754284204726,0.6869322282563763,-0.22053909002204364,-0.20233289909219826,0.025372259231174775,-1.2541001454063636,-1.6096007201901599,-0.86757869144899,0.10553106110803867,-0.1933863286366414,-0.13555995211012775,-0.33713139911854745,-0.21148652074615595,-0.26276007377747,-0.3313332973607549,-0.3970462537915586,-0.09992992062905896,-0.5597830567484476,-0.43995487269923733,-0.2825250095209651
0.764642746182991,1.5295398922311163,1.2515152343041525,-0.5325283976221027,-1.7014603487509692,1.98252306683431,1.1656206812370702,-2.135376840605852,-1.0798394833363503,-2.0736190287048784,-1.803929949768059,-0.45200484663104906,1.4169823439394655,0.06426493606455222,-1.7795897556474944,-1.905871749692102,-0.08281473180033198,0.36778434130607796,1.796149073952048,0.8775109523655231,2.4795632292661147,-0.22259490966990642,-0.3194835250832988,1.7058728170777009,-1.8390186999597355,-1.1229046832373648,-1.3324080720157057,-0.9515816900654432,0.5706569820248341,1.1664210792852905,-1.0594008940501363,0.005403980449448622,-1.481027033317282,-0.19614036885581182,-0.23805867945568282,0.26591202293475275,0.44493771798477894,0.9137991389902582,-0.08504624657237354,0.2980452998566413,0.5498682227965777,-0.12513660221000641,-0.020745927894139368,1.1311494238108213,0.21012052421461097,2.751671659454776,2.3437380443903506,0.03505484978700785,-0.5280301434835244,-0.08348989952822412,-0.4887782254177587
0.08621897631857599,1.2519779664207777,0.4635620614389057,-0.5325283976221027,-1.1474965142739093,-0.6386168684913301,1.024455546831197,-1.7424057493343181,0.22491673944440008,-1.313417746169593,-1.2769995918626347,-0.3506937139762212,0.1058089081315264,-0.051985653057700344,-0.22637098906850972,1.2554633245622977,-0.14563970075230792,-0.10705310882645751,0.17607133338987407,0.17659452775820683,0.6607917903952717,-0.014631550729441618,-0.8309176358612311,-1.091224245360396,0.3152482827992293,-1.3615074030973915,-0.25110124519041277,-0.6118098832718466,-0.06660352083184874,-0.47237551809848183,0.7863251522876183,-0.03298679732684242,0.830725444585241,-0.08634612360776851,-0.16660711872871367,-0.2310431288768394,-1.0752540545230855,-0.5448672008158013,0.2856270167902351,-0.5615531615324691,-0.17006244103936463,-0.0938665525096424,0.31921336275483253,-0.302001303525278,0.028562854220160742,1.2835740609711899,-0.29845689054760494,-0.09521017341171395,-0.2907752297624686,0.9197295917971265,-0.6685887213277834
-1.0283343598872492,-0.413393588441254,0.5423573787254304,-1.278958085366363,0.31531423614207615,-0.31311583077115274,-0.8671572542075091,0.5270023027587888,-1.003596837462723,0.7982524830950871,1.094187018711773,0.137199372229923,0.2931193989612313,0.5292672925535641,0.4639484627443726,1.1205796947274436,-0.18153968301057996,-0.1647436401509711,-0.22894810175066946,-0.13881786331508536,-0.08680137772955408,-0.038813336652751496,-1.0164378525159712,-1.6729734243128571,1.924851537841776,0.7560917356603435,1.1906411905766445,-0.9515816900654432,-0.1881518456274012,-0.35531861828535527,0.3850803596054978,-0.20017244248165794,0.11175936294091553,-0.2022400491473698,-0.19340145400132708,-0.3363995453790065,-0.49400425915243157,1.0754602492617573,0.27189837740643497,-0.4742501927976376,-0.2711326206275639,-0.1720416767605524,-0.2031328465999746,-0.3774302891745464,0.3181058050609833,-0.056862876774693205,-0.4759177443867211,-0.10276176895946595,-0.4798656121266183,-0.6834804484299292,-0.29839064151302624
-0.3014517493182328,-0.11059876028452101,-0.7971630151454899,1.052105119802188,0.7654098516546867,-0.627195779448517,-1.149487523019257,0.5761236891677304,-0.05559865575102028,0.5765271090222958,0.45434301268375793,0.05455081664308983,-0.038276084814400826,-0.28448683130220714,-0.39895085202173236,1.6516839872021833,-0.15461469631687588,-0.10705310882645751,-0.5060666626363045,-0.2790011482365485,-0.633548620089501,-0.014631550729441618,0.3273302032534975,0.0722741125445265,0.05511038299437295,-0.0790177838497492,-0.8689908605191515,-0.6118098832718466,-0.7351193072073877,-0.4079942232012622,-0.016164433076622697,-0.01936426327719072,0.22236952934773446,-0.22053909002204364,-0.23359295691024726,-0.2339296060412823,0.7802741383909253,0.4083758976816617,0.24444109863883384,-0.458580429178565,-0.26646784310810856,-0.16856722679384528,-0.3284463077516029,-0.2331313601063808,-0.24223100390228053,-0.2994181321763292,-0.6533785982258377,-0.11597706116803193,-0.5230353031946601,-0.7373031300225821,-0.49935531341246564
0.9100192682967941,-0.7666542212907759,0.6211526960119551,-0.3183887331053066,-3.5624326051973405,5.220401810471867,2.436106890889935,-1.054706339609134,1.1614065972506498,-1.0283422652188616,-0.5242419377120289,-0.1694001081728452,1.7916033255988768,1.2655210236611683,-0.39895085202173236,-1.9311624302861372,-0.06935223845348003,0.47872767077629635,1.519030513066413,0.6321902037529629,2.1559781266449227,-0.22259490966990642,0.20699276542339595,0.13103665587305807,-0.41638956040192865,-0.49657254360479575,-0.4570644502999924,-1.631125303652637,3.178736751209405,2.6296323269493733,0.06408452545980195,0.043794758225739576,-1.0496473843306857,9.874431792506382,7.384929705602838,0.08069640488299772,-0.09160055466505564,-0.47797294828966314,0.367998853093037,-0.10489147891950419,1.3055621809483442,2.7430218453067137,3.5699189886683595,-0.2587116248048284,-0.21648066770045332,-2.087305685807862,7.411231315129561,0.1926944068463307,-0.5245337552813194,1.2664888355006119,-0.023386353650634958
0.7161839054783901,1.6557044039630884,0.5423573787254304,-0.20214148665333184,-1.5802807599591115,1.2001784674016027,1.024455546831197,-1.3494346580627847,-0.06279135819192841,-1.7357517920225294,-1.5028268881078166,-0.3720223734825008,1.3737568460556877,0.5680174889276495,-0.9166904408813921,-1.1724420124650814,-0.033452256195207995,0.5009163366703401,-0.3142153512539418,-0.033680399623987486,0.22562561790470095,-0.17906769500794867,1.1872414777477658,1.9115417187275605,-2.2373548590359214,-0.7948259434298286,-1.3324080720157057,0.06773373031534709,2.0882746373293046,0.557725200257032,0.8665741108240416,-0.12834453567440385,-0.7178168851102288,-0.06194740244153665,0.09240478890654943,-0.1608055178753946,0.512005002066008,1.1163400702499522,-0.0026744102695716943,0.08090714684949601,0.3943756388147326,-0.12687382719335996,0.17652971886931515,2.2547133578734018,0.05941579160483859,1.0984661029015204,0.5296937607016045,-0.05650824622948501,2.0318255045594453,0.15915333715996546,-0.45175841743628276
0.5708073833645869,1.6557044039630884,0.5423573787254304,-0.679367024719334,-2.3073582927102527,1.8683121764061774,-0.02016644777226799,-1.2511918852449009,-0.5547722051500504,-0.7115917308291592,-1.0888101783249835,-0.2520486637596784,-0.35526306929544194,-1.059490758783893,-1.3193767877722395,-1.6445347168870716,-0.002039771719220027,0.04382981925303952,-0.3142153512539418,-0.7345968242313038,-0.5889161921417502,-0.09201326568403316,0.37496377239457945,-0.6270001530649976,-0.16438096996597437,-1.3913327430798947,-0.7660092579643616,0.06773373031534709,2.225450603884285,1.5702673836405778,-0.09641339161304735,0.11314584066032973,-0.1647660530761318,-0.06194740244153665,-0.054964055092824406,-0.06410853286655627,-1.5447250430916908,0.8989337495400049,-0.1674180828751754,-0.4272409019404206,-0.26646784310810856,-0.11818770227659217,0.31300972606415783,0.824842151652488,1.3801588419566233,0.23675664292202425,3.585964021264164,0.10773895693412076,0.8102302796257689,0.06386072056969455,-0.5099324014071729
1.3946076753428052,-0.11059876028452101,-0.8759583324320146,-0.5753563305254618,0.7394427969135748,-0.47872162189194445,-0.5565939585145875,0.3698138662501748,-0.5634034480791404,-1.0177839140725382,-0.862982882079802,-0.2627129935128181,0.4227958926125675,0.296766114309059,-0.11131774709969734,0.606335855982061,-0.11871471405860393,0.05714301878946608,-0.25026491412648755,-0.06872622085435345,0.047095906113698315,-0.0678314797607233,-0.715594257940717,-0.6563814247292631,0.5347396357595764,-1.301856723132385,0.26380676758353633,-0.2720380764782495,-0.5771064849731695,-0.4255527581732312,-0.17666235014947063,-0.0342252095131744,-0.26431520284226884,-0.1046451644824424,-0.18447000891045595,-0.2219026178561034,1.4285912178428086,-1.4052016152491833,1.4937472825646612,-0.03549681146361258,1.3724239920605374,-0.09907822745970309,-0.15722593508898208,-0.09276785637643788,-0.124515181265356,-0.1334592732173149,-0.14071390935727907,-0.08765857786396199,-0.5425151803212309,-0.19378227984103774,1.9862603653437594
1.249231153229002,-0.716188416597987,0.14838079229280698,-0.7405497860098472,-3.0517471952888013,2.6392356867960727,-1.29065265742513,-1.1529491124270175,0.17888344382258747,-1.5773765248276783,-1.5028268881078166,-0.3880188681122105,0.4660213904963452,0.06426493606455222,-0.5715307149749496,-1.6529649437517502,0.083222686144176,0.6961765965379249,1.3484960140598685,0.527052740061865,1.5422822423633493,-0.2032494809312585,-0.7632278270817988,0.2720667598615336,0.3071189734303275,-0.019367103884742373,0.006352761196561731,0.06773373031534709,1.0950511832856462,2.5418396520895286,0.06408452545980195,-0.05651662886714978,0.609505111771603,1.6398633989031346,3.044247391439462,0.24522560325624512,-1.0752540545230855,-1.622607935959131,-0.33216175548077836,0.3584858166730631,0.3617221961785452,0.3977681177794138,1.3527392354212322,-0.31511938798602035,-0.23748439815079164,1.2261267636392235,4.453550417810955,0.08319627140392682,-0.5408740185120327,-0.8131842876777978,-0.09742596961358689
-0.44682827143203596,1.4033753804991442,0.5423573787254304,0.20166473786405506,-0.19537117376646365,1.8511805428419574,-0.3589627703463651,-1.054706339609134,1.778540466680575,0.23865987233994645,-0.7124313512496804,-0.15606969598142045,-1.5223515121574538,-2.028245668136002,-1.4344300297410546,-1.7794183467219262,-0.055889745106627996,-0.09817764246884003,0.11212089626241982,-0.38413861192764565,-0.5889161921417502,-0.121031408792005,-0.24427262643948525,0.5423744591727779,-0.473294725984241,0.81574241562535,1.4995859982410136,1.7665927642833312,-0.2662900544245421,-0.45481698312651286,-0.8186540184408637,0.10695377972866991,-0.9943423011272762,-0.2144394097304857,-0.22019578927394054,-0.2767456839805192,-0.6057830659544805,-1.6263242833216942,1.0407021828992513,-0.5861770757910111,-0.32400009918139117,-0.13034827716006706,-0.03935683796616335,0.4109665869160675,-0.1446882557091838,3.058057245225264,1.6733303743314656,-0.02158211682113206,2.7796244506637056,4.020268987150938,4.577646924047058
-1.0767932005918504,-0.7918871236371703,-0.08800515956676706,-1.3034311898825681,1.1029815632891453,-0.05614132730785436,-0.5001279047522382,0.45823236178627,-0.9446166774472757,1.5373370633377244,1.5834794939096664,0.25983916439103044,-0.09591008199277265,0.06426493606455222,0.23384197880674518,-0.2704077379444926,-0.20846466970428384,-0.32006430140927683,0.1334377086382379,0.07145706406710967,0.47110397161733064,-0.11619505160734302,-0.9512550736913327,-1.4026657250016126,1.5752912349790007,1.2332971753803965,-0.09662884135822807,1.087049150696138,-0.6448262659306915,-0.37287715325732423,0.30483140106907314,-0.040417270444834216,0.4657118954427385,-0.28153589293762327,-0.24252440200111838,-0.1276110304843008,-0.9858310090814464,0.2560056558165701,-1.0185937246707935,-0.33322232022598663,-0.14518362760226944,-0.13208550214342063,-0.24531757609656235,-0.37808619339758354,-0.25979344518278946,-0.8802741385328782,-0.2787390178988142,-0.08954647675089997,-0.5348802101653954,-0.6764217360899092,-0.525798033399234
-0.34991059002283387,-0.36292778374846524,1.409105868877202,1.4497930681905231,-0.714712268588706,0.6062818371753141,-0.3589627703463651,-0.07227861143030037,3.3177787890349326,-2.2108775936070826,-1.6157405362304074,-0.5373194846561672,0.3651618954341957,2.0405249511428543,2.880066544089462,-1.2820349617059004,-0.05140224732434393,0.17696181461730195,-0.10104722749576099,-0.033680399623987486,-0.5889161921417502,-0.13554048034599092,-0.8685230851831379,-0.13927104343818622,0.201437951634604,0.5473143557828203,-0.09662884135822807,-1.29135349685904,0.2181668401177315,0.2124073458083088,-0.49765818429516784,-0.10481470413409658,-0.6956948518288627,1.1518889755784978,0.5211141532683644,11.444275921767431,1.2497451269595308,-0.45567486411428404,1.054430822283052,-0.48096580577724,0.333733531061813,-0.1459833020102491,0.5152482821801521,6.813247707981361,0.8888851466775227,0.29420394025399066,0.7268724871895114,-0.047068751794795013,0.5169617998081634,0.23856385098519112,-0.12386868960035496
1.200772312524401,-0.8171200259835647,0.0695854750062823,-0.8445604802037197,-0.714712268588706,0.9089406968098652,-0.07663250153461725,0.12420693420546648,-0.03258200794011398,-0.8594086468776869,-0.7124313512496804,-0.21205742718540432,0.6245148827368634,0.2580159179349737,-0.45647747300613717,-1.4759301795935038,-0.03793975397749206,0.3367202090544168,2.542237507105681,1.0877858797477173,2.7473577969526195,-0.18390405219261063,-0.364610064269587,-0.1921573324338647,-0.4895533447220443,-0.16849380379725912,-0.3025920464678077,1.7665927642833312,1.8990065315762292,0.3762870055466858,-0.2569113086858953,0.09704648223801425,-1.1823795840188682,3.0793879477108135,1.0525351361751976,0.39917105202653513,-1.2764559067667733,0.2801619136732307,0.6288430013852427,-0.16533199573592602,-0.2882368048655668,-0.14772052699360264,-0.3160390343702536,-0.2731415177116449,-0.261692087483385,1.0027206073482429,1.6930482469802564,-0.02158211682113206,-0.5450126004656631,0.5217946836284958,0.5583534860582687
0.08621897631857599,-0.7414213189443815,-0.7971630151454899,-1.2728398092373117,0.7913769063957995,0.25222807684810317,0.31862987480182914,1.0968103851025122,-0.8640584101091037,0.9566277502899379,1.282376432249424,0.12920112491506813,-0.12472708058195778,0.5680174889276495,1.154267914557255,-1.2820349617059004,-0.21295216748656784,-0.32893976776689465,-0.2715817265023056,-0.10377204208471941,-0.07564327074261624,-0.1887404093772726,-0.6428903892516972,-0.403702488416578,0.22582587974131002,0.6367903757303301,0.9331871841896702,-0.2720380764782495,-0.39652040241977704,-0.29679016837879196,0.06408452545980195,-0.11472200162475216,0.12282037958159743,-0.20833972943892773,-0.23805867945568282,0.058085667094861404,-0.09160055466505564,1.0197150388233094,-0.3184331160969782,-0.310836943627312,-0.2711326206275639,-0.15814387689372394,-0.2589655768160466,-0.2875714106184615,-0.259556114895215,-0.2611199339550181,-0.6730964708746284,-0.08482672953355498,-0.5291718212638362,-0.7434795033200997,-0.4834896814204045
-0.7375813156596428,-0.8675858306763535,-1.269934918864638,0.9480944256083152,1.128948618030257,0.23509644328388318,-0.5848269853957621,0.8315548984942265,-0.7158887398263944,0.6398772159002354,0.6801703089289404,0.011893497630530733,-0.6146160565981112,0.06426493606455222,0.9816880516040324,-0.034361385733497236,-0.23538965639798784,-0.4531962967735393,-0.7831852235219395,-0.48927607561874353,-1.0910310065539461,-0.121031408792005,-0.7908051565845303,1.1123711294595333,0.347765520274836,0.010458236097760722,1.4995859982410136,1.4268209574897346,-0.672608740169675,-0.35531861828535527,-0.4174092257587432,-0.07880804822112517,-0.5076575689372704,-0.3730310973109927,-0.2112643441830694,-0.15070284779984433,-0.1586678387462847,-1.4070597889304652,-0.5655486250053837,0.14134766366591817,-0.313115618302662,-0.1720416767605524,-0.30859467034144394,-0.18918577716289403,-0.2641840555029167,-0.318567231286985,-0.4561998717379303,-0.10181781951599696,-0.4798656121266183,-0.6781864141749143,2.5151147650791263
-0.8344989970688449,-0.6152568072124093,-0.5607770632859158,-0.8445604802037197,1.0770145085480336,-0.15893112869317377,1.024455546831197,0.8610277303395916,-0.8482344647391057,0.038051200559802,0.002688420193394961,-0.0680889755180176,-0.09591008199277265,-0.12948604580586928,-0.11131774709969734,-0.23668683048577888,-0.11422721627631995,0.026078886537804574,-0.16499766462321522,-0.10377204208471941,-0.03101084279486544,-0.121031408792005,-0.1314562784737649,0.5247456961742193,-0.8716308850604266,0.6367903757303301,0.6757331778026953,-1.29135349685904,-0.6708723355297385,-0.4138470681919185,0.06408452545980195,-0.09366899445710876,0.27767461255114634,-0.29983493381229714,-0.25145584709198954,-0.24114579895238963,1.6521488314469062,-0.7399754373503693,2.79796802402569,1.0837720184701247,-0.21360036455428125,-0.17725335171061307,-0.30363176098890426,-0.47975134796833663,-0.2556401651502367,-0.10792714106977418,-0.4167641264403493,-0.09992992062905896,-0.5597830567484476,-0.33054483142892627,-0.5310865773965877
1.1523134718197998,0.2931276772577897,0.7787433305850044,0.6177075146395444,-2.51509473063915,1.0574148543664375,-0.8953902810886838,-1.3494346580627847,3.0458946367686024,0.1541930631693588,-0.4113282895894376,-0.07075505795630244,-0.39848856717921965,-1.2532417406543164,-1.6070098926942744,-0.59918658566695,0.1639976462252877,0.6651124642862632,0.9861102036709611,0.17659452775820683,1.0290093209642153,-0.13554048034599092,-0.38215927395314353,1.1711336727880648,0.15266209542119433,-0.7650006034473252,0.4697699726931157,-1.631125303652637,1.2374363637604364,0.8093975348552542,0.06408452545980195,-0.07013916291680149,0.03433224645614228,-0.25713717177139145,-0.20679862163763382,-0.04101671555101274,-1.1423213386043147,0.5644624869093163,-3.462291534987248,-1.3830964827038323,-0.33177472838048344,-0.1286110521767135,-0.24283612142029248,0.3375053139359105,0.5934089386473389,1.2771910279343046,0.6677188692431401,-0.049900600125202026,5.012318059786063,-0.14701831058840475,-0.5046438574098192
-0.8344989970688449,-0.48909229548043726,0.3059714268658564,-0.0002383743946381926,0.08161074347206679,-0.6785906801411765,-1.3188856843063055,0.8905005621849574,-1.1647133721390672,0.09084295629141867,0.37906724726869806,-0.036095986258598056,0.1346259067207115,0.5680174889276495,0.7515815676664049,0.10052224410135707,-0.23987715418027183,-0.3866302990914082,-0.88976928540103,-0.8046884666920353,-1.8051498537179584,-0.125867765976667,-0.9462410137817451,-0.5858663727350253,0.6160327294485939,0.785917075642847,-0.1481196426356231,-0.6118098832718466,-0.8809772969620508,-0.4899340530704508,0.06408452545980195,-0.13825183316505962,0.36616274567660145,-0.2693365323545074,-0.2246615118193761,-0.2897348312205124,0.02017825213699297,-0.5430090271345194,-0.3596190342483795,0.3159536011355809,-0.31000576662302515,-0.15466942692701685,-0.2502804854491021,-0.3197107175472802,-0.23606041642534498,-0.1845235375123964,-0.35761050849397713,-0.09709807229865196,-0.5525048608989597,-0.298780625898836,-0.04454052964005007
-0.5922047935458395,-0.6909555142515926,1.0151292824445786,0.6115892385104932,1.2501282068221136,0.22938589876247678,0.939756466187674,0.4877051936316351,-1.0021582969745415,0.9038359945583205,1.0565491360042436,0.12386896003849843,-0.06709308340358752,0.2580159179349737,0.5214750837287802,-0.1102334275156031,-0.15461469631687588,-0.11149084200526625,0.24002177051732831,0.14154870652784157,0.7500566462907727,-0.10652233723801906,-0.9637902234653016,-1.9256523606255425,2.087437725219811,1.680677275117946,0.3667883701383259,1.7665927642833312,-0.523277941135139,-0.4079942232012622,0.06408452545980195,-0.041655682631166105,0.2887356291918258,-0.2693365323545074,-0.17553856381958485,-0.32581579577604913,-1.4776577590104614,-1.2008025103082072,1.4525613644132611,-0.3376993955457217,-0.19805110615609675,-0.11123880234317798,-0.29990957897449944,-0.30265720774831517,-0.24436697649045055,-0.4717600241722284,-0.35761050849397713,-0.09804202174212095,-0.5562866685462425,-0.7073036025774968,-0.17675412957389178
0.5708073833645869,0.5202237983753395,-1.1123442842915887,1.4008468591581125,-0.4550417211775859,1.2115995564444164,0.2903968479206553,-0.1705213842481834,2.2259265585050656,-1.2395092881453296,-1.0135344129099222,-0.2733773232659579,1.027952862985463,0.5292672925535641,-0.5715307149749496,-1.7204067586691774,-0.13666470518773996,0.07933168468350976,0.922159766543507,0.6672360249833281,1.8770254519714804,-0.20808583811592046,-0.3044413453545362,0.0722741125445265,-0.7415619351579988,0.010458236097760722,1.3966043956862242,1.4268209574897346,0.5116192242669944,0.45822683541587456,-0.09641339161304735,-0.08500010915278507,-0.48553553565590907,0.9688985668317587,-0.0058411070930331046,0.8023156959937319,-1.0081867704418561,-0.9350836738849377,-0.6067345431567843,-0.08474463998069692,0.032077918137033846,-0.16161832686043107,-0.29742812429822957,-0.45023565793166637,0.10688184911972749,0.3771833697334978,-0.2787390178988142,-0.09332227452477596,0.7781205920544982,0.23944619002769357,-0.40416152146009987
0.5708073833645869,0.4949908960289451,0.8575386478715291,0.15271852883164436,-1.0955624047916845,-1.4438036460096644,0.9962225199500233,-0.8582207939733676,1.5843375007760527,-0.10976571548872578,0.45434301268375793,0.04655256932823512,1.6187013340637628,1.1880206309129993,-0.2838976100529146,-0.10180320065092457,-0.10973971849403588,0.3234070095179906,0.4745067066513272,0.17659452775820683,0.8839539301340257,-0.10652233723801906,-0.25430074625866045,-0.42720750574799043,-0.7659498632647043,0.04028357608026414,-0.04513804008083304,-0.6118098832718466,0.372706853072077,0.007557771135337314,1.267818903506162,-0.21379497653130963,1.4943864430261569,1.74355796385962,0.016487505634144726,-0.23056204934943222,-1.5894365658125102,1.0271477335484356,0.9583303465964501,0.34729312837372567,10.91033909350691,0.4273009424964242,0.8837443016062273,-0.3577531624834329,0.03686941428526637,-0.861125039422223,-0.29845689054760494,-0.09426622396824495,0.2251204172159473,2.2114739500207974,0.6112389260318049
-1.3190874041148557,-0.6657226119051982,-0.08800515956676706,-0.3183887331053066,-0.09150295480201541,0.20654372067685003,-1.2059535767816063,1.1557560487932423,-0.4152337777964311,0.23865987233994645,0.41670512997622755,0.017225662507100774,0.3507533961396031,0.33551631068314264,0.0037354948691177333,-0.48116340956145237,-0.22641466083341988,-0.2845624359788073,-0.3142153512539418,-0.38413861192764565,-0.5554418711809371,-0.14521319471531485,-0.5576513707887084,-1.2851406383445496,1.6403257099302144,1.0543451354853768,-0.9719724630739414,-0.6118098832718466,-0.6100981731319622,-0.3319072383227299,0.3850803596054978,-0.09243058227077677,0.410406812239329,-0.23883813089671754,-0.26038729218286066,-0.2801132406723693,-0.002177509223416538,-0.141643511977693,-0.8263927732975895,0.3831097309316051,-0.17161736687918308,-0.11645047729323862,-0.33713139911854745,-0.34594688646876487,-0.24875758681057775,-0.8228268412009123,-0.8702751973625352,-0.10370571840293495,-0.4912110350684673,-0.33760354376894625,-0.03396344164534284
2.50916101154863,1.4790740875383273,1.0939245997311031,3.089491070776275,-0.28192802290350366,-0.31882637529255914,-0.7824581735639845,-1.3494346580627847,1.3613637251078978,-1.7991018989004697,-1.8415678324755893,-0.4253440222481996,0.6965573792098279,-0.49373789172226173,-1.5494832717098697,3.809822064559854,0.11463517062016387,0.860372724153848,-0.6766011616428492,-0.3490927906972804,-0.789762117906629,0.10627737888710768,3.5338215154347483,1.9820567707217989,-2.221096240298118,-1.0930793432548618,-1.3324080720157057,-1.29135349685904,0.2563677421963338,-0.050970678771226054,-0.09641339161304735,-0.08747693352544894,-0.09839995323204043,-0.20833972943892773,-0.2246615118193761,-0.19303784621167405,-0.2928024069087433,-0.6359177111985995,-0.1674180828751754,0.21074233112180946,-0.31000576662302515,-0.13382272712677418,-0.22298448401013354,-0.4390852861400354,-0.2594374497514278,-0.10154410803288924,0.6677188692431401,-0.04801270123826401,-0.5265316913968651,-0.2864278793038009,-0.09742596961358689
-0.8344989970688449,-0.7414213189443815,-1.9790927744433602,1.4069651352871637,0.8519667007917278,-0.2160365739072397,0.008066579108907436,0.3992866980955399,-0.9834572706281801,0.22810152119362298,0.1532399510235166,-0.09474979990086692,-0.8307435460170028,-0.2069864385540382,0.9241614306196303,0.058371109777964884,-0.1501271985345919,-0.2668115032635724,-0.35684897600557797,-0.2790011482365485,-0.3992283733638097,-0.11135869442268104,-0.75069267730783,-0.3919499797508718,0.6648085856620041,0.09993425604527065,-1.126444866906126,0.4075055371089437,-0.5371691782546307,-0.4255527581732312,0.06408452545980195,-0.10852994069309235,0.167064446144325,-0.2754362126460653,-0.2246615118193761,0.10330714267113411,1.6297930700864967,-1.000119752729794,2.5645811545010857,1.3591121506338242,-0.26646784310810856,-0.13034827716006706,-0.29742812429822957,-0.4430207114782581,-0.22538055348449498,-0.5228242884673094,-0.10127816405969807,-0.08577067897702398,-0.5385193080901395,-0.6596572942823615,-0.023386353650634958
-0.5922047935458395,-0.6657226119051982,0.4635620614389057,-0.7283132337517447,0.5403620438983808,-0.5129848890203844,-1.3471187111874803,0.45823236178627,0.48529256780527746,0.06972625399877176,0.22851571643857646,-0.08675155258601204,-0.3840800678846286,0.296766114309059,1.03921467258844,0.5473242679293122,-0.19500217635743183,-0.32450203458808596,-0.25026491412648755,-0.10377204208471941,-0.0198527358079276,-0.07266783694538528,0.359921592665817,-0.5153513207407882,0.45344654207055884,0.3981876558703035,0.31529756886093113,1.4268209574897346,-0.22287993842613063,-0.16217473359369625,0.30483140106907314,-0.10233787976143253,0.4988949453647842,-0.2754362126460653,-0.23359295691024726,-0.09393546356579992,2.0769082972946924,1.0308640809109986,-0.5518199856215835,2.220949149682802,-0.18094692191809378,-0.12166215224329929,-0.30363176098890426,-0.47056868884581693,-0.23368711354960053,-0.1653744384017406,-0.3773283811427674,-0.09804202174212095,-0.5449412456043936,-0.7055389244924919,-0.039251985642696455
1.297689993933603,0.2931276772577897,-2.2942740435894593,-0.8873884131070789,-0.17805980393905543,-0.26172093007849284,0.7985913317817993,-0.8582207939733676,-1.076962402359987,1.3367283915575798,0.7178081916364708,0.16119411417448748,-0.5857990580089261,-1.059490758783893,-1.0317436828502045,0.3702895037710657,0.14604765509615175,0.5941087334253236,0.3679226447722368,-0.06872622085435345,0.3706810087348912,-0.08234055131470923,-0.8660160552283441,0.05464534954596721,0.7135844418754149,0.4876636758178138,0.4182791714157209,-0.6118098832718466,-0.6691359308898022,-0.3319072383227299,-0.016164433076622697,-0.16425848907803095,-0.38598638588976963,0.0661458836811805,0.1683220721789542,0.29766327174362506,-0.9858310090814464,-1.5612882044768381,-0.6341918219243854,0.018228092373206817,-0.20271588367555207,0.01557862144163158,0.14427080807780682,-0.4554828917159633,0.08196216892441081,-0.03133074462715247,-0.219585399952442,-0.09143437563783796,-0.5123320740042364,0.12474211450236755,0.8756661258994882
-1.3190874041148557,-0.6152568072124093,1.3303105515906772,0.29955715592887605,1.1029815632891453,-0.8156437486549357,-0.4436618509898882,0.8610277303395916,-0.7173272803145763,-0.025298906318138734,0.07796418560845482,-0.08675155258601204,-0.1535440791711429,0.18051552518680478,0.4639484627443726,0.7580799395462724,-0.21743966526885183,-0.3333775009457034,-0.7618684111461215,-0.6645051817705726,-1.5038809650706406,-0.08717690849937118,-0.4799334421901011,0.08402662121023331,-0.15625166059707285,0.8753930955903563,0.7272239790800903,1.4268209574897346,-0.4538217555376804,-0.5016397430517635,0.06408452545980195,-0.06766233854413743,0.42146782888001094,-0.3120342943954131,-0.25145584709198954,-0.276264604453112,-1.119965577243905,-1.1246173893756612,-0.4694481493187817,-0.382470148743071,-0.1467385534420879,-0.17030445177719883,-0.3309277624278728,-0.4790954437452995,-0.23665374214428112,-0.06962894284846308,-0.8308394520649538,-0.09143437563783796,-0.5365927268358632,-0.46642504397431245,-0.3830073454706851
1.7822784009796138,1.7818689156950605,-0.40318642871286675,1.2356534036737268,0.04698800381724927,-0.45587944380631845,1.0809216005935471,-1.054706339609134,1.6131083105396857,-0.10976571548872578,0.22851571643857646,-0.10008196477743661,-0.09591008199277265,0.684268078049902,1.2693211565260674,1.238602870832941,-0.11871471405860393,-0.031611644786708644,-0.48474985026048645,-0.38413861192764565,-0.6670229410503139,-0.043649693837413454,3.877284619241497,1.9174179730604144,-2.2292255496670195,-0.7650006034473252,-1.3324080720157057,-0.9515816900654432,-0.32185500290250896,-0.3319072383227299,-0.2569113086858953,-0.13453659660606368,0.03433224645614228,-0.0741467630246526,-0.10408700309261568,-0.048713987989527245,-0.9411194863606268,0.8766356653646259,0.9857876253640505,-0.2503964268108902,-0.3037860632637513,-0.0903921025429353,-0.12620775163560877,0.8504224163509355,-0.17316789021811715,-0.2802690330656739,-0.1209960367084888,-0.08671462842049298,0.8359180296827855,-0.19554695792604251,-0.04454052964005007
-1.2706285634102545,0.24266187256500077,-0.7183676978589653,0.18330990947690096,1.2587838917358183,-0.6843012246625834,-0.8389242273263345,0.31086820255944553,-0.6065596627245896,0.3231266815105335,0.5672566608063492,0.0038952503156760225,0.00494941306937687,0.4517668998053952,0.7515815676664049,0.48831267987656335,-0.19051467857514784,-0.2446228373695287,-0.14368085224739716,-0.13881786331508536,-0.0198527358079276,-0.07750419413004725,0.013951458904274454,-0.6446289160635569,-0.6440102227311778,-1.0930793432548618,0.6242423765253006,-0.2720380764782495,-0.6587175030501833,-0.5016397430517635,-0.09641339161304735,-0.12462929911540792,0.21130851270705495,-0.2022400491473698,-0.2246615118193761,-0.0660328509761849,0.08724553621822256,-0.032011264782078115,0.25816973802263404,0.024943705352809244,-0.299121285744296,-0.10776435237647086,-0.3123168523558488,-0.4607301255002602,-0.24555362792832275,-0.3121841982500996,-0.3378926358451864,-0.09615412285518296,-0.5335244678012752,-0.6349518010922913,-0.6474345453383685
-0.34991059002283387,-0.716188416597987,-0.08800515956676706,-1.3034311898825681,1.1981940973398888,-0.7813804815264958,0.5162610629700523,0.428759529940905,-0.3519379963164387,0.7349023762171465,0.8307218397590611,0.030556074698525348,-0.6290245558927038,0.14176532881272114,1.2117945355416626,-0.2451170573504574,-0.18153968301057996,-0.31118883505165973,-0.6766011616428492,-0.5243218968491095,-1.035240471619258,-0.13554048034599092,0.06158502804535642,0.19567545353444277,-0.2863206104995006,0.219235615975284,-0.4570644502999924,0.4075055371089437,-0.16384218066829076,-0.226556028490916,-0.016164433076622697,-0.12091406255641216,0.12282037958159743,-0.33033333527008696,-0.19340145400132708,-0.09682194073024285,-1.0305425318022658,1.212965101676596,0.18952654110363237,-0.026542660824142462,-0.2960114340646591,-0.13034827716006706,-0.4860186796947395,-0.2974099739640182,-0.23843371930108945,-0.3377163303976403,-0.43648199908914004,-0.10087387007252796,-0.5460115685234359,-0.78583177736022,-0.7108970733066129
-1.0283343598872492,-0.6152568072124093,0.7787433305850044,-0.6365390918159749,0.713475742172463,-0.061851871829261135,0.9679894930688479,0.41893525265911635,0.21053133456258383,0.21754317004730014,0.11560206831598618,-0.05209248088830783,-0.35526306929544194,-0.24573663492812353,-0.11131774709969734,1.0952890141334084,-0.17256468744601192,-0.222434171475485,-0.8684524730252119,-0.6645051817705726,-1.4815647510967656,-0.0678314797607233,0.3373583230726727,-0.4154549970822842,0.43718792333275525,0.3385369759052973,0.1608251650287463,0.06773373031534709,-0.7507469489668159,-0.5309039680050451,0.2245824425326499,-0.11719882599741621,0.48783392872410225,-0.318133974686971,-0.25145584709198954,0.13650163006222785,1.1826778428783014,-0.9703889738292882,-0.22233264041037615,-0.09593732828003408,-0.34421413509903104,-0.11123880234317798,-0.3172797617083885,-0.4607301255002602,-0.24199367361470608,-0.2419708348443628,-0.4561998717379303,-0.10181781951599696,-0.5374489851710972,-0.6234813935397586,-0.04982907363740369
0.4738897019553848,2.538855986086893,-0.00920984228024238,-0.3550983898796144,-0.22999391342127903,1.9368387106630571,0.31862987480182914,-1.3494346580627847,1.1455826518806516,-2.2214359447534053,-2.1803087768433613,-0.5026604129584629,1.1288123580476095,-0.09073584943178396,-1.664536513678682,-1.9336914983455409,11.83597937794596,-1.3096788002836266,9.832587339635465,-0.13881786331508536,-2.374213310051781,11.510407620320038,-1.2997322374076687,0.4189731181828623,-0.5871050571488654,0.15958493601027715,1.3966043956862242,-0.6118098832718466,-0.04403026051267465,-0.6186966428648901,0.5455782766783457,-0.2930533564565555,-0.8284270515170478,-0.17174164768957997,-0.07729266782000227,-0.21372426589018173,-0.7622733954773486,0.46783745548267325,-0.4831767887025819,-0.4227638266206855,-0.36442817101667085,-0.11818770227659217,-0.08030084012461616,-0.3577531624834329,-0.263828060071555,0.4665458322498899,0.2930792889161161,-0.07349933621192699,1.7949273651447373,-0.10290135846327923,-0.4729125934256976
-0.010698705090626093,-0.1358316626309154,0.8575386478715291,-1.3646139511730813,0.0729550585583632,-0.49585325545616443,0.5727271167324015,0.5564751346041539,-0.4569514519536987,-0.40539954758578073,-1.164085943740044,-0.3000381476488074,-1.7672960001655305,-1.8732448826396662,-0.7441105779281721,0.5473242679293122,-0.01998976284835596,-0.06267577703837014,-0.2076312893748514,-0.20890950577581657,-0.1760662336250557,-0.07750419413004725,-0.3921873937723186,-0.13927104343818622,0.4290586139638535,0.9648691155378665,-0.7660092579643616,1.087049150696138,-0.6413534566508187,-0.44896413813585656,0.06408452545980195,-0.15806642814637112,0.8196644279445614,-0.30593461410385514,-0.25145584709198954,-0.31186448948124157,0.8696971838325644,0.609058655260075,1.4800186431808602,0.04732908195148388,-0.17006244103936463,-0.11645047729323862,-0.2502804854491021,-0.4790954437452995,-0.22538055348449498,-0.4845260902459983,-0.18014965465486055,-0.08954647675089997,-0.5297426601539922,-0.2696634374962532,-0.18733121756859902
0.8615604275921931,-0.5143251978268316,-0.7971630151454899,1.0398685675440846,-0.12612569445683078,-1.1582764199393332,0.31862987480182914,-0.2687641570660672,0.6607945073634384,1.7379457351178687,-1.0135344129099222,-0.21472350962368933,-4.476093867548967,-4.430757843329232,-1.664536513678682,1.263893551426976,0.18643513513670779,-0.4310076308794956,-0.9537197225284842,0.6672360249833281,0.638475576421396,-0.15488590908463878,0.17941543592066433,1.0477323317981493,0.25834311721691666,-1.3615074030973915,0.8302055816348801,-0.2720380764782495,-0.28365410082390685,-0.11535197366844573,0.3850803596054978,-0.3240136611148547,0.7975423946631953,-0.2510374914798335,-0.2246615118193761,0.17787446941924326,-0.9187637250002171,0.41395041872550653,0.5190138863148398,-0.7003424964442524,1.2620242574334275,-0.14077162706018842,-0.23911393940588765,-0.4082577876572909,-0.23807772386972778,-0.42069575987714697,-0.10127816405969807,-0.08482672953355498,-0.11666936826491191,4.164972590121349,-0.04454052964005007
0.23159549843237912,-0.413393588441254,0.9363339651580538,1.4681478965776769,1.1376043029439606,-0.7071434027482099,0.7138922511382763,1.0378647214117829,-0.6338919320000408,1.1677947732164058,1.5082037284946066,0.12920112491506813,-0.5569820594197394,0.6067676853017347,1.8445873663701347,0.35342905004170905,-0.1994896741397158,-0.3688793663761733,-0.3142153512539418,-0.3490927906972804,-0.600074299128688,-0.09684962286869514,-0.38968036381752474,0.11928414720735189,0.48596377954616554,-0.9141273033598419,1.2936227931314341,0.4075055371089437,-0.40867523489933233,-0.3143487033507609,0.7060761937511937,0.04750999478473552,0.7532983281004677,-0.2510374914798335,-0.2246615118193761,-0.08671927065469258,1.6745045928073163,5.425444837141991,-3.146532829159841,1.3882131402121016,-0.3006762115841144,-0.15988110187707752,-0.2812986689024754,-0.2357549769985293,-0.22063394773300607,0.16016024647940205,-0.5350713623330933,-0.10559361728987295,-0.43063075785066995,-0.6684806847073865,-0.16088849758183094
-0.2529929086136318,-0.716188416597987,1.2515152343041525,0.3362668127031839,1.172227042598777,-0.04472023826504117,0.600960143613577,0.9003248394667452,-0.2555557836082687,0.16475141431568285,-1.2769995918626347,-0.28404165301909773,-2.7758909507870224,-3.07450097023628,-1.6070098926942744,-0.26197751107981404,0.1505351528784359,0.11039581693517092,-0.7405515987703034,0.3167778126796699,-1.369983681227389,-0.13554048034599092,0.05907799809056278,-0.051127228445389146,0.046981073625471145,0.45783833583531064,-0.663027655409572,-0.6118098832718466,-0.6812907633693573,-0.4079942232012622,-0.09641339161304735,-0.12339088692907603,0.21130851270705495,-0.28153589293762327,-0.23359295691024726,-0.22863773123980363,1.4062354564823991,-0.5522998955409275,-0.6067345431567843,0.3428160530539906,-0.31778039582211737,-0.12166215224329929,-0.28626157825501514,-0.4823749648604851,-0.22775385636023943,-0.8675080724591083,-0.5745071076306747,-0.10748151617681094,-0.5154003330388246,-0.3049569991963536,-0.6950314413145517
1.0069369497059968,-0.7666542212907759,1.5666965034502514,-0.8323239279456169,0.7394427969135748,-0.7071434027482099,1.109154627474721,0.3992866980955399,-0.5029847475755113,-0.2470242803909301,-0.18550099334425613,-0.12407670672200127,-0.02386758551980982,0.06426493606455222,0.11878873683793281,-0.12709388124495974,-0.14563970075230792,-0.10261537564764878,-0.39948260075721415,-0.10377204208471941,-0.09795948471649192,-0.11619505160734302,0.3273302032534975,0.5776319851698978,0.030722454887667533,-1.1527300232198683,1.0361687867444596,0.4075055371089437,-0.2089887013066388,-0.3026430133694483,-0.8186540184408637,-0.10109946757510065,-0.5076575689372704,-0.2022400491473698,-0.24252440200111838,-0.00830330768732611,-1.0752540545230855,-0.3330354011496981,1.2740890524238566,-0.4720116551377699,0.5576428519956699,0.18408944482692646,0.9135217577214658,0.3335698885976879,-0.22751652607266498,-0.3249502643238694,0.23392567096974393,-0.07066748788152,-0.5036267809293586,-0.2026056702660627,-0.023386353650634958
1.6369018788658107,-0.7414213189443815,-0.324391111426342,1.2662447843189837,-0.5589099401420331,0.48064985770436836,-1.0647884423757323,-1.1529491124270175,-0.22246935238009094,0.8721609411193502,1.094187018711773,0.14519761954477772,0.2066684031936759,0.37426650705722797,0.3488952207755603,1.8624396588191428,0.07424769057960787,0.5009163366703401,-0.655284349267031,-0.5944135393098406,-1.1468215414886347,-0.024304265098765536,0.7109057863369471,1.4003075917693382,-1.595139418892683,-0.49657254360479575,-1.3324080720157057,-0.6118098832718466,0.86237296153416,1.523444623715327,1.348067862042588,-0.03174838514051035,0.9966406941954717,0.011248761057158906,-0.16660711872871367,0.21010679775552274,-0.3375139296295629,1.1144818965686711,1.3839181674942596,-0.1765246840352635,0.21866901891524776,-0.06607095277598551,-0.23291030271521299,2.8437153501607324,1.5581565576374563,0.2686718081064499,2.166277190551233,-0.0036470773952211096,0.788823821244922,0.31356266959790413,2.2506875652114426
-0.931416678478047,-0.6657226119051982,-0.9547536497185393,-1.083173249236721,1.172227042598777,-0.38164236502803184,-1.2059535767816063,1.2343502670475488,-0.3102203221591711,1.030536208314201,-0.4866040550044994,-0.04676031601173779,-1.9401979917006444,-2.725749202869521,-2.239802723522752,0.4040104112297794,0.10566017505559591,0.1725240814384932,0.6024075809062357,-0.13881786331508536,0.27025804585245233,-0.08234055131470923,0.2370771248809215,-0.9619466500376266,0.567256873235183,0.6964410556953367,1.0361687867444596,0.4075055371089437,-0.17599701314784588,-0.4196999131825749,0.30483140106907314,0.009119217008444563,0.38828477895796526,-0.1534426068149061,-0.23359295691024726,-0.20939455014351738,-0.024533270583826046,-1.2026606839894887,0.9446017072126492,-0.10265294125963684,-0.20116095783573365,-0.11297602732653153,-0.08898593149156073,-0.3564413540373587,-0.2626414086336828,-0.899423237643534,-0.6139428529282562,-0.10842546562027995,-0.5495793115869105,-0.49113053716438265,-0.6315689133463074
-0.5437459528412385,-0.716188416597987,0.22717610957933168,0.4831054398004156,0.8086882762232077,-0.8156437486549357,-1.3188856843063055,1.22452598976576,-0.806516790581838,1.7696207885568391,1.282376432249424,0.18518885611905198,-0.8163350467224103,-0.47823781317262865,0.3488952207755603,-0.7593608960958397,-0.23538965639798784,-0.48426042902520045,0.687674830409508,0.527052740061865,1.6203889912719125,-0.1403768375306529,-0.7431715874434486,-1.0089566847004519,1.5021274506588844,0.219235615975284,-1.074954065628731,-0.6118098832718466,-0.620516600971581,-0.43725844815454384,0.6258272352147703,-0.20017244248165794,0.410406812239329,-0.2327384506051596,-0.1621413961832781,-0.26664301390496886,-0.2480908841879238,-0.2605666275797156,0.6013857226176423,-0.6891498081449151,-0.299121285744296,-0.14077162706018842,-0.32968703508973785,-0.23444316855245503,-0.23962037073896167,-0.40154666076649165,-0.5745071076306747,-0.10748151617681094,-0.5450839553269325,-0.5502472530120507,-0.4782011374230512
-1.6098404483424624,-0.7414213189443815,-1.5851161880107367,-1.278958085366363,0.14220053786799502,0.08662228572731102,0.74212527801945,0.35998958896838706,-0.9834572706281801,1.2733782846796402,0.8683597224665914,0.12386896003849843,-0.8019265474278161,-0.7107389914171355,-0.05379112611528981,0.03308042918392973,-0.18153968301057996,-0.3511284336609384,-0.48474985026048645,-0.38413861192764565,-0.7674459039327534,-0.11619505160734302,-0.36711709422438077,-0.6446289160635569,-0.4976826540909464,-1.1825553632023718,1.7055492033505937,1.087049150696138,-0.4520853508977439,-0.3962885332199495,0.2245824425326499,-0.01441061453186289,0.720115278178422,-0.32423365497852896,-0.2871816274554741,-0.1276110304843008,1.0932547974366622,1.0791765966243205,-0.6891063794595869,-0.2660661904299624,-0.14829347928190634,-0.11123880234317798,-0.25276194012537195,-0.46663326350759426,-0.2517242154052583,-0.14622533929108528,-0.18014965465486055,-0.08954647675089997,-0.5465110525523225,-0.544070879714533,-0.2878135535183187
1.7338195602750128,-0.6657226119051982,0.22717610957933168,0.11600887205733654,0.7740655365683902,-0.010456971136601613,-0.38719579722753894,0.9297976713121103,2.0734412667578117,-0.9016420514629807,-0.8253449993722711,-0.27071124082767317,-0.05268458410899339,0.10301513243863752,0.23384197880674518,-0.39686114091466856,-0.17256468744601192,-0.17361910650858856,1.3484960140598685,0.772373488674426,2.06671327074942,-0.10652233723801906,0.07662720777411919,0.9184547364753798,-0.15625166059707285,-0.7053499234823186,0.4182791714157209,-0.6118098832718466,0.8502181290546049,-0.17973326856566535,-0.738405059904439,0.045033170412071555,-0.6625118019068194,-0.23883813089671754,-0.1621413961832781,-0.06410853286655627,-1.4553019976500516,0.8134577602010514,0.1757979017198322,-0.1317539308379139,-0.1933863286366414,-0.16683000181049173,-0.327205580413468,-0.3761184807284722,-0.09603554675642266,0.05164868485235467,-0.022406673464535135,-0.08199488120314799,0.788823821244922,-0.6984802121524718,-0.5310865773965877
-0.7860401563642438,-0.6909555142515926,-1.5851161880107367,1.0459868436731368,0.8346553309643184,-0.7528277589194626,-0.6412930391581113,1.1950531579203951,-0.9287927320772777,0.006376147120831631,-0.11022522792919626,-0.1187445418454314,-0.5857990580089261,-0.32323702767629076,0.3488952207755603,-0.44744250210273884,-0.18602718079286393,-0.31118883505165973,-0.2715817265023056,-0.20890950577581657,-0.23185676855974433,-0.13554048034599092,-0.9186636842790135,-1.4085419793344656,1.7297481129881338,1.2929478553454028,-0.9204816617965464,-0.2720380764782495,-0.7073368329684043,-0.43725844815454384,0.3850803596054978,-0.1394902453513916,0.9855796775547898,-0.20833972943892773,-0.0862241129108734,-0.20073511865018856,0.06488977485781253,-1.5780117676083727,0.10715470480083053,-0.09146025296029935,-0.17317229271900156,-0.1286110521767135,-0.25276194012537195,-0.4554828917159633,-0.23962037073896167,-0.21005566965993663,-0.4167641264403493,-0.09992992062905896,-0.5462256331072445,-0.6181873592847436,-0.6209918253516005
-0.9798755191826483,0.8987173335712556,0.9363339651580538,0.9786858062535715,1.2241611520810018,-0.49585325545616443,0.40332895544535297,0.782433512085285,0.2824583589716661,-1.3450927996085635,-0.5618798204195592,-0.29203990033395244,1.1720378559313902,2.1567755402651083,1.8445873663701347,-0.9195352065247291,-0.16358969188144393,0.034954352895422404,-0.1863144769990333,0.07145706406710967,0.33720668777407764,-0.05332240820673737,-0.5225529514215955,0.08402662121023331,0.6648085856620041,0.9350437755553631,0.006352761196561731,-0.6118098832718466,-0.6778179540894844,-0.5601681929583268,-0.09641339161304735,-0.2076029155996498,0.8417864612259228,-0.28763557322918126,-0.26931873727373185,-0.14060017772429406,-1.2764559067667733,-0.8626149003149551,-0.9224932489841923,0.05180615727121894,-0.32244517334157274,-0.10776435237647086,-0.28626157825501514,-0.3229902386624658,-0.18028779884535048,0.019733519667929005,-0.25902114525002345,-0.08765857786396199,-0.4170733342094667,-0.33672120472644396,-0.7108970733066129
0.4254308612507833,1.9332663297734272,1.4879011861637266,0.2873206036707736,-2.082310484953947,0.7319138166462595,0.74212527801945,-1.2511918852449009,1.6533874442087715,-0.8594086468776869,-0.7124313512496804,-0.1694001081728452,1.215263353815168,0.2580159179349737,-1.2043235458034272,-0.39686114091466856,-0.078327234018048,0.34115794223322554,0.43187308189969104,0.4219152763707678,1.229855246729093,0.05791380704048797,0.14180998659875757,-0.8091640373834451,-0.8309843382159179,0.30871163592279394,1.345113594408829,-0.6118098832718466,0.8085444176961294,-0.226556028490916,0.5455782766783457,-0.06147027761247762,-0.8284270515170478,-0.019249640400630933,-0.10408700309261568,-0.18437841471834526,-0.44929273643161205,-0.07660743313283673,1.2191744948886558,-0.18100175935499857,1.0132361230624756,-0.0747570776927533,0.08967880519986973,0.49689004013392973,-0.2561148257253856,-0.08239500892223395,-0.49563561703551223,-0.08765857786396199,0.07884295161349185,-0.5855408147121509,-0.5416636653912952
0.813101586887592,2.917349521282809,-1.269934918864638,-0.9179797937523355,-0.757990693157227,-0.9641179062115077,-1.6859150337615765,-2.5676450410045386,1.069340006007025,-1.619609929412972,-1.803929949768059,-0.42001185737162977,0.09140040883693383,-0.7882393841653027,-1.4344300297410546,0.3871499575004227,-0.078327234018048,0.07045621832589229,0.11212089626241982,0.17659452775820683,0.6719498973822089,-0.07266783694538528,0.013951458904274454,0.13103665587305807,-0.31883784797510784,0.5771396957653233,0.05784356247395676,-0.9515816900654432,0.17822953339919284,-0.5367568129957014,-0.49765818429516784,-0.09119217008444488,-0.9722202678459123,-0.13514356594023222,-0.13981278345610026,-0.045827510825084315,1.003831751995023,-0.18809785400973308,-0.40080495239978003,-0.34441500852532414,0.09738480340940865,-0.10776435237647086,-0.06665283940513189,1.196739846114533,-0.1814744502832227,0.019733519667929005,-0.219585399952442,-0.09992992062905896,0.6054418277823314,1.5603077366539473,-0.4887782254177587
0.619266224069188,0.06603155614023988,1.409105868877202,0.9419761494792641,1.2760952615632253,-0.42732672119928494,0.37509592856417917,0.5073537481952124,-0.911530246219098,1.1572364220700821,0.9812733705891817,0.11053854784707368,-0.7010670523656667,-0.32323702767629076,0.4639484627443726,-1.0459886094949054,-0.18602718079286393,-0.36444163319736456,0.4745067066513272,0.07145706406710967,0.5380526135389571,-0.1693949806386247,-0.5300740412859767,0.30732428585865224,-0.5383292009354551,1.1438211554328863,-1.3324080720157057,-0.2720380764782495,-0.4295120905785699,-0.261673098434854,-0.4174092257587432,-0.17292737438235473,-0.7288779017509084,-0.15954228710646404,-0.17107284127414926,-0.15791904071095167,0.15431282029945162,0.6425057815231436,0.8485012315260472,-0.68467273282518,-0.07365703897062076,-0.11471325230988508,-0.19444775523303007,0.6713605634618027,-0.2227699203211761,-0.7845286429796012,-0.515353489684303,-0.11880890949843893,-0.01891320832570999,0.838554399886896,-0.36185316948127033
0.08621897631857599,-0.6152568072124093,-0.4819817459993914,-1.0587001447205155,0.15951190769540324,-0.016167515658008016,-1.3188856843063055,0.31086820255944553,-0.36056923924552875,-0.06753231090343255,0.37906724726869806,0.06788122883451458,1.7483778277151008,0.9167692562944071,-0.8591638198969845,-0.5738959050729149,-0.23538965639798784,-0.1425549742569274,-0.4634330378846684,-0.38413861192764565,-0.6781810480372518,-0.15004955189997685,0.2972458437959723,-0.7033914593920885,0.40467068585714805,-0.25796982374476907,0.10933436375135153,0.7472773439025403,-0.5875249128127883,-0.261673098434854,-0.09641339161304735,-0.10233787976143253,0.2997966458325101,-0.318133974686971,-0.25592156963742513,-0.2820375587819979,-1.2764559067667733,-1.0075524474549202,-0.5243627068539825,0.06971445855015886,-0.18872155111718603,-0.12513660221000641,-0.2837801235787453,-0.4174404467798105,-0.21612467226909163,-0.414312726840262,-0.5942249802794655,-0.08293883064661699,-0.512831558033123,-0.31995676291889624,0.7170098059788785
1.9276549230934175,-0.6152568072124093,-0.9547536497185393,-1.2177753240758498,0.2114460171776279,0.13801718641997054,-1.149487523019257,0.7038392938309784,-0.2656255670255402,1.0199778571678786,-0.18550099334425613,-0.12407670672200127,-2.660622956430282,-2.183246453632342,0.11878873683793281,-0.38000068718531155,-0.04691474954206003,-0.3156265682304685,0.026853646759147504,-0.10377204208471941,0.2925742598263274,-0.13070412316132893,0.45518873094798096,0.9243309908082329,-1.131768784865283,0.24906095595778707,-1.3324080720157057,-0.9515816900654432,-0.7090732376083407,-0.3787299982479806,0.14433348399622523,-0.22617909839462927,-0.00991182010658529,-0.35473205643631883,-0.17107284127414926,-0.300799660350877,1.2497451269595308,0.07390463505097307,-0.18114672225897488,-0.5570760862127341,0.7146903618173331,-0.060859277825924867,-0.09146738616783058,-0.2692060923734222,-0.26572670237215057,0.4154815679548084,-0.515353489684303,-0.10370571840293495,-0.10382549323640368,-0.17172380377847493,-0.20319684956066053
-0.44682827143203596,-0.8171200259835647,-1.033548967005064,0.770664417865827,-0.06553590006090254,0.22367535424107038,-1.2341866036627809,0.428759529940905,-0.4814066402527867,0.12251800973038963,0.45434301268375793,-0.044094233573453115,-0.038276084814400826,0.6455178816758184,1.154267914557255,-0.36314023345595486,-0.26231464309169183,-0.4975736285616266,0.005536834383329421,0.0013654216063777526,0.2814161528393896,-0.13554048034599092,-0.249286686349073,-0.6681339333949692,0.9574637229424674,0.09993425604527065,-0.4570644502999924,-1.5291937616145581,-0.5475876060942495,-0.5074925880424198,-0.49765818429516784,-0.07013916291680149,-0.596145702062728,-0.2937352535207392,-0.26038729218286066,-0.12520563284726507,-0.5163600205128414,-0.9462327159726273,0.8759585102936476,0.32714628943491836,-0.313115618302662,-0.1564066519103704,-0.17211466314660123,-0.40563417076514247,-0.23902704502002553,-0.7143152795738644,-0.23930327260123274,-0.09143437563783796,-0.4527507648442119,-0.2299581805836404,3.255510924708641
-0.8344989970688449,0.2931276772577897,-0.4819817459993914,-0.9852808311718999,0.7567541667409831,0.08091174120590462,-0.6130600122769367,0.4975294709134229,-0.2886422148364465,0.6398772159002354,0.26615359914610687,-0.0014369145608940186,-0.7442925502494474,-0.7494891877912191,-0.22637098906850972,1.29761445888569,-0.09178972736490003,-0.06711351021717889,-0.7831852235219395,-0.7345968242313038,-1.5038809650706406,-0.06299512257606134,-0.09635785910665193,-0.35669245375375264,0.7867482261955306,-0.7053499234823186,-0.663027655409572,-0.6118098832718466,-0.6691359308898022,-0.43725844815454384,0.06408452545980195,-0.05775504105348168,0.11175936294091553,-0.22053909002204364,-0.17107284127414926,-0.21709182258203186,0.19902434302027117,-1.566862725520683,0.367998853093037,-0.5660302368522038,-0.35198876429812326,-0.13382272712677418,-0.4847779523566046,-0.4541710832698891,-0.21944729629513388,0.3325021384753013,-0.25902114525002345,-0.09237832508130696,-0.43776624397761893,-0.46907206110182,-0.36714171347862395
-0.34991059002283387,-0.413393588441254,-0.00920984228024238,0.24449267076741413,-0.06553590006090254,0.09804337477012459,-0.18956460905931655,0.22244970702334949,-1.0568228355254439,0.7349023762171465,1.3576521976644857,0.14253153710649288,0.4804298897909362,1.149270434538914,1.2117945355416626,0.16796405901878403,-0.18602718079286393,-0.1647436401509711,-0.6766011616428492,-1.6107423549904492,-1.1133472205278216,-0.11619505160734302,-0.9662972534200954,-1.2322543493488711,1.4452222850765728,0.785917075642847,0.1608251650287463,0.06773373031534709,-0.5927341267325975,-0.3319072383227299,0.3850803596054978,-0.09490740664344083,0.5873830784902393,-0.2632368520629494,-0.2112643441830694,-0.23056204934943222,0.7132068543096962,-0.5021292061463241,-1.8285834483150119,0.9584139095175463,-0.2851269531859299,-0.14424607702689551,-0.2552433948016418,-0.2580557205817912,-0.1532321460618638,-0.3377163303976403,-0.5745071076306747,-0.09804202174212095,-0.33572879236224756,-0.3128980505788762,-0.1291572335977086
1.249231153229002,1.6557044039630884,1.5666965034502514,-0.20825976278238306,0.14220053786799502,-0.6443274130127368,0.2621638210394799,0.782433512085285,-0.9690718657463637,0.3759184372421502,0.45434301268375793,0.014559580068815752,0.00494941306937687,0.10301513243863752,0.17631535782233765,-0.09337297378624607,-0.17256468744601192,-0.1780568396873973,0.5597739561545996,0.3518236339100359,0.9843768930164645,-0.09684962286869514,-0.46238423250654453,0.9595885168053522,-1.3268722097189252,0.7262663956778398,-1.3324080720157057,-0.2720380764782495,-0.009302167713945233,-0.10949912867778942,-0.09641339161304735,-0.14939754284204726,-0.39704740253045157,-0.165641967398022,-0.23805867945568282,-0.1555136430739159,0.1319570589390421,1.0903256387120104,0.07969742603323086,-0.2145798242530107,-0.016124782897338086,-0.11645047729323862,-0.008338654512790023,-0.3741507680593608,-0.11146201544876154,0.05803171788924011,-0.25902114525002345,-0.09332227452477596,1.6964576565928404,1.0061988179623722,1.8804894853966865
-0.5922047935458395,-0.36292778374846524,0.3059714268658564,-0.75278633826795,0.5749847835531984,-0.15322058417176698,0.6574261973759262,1.0182161668482055,-0.504423288063693,0.2703349257789168,0.002688420193394961,0.027889992260240505,0.9703188658070913,0.9555194526684925,1.3843743984948824,1.0194169723513025,-0.14563970075230792,-0.26237377008476365,0.5384571437787814,-0.033680399623987486,0.192151296943888,-0.15004955189997685,-0.35458194445041197,0.6598995458298411,0.607903420079692,0.5473143557828203,1.7570400046279884,-0.2720380764782495,-0.6864999772891668,-0.3260543933320736,0.14433348399622523,-0.04660933137649403,0.6316271450529669,-0.29983493381229714,-0.18893573145589151,-0.21372426589018173,0.06488977485781253,-1.462804999368913,-0.22233264041037615,-0.2280110502122152,-0.1591779601606355,-0.13555995211012775,-0.33216848976600766,-0.4508915621547035,-0.2526735365555561,-0.1653744384017406,-0.23930327260123274,-0.09237832508130696,-0.5267457559806735,-0.7134799758750144,-0.3354104494945022
-1.2221697227056536,-0.8171200259835647,-0.324391111426342,1.0459868436731368,0.30665855122837254,-0.28456310816411956,-0.3589627703463651,1.0575132759753592,-0.36056923924552875,0.2703349257789168,0.002688420193394961,0.05455081664308983,1.5466588375908017,0.18051552518680478,0.8091081886508151,0.8339519813283778,-0.19051467857514784,-0.08486444293241382,-0.9537197225284842,0.6672360249833281,0.415313436682642,-0.14521319471531485,-0.5476232509695332,-0.22741485843098327,0.3802827577504432,-0.49657254360479575,0.31529756886093113,0.06773373031534709,-0.5805792942530424,-0.3084958583601046,0.2245824425326499,0.019026514499100144,0.4988949453647842,-0.28153589293762327,-0.23359295691024726,-0.2295998902946179,0.8249856611117449,0.6369312604792988,1.1093453798182529,-0.1698090710556611,-0.30845084078320667,-0.1286110521767135,-0.28253939624061036,-0.43318214813270134,-0.24436697649045055,-0.17814050447551094,-0.5350713623330933,-0.09332227452477596,-0.5597830567484476,-0.7514205547026223,-0.16617704157918456
2.0245726045026196,0.5959225054145227,0.3059714268658564,1.4803844488357794,0.35859266071059726,-0.43303726572069173,0.5727271167324015,1.1655803260750308,-0.48572226171733146,0.5131770021443551,0.11560206831598618,-0.044094233573453115,-0.9171945417845583,-0.826989580539388,-0.11131774709969734,0.7074985783582016,-0.006527269501504011,0.13702221600802333,-0.88976928540103,-0.6294593605402059,-1.5150390720575786,-0.08717690849937118,-0.7582137671722111,-0.8738028350448295,-0.4570361072464374,0.30871163592279394,0.5212607739705107,-1.29135349685904,0.2893594303551267,-0.17973326856566535,0.30483140106907314,-0.1667353134506949,0.7975423946631953,-0.19004068856425385,-0.2291272343648117,-0.13386506434059384,0.06488977485781253,-0.7492663057567773,0.9720589859802496,0.03389785599227936,-0.019234634576975,-0.11818770227659217,-0.16839248113219646,-0.42006406367195903,-0.034329671987067066,-0.414312726840262,-0.3773283811427674,-0.09804202174212095,0.12094231976249123,-0.5123066741844428,0.18815540624351165
-0.44682827143203596,-0.36292778374846524,0.8575386478715291,0.09765404367018282,0.14220053786799502,-0.33024746433537233,0.9679894930688479,0.6645421847038248,-0.40372545389097797,-0.4793080056100449,0.07796418560845482,-0.08408547014772719,1.1288123580476095,1.2655210236611683,0.4639484627443726,1.1458703753214787,-0.17705218522829588,0.008327953822569983,-0.48474985026048645,-0.3490927906972804,-0.6112324061156258,-0.04848605102207541,-0.3495678845408242,-0.7504014940549135,1.1688257665339132,-0.1088431238322523,-0.9719724630739414,1.4268209574897346,-0.7212280700878961,-0.4138470681919185,-0.016164433076622697,-0.13825183316505962,0.27767461255114634,-0.2510374914798335,-0.19786717654676267,-0.2926213083849553,-1.3435231908480028,0.6871019498739023,-0.1674180828751754,0.031659318332411666,-0.19183140279682295,-0.17725335171061307,-0.3160390343702536,-0.4469561368164808,-0.24792693080406722,0.11547901522120602,-0.6139428529282562,-0.10842546562027995,-0.5345947907203175,-0.1840765503735102,-0.5469522093886489
-0.05915754579522761,0.19219606787221202,-0.5607770632859158,0.7890192462529811,-1.8659183621113455,-0.6957223137053965,0.7985913317817993,-0.7599780211554842,0.8909609854725008,-0.7960585399997467,-0.448966172296968,-0.1694001081728452,0.9991358643962763,0.8005186671721563,-0.11131774709969734,-0.472733182696774,-0.06935223845348003,0.3322824758756077,0.11212089626241982,0.10650288529747563,0.8170052882123992,-0.13070412316132893,-0.8183824860872619,-0.42720750574799043,0.3721534483815414,-0.9439526433423451,1.5510767995184087,1.7665927642833312,-0.18641544098746468,-0.33776008331338625,1.348067862042588,-0.2076029155996498,1.9036440587313894,0.21253821067857162,-0.13981278345610026,0.04317220174523956,0.8249856611117449,-0.9090692423469953,-0.0026744102695716943,0.004796866414002297,-0.33021980254066496,-0.17899057669396662,-0.29370594228382474,0.8904325739561996,0.3501453938835332,-0.13984230625419986,-0.08156029141090687,-0.08482672953355498,1.0378522870754436,-0.1787825161184951,0.08238452629643803
1.7822784009796138,-0.6657226119051982,0.0695854750062823,-0.3245070092343578,-1.060939665136868,-0.7414066698766496,0.7703583049006255,-1.054706339609134,-0.479968099764605,-1.250067639291653,-1.5028268881078166,-0.31603464227851696,0.4227958926125675,-0.8657397769134716,-2.0672228605695295,0.3871499575004227,0.12361016618473185,0.8736859236902742,0.15475452101405598,0.0013654216063777526,0.4041553296957041,-0.07750419413004725,-0.15903360797649652,-0.35669245375375264,0.4697051608083625,-0.9737779833248484,0.05784356247395676,0.06773373031534709,-0.5649516524936142,-0.20899749351894698,0.30483140106907314,-0.24970892993493665,-0.09839995323204043,-0.28763557322918126,-0.25145584709198954,0.1422745843911137,-0.2480908841879238,-1.5984516781024702,0.06596878664942997,0.23088917006061704,-0.35820846765739706,-0.1633555518437846,-0.2738543048736658,-0.3177430048781688,-0.2259738792034311,0.6516537903195595,0.5888473786479766,-0.063115892333768,-0.5203238184664194,-0.2837808621762934,-0.2613708335315503
-0.44682827143203596,-0.8171200259835647,1.4879011861637266,0.32403026044508143,-1.9957536358169068,-0.7185644917910231,-1.3188856843063055,-2.4301051590595018,0.8722599591261397,-1.6724016851445886,-1.314637474570165,-0.3880188681122105,0.826233872861164,0.9942696490425778,0.4064218417599651,0.3702895037710657,-0.08730222958261596,0.1325844828292146,-0.10104722749576099,-0.13881786331508536,-0.06448516375567896,-0.08717690849937118,0.01645848885906841,-1.014832939033305,-0.6927860789445883,-0.9141273033598419,1.4995859982410136,0.7472773439025403,0.06015401788351327,-0.3845828432386369,-0.49765818429516784,-0.23608639588528502,-1.8239185491784204,-0.013149960109072994,0.03435039581588704,-0.2142053454175889,0.936764467913794,-1.5612882044768381,-0.7577495763785879,-0.21681836191287807,-0.3006762115841144,-0.14250885204354197,-0.13241138832628338,-0.3334847062310596,-0.25658948630053446,2.151666553987571,0.3916686521600698,12.359258783718255,-0.5465824074135919,-0.03937294740309883,-0.4147386094548068
0.4738897019553848,-0.7666542212907759,1.172719917017628,-0.9240980698813868,-1.1128737746190929,-0.65574850205555,-1.940012275692149,-1.8406485221522015,-0.6669783632282186,-0.07809066204975541,-0.07258734522166585,-0.07075505795630244,0.16344290530989822,-0.051985653057700344,-0.34142423103732483,-1.1640117856004029,-0.15461469631687588,-0.12036630836288371,0.17607133338987407,0.24668617021893874,0.7054242183430225,-0.17423133782328667,0.15183810641793274,1.6882440540791417,-1.8634066280664408,-1.3615074030973915,-1.177935668183521,2.785908184664122,0.23379448187715984,-0.34361292830404255,-0.17666235014947063,0.0004503317041207002,-0.1315830031540861,-0.08024644331621054,0.03435039581588704,-0.18245409660871661,0.26609162710150075,-0.8384586424582944,0.2856270167902351,0.009273941733737027,0.6384989956662293,-0.14772052699360264,-0.24407684875842742,0.9855386862965814,-0.043822883490044845,6.990005595946521,0.03674694448183707,-0.07916303287274098,1.2918755931948296,1.5664841099514648,-0.6738772653251369
-1.3675462448194566,-0.8171200259835647,-0.8759583324320146,1.1377609856089062,1.267439576649522,-0.11895731704332743,1.109154627474721,1.067337553257147,-0.8410417622981974,0.4392685441200909,0.6801703089289404,0.06788122883451458,0.40838739331797336,0.4517668998053952,0.11878873683793281,-0.3209890991325627,-0.14115220297002393,-0.0005475125350478426,0.17607133338987407,0.24668617021893874,0.9732187860295267,-0.11619505160734302,-0.901114474595457,-1.5554483376557942,2.087437725219811,1.0245197955028726,-1.3324080720157057,-0.9515816900654432,-0.4868134436964733,-0.5309039680050451,0.30483140106907314,-0.08252328478012103,0.5210169786461479,-0.2754362126460653,-0.25592156963742513,-0.08912466829172834,-0.7622733954773486,-0.5931797165291228,-0.7302922976109875,-0.2996442553279745,-0.12963436920408494,-0.13903440207683487,-0.26144703149231646,-0.4725364015149283,-0.2376030632945789,-0.5292073215041948,-0.4561998717379303,-0.10181781951599696,-0.538590662951409,-0.7284797395975571,-0.6580116333330758
0.18313665772777807,-0.23676327201649305,-1.1123442842915887,0.04258955850872088,0.012365264162433906,-0.4444583547635049,0.06453263287125749,0.6154207982948832,-0.7921313857000216,-0.627124921658572,-0.5618798204195592,-0.19606093255569454,0.1346259067207115,0.06426493606455222,-0.11131774709969734,0.07523156350732191,-0.002039771719220027,0.36778434130607796,-0.8045020358977577,-0.5944135393098406,-1.2807188253318873,-0.121031408792005,-0.620327119658553,-0.5741138640693191,0.5022223982839691,1.7701532950654555,-1.2294264694609158,-0.6118098832718466,-0.7194916654479596,-0.5367568129957014,-0.33716026722231857,-0.07509281166212932,-0.5187185855779524,-0.2022400491473698,-0.17107284127414926,-0.20987562967092452,-1.2541001454063636,0.5403062290526554,-0.1399608041075743,0.23088917006061704,-0.34732398677866794,-0.11818770227659217,-0.26144703149231646,-0.34201146113054215,-0.20639413047853938,-0.3823975616558363,-0.19986752730365173,-0.09049042619436896,-0.429917209237975,-0.5714233900321107,-0.7056085293092587
-0.34991059002283387,-0.36292778374846524,-0.00920984228024238,0.13436370044449064,0.6528859477765349,-0.6728801356197699,-1.149487523019257,1.1459317715114536,-0.4051639943791597,0.7454607273634699,1.1318249014193034,0.15052978442134776,0.5380638869693081,0.7230182744239856,0.4064218417599651,0.14267337842474886,-0.19051467857514784,-0.1691813733297798,0.026853646759147504,0.10650288529747563,0.38183911572182905,-0.09201326568403316,0.10921859718643838,0.6305182741655756,0.07949831110107837,0.30871163592279394,1.4995859982410136,-0.9515816900654432,-0.7108096422482773,-0.44896413813585656,0.14433348399622523,0.09456965786535029,0.15600342950364549,-0.28153589293762327,-0.21573006672850498,0.032107372614874986,1.2497451269595308,1.2464122279396648,-0.7577495763785879,-0.2503964268108902,-0.22137499375337347,-0.12513660221000641,-0.23415103005334792,-0.4180963510028477,-0.23926437530759997,-0.40154666076649165,-0.49563561703551223,-0.10370571840293495,-0.5597830567484476,-0.5431885406720306,-0.35127608148656275
1.7338195602750128,1.7818689156950605,0.9363339651580538,0.9419761494792641,0.9904576594109914,-0.4501688992849117,-0.1330985552969665,0.7922577893670745,0.5442727278207249,-0.16255747122034306,0.6048945435138796,0.1132046302853587,2.5552537882122937,1.6530229874020113,-0.7441105779281721,0.3787197306357442,-0.04691474954206003,0.709489796074351,0.5810907685304176,0.2817319914493047,0.8727958231470878,-0.0678314797607233,-0.8158754561324684,0.031140332214554825,0.6891965137687095,-0.16849380379725912,0.31529756886093113,-0.9515816900654432,0.7078329485798145,-0.10364628368713301,1.7493126547247086,0.025218575430760132,2.3792677742807133,-0.1839410082726959,-0.20679862163763382,-0.07998415727099237,-0.49400425915243157,0.341481645155524,0.23071245925503436,0.21074233112180946,0.02741314061757844,-0.13034827716006706,0.10953044261002871,-0.43842938191699826,1.6246090381583012,-0.8547420063853379,-0.14071390935727907,-0.08765857786396199,1.5858576216251303,-0.21142906069108777,-0.1291572335977086
-0.8829578377734459,-0.2619961743628875,-0.7971630151454899,0.256729223025517,-0.10881432462942256,0.08091174120590462,1.2503197618805957,0.5171780254770002,-0.8928292198727366,0.6504355670465588,0.6801703089289404,0.05721689908137485,-0.18236107776032962,0.025514739690468594,0.23384197880674518,-0.10180320065092457,-0.23987715418027183,-0.42213216452187813,-0.911086097776848,-0.5944135393098406,-1.369983681227389,-0.13070412316132893,-0.7531997072626235,-0.7739065113863262,1.038756816631485,0.6367903757303301,-0.8689908605191515,-0.9515816900654432,-0.7108096422482773,-0.3260543933320736,0.14433348399622523,-0.10976835287942432,0.22236952934773446,-0.165641967398022,-0.26038729218286066,-0.3638210784412144,-1.6788596112541494,-0.9295091528410929,0.5327425256986407,-0.13623100615764897,-0.31778039582211737,-0.11992492725994573,-0.30487248832703917,-0.245593540344086,-0.2622854132023211,-0.5675055197255059,-0.4759177443867211,-0.10276176895946595,-0.556928862297668,-0.6287754277947737,-0.330121905497148
-0.5437459528412385,-0.6657226119051982,1.5666965034502514,-1.0403453163333616,1.24147252190841,-0.610064145884297,0.883290412425324,0.969094780439264,-0.8611813291327405,1.1361197197774353,1.3200143149569545,0.09187597077907889,-0.8451520453115938,0.33551631068314264,1.8445873663701347,0.08366179037200004,-0.21295216748656784,-0.44875856359473093,-0.5700170997637588,-0.45423025438837683,-0.8455526528413171,-0.11619505160734302,-0.6428903892516972,-0.4154549970822842,0.17705002352789917,-0.5562232235698019,3.2502732416724402,0.7472773439025403,-0.6378806473709457,-0.36702430826666793,-0.17666235014947063,-0.04413250700383015,0.056454279737506066,-0.2327384506051596,-0.15767567363784252,-0.1992918800679671,-0.7175618727565294,1.1739434543696825,1.301546331191457,-0.3130754812871794,-0.2555833622293794,-0.1372971770934813,-0.270132122859261,0.046939743130467886,-0.25148688511768386,-0.5738885527623909,-0.515353489684303,-0.10464966784640396,-0.538305243506331,-0.3976025986591168,-0.6685887213277834
-0.010698705090626093,-0.7414213189443815,-0.16680047685329175,-1.0158722118171566,-1.242709048324654,-0.9526968171686945,-1.1777205499004317,-1.8406485221522015,0.010574206705335267,-1.514026417949738,-1.766292067060528,-0.45467092906933404,-0.859560544606188,-0.9432401696616406,-0.39895085202173236,0.4040104112297794,-0.06935223845348003,0.11483355011397965,-0.8684524730252119,-0.5944135393098406,-1.2807188253318873,-0.10168598005335712,0.30978099356994143,0.02526407788170173,-0.20502751681048312,-0.1386684638147557,-0.09662884135822807,1.7665927642833312,0.08967289676243312,-0.226556028490916,-0.8989029769772884,-0.026794736395182518,-1.259806700503644,-0.2632368520629494,-0.25145584709198954,-0.30801585326198433,0.2437358657410907,0.23370757164119058,-0.8263927732975895,-0.015349972524805307,-0.29445650822484065,-0.1650927768271382,-0.24159539408215755,-0.273797421934682,0.12468162068781087,0.14101114736874676,-0.022406673464535135,-0.08199488120314799,2.116024240857444,4.792315649340632,5.159386763755961
1.443066516047406,-0.8423529283299591,0.0695854750062823,-1.260603256979209,0.35859266071059726,-0.37022127598521865,0.5162610629700523,1.1066346623843009,-0.609436743700953,-0.1308824177813727,-0.8253449993722711,-0.24138433400653866,-1.6952535036925678,-1.6019935080210757,-0.39895085202173236,0.8002310738696642,0.11912266840244787,0.3234070095179906,-0.05841360274412482,-0.033680399623987486,0.32604858078714094,-0.05332240820673737,-0.08883676924227053,0.6363945284984294,-0.35135508545071475,-1.3316820631148882,-1.126444866906126,-0.2720380764782495,-0.49896827617602857,-0.5133454330330762,-0.33716026722231857,-0.20512609122698586,-0.596145702062728,-0.17174164768957997,-0.13981278345610026,-0.32341039813901334,1.473302740563628,0.9416717442094822,0.9857876253640505,-0.08922171530043198,-0.24780873303028714,-0.11818770227659217,-0.08650447681529087,-0.4239994890101817,-0.07823577518833931,-0.2738860000287885,-0.6139428529282562,-0.10842546562027995,0.06171778490881426,1.2038427634829336,1.9333749253702226
0.619266224069188,2.00896503681261,-0.4819817459993914,-0.20214148665333184,-1.5802807599591115,2.8733680121737435,-0.3589627703463651,-1.4476774308806677,1.2088784333606442,0.3020099792178872,-0.11022522792919626,-0.06275681064144756,-0.657841554481889,-0.904489973287557,-0.6290573359593571,0.8592426619224129,0.11014767283787989,0.4476635385246352,-0.37816578838139603,-0.31404696946691446,-0.44386080131156047,-0.06299512257606134,0.1393029566439636,1.0829898577952677,-0.8635015756915251,-1.2720313831498817,0.8816963829122749,-0.9515816900654432,0.8693185800939058,0.18314312085502707,-0.2569113086858953,0.16268232811360842,-0.551901635499998,-0.25713717177139145,-0.16660711872871367,-0.22382693596573203,1.5403700246448577,-1.0707303526184946,-0.20860400102657597,-0.5369292472739268,0.09738480340940865,11.861715782929526,10.02046041963188,6.984438710194048,-0.2637093949277678,-0.5994206849099316,-0.25902114525002345,-0.09237832508130696,-0.021053854163794707,-0.3826028349365743,-0.49935531341246564
0.5708073833645869,2.1603624508909767,1.409105868877202,0.8502020075434943,-0.8358918573805635,-1.055486618554014,0.2056977672771306,-1.545920203698551,0.35006976191620304,-0.9016420514629807,-1.1264480610325134,-0.29203990033395244,-0.35526306929544194,-0.7107389914171355,-0.7441105779281721,0.3028476888536387,-0.01998976284835596,0.18583728097491942,0.7942588922885985,0.3167778126796699,1.0847998558989034,-0.07266783694538528,-0.3871733338627311,-0.25091987576239627,-0.5627171290421603,0.42801299585280694,0.1608251650287463,1.4268209574897346,-0.20725229666670242,-0.5601681929583268,0.6258272352147703,-0.1456823062830514,-0.5740236687813642,-0.12294420535711625,-0.22019578927394054,-0.06891932814062776,-1.7235711339749689,1.1832343227760902,-0.3047044767131787,-0.031019736143877524,-0.18094692191809378,-0.17030445177719883,-0.3234833983990632,0.0561224022529876,0.03330945997164968,0.3197360724015309,0.23392567096974393,-0.07066748788152,-0.5043403295420535,0.675321677023932,-0.31425627350508745
-0.20453406790903073,-0.6657226119051982,-0.08800515956676706,-0.33674356149246065,0.22010170209133148,-0.29027365268552635,-0.4436618509898882,1.2343502670475488,1.2203867572660971,1.9279960557516909,1.7340310247397879,0.3424877199778634,-0.11031858128736521,-0.28448683130220714,-0.34142423103732483,1.7275560289842888,-0.17705218522829588,-0.20024550558144133,-0.39948260075721415,-0.41918443315801157,-0.6781810480372518,-0.019467907914103577,2.9923030451992907,1.6059764934191978,-1.8796652468042443,-0.5263978835872988,-1.2294264694609158,-0.9515816900654432,-0.6569810984102468,-0.5484625029770142,0.06408452545980195,-0.11348358943842027,0.731176294819104,-0.2693365323545074,-0.19340145400132708,-0.24066471942498247,-0.5387157818732511,-1.120901042013098,-0.40080495239978003,0.011512479393604393,-0.29445650822484065,-0.13208550214342063,0.10828971527189378,-0.33873194001535656,-0.15892807296365047,-0.8802741385328782,-0.8308394520649538,-0.09898597118558995,-0.5238202066686244,-0.5211300646094678,-0.49935531341246564
2.0245726045026196,-0.6909555142515926,0.7787433305850044,-1.162710838914388,-0.887825966862787,-1.5465934473949836,-1.29065265742513,-0.9564635667912506,-0.3720775631509819,-0.5532164636343085,0.7930839570515307,0.009227415192245712,2.5552537882122937,3.2030308423653846,1.44190101947929,-1.5770929019696445,-0.1276897096231719,0.30121834362394695,1.8814163234553205,0.9476025948262551,2.423772694331426,-0.1935767665619346,0.6206527079643709,1.729377834409114,-2.0016048873377703,-0.6158739035348088,-1.3324080720157057,-1.29135349685904,0.6974145207401957,-0.15632188860303994,-0.09641339161304735,0.006642392635780515,0.056454279737506066,-0.0741467630246526,-0.1353470609106647,0.12206924424001316,0.534360763426418,-0.03015309110079665,0.16206926233603272,-0.19667152297407045,-0.15606810848099859,-0.1372971770934813,-0.17955902717541086,-0.2993776866331296,-0.257420142307045,-0.21005566965993663,0.076182689779419,-0.08199488120314799,-0.5303848539054176,0.26944571747277885,-0.16088849758183094
-1.3190874041148557,-0.8171200259835647,0.7787433305850044,1.3947285830290612,0.3239699210557797,-0.6443274130127368,-0.38719579722753894,1.0378647214117829,-0.7835001427709318,0.988302803728907,1.094187018711773,0.17185844392762722,0.2066684031936759,0.18051552518680478,-0.05379112611528981,-0.11866365438028123,-0.20397717192199988,-0.23130963783310213,-0.037096790368306744,-0.10377204208471941,0.047095906113698315,-0.10168598005335712,-0.9286918040981886,-1.7904985109699199,1.2907654070674397,3.828101753858185,0.5212607739705107,1.7665927642833312,-0.594470531372534,-0.20314464852829067,0.06408452545980195,-0.13453659660606368,0.39934579559864475,-0.2693365323545074,-0.18447000891045595,0.0013182828608169531,0.7132068543096962,-1.4460814362373786,0.5464711650824402,-0.3130754812871794,-0.1311892950439034,-0.11471325230988508,-0.27509503221180076,-0.3977633200886971,-0.24436697649045055,-0.15899140536485565,-0.08156029141090687,-0.08482672953355498,-0.45203721623151705,-0.5096596570569353,-0.0551176176347573
1.1038546311151989,-0.6152568072124093,-0.40318642871286675,0.36073991721938925,-0.9137930216039,2.03391796752697,0.5162610629700523,-0.5634924755197172,-0.1649277328528252,-0.39484119643945725,-1.2017238264475738,-0.27604340570424285,-1.4935345135682687,-1.9894954717619187,-1.376903408756647,-0.7425004423664828,0.02039771719219989,0.11039581693517092,0.11212089626241982,-0.7345968242313038,-1.5931458209661422,-0.13070412316132893,0.16938731610148916,-0.5212275750736406,-0.05057063880134995,0.219235615975284,1.345113594408829,0.06773373031534709,1.8625420341375638,1.8921738581266758,-0.09641339161304735,0.08342394818836256,-0.9390372179238666,-0.2693365323545074,-0.1800042863650204,-0.12953534859392943,0.3108031498223203,0.9937006072853666,-0.2909758373293778,-0.37127746044373383,-0.15451318264118014,-0.11297602732653153,0.3167319080785627,-0.4430207114782581,-0.22348191118389943,-0.5930376518730461,-0.022406673464535135,-0.08577067897702398,-0.5121893642816975,2.570585940319318,-0.2349281135447822
-0.010698705090626093,-0.6657226119051982,0.7787433305850044,-0.17155010600807524,-0.3511735022131355,-0.35308964242099905,-1.7423810875239258,-1.3494346580627847,0.16449803894077122,-0.16255747122034306,-1.164085943740044,-0.15606969598142045,-0.6146160565981112,-2.299497042754593,-3.2177552802576668,0.29441746198896024,0.5633849488485635,1.9032400211739022,-0.5487002873879406,-0.48927607561874353,-0.7674459039327534,-0.05815876539139937,-0.001090720824488161,-0.4683412860779627,-0.8309843382159179,-1.3615074030973915,-0.25110124519041277,0.7472773439025403,-0.09264959043089573,-0.5367568129957014,-0.09641339161304735,-0.14320548191038746,-1.0275253510493219,-0.29983493381229714,-0.1621413961832781,-0.2805943201997765,1.2273893655991208,-0.13978533829641154,0.4915566075472394,0.08986129748896612,-0.34421413509903104,-0.15466942692701685,-0.09518956818223535,-0.27904465571897896,-0.22905917294189887,0.026116552704813938,0.3522329068624883,-0.07255538676845799,-0.5487230532516766,0.6567925571313794,-0.11329160160564773
1.976113763798018,0.39405928664336737,1.5666965034502514,1.131642709479855,-0.15209274919794258,0.36643896727623576,0.2621638210394799,-0.661735248337601,-0.22822351433281765,-1.4295596087791504,-1.5028268881078166,-0.3720223734825008,0.17785140460448923,-0.4007374204244597,-0.9166904408813921,-0.34627977972659785,-0.14563970075230792,-0.05823804385956141,0.2826553952689645,0.24668617021893874,0.6719498973822089,-0.11619505160734302,0.6682862771054527,1.3180400311093934,-1.2130618785543004,-1.421158083062398,-1.3324080720157057,-1.29135349685904,2.0535465445305756,2.641338016930686,-0.6581561013680157,0.04007952166674372,0.056454279737506066,1.8106544470667574,0.6282914943588181,-0.3185996028649418,0.46729347934518844,-0.9796798422356959,-0.2909758373293778,0.48832100094537656,-0.13585407256335877,0.44641041731331327,-0.11380047825425942,2.1884670313466534,1.8666859314842346,0.1665432795162875,0.19448992567216247,-0.071611437324989,-0.12237775716647113,1.2135484929504614,0.7170098059788785
-0.3014517493182328,1.1510463570351999,0.22717610957933168,0.8563202836725455,-0.714712268588706,-0.9869600842971342,-1.6859150337615765,-1.6441629765164345,0.1573053364998626,-1.4401179599254739,-1.5028268881078166,-0.356025878852791,0.4660213904963452,-0.36198722405037437,-1.2618501667878346,-0.11866365438028123,0.08771018392645981,0.6873011301803074,-0.12236403987157907,0.07145706406710967,0.31489047380020313,-0.10652233723801906,1.46802883268467,1.7705116147390856,-2.0991565997645916,-0.49657254360479575,-1.3324080720157057,-0.9515816900654432,-0.8393035856035757,-0.706489317724735,0.6258272352147703,-0.27571558584790795,-0.00991182010658529,-0.33033333527008696,-0.25145584709198954,-0.13242182575837239,0.37787043390354935,0.3098926925737368,-0.8401214126813904,-0.03773534912347995,-0.34110428341939414,-0.1633555518437846,-0.07037502141953675,-0.38530113985099185,-0.11739527263812266,1.3346383252662715,0.707154614540721,-0.04801270123826401,-0.13522163219497946,-0.2449579443061832,-0.11858014560300136
-0.7375813156596428,-0.7918871236371703,-0.7971630151454899,0.7094816565753143,-1.4244784315124386,-0.5815114232772639,0.7138922511382763,-0.36700692988395023,2.7581865391322733,-0.39484119643945725,0.3414293645611677,-0.041428151135168095,1.4025738446448728,1.6530229874020113,0.6940549466819974,-1.6866858512104637,-0.17705218522829588,0.008327953822569983,-0.22894810175066946,0.17659452775820683,0.4487877576434549,-0.20808583811592046,-0.2643288660778356,0.20155170786729587,0.030722454887667533,-1.2422060431673783,1.448095196963619,0.4075055371089437,-0.49028625297634615,0.557725200257032,-0.33716026722231857,0.17754327434959202,-0.6182677353440894,1.8289534879414313,8.742509359415251,-0.016000580125840578,0.10960129757863207,-0.8588985529523918,0.25816973802263404,0.30699945049611144,-0.1467385534420879,0.45162209226337396,4.541408494428013,0.824842151652488,-0.2626414086336828,0.17930934559005784,-0.14071390935727907,-0.08671462842049298,-0.3649842854827387,3.235869578366209,-0.11329160160564773
0.8615604275921931,0.14173026317942308,-0.4819817459993914,-1.0892915253657722,-0.9830385009135328,-0.40448454311365856,-0.41542882410871357,-1.545920203698551,0.7068278029852509,0.14363471202303596,-0.22313887605178653,-0.14007320135171086,-1.147730530498044,-0.826989580539388,0.23384197880674518,-0.059652066327532775,-0.17256468744601192,-0.3777548327337908,-0.8471356606493938,-0.45423025438837683,-1.035240471619258,-0.121031408792005,0.36242862262061065,1.1711336727880648,-0.5058119634598479,0.7262663956778398,1.2421319918540397,0.7472773439025403,-0.3027545518632081,-0.37287715325732423,-0.4174092257587432,-0.17292737438235473,-0.18688808635749557,-0.20833972943892773,-0.2291272343648117,-0.21709182258203186,1.1603220815178918,-0.9536654106977539,-0.5792772643891846,-0.17876322169513087,-0.2400341038311949,-0.12339937722665285,0.6604133807419392,0.41686972492340163,-0.12688848414110046,-0.2802690330656739,-0.04212454611332587,-0.08577067897702398,0.018191319534425016,-0.48054246865435246,-0.29839064151302624
-0.49528711213663745,1.6557044039630884,-0.6395723805724406,1.3151909933513943,-1.3206102125479904,0.103753919291531,-1.1212544961380815,-2.233619613423735,0.4148040838843772,-0.9122004026093041,-0.862982882079802,-0.24671649888310854,0.30752789825582544,0.025514739690468594,-0.45647747300613717,-0.7509306692311611,-0.18153968301057996,-0.15143044061454486,0.2613385828931464,0.10650288529747563,0.5268945065520193,-0.23275125975769656,0.35741456271102306,0.6598995458298411,0.5428689451284782,-0.22814448376226565,-0.8175000592417566,-1.29135349685904,-0.5215415364952025,-0.43140560316388754,-0.17666235014947063,-0.21379497653130963,-0.7509999350322745,-0.06194740244153665,0.06561045363393603,0.36116576936136974,-0.11395631602546515,-0.6730811848242315,1.3564608887266578,-0.2839744917089023,-0.011460005377882793,-0.1650927768271382,-0.2664099408448562,-0.2291959347681581,0.08908207755164417,-0.369631495582066,-0.9097109426601168,-0.10748151617681094,0.05529584739456002,-0.4011319548291268,-0.3724302574759775
